{
	"credit": "Made with Blockbench",
	"texture_size": [64, 64],
	"textures": {
		"0": "crystalset:crystalset/crystal",
		"1": "crystalset:crystalset/crystal_shield",
		"particle": "crystalset:crystalset/crystal"
	},
	"elements": [
		{
			"from": [14.4, 2.3, 8.33171],
			"to": [15.4, 10.3, 9.33171],
			"rotation": {"angle": 0, "axis": "y", "origin": [14.9, 6, 8.83171]},
			"faces": {
				"north": {"uv": [5, 5.5, 5.25, 7.5], "texture": "#0"},
				"east": {"uv": [5.25, 5.5, 5.5, 7.5], "texture": "#0"},
				"south": {"uv": [5.5, 4.25, 5.75, 6.25], "texture": "#0"},
				"west": {"uv": [4.75, 5.5, 5, 7.5], "texture": "#0"},
				"up": {"uv": [5.75, 7.5, 5.5, 7.25], "rotation": 180, "texture": "#0"},
				"down": {"uv": [1.25, 7.75, 1, 8], "rotation": 180, "texture": "#0"}
			}
		},
		{
			"from": [14.4, 11.3, 8.33171],
			"to": [15.4, 19.3, 9.33171],
			"rotation": {"angle": 0, "axis": "y", "origin": [14.9, 15, 8.83171]},
			"faces": {
				"north": {"uv": [8.625, 5.5, 8.875, 7.5], "texture": "#0"},
				"east": {"uv": [8.625, 5.5, 8.875, 7.5], "texture": "#0"},
				"south": {"uv": [8.625, 5.5, 8.875, 7.5], "texture": "#0"},
				"west": {"uv": [8.625, 5.5, 8.875, 7.5], "texture": "#0"},
				"up": {"uv": [5.75, 7.5, 5.5, 7.25], "rotation": 180, "texture": "#0"},
				"down": {"uv": [1.25, 7.75, 1, 8], "rotation": 180, "texture": "#0"}
			}
		},
		{
			"from": [6, 17.7, 7.63171],
			"to": [10, 21.7, 8.63171],
			"rotation": {"angle": 0, "axis": "y", "origin": [9.5, 27, 8.13171]},
			"faces": {
				"north": {"uv": [5, 2, 6, 1], "texture": "#0"},
				"east": {"uv": [6.5, 3, 6.75, 2], "texture": "#0"},
				"south": {"uv": [5, 1, 6, 0], "texture": "#0"},
				"west": {"uv": [5.5, 7.25, 5.75, 6.25], "texture": "#0"},
				"up": {"uv": [7.5, 3.25, 6.5, 3], "rotation": 180, "texture": "#0"},
				"down": {"uv": [7.25, 4, 6.25, 4.25], "rotation": 180, "texture": "#0"}
			}
		},
		{
			"from": [6, 14.7, 7.88171],
			"to": [10, 17.7, 8.38171],
			"rotation": {"angle": 0, "axis": "y", "origin": [8, 15.7, 7.88171]},
			"faces": {
				"north": {"uv": [5.5, 3.5, 6.5, 2.75], "texture": "#0"},
				"east": {"uv": [1.5, 8, 1.625, 7.25], "texture": "#0"},
				"south": {"uv": [5.5, 2.75, 6.5, 2], "texture": "#0"},
				"west": {"uv": [0.5, 8, 0.625, 7.25], "texture": "#0"},
				"up": {"uv": [8.75, 0.375, 7.75, 0.25], "rotation": 180, "texture": "#0"},
				"down": {"uv": [8.75, 0, 7.75, 0.125], "rotation": 180, "texture": "#0"}
			}
		},
		{
			"from": [6.56792, 13.56792, 7.77369],
			"to": [9.43208, 16.43208, 8.48973],
			"rotation": {"angle": 45, "axis": "z", "origin": [8, 15, 8.13171]},
			"faces": {
				"north": {"uv": [4, 6.25, 4.75, 5.5], "texture": "#0"},
				"east": {"uv": [0.25, 8.5, 0.375, 7.75], "texture": "#0"},
				"south": {"uv": [5.5, 4.25, 6.25, 3.5], "texture": "#0"},
				"west": {"uv": [0, 8.5, 0.125, 7.75], "texture": "#0"},
				"up": {"uv": [8.5, 2.625, 7.75, 2.5], "rotation": 180, "texture": "#0"},
				"down": {"uv": [8.5, 2.25, 7.75, 2.375], "rotation": 180, "texture": "#0"}
			}
		},
		{
			"from": [6.56066, 14.34645, 7.88171],
			"to": [7.56066, 15.34645, 8.38171],
			"rotation": {"angle": 45, "axis": "z", "origin": [7.06066, 14.34645, 8.13171]},
			"faces": {
				"north": {"uv": [7.75, 5.25, 8, 5], "texture": "#0"},
				"east": {"uv": [1.25, 8.25, 1.375, 8], "texture": "#0"},
				"south": {"uv": [7.75, 4.5, 8, 4.25], "texture": "#0"},
				"west": {"uv": [1, 8.25, 1.125, 8], "texture": "#0"},
				"up": {"uv": [8.25, 2.875, 8, 2.75], "rotation": 180, "texture": "#0"},
				"down": {"uv": [1.75, 8, 1.5, 8.125], "rotation": 180, "texture": "#0"}
			}
		},
		{
			"from": [8.43934, 14.34645, 7.88171],
			"to": [9.43934, 15.34645, 8.38171],
			"rotation": {"angle": -45, "axis": "z", "origin": [8.93934, 14.34645, 8.13171]},
			"faces": {
				"north": {"uv": [6.25, 8, 6.5, 7.75], "texture": "#0"},
				"east": {"uv": [8, 3.25, 8.125, 3], "texture": "#0"},
				"south": {"uv": [7.75, 5.5, 8, 5.25], "texture": "#0"},
				"west": {"uv": [3, 8.25, 3.125, 8], "texture": "#0"},
				"up": {"uv": [8.25, 3.375, 8, 3.25], "rotation": 180, "texture": "#0"},
				"down": {"uv": [3.5, 8, 3.25, 8.125], "rotation": 180, "texture": "#0"}
			}
		},
		{
			"from": [4.51085, 21.14525, 7.56171],
			"to": [7.07085, 22.28525, 8.70171],
			"rotation": {"angle": -45, "axis": "z", "origin": [4.79085, 21.71525, 8.13171]},
			"faces": {
				"north": {"uv": [7, 2.25, 7.625, 2], "texture": "#0"},
				"east": {"uv": [7.75, 3, 8, 2.75], "texture": "#0"},
				"south": {"uv": [1, 7.25, 1.625, 7], "texture": "#0"},
				"west": {"uv": [1.25, 8, 1.5, 7.75], "texture": "#0"},
				"up": {"uv": [7.625, 2.75, 7, 2.5], "rotation": 180, "texture": "#0"},
				"down": {"uv": [7.625, 2.25, 7, 2.5], "rotation": 180, "texture": "#0"}
			}
		},
		{
			"from": [1.43591, 21.17629, 7.56171],
			"to": [4.99591, 22.31629, 8.70171],
			"rotation": {"angle": 0, "axis": "z", "origin": [2.71591, 21.74629, 8.13171]},
			"faces": {
				"north": {"uv": [6.5, 5.75, 7.375, 5.5], "texture": "#0"},
				"east": {"uv": [3.25, 8, 3.5, 7.75], "texture": "#0"},
				"south": {"uv": [6.5, 3.5, 7.375, 3.25], "texture": "#0"},
				"west": {"uv": [3, 8, 3.25, 7.75], "texture": "#0"},
				"up": {"uv": [7.625, 0.5, 6.75, 0.25], "rotation": 180, "texture": "#0"},
				"down": {"uv": [7.625, 0, 6.75, 0.25], "rotation": 180, "texture": "#0"}
			}
		},
		{
			"from": [-0.59223, 19.54899, 7.42491],
			"to": [2.58217, 20.96259, 8.83851],
			"rotation": {"angle": 45, "axis": "z", "origin": [0.37497, 20.25579, 8.13171]},
			"faces": {
				"north": {"uv": [6, 0.875, 6.75, 0.5], "texture": "#0"},
				"east": {"uv": [7.5, 4.875, 7.875, 4.5], "texture": "#0"},
				"south": {"uv": [6, 0.375, 6.75, 0], "texture": "#0"},
				"west": {"uv": [7.5, 3.375, 7.875, 3], "texture": "#0"},
				"up": {"uv": [6.75, 1.875, 6, 1.5], "rotation": 180, "texture": "#0"},
				"down": {"uv": [6.75, 1, 6, 1.375], "rotation": 180, "texture": "#0"}
			}
		},
		{
			"from": [13.41783, 19.54899, 7.42491],
			"to": [16.59223, 20.96259, 8.83851],
			"rotation": {"angle": -45, "axis": "z", "origin": [15.62503, 20.25579, 8.13171]},
			"faces": {
				"north": {"uv": [4, 6.625, 4.75, 6.25], "texture": "#0"},
				"east": {"uv": [5.25, 7.875, 5.625, 7.5], "texture": "#0"},
				"south": {"uv": [6.25, 3.875, 7, 3.5], "texture": "#0"},
				"west": {"uv": [4.75, 7.875, 5.125, 7.5], "texture": "#0"},
				"up": {"uv": [7, 6.625, 6.25, 6.25], "rotation": 180, "texture": "#0"},
				"down": {"uv": [7, 5.75, 6.25, 6.125], "rotation": 180, "texture": "#0"}
			}
		},
		{
			"from": [11.00409, 21.17629, 7.56171],
			"to": [14.56409, 22.31629, 8.70171],
			"rotation": {"angle": 0, "axis": "z", "origin": [13.28409, 21.74629, 8.13171]},
			"faces": {
				"north": {"uv": [0.75, 7, 1.625, 6.75], "texture": "#0"},
				"east": {"uv": [7.75, 4, 8, 3.75], "texture": "#0"},
				"south": {"uv": [6.75, 0.75, 7.625, 0.5], "texture": "#0"},
				"west": {"uv": [3.75, 8, 4, 7.75], "texture": "#0"},
				"up": {"uv": [7.625, 1.25, 6.75, 1], "rotation": 180, "texture": "#0"},
				"down": {"uv": [7.625, 0.75, 6.75, 1], "rotation": 180, "texture": "#0"}
			}
		},
		{
			"from": [8.92915, 21.14525, 7.56171],
			"to": [11.48915, 22.28525, 8.70171],
			"rotation": {"angle": 45, "axis": "z", "origin": [11.20915, 21.71525, 8.13171]},
			"faces": {
				"north": {"uv": [7, 3.75, 7.625, 3.5], "texture": "#0"},
				"east": {"uv": [7.75, 3.75, 8, 3.5], "texture": "#0"},
				"south": {"uv": [7, 3, 7.625, 2.75], "texture": "#0"},
				"west": {"uv": [3.5, 8, 3.75, 7.75], "texture": "#0"},
				"up": {"uv": [7.625, 4.5, 7, 4.25], "rotation": 180, "texture": "#0"},
				"down": {"uv": [7.625, 3.75, 7, 4], "rotation": 180, "texture": "#0"}
			}
		},
		{
			"from": [14.23, 1, 8.16171],
			"to": [15.57, 2.34, 9.50171],
			"rotation": {"angle": 0, "axis": "y", "origin": [14.9, 7.7, 8.83171]},
			"faces": {
				"north": {"uv": [7, 5.75, 7.375, 6.125], "texture": "#0"},
				"east": {"uv": [6.25, 7, 6.625, 7.375], "texture": "#0"},
				"south": {"uv": [5, 2, 5.375, 2.375], "texture": "#0"},
				"west": {"uv": [7, 4.5, 7.375, 4.875], "texture": "#0"},
				"up": {"uv": [7.375, 6.625, 7, 6.25], "rotation": 180, "texture": "#0"},
				"down": {"uv": [7.125, 7, 6.75, 7.375], "rotation": 180, "texture": "#0"}
			}
		},
		{
			"from": [14.23, 10.3, 8.16171],
			"to": [15.57, 11.64, 9.50171],
			"rotation": {"angle": 0, "axis": "y", "origin": [14.9, 17, 8.83171]},
			"faces": {
				"north": {"uv": [7, 5.75, 7.375, 6.125], "texture": "#0"},
				"east": {"uv": [6.25, 7, 6.625, 7.375], "texture": "#0"},
				"south": {"uv": [5, 2, 5.375, 2.375], "texture": "#0"},
				"west": {"uv": [7, 4.5, 7.375, 4.875], "texture": "#0"},
				"up": {"uv": [7.375, 6.625, 7, 6.25], "rotation": 180, "texture": "#0"},
				"down": {"uv": [7.125, 7, 6.75, 7.375], "rotation": 180, "texture": "#0"}
			}
		},
		{
			"from": [7.33, 15.3, 10.96171],
			"to": [8.67, 16.64, 12.30171],
			"rotation": {"angle": 0, "axis": "y", "origin": [8, 22, 11.63171]},
			"faces": {
				"north": {"uv": [7, 5.75, 7.375, 6.125], "texture": "#0"},
				"east": {"uv": [6.25, 7, 6.625, 7.375], "texture": "#0"},
				"south": {"uv": [5, 2, 5.375, 2.375], "texture": "#0"},
				"west": {"uv": [7, 4.5, 7.375, 4.875], "texture": "#0"},
				"up": {"uv": [7.375, 6.625, 7, 6.25], "rotation": 180, "texture": "#0"},
				"down": {"uv": [7.125, 7, 6.75, 7.375], "rotation": 180, "texture": "#0"}
			}
		},
		{
			"from": [7.5, 7.3, 11.13171],
			"to": [8.5, 15.3, 12.13171],
			"rotation": {"angle": 0, "axis": "y", "origin": [8, 11, 11.63171]},
			"faces": {
				"north": {"uv": [5, 5.5, 5.25, 7.5], "texture": "#0"},
				"east": {"uv": [5.25, 5.5, 5.5, 7.5], "texture": "#0"},
				"south": {"uv": [5.5, 4.25, 5.75, 6.25], "texture": "#0"},
				"west": {"uv": [4.75, 5.5, 5, 7.5], "texture": "#0"},
				"up": {"uv": [5.75, 7.5, 5.5, 7.25], "rotation": 180, "texture": "#0"},
				"down": {"uv": [1.25, 7.75, 1, 8], "rotation": 180, "texture": "#0"}
			}
		},
		{
			"from": [7.33, 6, 10.96171],
			"to": [8.67, 7.34, 12.30171],
			"rotation": {"angle": 0, "axis": "y", "origin": [8, 12.7, 11.63171]},
			"faces": {
				"north": {"uv": [7, 5.75, 7.375, 6.125], "texture": "#0"},
				"east": {"uv": [6.25, 7, 6.625, 7.375], "texture": "#0"},
				"south": {"uv": [5, 2, 5.375, 2.375], "texture": "#0"},
				"west": {"uv": [7, 4.5, 7.375, 4.875], "texture": "#0"},
				"up": {"uv": [7.375, 6.625, 7, 6.25], "rotation": 180, "texture": "#0"},
				"down": {"uv": [7.125, 7, 6.75, 7.375], "rotation": 180, "texture": "#0"}
			}
		},
		{
			"from": [14.23, 19.3, 8.16171],
			"to": [15.57, 20.64, 9.50171],
			"rotation": {"angle": 0, "axis": "y", "origin": [14.9, 26, 8.83171]},
			"faces": {
				"north": {"uv": [7, 5.75, 7.375, 6.125], "texture": "#0"},
				"east": {"uv": [6.25, 7, 6.625, 7.375], "texture": "#0"},
				"south": {"uv": [5, 2, 5.375, 2.375], "texture": "#0"},
				"west": {"uv": [7, 4.5, 7.375, 4.875], "texture": "#0"},
				"up": {"uv": [7.375, 6.625, 7, 6.25], "rotation": 180, "texture": "#0"},
				"down": {"uv": [7.125, 7, 6.75, 7.375], "rotation": 180, "texture": "#0"}
			}
		},
		{
			"from": [10.38388, 19.5, 7.88171],
			"to": [14.38388, 20, 8.38171],
			"rotation": {"angle": 45, "axis": "z", "origin": [11.88388, 19.75, 8.13171]},
			"faces": {
				"north": {"uv": [7.5, 5.625, 8.5, 5.5], "texture": "#0"},
				"east": {"uv": [6.75, 8.125, 6.875, 8], "texture": "#0"},
				"south": {"uv": [7.25, 4.125, 8.25, 4], "texture": "#0"},
				"west": {"uv": [6.5, 8.125, 6.625, 8], "texture": "#0"},
				"up": {"uv": [8.5, 6.125, 7.5, 6], "rotation": 180, "texture": "#0"},
				"down": {"uv": [8.5, 5.75, 7.5, 5.875], "rotation": 180, "texture": "#0"}
			}
		},
		{
			"from": [1.61612, 19.5, 7.88171],
			"to": [5.61612, 20, 8.38171],
			"rotation": {"angle": -45, "axis": "z", "origin": [4.11612, 19.75, 8.13171]},
			"faces": {
				"north": {"uv": [7.5, 6.375, 8.5, 6.25], "texture": "#0"},
				"east": {"uv": [7, 8.125, 7.125, 8], "texture": "#0"},
				"south": {"uv": [6.25, 7.625, 7.25, 7.5], "texture": "#0"},
				"west": {"uv": [8, 6.875, 8.125, 6.75], "texture": "#0"},
				"up": {"uv": [8.25, 7.625, 7.25, 7.5], "rotation": 180, "texture": "#0"},
				"down": {"uv": [8.5, 6.5, 7.5, 6.625], "rotation": 180, "texture": "#0"}
			}
		},
		{
			"from": [5, 18.51256, 7.88171],
			"to": [11, 19.01256, 8.38171],
			"rotation": {"angle": 0, "axis": "z", "origin": [9.5, 18.76256, 8.13171]},
			"faces": {
				"north": {"uv": [7, 1.375, 8.5, 1.25], "texture": "#0"},
				"east": {"uv": [7.25, 8.125, 7.375, 8], "texture": "#0"},
				"south": {"uv": [6.25, 6.875, 7.75, 6.75], "texture": "#0"},
				"west": {"uv": [8, 7.125, 8.125, 7], "texture": "#0"},
				"up": {"uv": [8.5, 1.875, 7, 1.75], "rotation": 180, "texture": "#0"},
				"down": {"uv": [8.5, 1.5, 7, 1.625], "rotation": 180, "texture": "#0"}
			}
		},
		{
			"from": [6.72, 17.948, 7.49171],
			"to": [9.28, 20.508, 8.77171],
			"rotation": {"angle": 45, "axis": "z", "origin": [8, 19.228, 8.13171]},
			"faces": {
				"north": {"uv": [5.75, 5.625, 6.375, 5], "texture": "#0"},
				"east": {"uv": [6.5, 4.875, 6.875, 4.25], "texture": "#0"},
				"south": {"uv": [5.75, 4.875, 6.375, 4.25], "texture": "#0"},
				"west": {"uv": [4, 5.375, 4.375, 4.75], "texture": "#0"},
				"up": {"uv": [0.625, 7.125, 0, 6.75], "rotation": 180, "texture": "#0"},
				"down": {"uv": [7.125, 5, 6.5, 5.375], "rotation": 180, "texture": "#0"}
			}
		},
		{
			"from": [12.22, 11.048, 7.49171],
			"to": [14.78, 13.608, 8.77171],
			"rotation": {"angle": -45, "axis": "z", "origin": [13.5, 12.328, 8.13171]},
			"faces": {
				"north": {"uv": [6.375, 5.625, 5.75, 5], "rotation": 180, "texture": "#0"},
				"east": {"uv": [6.875, 4.875, 6.5, 4.25], "rotation": 180, "texture": "#0"},
				"south": {"uv": [6.375, 4.875, 5.75, 4.25], "rotation": 180, "texture": "#0"},
				"west": {"uv": [4.375, 5.375, 4, 4.75], "rotation": 180, "texture": "#0"},
				"up": {"uv": [6.5, 5, 7.125, 5.375], "texture": "#0"},
				"down": {"uv": [0, 7.125, 0.625, 6.75], "texture": "#0"}
			}
		},
		{
			"from": [1.22, 11.048, 7.49171],
			"to": [3.78, 13.608, 8.77171],
			"rotation": {"angle": -45, "axis": "z", "origin": [2.5, 12.328, 8.13171]},
			"faces": {
				"north": {"uv": [6.375, 5.625, 5.75, 5], "rotation": 180, "texture": "#0"},
				"east": {"uv": [6.875, 4.875, 6.5, 4.25], "rotation": 180, "texture": "#0"},
				"south": {"uv": [6.375, 4.875, 5.75, 4.25], "rotation": 180, "texture": "#0"},
				"west": {"uv": [4.375, 5.375, 4, 4.75], "rotation": 180, "texture": "#0"},
				"up": {"uv": [6.5, 5, 7.125, 5.375], "texture": "#0"},
				"down": {"uv": [0, 7.125, 0.625, 6.75], "texture": "#0"}
			}
		},
		{
			"from": [14.4, 0.2, 8.33171],
			"to": [15.4, 1.2, 9.33171],
			"rotation": {"angle": 45, "axis": "z", "origin": [14.9, 0.7, 8.83171]},
			"faces": {
				"north": {"uv": [7.75, 7.25, 8, 7.5], "rotation": 180, "texture": "#0"},
				"east": {"uv": [7.25, 7.75, 7.5, 8], "rotation": 180, "texture": "#0"},
				"south": {"uv": [7.75, 7, 8, 7.25], "rotation": 180, "texture": "#0"},
				"west": {"uv": [7.5, 7.75, 7.75, 8], "rotation": 180, "texture": "#0"},
				"up": {"uv": [0.75, 8, 0.5, 8.25], "texture": "#0"},
				"down": {"uv": [8, 8, 7.75, 7.75], "texture": "#0"}
			}
		},
		{
			"from": [0.43, 19.3, 8.16171],
			"to": [1.77, 20.64, 9.50171],
			"rotation": {"angle": 0, "axis": "y", "origin": [1.1, 26, 8.83171]},
			"faces": {
				"north": {"uv": [7, 5.75, 7.375, 6.125], "texture": "#0"},
				"east": {"uv": [6.25, 7, 6.625, 7.375], "texture": "#0"},
				"south": {"uv": [5, 2, 5.375, 2.375], "texture": "#0"},
				"west": {"uv": [7, 4.5, 7.375, 4.875], "texture": "#0"},
				"up": {"uv": [7.375, 6.625, 7, 6.25], "rotation": 180, "texture": "#0"},
				"down": {"uv": [7.125, 7, 6.75, 7.375], "rotation": 180, "texture": "#0"}
			}
		},
		{
			"from": [0.6, 11.3, 8.33171],
			"to": [1.6, 19.3, 9.33171],
			"rotation": {"angle": 0, "axis": "y", "origin": [1.1, 15, 8.83171]},
			"faces": {
				"north": {"uv": [8.625, 5.5, 8.875, 7.5], "texture": "#0"},
				"east": {"uv": [8.625, 5.5, 8.875, 7.5], "texture": "#0"},
				"south": {"uv": [8.625, 5.5, 8.875, 7.5], "texture": "#0"},
				"west": {"uv": [8.625, 5.5, 8.875, 7.5], "texture": "#0"},
				"up": {"uv": [5.75, 7.5, 5.5, 7.25], "rotation": 180, "texture": "#0"},
				"down": {"uv": [1.25, 7.75, 1, 8], "rotation": 180, "texture": "#0"}
			}
		},
		{
			"from": [0.43, 10.3, 8.16171],
			"to": [1.77, 11.64, 9.50171],
			"rotation": {"angle": 0, "axis": "y", "origin": [1.1, 17, 8.83171]},
			"faces": {
				"north": {"uv": [7, 5.75, 7.375, 6.125], "texture": "#0"},
				"east": {"uv": [6.25, 7, 6.625, 7.375], "texture": "#0"},
				"south": {"uv": [5, 2, 5.375, 2.375], "texture": "#0"},
				"west": {"uv": [7, 4.5, 7.375, 4.875], "texture": "#0"},
				"up": {"uv": [7.375, 6.625, 7, 6.25], "rotation": 180, "texture": "#0"},
				"down": {"uv": [7.125, 7, 6.75, 7.375], "rotation": 180, "texture": "#0"}
			}
		},
		{
			"from": [0.6, 2.3, 8.33171],
			"to": [1.6, 10.3, 9.33171],
			"rotation": {"angle": 0, "axis": "y", "origin": [1.1, 6, 8.83171]},
			"faces": {
				"north": {"uv": [5, 5.5, 5.25, 7.5], "texture": "#0"},
				"east": {"uv": [5.25, 5.5, 5.5, 7.5], "texture": "#0"},
				"south": {"uv": [5.5, 4.25, 5.75, 6.25], "texture": "#0"},
				"west": {"uv": [4.75, 5.5, 5, 7.5], "texture": "#0"},
				"up": {"uv": [5.75, 7.5, 5.5, 7.25], "rotation": 180, "texture": "#0"},
				"down": {"uv": [1.25, 7.75, 1, 8], "rotation": 180, "texture": "#0"}
			}
		},
		{
			"from": [0.43, 1, 8.16171],
			"to": [1.77, 2.34, 9.50171],
			"rotation": {"angle": 0, "axis": "y", "origin": [1.1, 7.7, 8.83171]},
			"faces": {
				"north": {"uv": [7, 5.75, 7.375, 6.125], "texture": "#0"},
				"east": {"uv": [6.25, 7, 6.625, 7.375], "texture": "#0"},
				"south": {"uv": [5, 2, 5.375, 2.375], "texture": "#0"},
				"west": {"uv": [7, 4.5, 7.375, 4.875], "texture": "#0"},
				"up": {"uv": [7.375, 6.625, 7, 6.25], "rotation": 180, "texture": "#0"},
				"down": {"uv": [7.125, 7, 6.75, 7.375], "rotation": 180, "texture": "#0"}
			}
		},
		{
			"from": [0.6, 0.2, 8.33171],
			"to": [1.6, 1.2, 9.33171],
			"rotation": {"angle": 45, "axis": "z", "origin": [1.1, 0.7, 8.83171]},
			"faces": {
				"north": {"uv": [7.75, 7.25, 8, 7.5], "rotation": 180, "texture": "#0"},
				"east": {"uv": [7.25, 7.75, 7.5, 8], "rotation": 180, "texture": "#0"},
				"south": {"uv": [7.75, 7, 8, 7.25], "rotation": 180, "texture": "#0"},
				"west": {"uv": [7.5, 7.75, 7.75, 8], "rotation": 180, "texture": "#0"},
				"up": {"uv": [0.75, 8, 0.5, 8.25], "texture": "#0"},
				"down": {"uv": [8, 8, 7.75, 7.75], "texture": "#0"}
			}
		},
		{
			"from": [4.95091, 23.07515, 7.88171],
			"to": [5.45091, 24.07515, 8.38171],
			"rotation": {"angle": 0, "axis": "x", "origin": [3.30055, 25.17915, 8.13171]},
			"faces": {
				"north": {"uv": [5.75, 8.125, 6, 8], "rotation": 270, "texture": "#0"},
				"east": {"uv": [6.5, 8.125, 6.25, 8], "rotation": 270, "texture": "#0"},
				"south": {"uv": [5.5, 8.125, 5.75, 8], "rotation": 90, "texture": "#0"},
				"west": {"uv": [6.25, 8, 6, 8.125], "rotation": 270, "texture": "#0"},
				"up": {"uv": [1, 8.375, 1.125, 8.25], "rotation": 90, "texture": "#0"},
				"down": {"uv": [1.25, 8.375, 1.375, 8.25], "rotation": 90, "texture": "#0"}
			}
		},
		{
			"from": [3.54044, 22.87797, 7.88171],
			"to": [4.04044, 29.87797, 8.38171],
			"rotation": {"angle": 45, "axis": "z", "origin": [3.30055, 25.17915, 8.13171]},
			"faces": {
				"north": {"uv": [4, 8.5, 4.125, 6.75], "rotation": 180, "texture": "#0"},
				"east": {"uv": [2.75, 8.5, 2.875, 6.75], "rotation": 180, "texture": "#0"},
				"south": {"uv": [2.5, 8.5, 2.625, 6.75], "rotation": 180, "texture": "#0"},
				"west": {"uv": [4.25, 8.5, 4.375, 6.75], "rotation": 180, "texture": "#0"},
				"up": {"uv": [8.125, 8, 8, 8.125], "texture": "#0"},
				"down": {"uv": [0.625, 8.375, 0.5, 8.25], "texture": "#0"}
			}
		},
		{
			"from": [1.6011, 21.4583, 8.13171],
			"to": [3.6011, 31.4583, 8.13171],
			"rotation": {"angle": 45, "axis": "z", "origin": [3.30055, 25.17915, 8.13171]},
			"faces": {
				"north": {"uv": [4, 7.25, 3.5, 4.75], "rotation": 180, "texture": "#0"},
				"south": {"uv": [3.5, 7.25, 4, 4.75], "rotation": 180, "texture": "#0"}
			}
		},
		{
			"from": [12.3989, 21.4583, 8.13171],
			"to": [14.3989, 31.4583, 8.13171],
			"rotation": {"angle": -45, "axis": "z", "origin": [12.69945, 25.17915, 8.13171]},
			"faces": {
				"north": {"uv": [3.5, 7.25, 4, 4.75], "rotation": 180, "texture": "#0"},
				"south": {"uv": [4, 7.25, 3.5, 4.75], "rotation": 180, "texture": "#0"}
			}
		},
		{
			"from": [10.54909, 23.07515, 7.88171],
			"to": [11.04909, 24.07515, 8.38171],
			"rotation": {"angle": 0, "axis": "x", "origin": [12.69945, 25.17915, 8.13171]},
			"faces": {
				"north": {"uv": [5.75, 8, 6, 8.125], "rotation": 270, "texture": "#0"},
				"east": {"uv": [6.25, 8.125, 6, 8], "rotation": 270, "texture": "#0"},
				"south": {"uv": [5.5, 8, 5.75, 8.125], "rotation": 90, "texture": "#0"},
				"west": {"uv": [6.5, 8, 6.25, 8.125], "rotation": 270, "texture": "#0"},
				"up": {"uv": [1, 8.25, 1.125, 8.375], "rotation": 90, "texture": "#0"},
				"down": {"uv": [1.25, 8.25, 1.375, 8.375], "rotation": 90, "texture": "#0"}
			}
		},
		{
			"from": [11.95956, 22.87797, 7.88171],
			"to": [12.45956, 29.87797, 8.38171],
			"rotation": {"angle": -45, "axis": "z", "origin": [12.69945, 25.17915, 8.13171]},
			"faces": {
				"north": {"uv": [4.125, 8.5, 4, 6.75], "rotation": 180, "texture": "#0"},
				"east": {"uv": [4.375, 8.5, 4.25, 6.75], "rotation": 180, "texture": "#0"},
				"south": {"uv": [2.625, 8.5, 2.5, 6.75], "rotation": 180, "texture": "#0"},
				"west": {"uv": [2.875, 8.5, 2.75, 6.75], "rotation": 180, "texture": "#0"},
				"up": {"uv": [8, 8, 8.125, 8.125], "texture": "#0"},
				"down": {"uv": [0.5, 8.375, 0.625, 8.25], "texture": "#0"}
			}
		},
		{
			"from": [1.4, 5.5, 8.5],
			"to": [3.4, 21.5, 9],
			"rotation": {"angle": 22.5, "axis": "y", "origin": [2.4, 12, 8.75]},
			"faces": {
				"north": {"uv": [0, 4.75, 0.5, 8.75], "texture": "#1"},
				"east": {"uv": [1.5, 4.75, 1.625, 8.75], "texture": "#1"},
				"south": {"uv": [0.5, 4.75, 1, 8.75], "texture": "#1"},
				"west": {"uv": [1.75, 4.75, 1.875, 8.75], "texture": "#1"},
				"up": {"uv": [5.5, 3.625, 5, 3.5], "texture": "#1"},
				"down": {"uv": [4.25, 5, 3.75, 5.125], "texture": "#1"}
			}
		},
		{
			"from": [12.6, 5.5, 8.5],
			"to": [14.6, 21.5, 9],
			"rotation": {"angle": -22.5, "axis": "y", "origin": [13.6, 12, 8.75]},
			"faces": {
				"north": {"uv": [0.5, 4.75, 0, 8.75], "texture": "#1"},
				"east": {"uv": [1.875, 4.75, 1.75, 8.75], "texture": "#1"},
				"south": {"uv": [1, 4.75, 0.5, 8.75], "texture": "#1"},
				"west": {"uv": [1.625, 4.75, 1.5, 8.75], "texture": "#1"},
				"up": {"uv": [5, 3.625, 5.5, 3.5], "texture": "#1"},
				"down": {"uv": [3.75, 5, 4.25, 5.125], "texture": "#1"}
			}
		},
		{
			"from": [3.225, 2.5, 8.13635],
			"to": [12.775, 21.5, 8.63635],
			"rotation": {"angle": 0, "axis": "y", "origin": [4.225, 12, 8.38635]},
			"faces": {
				"north": {"uv": [0, 0, 2.375, 4.75], "texture": "#1"},
				"east": {"uv": [1, 4.75, 1.125, 9.5], "texture": "#1"},
				"south": {"uv": [2.5, 0, 4.875, 4.75], "texture": "#1"},
				"west": {"uv": [1.25, 4.75, 1.375, 9.5], "texture": "#1"},
				"up": {"uv": [7.375, 0.625, 5, 0.5], "texture": "#1"},
				"down": {"uv": [7.375, 0.75, 5, 0.875], "texture": "#1"}
			}
		},
		{
			"from": [4.225, 1.5, 8.13635],
			"to": [11.775, 2.5, 8.63635],
			"rotation": {"angle": 0, "axis": "y", "origin": [4.225, 12, 8.38635]},
			"faces": {
				"north": {"uv": [2, 4.75, 3.875, 5], "texture": "#1"},
				"east": {"uv": [5, 3.75, 5.125, 4], "texture": "#1"},
				"south": {"uv": [4, 4.75, 5.875, 5], "texture": "#1"},
				"west": {"uv": [5, 4, 5.125, 4.25], "texture": "#1"},
				"up": {"uv": [6.875, 1.125, 5, 1], "texture": "#1"},
				"down": {"uv": [6.875, 1.25, 5, 1.375], "texture": "#1"}
			}
		},
		{
			"from": [5.225, 0.5, 8.13635],
			"to": [10.775, 1.5, 8.63635],
			"rotation": {"angle": 0, "axis": "y", "origin": [4.225, 12, 8.38635]},
			"faces": {
				"north": {"uv": [5, 0, 6.375, 0.25], "texture": "#1"},
				"east": {"uv": [4.25, 5, 4.375, 5.25], "texture": "#1"},
				"south": {"uv": [5, 0.25, 6.375, 0.5], "texture": "#1"},
				"west": {"uv": [5, 4.25, 5.125, 4.5], "texture": "#1"},
				"up": {"uv": [3.625, 5.125, 2.25, 5], "texture": "#1"},
				"down": {"uv": [6.375, 2.75, 5, 2.875], "texture": "#1"}
			}
		},
		{
			"from": [7.5, 15.5, 8.575],
			"to": [8.5, 16.5, 11.575],
			"rotation": {"angle": 0, "axis": "y", "origin": [7.5, 15.5, 10.575]},
			"faces": {
				"north": {"uv": [5, 3, 5.25, 3.25], "texture": "#1"},
				"east": {"uv": [5, 1.5, 5.75, 1.75], "texture": "#1"},
				"south": {"uv": [5, 3.25, 5.25, 3.5], "texture": "#1"},
				"west": {"uv": [5, 1.75, 5.75, 2], "texture": "#1"},
				"up": {"uv": [2.25, 5.75, 2, 5], "texture": "#1"},
				"down": {"uv": [5.25, 2, 5, 2.75], "texture": "#1"}
			}
		},
		{
			"from": [7.5, 6.2, 8.575],
			"to": [8.5, 7.2, 11.575],
			"rotation": {"angle": 0, "axis": "y", "origin": [7.5, 6.2, 10.575]},
			"faces": {
				"north": {"uv": [5, 3, 5.25, 3.25], "texture": "#1"},
				"east": {"uv": [5, 1.5, 5.75, 1.75], "texture": "#1"},
				"south": {"uv": [5, 3.25, 5.25, 3.5], "texture": "#1"},
				"west": {"uv": [5, 1.75, 5.75, 2], "texture": "#1"},
				"up": {"uv": [2.25, 5.75, 2, 5], "texture": "#1"},
				"down": {"uv": [5.25, 2, 5, 2.75], "texture": "#1"}
			}
		},
		{
			"from": [3.6511, 9.8583, 7.23171],
			"to": [5.6511, 19.8583, 7.23171],
			"rotation": {"angle": 45, "axis": "z", "origin": [5.35055, 13.57915, 7.23171]},
			"faces": {
				"north": {"uv": [4, 7.25, 3.5, 4.75], "rotation": 180, "texture": "#0"},
				"south": {"uv": [3.5, 7.25, 4, 4.75], "rotation": 180, "texture": "#0"}
			}
		},
		{
			"from": [5.59044, 11.27797, 6.98171],
			"to": [6.09044, 18.27797, 7.48171],
			"rotation": {"angle": 45, "axis": "z", "origin": [5.35055, 13.57915, 7.23171]},
			"faces": {
				"north": {"uv": [4, 8.5, 4.125, 6.75], "rotation": 180, "texture": "#0"},
				"east": {"uv": [2.75, 8.5, 2.875, 6.75], "rotation": 180, "texture": "#0"},
				"south": {"uv": [2.5, 8.5, 2.625, 6.75], "rotation": 180, "texture": "#0"},
				"west": {"uv": [4.25, 8.5, 4.375, 6.75], "rotation": 180, "texture": "#0"},
				"up": {"uv": [8.125, 8, 8, 8.125], "texture": "#0"},
				"down": {"uv": [0.625, 8.375, 0.5, 8.25], "texture": "#0"}
			}
		},
		{
			"from": [7.00091, 11.47515, 6.98171],
			"to": [7.50091, 12.47515, 7.48171],
			"rotation": {"angle": 0, "axis": "x", "origin": [5.35055, 13.57915, 7.23171]},
			"faces": {
				"north": {"uv": [5.75, 8.125, 6, 8], "rotation": 270, "texture": "#0"},
				"east": {"uv": [6.5, 8.125, 6.25, 8], "rotation": 270, "texture": "#0"},
				"south": {"uv": [5.5, 8.125, 5.75, 8], "rotation": 90, "texture": "#0"},
				"west": {"uv": [6.25, 8, 6, 8.125], "rotation": 270, "texture": "#0"},
				"up": {"uv": [1, 8.375, 1.125, 8.25], "rotation": 90, "texture": "#0"},
				"down": {"uv": [1.25, 8.375, 1.375, 8.25], "rotation": 90, "texture": "#0"}
			}
		},
		{
			"from": [8.49909, 11.47515, 6.98171],
			"to": [8.99909, 12.47515, 7.48171],
			"rotation": {"angle": 0, "axis": "x", "origin": [10.64945, 13.57915, 7.23171]},
			"faces": {
				"north": {"uv": [5.75, 8, 6, 8.125], "rotation": 270, "texture": "#0"},
				"east": {"uv": [6.25, 8.125, 6, 8], "rotation": 270, "texture": "#0"},
				"south": {"uv": [5.5, 8, 5.75, 8.125], "rotation": 90, "texture": "#0"},
				"west": {"uv": [6.5, 8, 6.25, 8.125], "rotation": 270, "texture": "#0"},
				"up": {"uv": [1, 8.25, 1.125, 8.375], "rotation": 90, "texture": "#0"},
				"down": {"uv": [1.25, 8.25, 1.375, 8.375], "rotation": 90, "texture": "#0"}
			}
		},
		{
			"from": [9.90956, 11.27797, 6.98171],
			"to": [10.40956, 18.27797, 7.48171],
			"rotation": {"angle": -45, "axis": "z", "origin": [10.64945, 13.57915, 7.23171]},
			"faces": {
				"north": {"uv": [4.125, 8.5, 4, 6.75], "rotation": 180, "texture": "#0"},
				"east": {"uv": [4.375, 8.5, 4.25, 6.75], "rotation": 180, "texture": "#0"},
				"south": {"uv": [2.625, 8.5, 2.5, 6.75], "rotation": 180, "texture": "#0"},
				"west": {"uv": [2.875, 8.5, 2.75, 6.75], "rotation": 180, "texture": "#0"},
				"up": {"uv": [8, 8, 8.125, 8.125], "texture": "#0"},
				"down": {"uv": [0.5, 8.375, 0.625, 8.25], "texture": "#0"}
			}
		},
		{
			"from": [10.3489, 9.8583, 7.23171],
			"to": [12.3489, 19.8583, 7.23171],
			"rotation": {"angle": -45, "axis": "z", "origin": [10.64945, 13.57915, 7.23171]},
			"faces": {
				"north": {"uv": [3.5, 7.25, 4, 4.75], "rotation": 180, "texture": "#0"},
				"south": {"uv": [4, 7.25, 3.5, 4.75], "rotation": 180, "texture": "#0"}
			}
		}
	],
	"gui_light": "front",
	"display": {
		"thirdperson_righthand": {
			"rotation": [45, 0, 0],
			"translation": [0, -1, -4.25],
			"scale": [0.8, 0.8, 0.8]
		},
		"thirdperson_lefthand": {
			"rotation": [45, 0, 0],
			"translation": [0, -1, -4.25],
			"scale": [0.8, 0.8, 0.8]
		},
		"firstperson_righthand": {
			"rotation": [0, 0, 10],
			"translation": [-1.75, -3.5, -1.25],
			"scale": [0.87891, 0.87891, 0.87891]
		},
		"firstperson_lefthand": {
			"rotation": [0, 0, 10],
			"translation": [-1.75, -3.5, -1.25],
			"scale": [0.87891, 0.87891, 0.87891]
		},
		"ground": {
			"rotation": [60, 0, 0],
			"translation": [0, 1, -1.25],
			"scale": [0.5, 0.5, 0.5]
		},
		"gui": {
			"rotation": [-180, 0, -180],
			"translation": [0, -3.75, 0],
			"scale": [0.6, 0.6, 0.6]
		},
		"head": {
			"scale": [0, 0, 0]
		},
		"fixed": {
			"translation": [0.5, -4, -1.5],
			"scale": [0.7, 0.7, 0.7]
		}
	},
	"groups": [
		0,
		1,
		2,
		3,
		4,
		5,
		6,
		7,
		8,
		9,
		10,
		11,
		12,
		13,
		14,
		15,
		16,
		17,
		18,
		19,
		20,
		21,
		22,
		23,
		24,
		25,
		26,
		27,
		28,
		29,
		30,
		31,
		32,
		33,
		34,
		35,
		36,
		37,
		38,
		39,
		40,
		41,
		42,
		43,
		44,
		{
			"name": "group",
			"origin": [10.64945, 13.57915, 7.23171],
			"color": 0,
			"nbt": "{}",
			"armAnimationEnabled": false,
			"children": [45, 46, 47, 48, 49, 50]
		}
	]
}