{"credit":"MadewithBlockbench","texture_size":[128,128],"textures":{"0":"crystalset:crystalset/crystal","1":"crystalset:crystalset/crystal_head","particle":"crystalset:crystalset/crystal"},"elements":[{"from":[6,11.7,-0.53182],"to":[10,15.7,0.46818],"rotation":{"angle":0,"axis":"y","origin":[9.5,21,-0.03182]},"faces":{"north":{"uv":[5,2,6,1],"texture":"#0"},"east":{"uv":[6.5,3,6.75,2],"texture":"#0"},"south":{"uv":[5,1,6,0],"texture":"#0"},"west":{"uv":[5.5,7.25,5.75,6.25],"texture":"#0"},"up":{"uv":[7.5,3.25,6.5,3],"rotation":180,"texture":"#0"},"down":{"uv":[7.25,4,6.25,4.25],"rotation":180,"texture":"#0"}}},{"from":[6,8.7,-0.28182],"to":[10,11.7,0.21818],"rotation":{"angle":0,"axis":"y","origin":[8,9.7,-0.28182]},"faces":{"north":{"uv":[5.5,3.5,6.5,2.75],"texture":"#0"},"east":{"uv":[1.5,8,1.625,7.25],"texture":"#0"},"south":{"uv":[5.5,2.75,6.5,2],"texture":"#0"},"west":{"uv":[0.5,8,0.625,7.25],"texture":"#0"},"up":{"uv":[8.75,0.375,7.75,0.25],"rotation":180,"texture":"#0"},"down":{"uv":[8.75,0,7.75,0.125],"rotation":180,"texture":"#0"}}},{"from":[6.56792,7.56792,-0.38984],"to":[9.43208,10.43208,0.3262],"rotation":{"angle":45,"axis":"z","origin":[8,9,-0.03182]},"faces":{"north":{"uv":[4,6.25,4.75,5.5],"texture":"#0"},"east":{"uv":[0.25,8.5,0.375,7.75],"texture":"#0"},"south":{"uv":[5.5,4.25,6.25,3.5],"texture":"#0"},"west":{"uv":[0,8.5,0.125,7.75],"texture":"#0"},"up":{"uv":[8.5,2.625,7.75,2.5],"rotation":180,"texture":"#0"},"down":{"uv":[8.5,2.25,7.75,2.375],"rotation":180,"texture":"#0"}}},{"from":[6.56066,8.34645,-0.28182],"to":[7.56066,9.34645,0.21818],"rotation":{"angle":45,"axis":"z","origin":[7.06066,8.34645,-0.03182]},"faces":{"north":{"uv":[7.75,5.25,8,5],"texture":"#0"},"east":{"uv":[1.25,8.25,1.375,8],"texture":"#0"},"south":{"uv":[7.75,4.5,8,4.25],"texture":"#0"},"west":{"uv":[1,8.25,1.125,8],"texture":"#0"},"up":{"uv":[8.25,2.875,8,2.75],"rotation":180,"texture":"#0"},"down":{"uv":[1.75,8,1.5,8.125],"rotation":180,"texture":"#0"}}},{"from":[8.43934,8.34645,-0.28182],"to":[9.43934,9.34645,0.21818],"rotation":{"angle":-45,"axis":"z","origin":[8.93934,8.34645,-0.03182]},"faces":{"north":{"uv":[6.25,8,6.5,7.75],"texture":"#0"},"east":{"uv":[8,3.25,8.125,3],"texture":"#0"},"south":{"uv":[7.75,5.5,8,5.25],"texture":"#0"},"west":{"uv":[3,8.25,3.125,8],"texture":"#0"},"up":{"uv":[8.25,3.375,8,3.25],"rotation":180,"texture":"#0"},"down":{"uv":[3.5,8,3.25,8.125],"rotation":180,"texture":"#0"}}},{"from":[4.51085,15.14525,-0.60182],"to":[7.07085,16.28525,0.53818],"rotation":{"angle":-45,"axis":"z","origin":[4.79085,15.71525,-0.03182]},"faces":{"north":{"uv":[7,2.25,7.625,2],"texture":"#0"},"east":{"uv":[7.75,3,8,2.75],"texture":"#0"},"south":{"uv":[1,7.25,1.625,7],"texture":"#0"},"west":{"uv":[1.25,8,1.5,7.75],"texture":"#0"},"up":{"uv":[7.625,2.75,7,2.5],"rotation":180,"texture":"#0"},"down":{"uv":[7.625,2.25,7,2.5],"rotation":180,"texture":"#0"}}},{"from":[1.43591,15.17629,-0.60182],"to":[4.99591,16.31629,0.53818],"rotation":{"angle":0,"axis":"z","origin":[2.71591,15.74629,-0.03182]},"faces":{"north":{"uv":[6.5,5.75,7.375,5.5],"texture":"#0"},"east":{"uv":[3.25,8,3.5,7.75],"texture":"#0"},"south":{"uv":[6.5,3.5,7.375,3.25],"texture":"#0"},"west":{"uv":[3,8,3.25,7.75],"texture":"#0"},"up":{"uv":[7.625,0.5,6.75,0.25],"rotation":180,"texture":"#0"},"down":{"uv":[7.625,0,6.75,0.25],"rotation":180,"texture":"#0"}}},{"from":[-0.59223,13.54899,-0.73862],"to":[2.58217,14.96259,0.67498],"rotation":{"angle":45,"axis":"z","origin":[0.37497,14.25579,-0.03182]},"faces":{"north":{"uv":[6,0.875,6.75,0.5],"texture":"#0"},"east":{"uv":[7.5,4.875,7.875,4.5],"texture":"#0"},"south":{"uv":[6,0.375,6.75,0],"texture":"#0"},"west":{"uv":[7.5,3.375,7.875,3],"texture":"#0"},"up":{"uv":[6.75,1.875,6,1.5],"rotation":180,"texture":"#0"},"down":{"uv":[6.75,1,6,1.375],"rotation":180,"texture":"#0"}}},{"from":[13.41783,13.54899,-0.73862],"to":[16.59223,14.96259,0.67498],"rotation":{"angle":-45,"axis":"z","origin":[15.62503,14.25579,-0.03182]},"faces":{"north":{"uv":[4,6.625,4.75,6.25],"texture":"#0"},"east":{"uv":[5.25,7.875,5.625,7.5],"texture":"#0"},"south":{"uv":[6.25,3.875,7,3.5],"texture":"#0"},"west":{"uv":[4.75,7.875,5.125,7.5],"texture":"#0"},"up":{"uv":[7,6.625,6.25,6.25],"rotation":180,"texture":"#0"},"down":{"uv":[7,5.75,6.25,6.125],"rotation":180,"texture":"#0"}}},{"from":[11.00409,15.17629,-0.60182],"to":[14.56409,16.31629,0.53818],"rotation":{"angle":0,"axis":"z","origin":[13.28409,15.74629,-0.03182]},"faces":{"north":{"uv":[0.75,7,1.625,6.75],"texture":"#0"},"east":{"uv":[7.75,4,8,3.75],"texture":"#0"},"south":{"uv":[6.75,0.75,7.625,0.5],"texture":"#0"},"west":{"uv":[3.75,8,4,7.75],"texture":"#0"},"up":{"uv":[7.625,1.25,6.75,1],"rotation":180,"texture":"#0"},"down":{"uv":[7.625,0.75,6.75,1],"rotation":180,"texture":"#0"}}},{"from":[8.92915,15.14525,-0.60182],"to":[11.48915,16.28525,0.53818],"rotation":{"angle":45,"axis":"z","origin":[11.20915,15.71525,-0.03182]},"faces":{"north":{"uv":[7,3.75,7.625,3.5],"texture":"#0"},"east":{"uv":[7.75,3.75,8,3.5],"texture":"#0"},"south":{"uv":[7,3,7.625,2.75],"texture":"#0"},"west":{"uv":[3.5,8,3.75,7.75],"texture":"#0"},"up":{"uv":[7.625,4.5,7,4.25],"rotation":180,"texture":"#0"},"down":{"uv":[7.625,3.75,7,4],"rotation":180,"texture":"#0"}}},{"from":[10.38388,13.5,-0.28182],"to":[14.38388,14,0.21818],"rotation":{"angle":45,"axis":"z","origin":[11.88388,13.75,-0.03182]},"faces":{"north":{"uv":[7.5,5.625,8.5,5.5],"texture":"#0"},"east":{"uv":[6.75,8.125,6.875,8],"texture":"#0"},"south":{"uv":[7.25,4.125,8.25,4],"texture":"#0"},"west":{"uv":[6.5,8.125,6.625,8],"texture":"#0"},"up":{"uv":[8.5,6.125,7.5,6],"rotation":180,"texture":"#0"},"down":{"uv":[8.5,5.75,7.5,5.875],"rotation":180,"texture":"#0"}}},{"from":[1.61612,13.5,-0.28182],"to":[5.61612,14,0.21818],"rotation":{"angle":-45,"axis":"z","origin":[4.11612,13.75,-0.03182]},"faces":{"north":{"uv":[7.5,6.375,8.5,6.25],"texture":"#0"},"east":{"uv":[7,8.125,7.125,8],"texture":"#0"},"south":{"uv":[6.25,7.625,7.25,7.5],"texture":"#0"},"west":{"uv":[8,6.875,8.125,6.75],"texture":"#0"},"up":{"uv":[8.25,7.625,7.25,7.5],"rotation":180,"texture":"#0"},"down":{"uv":[8.5,6.5,7.5,6.625],"rotation":180,"texture":"#0"}}},{"from":[5,12.51256,-0.28182],"to":[11,13.01256,0.21818],"rotation":{"angle":0,"axis":"z","origin":[9.5,12.76256,-0.03182]},"faces":{"north":{"uv":[7,1.375,8.5,1.25],"texture":"#0"},"east":{"uv":[7.25,8.125,7.375,8],"texture":"#0"},"south":{"uv":[6.25,6.875,7.75,6.75],"texture":"#0"},"west":{"uv":[8,7.125,8.125,7],"texture":"#0"},"up":{"uv":[8.5,1.875,7,1.75],"rotation":180,"texture":"#0"},"down":{"uv":[8.5,1.5,7,1.625],"rotation":180,"texture":"#0"}}},{"from":[6.72,11.948,-0.67182],"to":[9.28,14.508,0.60818],"rotation":{"angle":45,"axis":"z","origin":[8,13.228,-0.03182]},"faces":{"north":{"uv":[5.75,5.625,6.375,5],"texture":"#0"},"east":{"uv":[6.5,4.875,6.875,4.25],"texture":"#0"},"south":{"uv":[5.75,4.875,6.375,4.25],"texture":"#0"},"west":{"uv":[4,5.375,4.375,4.75],"texture":"#0"},"up":{"uv":[0.625,7.125,0,6.75],"rotation":180,"texture":"#0"},"down":{"uv":[7.125,5,6.5,5.375],"rotation":180,"texture":"#0"}}},{"from":[-0.92,10.665,-2.005],"to":[0.42,12.005,-0.665],"rotation":{"angle":-45,"axis":"x","origin":[-0.25,11.335,1]},"faces":{"north":{"uv":[7.375,6.25,7,6.625],"rotation":90,"texture":"#0"},"east":{"uv":[5,2.375,5.375,2],"rotation":270,"texture":"#0"},"south":{"uv":[7.125,7.375,6.75,7],"rotation":90,"texture":"#0"},"west":{"uv":[7,6.125,7.375,5.75],"rotation":90,"texture":"#0"},"up":{"uv":[6.25,7.375,6.625,7],"rotation":180,"texture":"#0"},"down":{"uv":[7,4.875,7.375,4.5],"texture":"#0"}}},{"from":[-0.75,10.835,-0.665],"to":[0.25,11.835,7.335],"rotation":{"angle":-45,"axis":"x","origin":[-0.25,11.335,1]},"faces":{"north":{"uv":[5.75,7.25,5.5,7.5],"rotation":90,"texture":"#0"},"east":{"uv":[8.625,7.5,8.875,5.5],"rotation":270,"texture":"#0"},"south":{"uv":[1.25,8,1,7.75],"rotation":90,"texture":"#0"},"west":{"uv":[8.625,7.5,8.875,5.5],"rotation":90,"texture":"#0"},"up":{"uv":[8.625,7.5,8.875,5.5],"rotation":180,"texture":"#0"},"down":{"uv":[8.625,7.5,8.875,5.5],"texture":"#0"}}},{"from":[-0.92,15.3,5.03],"to":[0.42,16.64,6.37],"rotation":{"angle":0,"axis":"y","origin":[-0.25,22,5.7]},"faces":{"north":{"uv":[7.375,4.5,7,4.875],"texture":"#0"},"east":{"uv":[5.375,2,5,2.375],"texture":"#0"},"south":{"uv":[6.625,7,6.25,7.375],"texture":"#0"},"west":{"uv":[7.375,5.75,7,6.125],"texture":"#0"},"up":{"uv":[7,6.625,7.375,6.25],"rotation":90,"texture":"#0"},"down":{"uv":[6.75,7,7.125,7.375],"rotation":270,"texture":"#0"}}},{"from":[-0.69549,15.49,6.29],"to":[0.30451,16.49,14.29],"rotation":{"angle":0,"axis":"z","origin":[-0.25,15.99,13.7]},"faces":{"north":{"uv":[5.75,7.25,5.5,7.5],"rotation":90,"texture":"#0"},"east":{"uv":[5.5,6.25,5.75,4.25],"rotation":270,"texture":"#0"},"south":{"uv":[1.25,8,1,7.75],"rotation":90,"texture":"#0"},"west":{"uv":[5,7.5,5.25,5.5],"rotation":90,"texture":"#0"},"up":{"uv":[5.25,7.5,5.5,5.5],"rotation":180,"texture":"#0"},"down":{"uv":[4.75,7.5,5,5.5],"texture":"#0"}}},{"from":[-0.86549,15.32,14.25],"to":[0.47451,16.66,15.59],"rotation":{"angle":0,"axis":"z","origin":[-0.25,15.99,13.7]},"faces":{"north":{"uv":[7.375,6.25,7,6.625],"rotation":90,"texture":"#0"},"east":{"uv":[5,2.375,5.375,2],"rotation":270,"texture":"#0"},"south":{"uv":[7.125,7.375,6.75,7],"rotation":90,"texture":"#0"},"west":{"uv":[7,6.125,7.375,5.75],"rotation":90,"texture":"#0"},"up":{"uv":[6.25,7.375,6.625,7],"rotation":180,"texture":"#0"},"down":{"uv":[7,4.875,7.375,4.5],"texture":"#0"}}},{"from":[-0.85902,17.03856,14.74856],"to":[0.14098,18.03856,15.74856],"rotation":{"angle":45,"axis":"x","origin":[-0.25,15.99,13.7]},"faces":{"north":{"uv":[7.5,7.75,7.25,8],"texture":"#0"},"east":{"uv":[8,7,7.75,7.25],"texture":"#0"},"south":{"uv":[7.75,7.75,7.5,8],"texture":"#0"},"west":{"uv":[8,7.25,7.75,7.5],"texture":"#0"},"up":{"uv":[7.75,8,8,7.75],"rotation":90,"texture":"#0"},"down":{"uv":[0.5,8,0.75,8.25],"rotation":270,"texture":"#0"}}},{"from":[15.58,10.665,-2.005],"to":[16.92,12.005,-0.665],"rotation":{"angle":-45,"axis":"x","origin":[16.25,11.335,1]},"faces":{"north":{"uv":[7.375,6.25,7,6.625],"rotation":90,"texture":"#0"},"east":{"uv":[5,2.375,5.375,2],"rotation":270,"texture":"#0"},"south":{"uv":[7.125,7.375,6.75,7],"rotation":90,"texture":"#0"},"west":{"uv":[7,6.125,7.375,5.75],"rotation":90,"texture":"#0"},"up":{"uv":[6.25,7.375,6.625,7],"rotation":180,"texture":"#0"},"down":{"uv":[7,4.875,7.375,4.5],"texture":"#0"}}},{"from":[15.75,10.835,-0.665],"to":[16.75,11.835,7.335],"rotation":{"angle":-45,"axis":"x","origin":[16.25,11.335,1]},"faces":{"north":{"uv":[5.75,7.25,5.5,7.5],"rotation":90,"texture":"#0"},"east":{"uv":[8.625,7.5,8.875,5.5],"rotation":270,"texture":"#0"},"south":{"uv":[1.25,8,1,7.75],"rotation":90,"texture":"#0"},"west":{"uv":[8.625,7.5,8.875,5.5],"rotation":90,"texture":"#0"},"up":{"uv":[8.625,7.5,8.875,5.5],"rotation":180,"texture":"#0"},"down":{"uv":[8.625,7.5,8.875,5.5],"texture":"#0"}}},{"from":[15.58,15.3,5.03],"to":[16.92,16.64,6.37],"rotation":{"angle":0,"axis":"y","origin":[16.25,22,5.7]},"faces":{"north":{"uv":[7.375,4.5,7,4.875],"texture":"#0"},"east":{"uv":[5.375,2,5,2.375],"texture":"#0"},"south":{"uv":[6.625,7,6.25,7.375],"texture":"#0"},"west":{"uv":[7.375,5.75,7,6.125],"texture":"#0"},"up":{"uv":[7,6.625,7.375,6.25],"rotation":90,"texture":"#0"},"down":{"uv":[6.75,7,7.125,7.375],"rotation":270,"texture":"#0"}}},{"from":[15.80451,15.49,6.29],"to":[16.80451,16.49,14.29],"rotation":{"angle":0,"axis":"z","origin":[16.25,15.99,13.7]},"faces":{"north":{"uv":[5.75,7.25,5.5,7.5],"rotation":90,"texture":"#0"},"east":{"uv":[5.5,6.25,5.75,4.25],"rotation":270,"texture":"#0"},"south":{"uv":[1.25,8,1,7.75],"rotation":90,"texture":"#0"},"west":{"uv":[5,7.5,5.25,5.5],"rotation":90,"texture":"#0"},"up":{"uv":[5.25,7.5,5.5,5.5],"rotation":180,"texture":"#0"},"down":{"uv":[4.75,7.5,5,5.5],"texture":"#0"}}},{"from":[15.63451,15.32,14.25],"to":[16.97451,16.66,15.59],"rotation":{"angle":0,"axis":"z","origin":[16.25,15.99,13.7]},"faces":{"north":{"uv":[7.375,6.25,7,6.625],"rotation":90,"texture":"#0"},"east":{"uv":[5,2.375,5.375,2],"rotation":270,"texture":"#0"},"south":{"uv":[7.125,7.375,6.75,7],"rotation":90,"texture":"#0"},"west":{"uv":[7,6.125,7.375,5.75],"rotation":90,"texture":"#0"},"up":{"uv":[6.25,7.375,6.625,7],"rotation":180,"texture":"#0"},"down":{"uv":[7,4.875,7.375,4.5],"texture":"#0"}}},{"from":[15.64098,17.03856,14.74856],"to":[16.64098,18.03856,15.74856],"rotation":{"angle":45,"axis":"x","origin":[16.25,15.99,13.7]},"faces":{"north":{"uv":[7.5,7.75,7.25,8],"texture":"#0"},"east":{"uv":[8,7,7.75,7.25],"texture":"#0"},"south":{"uv":[7.75,7.75,7.5,8],"texture":"#0"},"west":{"uv":[8,7.25,7.75,7.5],"texture":"#0"},"up":{"uv":[7.75,8,8,7.75],"rotation":90,"texture":"#0"},"down":{"uv":[0.5,8,0.75,8.25],"rotation":270,"texture":"#0"}}},{"from":[4.95091,17.07515,-0.28182],"to":[5.45091,18.07515,0.21818],"rotation":{"angle":0,"axis":"x","origin":[3.30055,19.17915,-0.03182]},"faces":{"north":{"uv":[5.75,8.125,6,8],"rotation":270,"texture":"#0"},"east":{"uv":[6.5,8.125,6.25,8],"rotation":270,"texture":"#0"},"south":{"uv":[5.5,8.125,5.75,8],"rotation":90,"texture":"#0"},"west":{"uv":[6.25,8,6,8.125],"rotation":270,"texture":"#0"},"up":{"uv":[1,8.375,1.125,8.25],"rotation":90,"texture":"#0"},"down":{"uv":[1.25,8.375,1.375,8.25],"rotation":90,"texture":"#0"}}},{"from":[3.54044,16.87797,-0.28182],"to":[4.04044,23.87797,0.21818],"rotation":{"angle":45,"axis":"z","origin":[3.30055,19.17915,-0.03182]},"faces":{"north":{"uv":[4,8.5,4.125,6.75],"rotation":180,"texture":"#0"},"east":{"uv":[2.75,8.5,2.875,6.75],"rotation":180,"texture":"#0"},"south":{"uv":[2.5,8.5,2.625,6.75],"rotation":180,"texture":"#0"},"west":{"uv":[4.25,8.5,4.375,6.75],"rotation":180,"texture":"#0"},"up":{"uv":[8.125,8,8,8.125],"texture":"#0"},"down":{"uv":[0.625,8.375,0.5,8.25],"texture":"#0"}}},{"from":[1.6011,15.4583,-0.03182],"to":[3.6011,25.4583,-0.03182],"rotation":{"angle":45,"axis":"z","origin":[3.30055,19.17915,-0.03182]},"faces":{"north":{"uv":[4,7.25,3.5,4.75],"rotation":180,"texture":"#0"},"south":{"uv":[3.5,7.25,4,4.75],"rotation":180,"texture":"#0"}}},{"from":[12.3989,15.4583,-0.03182],"to":[14.3989,25.4583,-0.03182],"rotation":{"angle":-45,"axis":"z","origin":[12.69945,19.17915,-0.03182]},"faces":{"north":{"uv":[3.5,7.25,4,4.75],"rotation":180,"texture":"#0"},"south":{"uv":[4,7.25,3.5,4.75],"rotation":180,"texture":"#0"}}},{"from":[10.54909,17.07515,-0.28182],"to":[11.04909,18.07515,0.21818],"rotation":{"angle":0,"axis":"x","origin":[12.69945,19.17915,-0.03182]},"faces":{"north":{"uv":[5.75,8,6,8.125],"rotation":270,"texture":"#0"},"east":{"uv":[6.25,8.125,6,8],"rotation":270,"texture":"#0"},"south":{"uv":[5.5,8,5.75,8.125],"rotation":90,"texture":"#0"},"west":{"uv":[6.5,8,6.25,8.125],"rotation":270,"texture":"#0"},"up":{"uv":[1,8.25,1.125,8.375],"rotation":90,"texture":"#0"},"down":{"uv":[1.25,8.25,1.375,8.375],"rotation":90,"texture":"#0"}}},{"from":[11.95956,16.87797,-0.28182],"to":[12.45956,23.87797,0.21818],"rotation":{"angle":-45,"axis":"z","origin":[12.69945,19.17915,-0.03182]},"faces":{"north":{"uv":[4.125,8.5,4,6.75],"rotation":180,"texture":"#0"},"east":{"uv":[4.375,8.5,4.25,6.75],"rotation":180,"texture":"#0"},"south":{"uv":[2.625,8.5,2.5,6.75],"rotation":180,"texture":"#0"},"west":{"uv":[2.875,8.5,2.75,6.75],"rotation":180,"texture":"#0"},"up":{"uv":[8,8,8.125,8.125],"texture":"#0"},"down":{"uv":[0.5,8.375,0.625,8.25],"texture":"#0"}}},{"from":[9.75,18.91904,9.867],"to":[10.25,19.41904,16.867],"rotation":{"angle":0,"axis":"x","origin":[10,18.67915,12.16818]},"faces":{"north":{"uv":[0.5,8.375,0.625,8.25],"rotation":90,"texture":"#0"},"east":{"uv":[4.125,8.5,4,6.75],"rotation":90,"texture":"#0"},"south":{"uv":[8,8,8.125,8.125],"rotation":90,"texture":"#0"},"west":{"uv":[2.625,8.5,2.5,6.75],"rotation":270,"texture":"#0"},"up":{"uv":[2.875,8.5,2.75,6.75],"texture":"#0"},"down":{"uv":[4.375,8.5,4.25,6.75],"rotation":180,"texture":"#0"}}},{"from":[9.75,16.57515,10.01782],"to":[10.25,17.57515,10.51782],"rotation":{"angle":45,"axis":"x","origin":[10,18.67915,12.16818]},"faces":{"north":{"uv":[6.5,8,6.25,8.125],"rotation":270,"texture":"#0"},"east":{"uv":[5.75,8,6,8.125],"rotation":270,"texture":"#0"},"south":{"uv":[6.25,8.125,6,8],"rotation":270,"texture":"#0"},"west":{"uv":[5.5,8,5.75,8.125],"rotation":90,"texture":"#0"},"up":{"uv":[1,8.25,1.125,8.375],"rotation":180,"texture":"#0"},"down":{"uv":[1.25,8.25,1.375,8.375],"texture":"#0"}}},{"from":[10,16.9797,8.44733],"to":[10,18.9797,18.44733],"rotation":{"angle":0,"axis":"x","origin":[10,18.67915,12.16818]},"faces":{"east":{"uv":[3.5,7.25,4,4.75],"rotation":90,"texture":"#0"},"west":{"uv":[4,7.25,3.5,4.75],"rotation":270,"texture":"#0"}}},{"from":[5.75,18.91904,9.867],"to":[6.25,19.41904,16.867],"rotation":{"angle":0,"axis":"x","origin":[6,18.67915,12.16818]},"faces":{"north":{"uv":[0.5,8.375,0.625,8.25],"rotation":90,"texture":"#0"},"east":{"uv":[4.125,8.5,4,6.75],"rotation":90,"texture":"#0"},"south":{"uv":[8,8,8.125,8.125],"rotation":90,"texture":"#0"},"west":{"uv":[2.625,8.5,2.5,6.75],"rotation":270,"texture":"#0"},"up":{"uv":[2.875,8.5,2.75,6.75],"texture":"#0"},"down":{"uv":[4.375,8.5,4.25,6.75],"rotation":180,"texture":"#0"}}},{"from":[5.75,16.57515,10.01782],"to":[6.25,17.57515,10.51782],"rotation":{"angle":45,"axis":"x","origin":[6,18.67915,12.16818]},"faces":{"north":{"uv":[6.5,8,6.25,8.125],"rotation":270,"texture":"#0"},"east":{"uv":[5.75,8,6,8.125],"rotation":270,"texture":"#0"},"south":{"uv":[6.25,8.125,6,8],"rotation":270,"texture":"#0"},"west":{"uv":[5.5,8,5.75,8.125],"rotation":90,"texture":"#0"},"up":{"uv":[1,8.25,1.125,8.375],"rotation":180,"texture":"#0"},"down":{"uv":[1.25,8.25,1.375,8.375],"texture":"#0"}}},{"from":[6,16.9797,8.44733],"to":[6,18.9797,18.44733],"rotation":{"angle":0,"axis":"x","origin":[6,18.67915,12.16818]},"faces":{"east":{"uv":[3.5,7.25,4,4.75],"rotation":90,"texture":"#0"},"west":{"uv":[4,7.25,3.5,4.75],"rotation":270,"texture":"#0"}}},{"from":[0,0,0],"to":[2,16,1],"faces":{"north":{"uv":[0.875,6.125,1.125,8.125],"texture":"#1"},"east":{"uv":[6.125,6.125,6.25,8.125],"texture":"#1"},"south":{"uv":[1.125,6.125,1.375,8.125],"texture":"#1"},"west":{"uv":[6.25,6.125,6.375,8.125],"texture":"#1"},"up":{"uv":[7.625,7.125,7.375,7],"texture":"#1"},"down":{"uv":[7.625,7.125,7.375,7.25],"texture":"#1"}}},{"from":[0,0,1],"to":[1,16,16],"rotation":{"angle":0,"axis":"y","origin":[0,0,1]},"faces":{"north":{"uv":[6.375,3.875,6.5,5.875],"texture":"#1"},"east":{"uv":[0,2,1.875,4],"texture":"#1"},"south":{"uv":[6.375,5.875,6.5,7.875],"texture":"#1"},"west":{"uv":[1.875,2,3.75,4],"texture":"#1"},"up":{"uv":[6.75,7.625,6.625,5.75],"texture":"#1"},"down":{"uv":[6.875,3.875,6.75,5.75],"texture":"#1"}}},{"from":[1,0,15],"to":[15,16,16],"rotation":{"angle":0,"axis":"y","origin":[0,0,1]},"faces":{"north":{"uv":[3.75,0,5.5,2],"texture":"#1"},"east":{"uv":[6.5,3.875,6.625,5.875],"texture":"#1"},"south":{"uv":[3.75,2,5.5,4],"texture":"#1"},"west":{"uv":[6.5,5.875,6.625,7.875],"texture":"#1"},"up":{"uv":[8.5,5.875,6.75,5.75],"texture":"#1"},"down":{"uv":[8.5,5.875,6.75,6],"texture":"#1"}}},{"from":[9,4,16],"to":[12,16,18],"rotation":{"angle":0,"axis":"y","origin":[10.5,10,17]},"faces":{"north":{"uv":[2.625,5.75,3,7.25],"texture":"#1"},"east":{"uv":[3.375,6.125,3.625,7.625],"texture":"#1"},"south":{"uv":[3,5.75,3.375,7.25],"texture":"#1"},"west":{"uv":[3.625,6.125,3.875,7.625],"texture":"#1"},"up":{"uv":[7.625,1.75,7.25,1.5],"texture":"#1"},"down":{"uv":[2.75,7.25,2.375,7.5],"texture":"#1"}}},{"from":[8.98,1.96,15.84],"to":[11.92,4.9,17.8],"rotation":{"angle":-45,"axis":"z","origin":[10.45,3.43,16.82]},"faces":{"north":{"uv":[4.25,7,4.625,7.375],"texture":"#1"},"east":{"uv":[7.25,2.5,7.5,2.875],"texture":"#1"},"south":{"uv":[7,6.875,7.375,7.25],"texture":"#1"},"west":{"uv":[2.75,7.25,3,7.625],"texture":"#1"},"up":{"uv":[7.625,3.125,7.25,2.875],"texture":"#1"},"down":{"uv":[3.375,7.25,3,7.5],"texture":"#1"}}},{"from":[1,15,1],"to":[15,16,15],"rotation":{"angle":0,"axis":"y","origin":[0,0,1]},"faces":{"north":{"uv":[6.75,6,8.5,6.125],"texture":"#1"},"east":{"uv":[6.75,6.125,8.5,6.25],"texture":"#1"},"south":{"uv":[6.75,6.25,8.5,6.375],"texture":"#1"},"west":{"uv":[6.75,6.375,8.5,6.5],"texture":"#1"},"up":{"uv":[1.75,5.75,0,4],"texture":"#1"},"down":{"uv":[3.5,4,1.75,5.75],"texture":"#1"}}},{"from":[2.5,16,1],"to":[13.5,17,15],"rotation":{"angle":0,"axis":"y","origin":[-0.5,0,1]},"faces":{"north":{"uv":[6.875,4,8.25,4.125],"texture":"#1"},"east":{"uv":[5.875,3.25,7.625,3.375],"texture":"#1"},"south":{"uv":[6.875,4.125,8.25,4.25],"texture":"#1"},"west":{"uv":[5.875,3.375,7.625,3.5],"texture":"#1"},"up":{"uv":[4.875,5.75,3.5,4],"texture":"#1"},"down":{"uv":[6.25,4,4.875,5.75],"texture":"#1"}}},{"from":[12.5,16,2],"to":[15.5,19,14],"rotation":{"angle":-22.5,"axis":"z","origin":[13,18.5,8]},"faces":{"north":{"uv":[7,3.5,7.375,3.875],"texture":"#1"},"east":{"uv":[5.5,3.5,7,3.875],"texture":"#1"},"south":{"uv":[3.875,7,4.25,7.375],"texture":"#1"},"west":{"uv":[0.375,5.75,1.875,6.125],"texture":"#1"},"up":{"uv":[2.25,7.25,1.875,5.75],"texture":"#1"},"down":{"uv":[2.625,5.75,2.25,7.25],"texture":"#1"}}},{"from":[13,19,2],"to":[15,20,14],"rotation":{"angle":-22.5,"axis":"z","origin":[13,18.5,8]},"faces":{"north":{"uv":[7.25,3.125,7.5,3.25],"texture":"#1"},"east":{"uv":[6.75,6.5,8.25,6.625],"texture":"#1"},"south":{"uv":[7.375,3.75,7.625,3.875],"texture":"#1"},"west":{"uv":[6.75,6.625,8.25,6.75],"texture":"#1"},"up":{"uv":[1.625,7.625,1.375,6.125],"texture":"#1"},"down":{"uv":[1.875,6.125,1.625,7.625],"texture":"#1"}}},{"from":[15,0,1],"to":[16,16,16],"rotation":{"angle":0,"axis":"y","origin":[15,0,1]},"faces":{"north":{"uv":[5.625,6.125,5.75,8.125],"texture":"#1"},"east":{"uv":[0,0,1.875,2],"texture":"#1"},"south":{"uv":[5.75,6.125,5.875,8.125],"texture":"#1"},"west":{"uv":[1.875,0,3.75,2],"texture":"#1"},"up":{"uv":[6.375,5.75,6.25,3.875],"texture":"#1"},"down":{"uv":[6.75,3.875,6.625,5.75],"texture":"#1"}}},{"from":[16,0,1],"to":[19,7,15],"rotation":{"angle":0,"axis":"y","origin":[15,0,1]},"faces":{"north":{"uv":[3.875,6.125,4.25,7],"texture":"#1"},"east":{"uv":[5.5,0,7.25,0.875],"texture":"#1"},"south":{"uv":[4.25,6.125,4.625,7],"texture":"#1"},"west":{"uv":[5.5,0.875,7.25,1.75],"texture":"#1"},"up":{"uv":[5.875,3.5,5.5,1.75],"texture":"#1"},"down":{"uv":[0.375,5.75,0,7.5],"texture":"#1"}}},{"from":[16,0,-2],"to":[19,3,1],"rotation":{"angle":0,"axis":"y","origin":[15,0,1]},"faces":{"north":{"uv":[7.125,1.75,7.5,2.125],"texture":"#1"},"east":{"uv":[7.125,2.125,7.5,2.5],"texture":"#1"},"south":{"uv":[7.125,4.25,7.5,4.625],"texture":"#1"},"west":{"uv":[7.125,4.625,7.5,5],"texture":"#1"},"up":{"uv":[7.5,5.375,7.125,5],"texture":"#1"},"down":{"uv":[7.5,5.375,7.125,5.75],"texture":"#1"}}},{"from":[16,9,2],"to":[18,12,12],"rotation":{"angle":-45,"axis":"x","origin":[17,8.5,8]},"faces":{"north":{"uv":[7.25,0,7.5,0.375],"texture":"#1"},"east":{"uv":[5.875,1.75,7.125,2.125],"texture":"#1"},"south":{"uv":[7.25,0.375,7.5,0.75],"texture":"#1"},"west":{"uv":[5.875,2.125,7.125,2.5],"texture":"#1"},"up":{"uv":[4.875,7.375,4.625,6.125],"texture":"#1"},"down":{"uv":[5.125,6.125,4.875,7.375],"texture":"#1"}}},{"from":[16,10.8033,8.35355],"to":[18,13.8033,17.35355],"rotation":{"angle":0,"axis":"x","origin":[17,10.3033,14.35355]},"faces":{"north":{"uv":[7.25,0.75,7.5,1.125],"texture":"#1"},"east":{"uv":[5.875,2.5,7,2.875],"texture":"#1"},"south":{"uv":[7.25,1.125,7.5,1.5],"texture":"#1"},"west":{"uv":[5.875,2.875,7,3.25],"texture":"#1"},"up":{"uv":[5.375,7.25,5.125,6.125],"texture":"#1"},"down":{"uv":[5.625,6.125,5.375,7.25],"texture":"#1"}}},{"from":[16,12.8033,17.35355],"to":[18,13.8033,19.35355],"rotation":{"angle":0,"axis":"x","origin":[17,10.3033,23.35355]},"faces":{"north":{"uv":[5.5,3.875,5.75,4],"texture":"#1"},"east":{"uv":[5.75,3.875,6,4],"texture":"#1"},"south":{"uv":[6,3.875,6.25,4],"texture":"#1"},"west":{"uv":[7,3.125,7.25,3.25],"texture":"#1"},"up":{"uv":[7.125,5.75,6.875,5.5],"texture":"#1"},"down":{"uv":[4.125,7.375,3.875,7.625],"texture":"#1"}}},{"from":[16,11.94732,16.46547],"to":[18,13.37232,19.29047],"rotation":{"angle":-45,"axis":"x","origin":[17,12.44732,18.29047]},"faces":{"north":{"uv":[4.125,7.375,4.375,7.5625],"texture":"#1"},"east":{"uv":[7,7.25,7.375,7.4375],"texture":"#1"},"south":{"uv":[4.375,7.375,4.625,7.5625],"texture":"#1"},"west":{"uv":[7.375,3.5,7.75,3.6875],"texture":"#1"},"up":{"uv":[2.125,7.625,1.875,7.25],"texture":"#1"},"down":{"uv":[2.375,7.25,2.125,7.625],"texture":"#1"}}},{"from":[-3,0,-2],"to":[0,3,1],"rotation":{"angle":0,"axis":"y","origin":[1,0,1]},"faces":{"north":{"uv":[7.5,1.75,7.125,2.125],"texture":"#1"},"east":{"uv":[7.5,4.625,7.125,5],"texture":"#1"},"south":{"uv":[7.5,4.25,7.125,4.625],"texture":"#1"},"west":{"uv":[7.5,2.125,7.125,2.5],"texture":"#1"},"up":{"uv":[7.125,5.375,7.5,5],"texture":"#1"},"down":{"uv":[7.125,5.375,7.5,5.75],"texture":"#1"}}},{"from":[-3,0,1],"to":[0,7,15],"rotation":{"angle":0,"axis":"y","origin":[1,0,1]},"faces":{"north":{"uv":[4.25,6.125,3.875,7],"texture":"#1"},"east":{"uv":[7.25,0.875,5.5,1.75],"texture":"#1"},"south":{"uv":[4.625,6.125,4.25,7],"texture":"#1"},"west":{"uv":[7.25,0,5.5,0.875],"texture":"#1"},"up":{"uv":[5.5,3.5,5.875,1.75],"texture":"#1"},"down":{"uv":[0,5.75,0.375,7.5],"texture":"#1"}}},{"from":[-2,9,2],"to":[0,12,12],"rotation":{"angle":-45,"axis":"x","origin":[-1,8.5,8]},"faces":{"north":{"uv":[7.5,0,7.25,0.375],"texture":"#1"},"east":{"uv":[7.125,2.125,5.875,2.5],"texture":"#1"},"south":{"uv":[7.5,0.375,7.25,0.75],"texture":"#1"},"west":{"uv":[7.125,1.75,5.875,2.125],"texture":"#1"},"up":{"uv":[4.625,7.375,4.875,6.125],"texture":"#1"},"down":{"uv":[4.875,6.125,5.125,7.375],"texture":"#1"}}},{"from":[-2,10.8033,8.35355],"to":[0,13.8033,17.35355],"rotation":{"angle":0,"axis":"x","origin":[-1,10.3033,14.35355]},"faces":{"north":{"uv":[7.5,0.75,7.25,1.125],"texture":"#1"},"east":{"uv":[7,2.875,5.875,3.25],"texture":"#1"},"south":{"uv":[7.5,1.125,7.25,1.5],"texture":"#1"},"west":{"uv":[7,2.5,5.875,2.875],"texture":"#1"},"up":{"uv":[5.125,7.25,5.375,6.125],"texture":"#1"},"down":{"uv":[5.375,6.125,5.625,7.25],"texture":"#1"}}},{"from":[-2,12.8033,17.35355],"to":[0,13.8033,19.35355],"rotation":{"angle":0,"axis":"x","origin":[-1,10.3033,23.35355]},"faces":{"north":{"uv":[5.75,3.875,5.5,4],"texture":"#1"},"east":{"uv":[7.25,3.125,7,3.25],"texture":"#1"},"south":{"uv":[6.25,3.875,6,4],"texture":"#1"},"west":{"uv":[6,3.875,5.75,4],"texture":"#1"},"up":{"uv":[6.875,5.75,7.125,5.5],"texture":"#1"},"down":{"uv":[3.875,7.375,4.125,7.625],"texture":"#1"}}},{"from":[-2,11.94732,16.46547],"to":[0,13.37232,19.29047],"rotation":{"angle":-45,"axis":"x","origin":[-1,12.44732,18.29047]},"faces":{"north":{"uv":[4.375,7.375,4.125,7.5625],"texture":"#1"},"east":{"uv":[7.75,3.5,7.375,3.6875],"texture":"#1"},"south":{"uv":[4.625,7.375,4.375,7.5625],"texture":"#1"},"west":{"uv":[7.375,7.25,7,7.4375],"texture":"#1"},"up":{"uv":[1.875,7.625,2.125,7.25],"texture":"#1"},"down":{"uv":[2.125,7.25,2.375,7.625],"texture":"#1"}}},{"from":[1,19,2],"to":[3,20,14],"rotation":{"angle":22.5,"axis":"z","origin":[3,18.5,8]},"faces":{"north":{"uv":[7.5,3.125,7.25,3.25],"texture":"#1"},"east":{"uv":[8.25,6.625,6.75,6.75],"texture":"#1"},"south":{"uv":[7.625,3.75,7.375,3.875],"texture":"#1"},"west":{"uv":[8.25,6.5,6.75,6.625],"texture":"#1"},"up":{"uv":[1.375,7.625,1.625,6.125],"texture":"#1"},"down":{"uv":[1.625,6.125,1.875,7.625],"texture":"#1"}}},{"from":[0.5,16,2],"to":[3.5,19,14],"rotation":{"angle":22.5,"axis":"z","origin":[3,18.5,8]},"faces":{"north":{"uv":[7.375,3.5,7,3.875],"texture":"#1"},"east":{"uv":[1.875,5.75,0.375,6.125],"texture":"#1"},"south":{"uv":[4.25,7,3.875,7.375],"texture":"#1"},"west":{"uv":[7,3.5,5.5,3.875],"texture":"#1"},"up":{"uv":[1.875,7.25,2.25,5.75],"texture":"#1"},"down":{"uv":[2.25,5.75,2.625,7.25],"texture":"#1"}}},{"from":[4,4,16],"to":[7,16,18],"rotation":{"angle":0,"axis":"y","origin":[5.5,10,17]},"faces":{"north":{"uv":[3,5.75,2.625,7.25],"texture":"#1"},"east":{"uv":[3.875,6.125,3.625,7.625],"texture":"#1"},"south":{"uv":[3.375,5.75,3,7.25],"texture":"#1"},"west":{"uv":[3.625,6.125,3.375,7.625],"texture":"#1"},"up":{"uv":[7.25,1.75,7.625,1.5],"texture":"#1"},"down":{"uv":[2.375,7.25,2.75,7.5],"texture":"#1"}}},{"from":[4.08,1.96,15.84],"to":[7.02,4.9,17.8],"rotation":{"angle":45,"axis":"z","origin":[5.55,3.43,16.82]},"faces":{"north":{"uv":[4.625,7,4.25,7.375],"texture":"#1"},"east":{"uv":[3,7.25,2.75,7.625],"texture":"#1"},"south":{"uv":[7.375,6.875,7,7.25],"texture":"#1"},"west":{"uv":[7.5,2.5,7.25,2.875],"texture":"#1"},"up":{"uv":[7.25,3.125,7.625,2.875],"texture":"#1"},"down":{"uv":[3,7.25,3.375,7.5],"texture":"#1"}}},{"from":[2,-2,0],"to":[4,3,1],"faces":{"north":{"uv":[6.875,4.25,7.125,4.875],"texture":"#1"},"east":{"uv":[5.125,7.25,5.25,7.875],"texture":"#1"},"south":{"uv":[6.875,4.875,7.125,5.5],"texture":"#1"},"west":{"uv":[5.25,7.25,5.375,7.875],"texture":"#1"},"up":{"uv":[7.625,7.375,7.375,7.25],"texture":"#1"},"down":{"uv":[7.625,7.375,7.375,7.5],"texture":"#1"}}},{"from":[14,0,0],"to":[16,16,1],"rotation":{"angle":0,"axis":"y","origin":[16,0,0]},"faces":{"north":{"uv":[0.375,6.125,0.625,8.125],"texture":"#1"},"east":{"uv":[5.875,6.125,6,8.125],"texture":"#1"},"south":{"uv":[0.625,6.125,0.875,8.125],"texture":"#1"},"west":{"uv":[6,6.125,6.125,8.125],"texture":"#1"},"up":{"uv":[5.125,7.5,4.875,7.375],"texture":"#1"},"down":{"uv":[7.625,6.875,7.375,7],"texture":"#1"}}},{"from":[12,-2,0],"to":[14,3,1],"rotation":{"angle":0,"axis":"y","origin":[16,0,0]},"faces":{"north":{"uv":[6.75,6.875,7,7.5],"texture":"#1"},"east":{"uv":[5.375,7.25,5.5,7.875],"texture":"#1"},"south":{"uv":[7,2.5,7.25,3.125],"texture":"#1"},"west":{"uv":[5.5,7.25,5.625,7.875],"texture":"#1"},"up":{"uv":[0.25,7.625,0,7.5],"texture":"#1"},"down":{"uv":[7.75,0,7.5,0.125],"texture":"#1"}}},{"from":[2,13,0],"to":[14,16,1],"rotation":{"angle":0,"axis":"y","origin":[0,13,0]},"faces":{"north":{"uv":[3.375,5.75,4.875,6.125],"texture":"#1"},"east":{"uv":[4.625,7.375,4.75,7.75],"texture":"#1"},"south":{"uv":[4.875,5.75,6.375,6.125],"texture":"#1"},"west":{"uv":[4.75,7.375,4.875,7.75],"texture":"#1"},"up":{"uv":[8.25,6.875,6.75,6.75],"texture":"#1"},"down":{"uv":[8.375,3.875,6.875,4],"texture":"#1"}}}],"display":{"thirdperson_righthand":{"rotation":[66,0,0],"translation":[0,0.5,-2],"scale":[0.3,0.3,0.3]},"thirdperson_lefthand":{"rotation":[65,0,0],"translation":[0,0.75,-1.75],"scale":[0.3,0.3,0.3]},"firstperson_righthand":{"rotation":[0,-180,0],"translation":[-2.75,2.75,0],"scale":[0.5,0.5,0.5]},"firstperson_lefthand":{"rotation":[0,-180,0],"translation":[-2.25,2.75,0],"scale":[0.5,0.5,0.5]},"ground":{"rotation":[40,0,0],"translation":[0,-0.25,-0.75],"scale":[0.3,0.3,0.3]},"gui":{"rotation":[41,131,0],"translation":[0.25,0.25,0],"scale":[0.5,0.5,0.5]},"fixed":{"rotation":[-90,0,0],"translation":[0,-0.5,-12],"scale":[1.49883,1.49883,1.49883]}}}