{"credit":"MadewithBlockbench","texture_size":[64,64],"textures":{"0":"crystalset:crystalset/crystal","particle":"crystalset:crystalset/crystal"},"elements":[{"from":[7.5,-4.7,7.5],"to":[8.5,3.3,8.5],"rotation":{"angle":0,"axis":"y","origin":[8,-1,8]},"faces":{"north":{"uv":[5.25,5.5,5.5,7.5],"texture":"#0"},"east":{"uv":[5.5,4.25,5.75,6.25],"texture":"#0"},"south":{"uv":[4.75,5.5,5,7.5],"texture":"#0"},"west":{"uv":[5,5.5,5.25,7.5],"texture":"#0"},"up":{"uv":[5.75,7.5,5.5,7.25],"rotation":90,"texture":"#0"},"down":{"uv":[1.25,7.75,1,8],"rotation":270,"texture":"#0"}}},{"from":[7.5,4.3,6],"to":[8.5,8.3,10],"rotation":{"angle":0,"axis":"y","origin":[8,-1,6.5]},"faces":{"north":{"uv":[6.5,2,6.75,3],"texture":"#0"},"east":{"uv":[5,0,6,1],"texture":"#0"},"south":{"uv":[5.5,6.25,5.75,7.25],"texture":"#0"},"west":{"uv":[5,1,6,2],"texture":"#0"},"up":{"uv":[7.25,4.25,6.25,4],"rotation":90,"texture":"#0"},"down":{"uv":[7.5,3,6.5,3.25],"rotation":270,"texture":"#0"}}},{"from":[7.75,8.3,6],"to":[8.25,11.3,10],"rotation":{"angle":0,"axis":"y","origin":[7.75,10.3,8]},"faces":{"north":{"uv":[1.5,7.25,1.625,8],"texture":"#0"},"east":{"uv":[5.5,2,6.5,2.75],"texture":"#0"},"south":{"uv":[0.5,7.25,0.625,8],"texture":"#0"},"west":{"uv":[5.5,2.75,6.5,3.5],"texture":"#0"},"up":{"uv":[8.75,0.125,7.75,0],"rotation":90,"texture":"#0"},"down":{"uv":[8.75,0.25,7.75,0.375],"rotation":270,"texture":"#0"}}},{"from":[7.75,20.3,6],"to":[8.25,26.3,10],"rotation":{"angle":0,"axis":"y","origin":[7.75,22.3,8]},"faces":{"north":{"uv":[0.75,7,0.875,8.5],"texture":"#0"},"east":{"uv":[4.5,2.5,5.5,4],"texture":"#0"},"south":{"uv":[4.5,6.75,4.625,8.25],"texture":"#0"},"west":{"uv":[4.5,4,5.5,5.5],"texture":"#0"},"up":{"uv":[8.75,0.625,7.75,0.5],"rotation":90,"texture":"#0"},"down":{"uv":[8.75,0.75,7.75,0.875],"rotation":270,"texture":"#0"}}},{"from":[7.64198,24.86792,6.56792],"to":[8.35802,27.73208,9.43208],"rotation":{"angle":-45,"axis":"x","origin":[8,26.3,8]},"faces":{"north":{"uv":[0.25,7.75,0.375,8.5],"texture":"#0"},"east":{"uv":[5.5,3.5,6.25,4.25],"texture":"#0"},"south":{"uv":[0,7.75,0.125,8.5],"texture":"#0"},"west":{"uv":[4,5.5,4.75,6.25],"texture":"#0"},"up":{"uv":[8.5,2.375,7.75,2.25],"rotation":90,"texture":"#0"},"down":{"uv":[8.5,2.5,7.75,2.625],"rotation":270,"texture":"#0"}}},{"from":[7.75,11.3,6.5],"to":[8.25,20.3,9.5],"rotation":{"angle":0,"axis":"y","origin":[7.75,15.3,8.5]},"faces":{"north":{"uv":[6,5.75,6.125,8],"texture":"#0"},"east":{"uv":[3,2.5,3.75,4.75],"texture":"#0"},"south":{"uv":[5.75,5.75,5.875,8],"texture":"#0"},"west":{"uv":[3.75,2.5,4.5,4.75],"texture":"#0"},"up":{"uv":[8.5,1.125,7.75,1],"rotation":90,"texture":"#0"},"down":{"uv":[8.5,2,7.75,2.125],"rotation":270,"texture":"#0"}}},{"from":[7.75,10.65355,8.43934],"to":[8.25,11.65355,9.43934],"rotation":{"angle":-45,"axis":"x","origin":[8,11.65355,8.93934]},"faces":{"north":{"uv":[1.25,8,1.375,8.25],"texture":"#0"},"east":{"uv":[7.75,4.25,8,4.5],"texture":"#0"},"south":{"uv":[1,8,1.125,8.25],"texture":"#0"},"west":{"uv":[7.75,5,8,5.25],"texture":"#0"},"up":{"uv":[1.75,8.125,1.5,8],"rotation":90,"texture":"#0"},"down":{"uv":[8.25,2.75,8,2.875],"rotation":270,"texture":"#0"}}},{"from":[7.75,10.65355,6.56066],"to":[8.25,11.65355,7.56066],"rotation":{"angle":45,"axis":"x","origin":[8,11.65355,7.06066]},"faces":{"north":{"uv":[8,3,8.125,3.25],"texture":"#0"},"east":{"uv":[7.75,5.25,8,5.5],"texture":"#0"},"south":{"uv":[3,8,3.125,8.25],"texture":"#0"},"west":{"uv":[6.25,7.75,6.5,8],"texture":"#0"},"up":{"uv":[3.5,8.125,3.25,8],"rotation":90,"texture":"#0"},"down":{"uv":[8.25,3.25,8,3.375],"rotation":270,"texture":"#0"}}},{"from":[7.75,19.65355,6.56066],"to":[8.25,20.65355,7.56066],"rotation":{"angle":45,"axis":"x","origin":[8,20.65355,7.06066]},"faces":{"north":{"uv":[8,4.5,8.125,4.75],"texture":"#0"},"east":{"uv":[7.75,6.75,8,7],"texture":"#0"},"south":{"uv":[8,4.25,8.125,4.5],"texture":"#0"},"west":{"uv":[7,7.75,7.25,8],"texture":"#0"},"up":{"uv":[5,8.125,4.75,8],"rotation":90,"texture":"#0"},"down":{"uv":[8.25,4.75,8,4.875],"rotation":270,"texture":"#0"}}},{"from":[7.75,19.65355,8.43934],"to":[8.25,20.65355,9.43934],"rotation":{"angle":-45,"axis":"x","origin":[8,20.65355,8.93934]},"faces":{"north":{"uv":[8,3.5,8.125,3.75],"texture":"#0"},"east":{"uv":[6.5,7.75,6.75,8],"texture":"#0"},"south":{"uv":[3.5,8,3.625,8.25],"texture":"#0"},"west":{"uv":[6.75,7.75,7,8],"texture":"#0"},"up":{"uv":[4,8.125,3.75,8],"rotation":90,"texture":"#0"},"down":{"uv":[8.25,3.75,8,3.875],"rotation":270,"texture":"#0"}}},{"from":[7.43,3.71475,8.92915],"to":[8.57,4.85475,11.48915],"rotation":{"angle":45,"axis":"x","origin":[8,4.28475,11.20915]},"faces":{"north":{"uv":[7.75,2.75,8,3],"texture":"#0"},"east":{"uv":[1,7,1.625,7.25],"texture":"#0"},"south":{"uv":[1.25,7.75,1.5,8],"texture":"#0"},"west":{"uv":[7,2,7.625,2.25],"texture":"#0"},"up":{"uv":[7.625,2.5,7,2.25],"rotation":90,"texture":"#0"},"down":{"uv":[7.625,2.5,7,2.75],"rotation":270,"texture":"#0"}}},{"from":[7.43,3.68371,11.00409],"to":[8.57,4.82371,14.56409],"rotation":{"angle":0,"axis":"z","origin":[8,4.25371,13.28409]},"faces":{"north":{"uv":[3.25,7.75,3.5,8],"texture":"#0"},"east":{"uv":[6.5,3.25,7.375,3.5],"texture":"#0"},"south":{"uv":[3,7.75,3.25,8],"texture":"#0"},"west":{"uv":[6.5,5.5,7.375,5.75],"texture":"#0"},"up":{"uv":[7.625,0.25,6.75,0],"rotation":90,"texture":"#0"},"down":{"uv":[7.625,0.25,6.75,0.5],"rotation":270,"texture":"#0"}}},{"from":[7.2932,5.03741,13.41783],"to":[8.7068,6.45101,16.59223],"rotation":{"angle":-45,"axis":"x","origin":[8,5.74421,15.62503]},"faces":{"north":{"uv":[7.5,4.5,7.875,4.875],"texture":"#0"},"east":{"uv":[6,0,6.75,0.375],"texture":"#0"},"south":{"uv":[7.5,3,7.875,3.375],"texture":"#0"},"west":{"uv":[6,0.5,6.75,0.875],"texture":"#0"},"up":{"uv":[6.75,1.375,6,1],"rotation":90,"texture":"#0"},"down":{"uv":[6.75,1.5,6,1.875],"rotation":270,"texture":"#0"}}},{"from":[7.2932,5.03741,-0.59223],"to":[8.7068,6.45101,2.58217],"rotation":{"angle":45,"axis":"x","origin":[8,5.74421,0.37497]},"faces":{"north":{"uv":[5.25,7.5,5.625,7.875],"texture":"#0"},"east":{"uv":[6.25,3.5,7,3.875],"texture":"#0"},"south":{"uv":[4.75,7.5,5.125,7.875],"texture":"#0"},"west":{"uv":[4,6.25,4.75,6.625],"texture":"#0"},"up":{"uv":[7,6.125,6.25,5.75],"rotation":90,"texture":"#0"},"down":{"uv":[7,6.25,6.25,6.625],"rotation":270,"texture":"#0"}}},{"from":[7.43,3.68371,1.43591],"to":[8.57,4.82371,4.99591],"rotation":{"angle":0,"axis":"z","origin":[8,4.25371,2.71591]},"faces":{"north":{"uv":[7.75,3.75,8,4],"texture":"#0"},"east":{"uv":[6.75,0.5,7.625,0.75],"texture":"#0"},"south":{"uv":[3.75,7.75,4,8],"texture":"#0"},"west":{"uv":[0.75,6.75,1.625,7],"texture":"#0"},"up":{"uv":[7.625,1,6.75,0.75],"rotation":90,"texture":"#0"},"down":{"uv":[7.625,1,6.75,1.25],"rotation":270,"texture":"#0"}}},{"from":[7.43,3.71475,4.51085],"to":[8.57,4.85475,7.07085],"rotation":{"angle":-45,"axis":"x","origin":[8,4.28475,4.79085]},"faces":{"north":{"uv":[7.75,3.5,8,3.75],"texture":"#0"},"east":{"uv":[7,2.75,7.625,3],"texture":"#0"},"south":{"uv":[3.5,7.75,3.75,8],"texture":"#0"},"west":{"uv":[7,3.5,7.625,3.75],"texture":"#0"},"up":{"uv":[7.625,4,7,3.75],"rotation":90,"texture":"#0"},"down":{"uv":[7.625,4.25,7,4.5],"rotation":270,"texture":"#0"}}},{"from":[7.33,-6,7.33],"to":[8.67,-4.66,8.67],"rotation":{"angle":0,"axis":"y","origin":[8,0.7,8]},"faces":{"north":{"uv":[6.25,7,6.625,7.375],"texture":"#0"},"east":{"uv":[5,2,5.375,2.375],"texture":"#0"},"south":{"uv":[7,4.5,7.375,4.875],"texture":"#0"},"west":{"uv":[7,5.75,7.375,6.125],"texture":"#0"},"up":{"uv":[7.375,6.625,7,6.25],"rotation":90,"texture":"#0"},"down":{"uv":[7.125,7,6.75,7.375],"rotation":270,"texture":"#0"}}},{"from":[7.33,3.3,7.33],"to":[8.67,4.64,8.67],"rotation":{"angle":0,"axis":"y","origin":[8,10,8]},"faces":{"north":{"uv":[6.25,7,6.625,7.375],"texture":"#0"},"east":{"uv":[5,2,5.375,2.375],"texture":"#0"},"south":{"uv":[7,4.5,7.375,4.875],"texture":"#0"},"west":{"uv":[7,5.75,7.375,6.125],"texture":"#0"},"up":{"uv":[7.375,6.625,7,6.25],"rotation":90,"texture":"#0"},"down":{"uv":[7.125,7,6.75,7.375],"rotation":270,"texture":"#0"}}},{"from":[7.75,6,1.61612],"to":[8.25,6.5,5.61612],"rotation":{"angle":-45,"axis":"x","origin":[8,6.25,4.11612]},"faces":{"north":{"uv":[6.75,8,6.875,8.125],"texture":"#0"},"east":{"uv":[7.25,4,8.25,4.125],"texture":"#0"},"south":{"uv":[6.5,8,6.625,8.125],"texture":"#0"},"west":{"uv":[7.5,5.5,8.5,5.625],"texture":"#0"},"up":{"uv":[8.5,5.875,7.5,5.75],"rotation":90,"texture":"#0"},"down":{"uv":[8.5,6,7.5,6.125],"rotation":270,"texture":"#0"}}},{"from":[7.75,6,10.38388],"to":[8.25,6.5,14.38388],"rotation":{"angle":45,"axis":"x","origin":[8,6.25,11.88388]},"faces":{"north":{"uv":[7,8,7.125,8.125],"texture":"#0"},"east":{"uv":[6.25,7.5,7.25,7.625],"texture":"#0"},"south":{"uv":[8,6.75,8.125,6.875],"texture":"#0"},"west":{"uv":[7.5,6.25,8.5,6.375],"texture":"#0"},"up":{"uv":[8.5,6.625,7.5,6.5],"rotation":90,"texture":"#0"},"down":{"uv":[8.25,7.5,7.25,7.625],"rotation":270,"texture":"#0"}}},{"from":[7.75,12.7,11.88388],"to":[8.25,13.2,12.88388],"rotation":{"angle":45,"axis":"x","origin":[8,12.95,11.38388]},"faces":{"north":{"uv":[7.5,8,7.625,8.125],"texture":"#0"},"east":{"uv":[5,8,5.25,8.125],"texture":"#0"},"south":{"uv":[8,7.25,8.125,7.375],"texture":"#0"},"west":{"uv":[8,5,8.25,5.125],"texture":"#0"},"up":{"uv":[5.5,8.125,5.25,8],"rotation":90,"texture":"#0"},"down":{"uv":[8.25,5.25,8,5.375],"rotation":270,"texture":"#0"}}},{"from":[7.75,12.41967,11.56066],"to":[8.25,19.41967,12.06066],"rotation":{"angle":0,"axis":"z","origin":[8,13.41967,11.81066]},"faces":{"north":{"uv":[2.25,6.75,2.375,8.5],"texture":"#0"},"east":{"uv":[6.75,1.25,6.875,3],"texture":"#0"},"south":{"uv":[1.75,6.75,1.875,8.5],"texture":"#0"},"west":{"uv":[2,6.75,2.125,8.5],"texture":"#0"},"up":{"uv":[7.875,8.125,7.75,8],"rotation":90,"texture":"#0"},"down":{"uv":[8.125,7.75,8,7.875],"rotation":270,"texture":"#0"}}},{"from":[7.75,12.7,3.11612],"to":[8.25,13.2,4.11612],"rotation":{"angle":-45,"axis":"x","origin":[8,12.95,4.61612]},"faces":{"north":{"uv":[1.25,8.25,1.375,8.375],"texture":"#0"},"east":{"uv":[5.5,8,5.75,8.125],"texture":"#0"},"south":{"uv":[1,8.25,1.125,8.375],"texture":"#0"},"west":{"uv":[5.75,8,6,8.125],"texture":"#0"},"up":{"uv":[6.25,8.125,6,8],"rotation":90,"texture":"#0"},"down":{"uv":[6.5,8,6.25,8.125],"rotation":270,"texture":"#0"}}},{"from":[7.75,12.41967,3.93934],"to":[8.25,19.41967,4.43934],"rotation":{"angle":0,"axis":"z","origin":[8,13.41967,4.18934]},"faces":{"north":{"uv":[4.25,6.75,4.375,8.5],"texture":"#0"},"east":{"uv":[2.5,6.75,2.625,8.5],"texture":"#0"},"south":{"uv":[2.75,6.75,2.875,8.5],"texture":"#0"},"west":{"uv":[4,6.75,4.125,8.5],"texture":"#0"},"up":{"uv":[8.125,8.125,8,8],"rotation":90,"texture":"#0"},"down":{"uv":[0.625,8.25,0.5,8.375],"rotation":270,"texture":"#0"}}},{"from":[7.75,6.98744,5],"to":[8.25,7.48744,11],"rotation":{"angle":0,"axis":"z","origin":[8,7.23744,6.5]},"faces":{"north":{"uv":[7.25,8,7.375,8.125],"texture":"#0"},"east":{"uv":[6.25,6.75,7.75,6.875],"texture":"#0"},"south":{"uv":[8,7,8.125,7.125],"texture":"#0"},"west":{"uv":[7,1.25,8.5,1.375],"texture":"#0"},"up":{"uv":[8.5,1.625,7,1.5],"rotation":90,"texture":"#0"},"down":{"uv":[8.5,1.75,7,1.875],"rotation":270,"texture":"#0"}}},{"from":[7.36,5.492,6.72],"to":[8.64,8.052,9.28],"rotation":{"angle":-45,"axis":"x","origin":[8,6.772,8]},"faces":{"north":{"uv":[6.5,4.25,6.875,4.875],"texture":"#0"},"east":{"uv":[5.75,4.25,6.375,4.875],"texture":"#0"},"south":{"uv":[4,4.75,4.375,5.375],"texture":"#0"},"west":{"uv":[5.75,5,6.375,5.625],"texture":"#0"},"up":{"uv":[7.125,5.375,6.5,5],"rotation":90,"texture":"#0"},"down":{"uv":[0.625,6.75,0,7.125],"rotation":270,"texture":"#0"}}},{"from":[7.5,-6.8,7.5],"to":[8.5,-5.8,8.5],"rotation":{"angle":45,"axis":"x","origin":[8,-6.3,8]},"faces":{"north":{"uv":[7.25,7.75,7.5,8],"rotation":180,"texture":"#0"},"east":{"uv":[7.75,7,8,7.25],"rotation":180,"texture":"#0"},"south":{"uv":[7.5,7.75,7.75,8],"rotation":180,"texture":"#0"},"west":{"uv":[7.75,7.25,8,7.5],"rotation":180,"texture":"#0"},"up":{"uv":[0.75,8,0.5,8.25],"rotation":270,"texture":"#0"},"down":{"uv":[8,8,7.75,7.75],"rotation":90,"texture":"#0"}}},{"from":[8,5,5],"to":[8,32,11],"rotation":{"angle":0,"axis":"y","origin":[8,0,5]},"faces":{"north":{"uv":[0,0,0,6.75],"texture":"#0"},"east":{"uv":[0,0,1.5,6.75],"texture":"#0"},"south":{"uv":[0,0,0,6.75],"texture":"#0"},"west":{"uv":[0,0,1.5,6.75],"texture":"#0"},"up":{"uv":[1.5,0,0,0],"rotation":90,"texture":"#0"},"down":{"uv":[1.5,0,0,0],"rotation":270,"texture":"#0"}}},{"from":[8,3,12],"to":[8,8,20],"rotation":{"angle":0,"axis":"z","origin":[8,4,12]},"faces":{"east":{"uv":[3,0,5,1.25],"texture":"#0"},"west":{"uv":[5,0,3,1.25],"texture":"#0"}}},{"from":[8,3,-4],"to":[8,8,4],"rotation":{"angle":0,"axis":"z","origin":[8,4,4]},"faces":{"east":{"uv":[5,0,3,1.25],"texture":"#0"},"west":{"uv":[3,0,5,1.25],"texture":"#0"}}},{"from":[8,11,12],"to":[8,21,14],"rotation":{"angle":0,"axis":"y","origin":[8,13,12]},"faces":{"east":{"uv":[4,4.75,3.5,7.25],"texture":"#0"},"west":{"uv":[3.5,4.75,4,7.25],"texture":"#0"}}},{"from":[8,11,2],"to":[8,21,4],"rotation":{"angle":0,"axis":"y","origin":[8,13,4]},"faces":{"east":{"uv":[3.5,4.75,4,7.25],"texture":"#0"},"west":{"uv":[4,4.75,3.5,7.25],"texture":"#0"}}}],"gui_light":"front","display":{"thirdperson_righthand":{"translation":[0,4.25,1.5],"scale":[0.8,0.8,0.8]},"thirdperson_lefthand":{"translation":[0,4.5,1.5],"scale":[0.8,0.8,0.8]},"firstperson_righthand":{"rotation":[-15,0,0],"translation":[3.75,1.75,0],"scale":[0.72773,0.72773,0.72773]},"firstperson_lefthand":{"rotation":[-15,0,0],"translation":[3.75,1.75,0],"scale":[0.72773,0.72773,0.72773]},"ground":{"rotation":[60,0,0],"translation":[0,1.5,0],"scale":[0.5,0.5,0.5]},"gui":{"rotation":[90,-135,90],"translation":[-2,-1.75,0],"scale":[0.6,0.6,0.6]},"head":{"scale":[0,0,0]},"fixed":{"rotation":[90,-45,90],"translation":[2.25,-2.25,-0.75],"scale":[1.62188,1.62188,1.62188]}}}