{"credit":"MadewithBlockbench","texture_size":[32,32],"textures":{"0":"crystalset:crystalset/crystal","1":"crystalset:crystalset/crystal_axe","particle":"crystalset:crystalset/crystal"},"elements":[{"from":[7.5,-4.7,7.5],"to":[8.5,3.3,8.5],"rotation":{"angle":0,"axis":"y","origin":[8,-1,8]},"faces":{"north":{"uv":[5.25,5.5,5.5,7.5],"texture":"#0"},"east":{"uv":[5.5,4.25,5.75,6.25],"texture":"#0"},"south":{"uv":[4.75,5.5,5,7.5],"texture":"#0"},"west":{"uv":[5,5.5,5.25,7.5],"texture":"#0"},"up":{"uv":[5.75,7.5,5.5,7.25],"rotation":90,"texture":"#0"},"down":{"uv":[1.25,7.75,1,8],"rotation":270,"texture":"#0"}}},{"from":[7.5,4.3,7.5],"to":[8.5,12.3,8.5],"rotation":{"angle":0,"axis":"y","origin":[8,8,8]},"faces":{"north":{"uv":[8.625,5.5,8.875,7.5],"texture":"#0"},"east":{"uv":[8.625,5.5,8.875,7.5],"texture":"#0"},"south":{"uv":[8.625,5.5,8.875,7.5],"texture":"#0"},"west":{"uv":[8.625,5.5,8.875,7.5],"texture":"#0"},"up":{"uv":[5.75,7.5,5.5,7.25],"rotation":90,"texture":"#0"},"down":{"uv":[1.25,7.75,1,8],"rotation":270,"texture":"#0"}}},{"from":[7.5,17.7,6],"to":[8.5,21.7,10],"rotation":{"angle":0,"axis":"y","origin":[8,27,6.5]},"faces":{"north":{"uv":[6.5,3,6.75,2],"texture":"#0"},"east":{"uv":[5,1,6,0],"texture":"#0"},"south":{"uv":[5.5,7.25,5.75,6.25],"texture":"#0"},"west":{"uv":[5,2,6,1],"texture":"#0"},"up":{"uv":[7.5,3.25,6.5,3],"rotation":90,"texture":"#0"},"down":{"uv":[7.25,4,6.25,4.25],"rotation":270,"texture":"#0"}}},{"from":[7.75,14.7,6],"to":[8.25,17.7,10],"rotation":{"angle":0,"axis":"y","origin":[7.75,15.7,8]},"faces":{"north":{"uv":[1.5,8,1.625,7.25],"texture":"#0"},"east":{"uv":[5.5,2.75,6.5,2],"texture":"#0"},"south":{"uv":[0.5,8,0.625,7.25],"texture":"#0"},"west":{"uv":[5.5,3.5,6.5,2.75],"texture":"#0"},"up":{"uv":[8.75,0.375,7.75,0.25],"rotation":90,"texture":"#0"},"down":{"uv":[8.75,0,7.75,0.125],"rotation":270,"texture":"#0"}}},{"from":[7.64198,13.56792,6.56792],"to":[8.35802,16.43208,9.43208],"rotation":{"angle":45,"axis":"x","origin":[8,15,8]},"faces":{"north":{"uv":[0.25,8.5,0.375,7.75],"texture":"#0"},"east":{"uv":[5.5,4.25,6.25,3.5],"texture":"#0"},"south":{"uv":[0,8.5,0.125,7.75],"texture":"#0"},"west":{"uv":[4,6.25,4.75,5.5],"texture":"#0"},"up":{"uv":[8.5,2.625,7.75,2.5],"rotation":90,"texture":"#0"},"down":{"uv":[8.5,2.25,7.75,2.375],"rotation":270,"texture":"#0"}}},{"from":[7.75,14.34645,8.43934],"to":[8.25,15.34645,9.43934],"rotation":{"angle":45,"axis":"x","origin":[8,14.34645,8.93934]},"faces":{"north":{"uv":[1.25,8.25,1.375,8],"texture":"#0"},"east":{"uv":[7.75,4.5,8,4.25],"texture":"#0"},"south":{"uv":[1,8.25,1.125,8],"texture":"#0"},"west":{"uv":[7.75,5.25,8,5],"texture":"#0"},"up":{"uv":[8.25,2.875,8,2.75],"rotation":90,"texture":"#0"},"down":{"uv":[1.75,8,1.5,8.125],"rotation":270,"texture":"#0"}}},{"from":[7.75,14.34645,6.56066],"to":[8.25,15.34645,7.56066],"rotation":{"angle":-45,"axis":"x","origin":[8,14.34645,7.06066]},"faces":{"north":{"uv":[8,3.25,8.125,3],"texture":"#0"},"east":{"uv":[7.75,5.5,8,5.25],"texture":"#0"},"south":{"uv":[3,8.25,3.125,8],"texture":"#0"},"west":{"uv":[6.25,8,6.5,7.75],"texture":"#0"},"up":{"uv":[8.25,3.375,8,3.25],"rotation":90,"texture":"#0"},"down":{"uv":[3.5,8,3.25,8.125],"rotation":270,"texture":"#0"}}},{"from":[7.43,21.14525,8.92915],"to":[8.57,22.28525,11.48915],"rotation":{"angle":-45,"axis":"x","origin":[8,21.71525,11.20915]},"faces":{"north":{"uv":[7.75,3,8,2.75],"texture":"#0"},"east":{"uv":[1,7.25,1.625,7],"texture":"#0"},"south":{"uv":[1.25,8,1.5,7.75],"texture":"#0"},"west":{"uv":[7,2.25,7.625,2],"texture":"#0"},"up":{"uv":[7.625,2.75,7,2.5],"rotation":90,"texture":"#0"},"down":{"uv":[7.625,2.25,7,2.5],"rotation":270,"texture":"#0"}}},{"from":[7.43,21.17629,11.00409],"to":[8.57,22.31629,14.56409],"rotation":{"angle":0,"axis":"z","origin":[8,21.74629,13.28409]},"faces":{"north":{"uv":[3.25,8,3.5,7.75],"texture":"#0"},"east":{"uv":[6.5,3.5,7.375,3.25],"texture":"#0"},"south":{"uv":[3,8,3.25,7.75],"texture":"#0"},"west":{"uv":[6.5,5.75,7.375,5.5],"texture":"#0"},"up":{"uv":[7.625,0.5,6.75,0.25],"rotation":90,"texture":"#0"},"down":{"uv":[7.625,0,6.75,0.25],"rotation":270,"texture":"#0"}}},{"from":[7.2932,19.54899,13.41783],"to":[8.7068,20.96259,16.59223],"rotation":{"angle":45,"axis":"x","origin":[8,20.25579,15.62503]},"faces":{"north":{"uv":[7.5,4.875,7.875,4.5],"texture":"#0"},"east":{"uv":[6,0.375,6.75,0],"texture":"#0"},"south":{"uv":[7.5,3.375,7.875,3],"texture":"#0"},"west":{"uv":[6,0.875,6.75,0.5],"texture":"#0"},"up":{"uv":[6.75,1.875,6,1.5],"rotation":90,"texture":"#0"},"down":{"uv":[6.75,1,6,1.375],"rotation":270,"texture":"#0"}}},{"from":[7.2932,19.54899,-0.59223],"to":[8.7068,20.96259,2.58217],"rotation":{"angle":-45,"axis":"x","origin":[8,20.25579,0.37497]},"faces":{"north":{"uv":[5.25,7.875,5.625,7.5],"texture":"#0"},"east":{"uv":[6.25,3.875,7,3.5],"texture":"#0"},"south":{"uv":[4.75,7.875,5.125,7.5],"texture":"#0"},"west":{"uv":[4,6.625,4.75,6.25],"texture":"#0"},"up":{"uv":[7,6.625,6.25,6.25],"rotation":90,"texture":"#0"},"down":{"uv":[7,5.75,6.25,6.125],"rotation":270,"texture":"#0"}}},{"from":[7.43,21.17629,1.43591],"to":[8.57,22.31629,4.99591],"rotation":{"angle":0,"axis":"z","origin":[8,21.74629,2.71591]},"faces":{"north":{"uv":[7.75,4,8,3.75],"texture":"#0"},"east":{"uv":[6.75,0.75,7.625,0.5],"texture":"#0"},"south":{"uv":[3.75,8,4,7.75],"texture":"#0"},"west":{"uv":[0.75,7,1.625,6.75],"texture":"#0"},"up":{"uv":[7.625,1.25,6.75,1],"rotation":90,"texture":"#0"},"down":{"uv":[7.625,0.75,6.75,1],"rotation":270,"texture":"#0"}}},{"from":[7.43,21.14525,4.51085],"to":[8.57,22.28525,7.07085],"rotation":{"angle":45,"axis":"x","origin":[8,21.71525,4.79085]},"faces":{"north":{"uv":[7.75,3.75,8,3.5],"texture":"#0"},"east":{"uv":[7,3,7.625,2.75],"texture":"#0"},"south":{"uv":[3.5,8,3.75,7.75],"texture":"#0"},"west":{"uv":[7,3.75,7.625,3.5],"texture":"#0"},"up":{"uv":[7.625,4.5,7,4.25],"rotation":90,"texture":"#0"},"down":{"uv":[7.625,3.75,7,4],"rotation":270,"texture":"#0"}}},{"from":[7.33,-6,7.33],"to":[8.67,-4.66,8.67],"rotation":{"angle":0,"axis":"y","origin":[8,0.7,8]},"faces":{"north":{"uv":[6.25,7,6.625,7.375],"texture":"#0"},"east":{"uv":[5,2,5.375,2.375],"texture":"#0"},"south":{"uv":[7,4.5,7.375,4.875],"texture":"#0"},"west":{"uv":[7,5.75,7.375,6.125],"texture":"#0"},"up":{"uv":[7.375,6.625,7,6.25],"rotation":90,"texture":"#0"},"down":{"uv":[7.125,7,6.75,7.375],"rotation":270,"texture":"#0"}}},{"from":[7.33,3.3,7.33],"to":[8.67,4.64,8.67],"rotation":{"angle":0,"axis":"y","origin":[8,10,8]},"faces":{"north":{"uv":[6.25,7,6.625,7.375],"texture":"#0"},"east":{"uv":[5,2,5.375,2.375],"texture":"#0"},"south":{"uv":[7,4.5,7.375,4.875],"texture":"#0"},"west":{"uv":[7,5.75,7.375,6.125],"texture":"#0"},"up":{"uv":[7.375,6.625,7,6.25],"rotation":90,"texture":"#0"},"down":{"uv":[7.125,7,6.75,7.375],"rotation":270,"texture":"#0"}}},{"from":[7.33,12.3,7.33],"to":[8.67,13.64,8.67],"rotation":{"angle":0,"axis":"y","origin":[8,19,8]},"faces":{"north":{"uv":[6.25,7,6.625,7.375],"texture":"#0"},"east":{"uv":[5,2,5.375,2.375],"texture":"#0"},"south":{"uv":[7,4.5,7.375,4.875],"texture":"#0"},"west":{"uv":[7,5.75,7.375,6.125],"texture":"#0"},"up":{"uv":[7.375,6.625,7,6.25],"rotation":90,"texture":"#0"},"down":{"uv":[7.125,7,6.75,7.375],"rotation":270,"texture":"#0"}}},{"from":[7.75,19.5,1.61612],"to":[8.25,20,5.61612],"rotation":{"angle":45,"axis":"x","origin":[8,19.75,4.11612]},"faces":{"north":{"uv":[6.75,8.125,6.875,8],"texture":"#0"},"east":{"uv":[7.25,4.125,8.25,4],"texture":"#0"},"south":{"uv":[6.5,8.125,6.625,8],"texture":"#0"},"west":{"uv":[7.5,5.625,8.5,5.5],"texture":"#0"},"up":{"uv":[8.5,6.125,7.5,6],"rotation":90,"texture":"#0"},"down":{"uv":[8.5,5.75,7.5,5.875],"rotation":270,"texture":"#0"}}},{"from":[7.75,19.5,10.38388],"to":[8.25,20,14.38388],"rotation":{"angle":-45,"axis":"x","origin":[8,19.75,11.88388]},"faces":{"north":{"uv":[7,8.125,7.125,8],"texture":"#0"},"east":{"uv":[6.25,7.625,7.25,7.5],"texture":"#0"},"south":{"uv":[8,6.875,8.125,6.75],"texture":"#0"},"west":{"uv":[7.5,6.375,8.5,6.25],"texture":"#0"},"up":{"uv":[8.25,7.625,7.25,7.5],"rotation":90,"texture":"#0"},"down":{"uv":[8.5,6.5,7.5,6.625],"rotation":270,"texture":"#0"}}},{"from":[7.75,16.62951,10.59545],"to":[8.25,17.12951,11.59545],"rotation":{"angle":0,"axis":"z","origin":[8,14.97915,12.69945]},"faces":{"north":{"uv":[1.25,8.375,1.375,8.25],"texture":"#0"},"east":{"uv":[5.5,8.125,5.75,8],"texture":"#0"},"south":{"uv":[1,8.375,1.125,8.25],"texture":"#0"},"west":{"uv":[5.75,8.125,6,8],"texture":"#0"},"up":{"uv":[6.5,8.125,6.25,8],"rotation":90,"texture":"#0"},"down":{"uv":[6.25,8,6,8.125],"rotation":270,"texture":"#0"}}},{"from":[7.75,10.28033,12.93934],"to":[8.25,17.28033,13.43934],"rotation":{"angle":-45,"axis":"x","origin":[8,14.97915,12.69945]},"faces":{"north":{"uv":[4.25,8.5,4.375,6.75],"texture":"#0"},"east":{"uv":[2.5,8.5,2.625,6.75],"texture":"#0"},"south":{"uv":[2.75,8.5,2.875,6.75],"texture":"#0"},"west":{"uv":[4,8.5,4.125,6.75],"texture":"#0"},"up":{"uv":[0.625,8.375,0.5,8.25],"rotation":90,"texture":"#0"},"down":{"uv":[8.125,8,8,8.125],"rotation":270,"texture":"#0"}}},{"from":[7.75,18.51256,5],"to":[8.25,19.01256,11],"rotation":{"angle":0,"axis":"z","origin":[8,18.76256,6.5]},"faces":{"north":{"uv":[7.25,8.125,7.375,8],"texture":"#0"},"east":{"uv":[6.25,6.875,7.75,6.75],"texture":"#0"},"south":{"uv":[8,7.125,8.125,7],"texture":"#0"},"west":{"uv":[7,1.375,8.5,1.25],"texture":"#0"},"up":{"uv":[8.5,1.875,7,1.75],"rotation":90,"texture":"#0"},"down":{"uv":[8.5,1.5,7,1.625],"rotation":270,"texture":"#0"}}},{"from":[7.36,17.948,6.72],"to":[8.64,20.508,9.28],"rotation":{"angle":45,"axis":"x","origin":[8,19.228,8]},"faces":{"north":{"uv":[6.5,4.875,6.875,4.25],"texture":"#0"},"east":{"uv":[5.75,4.875,6.375,4.25],"texture":"#0"},"south":{"uv":[4,5.375,4.375,4.75],"texture":"#0"},"west":{"uv":[5.75,5.625,6.375,5],"texture":"#0"},"up":{"uv":[0.625,7.125,0,6.75],"rotation":90,"texture":"#0"},"down":{"uv":[7.125,5,6.5,5.375],"rotation":270,"texture":"#0"}}},{"from":[7.36,16.848,12.22],"to":[8.64,19.408,14.78],"rotation":{"angle":-45,"axis":"x","origin":[8,18.128,13.5]},"faces":{"north":{"uv":[6.5,4.875,6.875,4.25],"texture":"#0"},"east":{"uv":[5.75,4.875,6.375,4.25],"texture":"#0"},"south":{"uv":[4,5.375,4.375,4.75],"texture":"#0"},"west":{"uv":[5.75,5.625,6.375,5],"texture":"#0"},"up":{"uv":[0.625,7.125,0,6.75],"rotation":90,"texture":"#0"},"down":{"uv":[7.125,5,6.5,5.375],"rotation":270,"texture":"#0"}}},{"from":[7.5,-6.8,7.5],"to":[8.5,-5.8,8.5],"rotation":{"angle":45,"axis":"x","origin":[8,-6.3,8]},"faces":{"north":{"uv":[7.25,7.75,7.5,8],"rotation":180,"texture":"#0"},"east":{"uv":[7.75,7,8,7.25],"rotation":180,"texture":"#0"},"south":{"uv":[7.5,7.75,7.75,8],"rotation":180,"texture":"#0"},"west":{"uv":[7.75,7.25,8,7.5],"rotation":180,"texture":"#0"},"up":{"uv":[0.75,8,0.5,8.25],"rotation":270,"texture":"#0"},"down":{"uv":[8,8,7.75,7.75],"rotation":90,"texture":"#0"}}},{"from":[8,8.7,11],"to":[8,18.7,13],"rotation":{"angle":-45,"axis":"x","origin":[8,14.97915,12.69945]},"faces":{"east":{"uv":[3.5,7.25,4,4.75],"texture":"#0"},"west":{"uv":[4,7.25,3.5,4.75],"texture":"#0"}}},{"from":[7.5,20.4,12.2],"to":[8.5,21.4,19.2],"rotation":{"angle":-45,"axis":"x","origin":[8,20.9,15.7]},"faces":{"north":{"uv":[2.5,8,3,8.5],"texture":"#1"},"east":{"uv":[7,1.5,10.5,2],"texture":"#1"},"south":{"uv":[2,8,2.5,8.5],"texture":"#1"},"west":{"uv":[7,2,10.5,2.5],"texture":"#1"},"up":{"uv":[10.5,3,7,2.5],"rotation":90,"texture":"#1"},"down":{"uv":[10.5,3,7,3.5],"rotation":270,"texture":"#1"}}},{"from":[7.5,14.6,12.2],"to":[8.5,15.6,19.2],"rotation":{"angle":45,"axis":"x","origin":[8,15.1,15.7]},"faces":{"north":{"uv":[0.5,8,1,8.5],"texture":"#1"},"east":{"uv":[0,7,3.5,7.5],"texture":"#1"},"south":{"uv":[0,8,0.5,8.5],"texture":"#1"},"west":{"uv":[7,0,10.5,0.5],"texture":"#1"},"up":{"uv":[10.5,1,7,0.5],"rotation":90,"texture":"#1"},"down":{"uv":[10.5,1,7,1.5],"rotation":270,"texture":"#1"}}},{"from":[7.5,22.72843,17.82132],"to":[8.5,23.72843,20.82132],"rotation":{"angle":0,"axis":"z","origin":[8,23.22843,21.32132]},"faces":{"north":{"uv":[8,5,8.5,5.5],"texture":"#1"},"east":{"uv":[0,7.5,1.5,8],"texture":"#1"},"south":{"uv":[8,4.5,8.5,5],"texture":"#1"},"west":{"uv":[1.5,7.5,3,8],"texture":"#1"},"up":{"uv":[9,4,7.5,3.5],"rotation":90,"texture":"#1"},"down":{"uv":[9,4,7.5,4.5],"rotation":270,"texture":"#1"}}},{"from":[7.5,8.97868,17.52843],"to":[8.5,12.97868,18.52843],"rotation":{"angle":0,"axis":"z","origin":[8,9.47868,18.02843]},"faces":{"north":{"uv":[6.5,7,7,9],"texture":"#1"},"east":{"uv":[5,7,5.5,9],"texture":"#1"},"south":{"uv":[5.5,7,6,9],"texture":"#1"},"west":{"uv":[6,7,6.5,9],"texture":"#1"},"up":{"uv":[1.5,8.5,1,8],"rotation":90,"texture":"#1"},"down":{"uv":[2,8,1.5,8.5],"rotation":270,"texture":"#1"}}},{"from":[7.75,11.17868,20.12843],"to":[8.25,23.17868,20.62843],"rotation":{"angle":0,"axis":"z","origin":[7.75,11.67868,20.12843]},"faces":{"north":{"uv":[4.5,7,4.75,13],"texture":"#1"},"east":{"uv":[3.5,7,3.75,13],"texture":"#1"},"south":{"uv":[7,3.5,7.25,9.5],"texture":"#1"},"west":{"uv":[4,7,4.25,13],"texture":"#1"},"up":{"uv":[8.25,6.75,8,6.5],"rotation":90,"texture":"#1"},"down":{"uv":[8.25,7,8,7.25],"rotation":270,"texture":"#1"}}},{"from":[7.75,9.55736,17.8],"to":[8.25,12.55736,18.3],"rotation":{"angle":45,"axis":"x","origin":[7.75,9.05736,17.8]},"faces":{"north":{"uv":[7.5,7.5,7.75,9],"texture":"#1"},"east":{"uv":[3,7.5,3.25,9],"texture":"#1"},"south":{"uv":[7.5,4.5,7.75,6],"texture":"#1"},"west":{"uv":[7.5,6,7.75,7.5],"texture":"#1"},"up":{"uv":[8.25,5.75,8,5.5],"rotation":90,"texture":"#1"},"down":{"uv":[8.25,6,8,6.25],"rotation":270,"texture":"#1"}}},{"from":[8,9,14],"to":[8,23,21],"rotation":{"angle":0,"axis":"y","origin":[8,10,15]},"faces":{"north":{"uv":[0,0,0,7],"texture":"#1"},"east":{"uv":[7,0,3.5,7],"texture":"#1"},"south":{"uv":[0,0,0,7],"texture":"#1"},"west":{"uv":[3.5,0,7,7],"texture":"#1"},"up":{"uv":[3.5,0,0,0],"rotation":90,"texture":"#1"},"down":{"uv":[3.5,0,0,0],"rotation":270,"texture":"#1"}}},{"from":[7.75,11.17868,-4.62843],"to":[8.25,23.17868,-4.12843],"rotation":{"angle":0,"axis":"z","origin":[7.75,11.67868,-4.12843]},"faces":{"north":{"uv":[7.25,3.5,7,9.5],"texture":"#1"},"east":{"uv":[3.75,7,3.5,13],"texture":"#1"},"south":{"uv":[4.75,7,4.5,13],"texture":"#1"},"west":{"uv":[4.25,7,4,13],"texture":"#1"},"up":{"uv":[8,6.75,8.25,6.5],"rotation":90,"texture":"#1"},"down":{"uv":[8,7,8.25,7.25],"rotation":270,"texture":"#1"}}},{"from":[7.75,9.55736,-2.3],"to":[8.25,12.55736,-1.8],"rotation":{"angle":-45,"axis":"x","origin":[7.75,9.05736,-1.8]},"faces":{"north":{"uv":[7.75,4.5,7.5,6],"texture":"#1"},"east":{"uv":[3.25,7.5,3,9],"texture":"#1"},"south":{"uv":[7.75,7.5,7.5,9],"texture":"#1"},"west":{"uv":[7.75,6,7.5,7.5],"texture":"#1"},"up":{"uv":[8,5.75,8.25,5.5],"rotation":90,"texture":"#1"},"down":{"uv":[8,6,8.25,6.25],"rotation":270,"texture":"#1"}}},{"from":[7.5,8.97868,-2.52843],"to":[8.5,12.97868,-1.52843],"rotation":{"angle":0,"axis":"z","origin":[8,9.47868,-2.02843]},"faces":{"north":{"uv":[6,7,5.5,9],"texture":"#1"},"east":{"uv":[5.5,7,5,9],"texture":"#1"},"south":{"uv":[7,7,6.5,9],"texture":"#1"},"west":{"uv":[6.5,7,6,9],"texture":"#1"},"up":{"uv":[1,8.5,1.5,8],"rotation":90,"texture":"#1"},"down":{"uv":[1.5,8,2,8.5],"rotation":270,"texture":"#1"}}},{"from":[7.5,14.6,-3.2],"to":[8.5,15.6,3.8],"rotation":{"angle":-45,"axis":"x","origin":[8,15.1,0.3]},"faces":{"north":{"uv":[0.5,8,0,8.5],"texture":"#1"},"east":{"uv":[3.5,7,0,7.5],"texture":"#1"},"south":{"uv":[1,8,0.5,8.5],"texture":"#1"},"west":{"uv":[10.5,0,7,0.5],"texture":"#1"},"up":{"uv":[7,1,10.5,0.5],"rotation":90,"texture":"#1"},"down":{"uv":[7,1,10.5,1.5],"rotation":270,"texture":"#1"}}},{"from":[7.36,16.848,1.22],"to":[8.64,19.408,3.78],"rotation":{"angle":45,"axis":"x","origin":[8,18.128,2.5]},"faces":{"north":{"uv":[4.375,5.375,4,4.75],"texture":"#0"},"east":{"uv":[6.375,4.875,5.75,4.25],"texture":"#0"},"south":{"uv":[6.875,4.875,6.5,4.25],"texture":"#0"},"west":{"uv":[6.375,5.625,5.75,5],"texture":"#0"},"up":{"uv":[0,7.125,0.625,6.75],"rotation":90,"texture":"#0"},"down":{"uv":[6.5,5,7.125,5.375],"rotation":270,"texture":"#0"}}},{"from":[7.5,20.4,-3.2],"to":[8.5,21.4,3.8],"rotation":{"angle":45,"axis":"x","origin":[8,20.9,0.3]},"faces":{"north":{"uv":[2.5,8,2,8.5],"texture":"#1"},"east":{"uv":[10.5,1.5,7,2],"texture":"#1"},"south":{"uv":[3,8,2.5,8.5],"texture":"#1"},"west":{"uv":[10.5,2,7,2.5],"texture":"#1"},"up":{"uv":[7,3,10.5,2.5],"rotation":90,"texture":"#1"},"down":{"uv":[7,3,10.5,3.5],"rotation":270,"texture":"#1"}}},{"from":[7.5,22.72843,-4.82132],"to":[8.5,23.72843,-1.82132],"rotation":{"angle":0,"axis":"z","origin":[8,23.22843,-5.32132]},"faces":{"north":{"uv":[8.5,4.5,8,5],"texture":"#1"},"east":{"uv":[1.5,7.5,0,8],"texture":"#1"},"south":{"uv":[8.5,5,8,5.5],"texture":"#1"},"west":{"uv":[3,7.5,1.5,8],"texture":"#1"},"up":{"uv":[7.5,4,9,3.5],"rotation":90,"texture":"#1"},"down":{"uv":[7.5,4,9,4.5],"rotation":270,"texture":"#1"}}},{"from":[8,9,-5],"to":[8,23,2],"rotation":{"angle":0,"axis":"y","origin":[8,10,1]},"faces":{"north":{"uv":[0,0,0,7],"texture":"#1"},"east":{"uv":[3.5,0,7,7],"texture":"#1"},"south":{"uv":[0,0,0,7],"texture":"#1"},"west":{"uv":[7,0,3.5,7],"texture":"#1"},"up":{"uv":[0,0,3.5,0],"rotation":90,"texture":"#1"},"down":{"uv":[0,0,3.5,0],"rotation":270,"texture":"#1"}}},{"from":[7.75,10.28033,2.56066],"to":[8.25,17.28033,3.06066],"rotation":{"angle":45,"axis":"x","origin":[8,14.97915,3.30055]},"faces":{"north":{"uv":[2.875,8.5,2.75,6.75],"texture":"#0"},"east":{"uv":[2.625,8.5,2.5,6.75],"texture":"#0"},"south":{"uv":[4.375,8.5,4.25,6.75],"texture":"#0"},"west":{"uv":[4.125,8.5,4,6.75],"texture":"#0"},"up":{"uv":[0.5,8.375,0.625,8.25],"rotation":90,"texture":"#0"},"down":{"uv":[8,8,8.125,8.125],"rotation":270,"texture":"#0"}}},{"from":[8,8.7,3],"to":[8,18.7,5],"rotation":{"angle":45,"axis":"x","origin":[8,14.97915,3.30055]},"faces":{"east":{"uv":[4,7.25,3.5,4.75],"texture":"#0"},"west":{"uv":[3.5,7.25,4,4.75],"texture":"#0"}}},{"from":[7.75,16.62951,4.40455],"to":[8.25,17.12951,5.40455],"rotation":{"angle":0,"axis":"z","origin":[8,14.97915,3.30055]},"faces":{"north":{"uv":[1.125,8.375,1,8.25],"texture":"#0"},"east":{"uv":[5.75,8.125,5.5,8],"texture":"#0"},"south":{"uv":[1.375,8.375,1.25,8.25],"texture":"#0"},"west":{"uv":[6,8.125,5.75,8],"texture":"#0"},"up":{"uv":[6.25,8.125,6.5,8],"rotation":90,"texture":"#0"},"down":{"uv":[6,8,6.25,8.125],"rotation":270,"texture":"#0"}}}],"gui_light":"front","display":{"thirdperson_righthand":{"translation":[0,4.25,1.5],"scale":[0.8,0.8,0.8]},"thirdperson_lefthand":{"translation":[0,4.5,1.5],"scale":[0.8,0.8,0.8]},"firstperson_righthand":{"rotation":[-18.46,-16.64,-3.64],"translation":[4.75,0,0]},"firstperson_lefthand":{"rotation":[-18.46,-16.64,-3.64],"translation":[4.75,0,0]},"ground":{"rotation":[60,0,0],"translation":[0,1,0],"scale":[0.5,0.5,0.5]},"gui":{"rotation":[90,-136,90],"translation":[-2.25,-1.5,0],"scale":[0.6,0.6,0.6]},"head":{"scale":[0,0,0]},"fixed":{"rotation":[90,-45,90],"translation":[2.25,-2.5,-1.75],"scale":[1.63555,1.63555,1.63555]}}}