{"credit":"MadewithBlockbench","texture_size":[64,64],"textures":{"0":"crystalset:crystalset/crystal","1":"crystalset:crystalset/crystal_wing","particle":"crystalset:crystalset/crystal"},"elements":[{"from":[22.49,20.79,7.55451],"to":[30.49,21.79,8.55451],"rotation":{"angle":0,"axis":"z","origin":[29.9,21.29,8]},"faces":{"north":{"uv":[5,5.5,5.25,7.5],"rotation":90,"texture":"#0"},"east":{"uv":[1.25,7.75,1,8],"rotation":90,"texture":"#0"},"south":{"uv":[5.5,4.25,5.75,6.25],"rotation":270,"texture":"#0"},"west":{"uv":[5.75,7.5,5.5,7.25],"rotation":90,"texture":"#0"},"up":{"uv":[5.25,5.5,5.5,7.5],"rotation":270,"texture":"#0"},"down":{"uv":[4.75,5.5,5,7.5],"rotation":270,"texture":"#0"}}},{"from":[15.535,16.135,7.5],"to":[23.535,17.135,8.5],"rotation":{"angle":45,"axis":"z","origin":[17.2,16.635,8]},"faces":{"north":{"uv":[8.625,5.5,8.875,7.5],"rotation":90,"texture":"#0"},"east":{"uv":[1.25,7.75,1,8],"rotation":90,"texture":"#0"},"south":{"uv":[8.625,5.5,8.875,7.5],"rotation":270,"texture":"#0"},"west":{"uv":[5.75,7.5,5.5,7.25],"rotation":90,"texture":"#0"},"up":{"uv":[8.625,5.5,8.875,7.5],"rotation":270,"texture":"#0"},"down":{"uv":[8.625,5.5,8.875,7.5],"rotation":270,"texture":"#0"}}},{"from":[6,10.7,7.46818],"to":[10,14.7,8.46818],"rotation":{"angle":0,"axis":"y","origin":[9.5,20,7.96818]},"faces":{"north":{"uv":[5,2,6,1],"texture":"#0"},"east":{"uv":[6.5,3,6.75,2],"texture":"#0"},"south":{"uv":[5,1,6,0],"texture":"#0"},"west":{"uv":[5.5,7.25,5.75,6.25],"texture":"#0"},"up":{"uv":[7.5,3.25,6.5,3],"rotation":180,"texture":"#0"},"down":{"uv":[7.25,4,6.25,4.25],"rotation":180,"texture":"#0"}}},{"from":[6,7.7,7.71818],"to":[10,10.7,8.21818],"rotation":{"angle":0,"axis":"y","origin":[8,8.7,7.71818]},"faces":{"north":{"uv":[5.5,3.5,6.5,2.75],"texture":"#0"},"east":{"uv":[1.5,8,1.625,7.25],"texture":"#0"},"south":{"uv":[5.5,2.75,6.5,2],"texture":"#0"},"west":{"uv":[0.5,8,0.625,7.25],"texture":"#0"},"up":{"uv":[8.75,0.375,7.75,0.25],"rotation":180,"texture":"#0"},"down":{"uv":[8.75,0,7.75,0.125],"rotation":180,"texture":"#0"}}},{"from":[6.56792,6.56792,7.61016],"to":[9.43208,9.43208,8.3262],"rotation":{"angle":45,"axis":"z","origin":[8,8,7.96818]},"faces":{"north":{"uv":[4,6.25,4.75,5.5],"texture":"#0"},"east":{"uv":[0.25,8.5,0.375,7.75],"texture":"#0"},"south":{"uv":[5.5,4.25,6.25,3.5],"texture":"#0"},"west":{"uv":[0,8.5,0.125,7.75],"texture":"#0"},"up":{"uv":[8.5,2.625,7.75,2.5],"rotation":180,"texture":"#0"},"down":{"uv":[8.5,2.25,7.75,2.375],"rotation":180,"texture":"#0"}}},{"from":[6.56066,7.34645,7.71818],"to":[7.56066,8.34645,8.21818],"rotation":{"angle":45,"axis":"z","origin":[7.06066,7.34645,7.96818]},"faces":{"north":{"uv":[7.75,5.25,8,5],"texture":"#0"},"east":{"uv":[1.25,8.25,1.375,8],"texture":"#0"},"south":{"uv":[7.75,4.5,8,4.25],"texture":"#0"},"west":{"uv":[1,8.25,1.125,8],"texture":"#0"},"up":{"uv":[8.25,2.875,8,2.75],"rotation":180,"texture":"#0"},"down":{"uv":[1.75,8,1.5,8.125],"rotation":180,"texture":"#0"}}},{"from":[8.43934,7.34645,7.71818],"to":[9.43934,8.34645,8.21818],"rotation":{"angle":-45,"axis":"z","origin":[8.93934,7.34645,7.96818]},"faces":{"north":{"uv":[6.25,8,6.5,7.75],"texture":"#0"},"east":{"uv":[8,3.25,8.125,3],"texture":"#0"},"south":{"uv":[7.75,5.5,8,5.25],"texture":"#0"},"west":{"uv":[3,8.25,3.125,8],"texture":"#0"},"up":{"uv":[8.25,3.375,8,3.25],"rotation":180,"texture":"#0"},"down":{"uv":[3.5,8,3.25,8.125],"rotation":180,"texture":"#0"}}},{"from":[4.51085,14.14525,7.39818],"to":[7.07085,15.28525,8.53818],"rotation":{"angle":-45,"axis":"z","origin":[4.79085,14.71525,7.96818]},"faces":{"north":{"uv":[7,2.25,7.625,2],"texture":"#0"},"east":{"uv":[7.75,3,8,2.75],"texture":"#0"},"south":{"uv":[1,7.25,1.625,7],"texture":"#0"},"west":{"uv":[1.25,8,1.5,7.75],"texture":"#0"},"up":{"uv":[7.625,2.75,7,2.5],"rotation":180,"texture":"#0"},"down":{"uv":[7.625,2.25,7,2.5],"rotation":180,"texture":"#0"}}},{"from":[1.43591,14.17629,7.39818],"to":[4.99591,15.31629,8.53818],"rotation":{"angle":0,"axis":"z","origin":[2.71591,14.74629,7.96818]},"faces":{"north":{"uv":[6.5,5.75,7.375,5.5],"texture":"#0"},"east":{"uv":[3.25,8,3.5,7.75],"texture":"#0"},"south":{"uv":[6.5,3.5,7.375,3.25],"texture":"#0"},"west":{"uv":[3,8,3.25,7.75],"texture":"#0"},"up":{"uv":[7.625,0.5,6.75,0.25],"rotation":180,"texture":"#0"},"down":{"uv":[7.625,0,6.75,0.25],"rotation":180,"texture":"#0"}}},{"from":[-0.59223,12.54899,7.26138],"to":[2.58217,13.96259,8.67498],"rotation":{"angle":45,"axis":"z","origin":[0.37497,13.25579,7.96818]},"faces":{"north":{"uv":[6,0.875,6.75,0.5],"texture":"#0"},"east":{"uv":[7.5,4.875,7.875,4.5],"texture":"#0"},"south":{"uv":[6,0.375,6.75,0],"texture":"#0"},"west":{"uv":[7.5,3.375,7.875,3],"texture":"#0"},"up":{"uv":[6.75,1.875,6,1.5],"rotation":180,"texture":"#0"},"down":{"uv":[6.75,1,6,1.375],"rotation":180,"texture":"#0"}}},{"from":[13.41783,12.54899,7.26138],"to":[16.59223,13.96259,8.67498],"rotation":{"angle":-45,"axis":"z","origin":[15.62503,13.25579,7.96818]},"faces":{"north":{"uv":[4,6.625,4.75,6.25],"texture":"#0"},"east":{"uv":[5.25,7.875,5.625,7.5],"texture":"#0"},"south":{"uv":[6.25,3.875,7,3.5],"texture":"#0"},"west":{"uv":[4.75,7.875,5.125,7.5],"texture":"#0"},"up":{"uv":[7,6.625,6.25,6.25],"rotation":180,"texture":"#0"},"down":{"uv":[7,5.75,6.25,6.125],"rotation":180,"texture":"#0"}}},{"from":[11.00409,14.17629,7.39818],"to":[14.56409,15.31629,8.53818],"rotation":{"angle":0,"axis":"z","origin":[13.28409,14.74629,7.96818]},"faces":{"north":{"uv":[0.75,7,1.625,6.75],"texture":"#0"},"east":{"uv":[7.75,4,8,3.75],"texture":"#0"},"south":{"uv":[6.75,0.75,7.625,0.5],"texture":"#0"},"west":{"uv":[3.75,8,4,7.75],"texture":"#0"},"up":{"uv":[7.625,1.25,6.75,1],"rotation":180,"texture":"#0"},"down":{"uv":[7.625,0.75,6.75,1],"rotation":180,"texture":"#0"}}},{"from":[8.92915,14.14525,7.39818],"to":[11.48915,15.28525,8.53818],"rotation":{"angle":45,"axis":"z","origin":[11.20915,14.71525,7.96818]},"faces":{"north":{"uv":[7,3.75,7.625,3.5],"texture":"#0"},"east":{"uv":[7.75,3.75,8,3.5],"texture":"#0"},"south":{"uv":[7,3,7.625,2.75],"texture":"#0"},"west":{"uv":[3.5,8,3.75,7.75],"texture":"#0"},"up":{"uv":[7.625,4.5,7,4.25],"rotation":180,"texture":"#0"},"down":{"uv":[7.625,3.75,7,4],"rotation":180,"texture":"#0"}}},{"from":[30.45,20.62,7.38451],"to":[31.79,21.96,8.72451],"rotation":{"angle":0,"axis":"z","origin":[29.9,21.29,8]},"faces":{"north":{"uv":[7,5.75,7.375,6.125],"rotation":90,"texture":"#0"},"east":{"uv":[7.125,7,6.75,7.375],"rotation":90,"texture":"#0"},"south":{"uv":[5,2,5.375,2.375],"rotation":270,"texture":"#0"},"west":{"uv":[7.375,6.625,7,6.25],"rotation":90,"texture":"#0"},"up":{"uv":[6.25,7,6.625,7.375],"rotation":270,"texture":"#0"},"down":{"uv":[7,4.5,7.375,4.875],"rotation":270,"texture":"#0"}}},{"from":[21.23,20.6,7.33],"to":[22.57,21.94,8.67],"rotation":{"angle":0,"axis":"y","origin":[21.9,27.3,8]},"faces":{"north":{"uv":[7,5.75,7.375,6.125],"texture":"#0"},"east":{"uv":[6.25,7,6.625,7.375],"texture":"#0"},"south":{"uv":[5,2,5.375,2.375],"texture":"#0"},"west":{"uv":[7,4.5,7.375,4.875],"texture":"#0"},"up":{"uv":[7.375,6.625,7,6.25],"rotation":180,"texture":"#0"},"down":{"uv":[7.125,7,6.75,7.375],"rotation":180,"texture":"#0"}}},{"from":[14.195,15.965,7.33],"to":[15.535,17.305,8.67],"rotation":{"angle":45,"axis":"z","origin":[17.2,16.635,8]},"faces":{"north":{"uv":[7,5.75,7.375,6.125],"rotation":90,"texture":"#0"},"east":{"uv":[7.125,7,6.75,7.375],"rotation":90,"texture":"#0"},"south":{"uv":[5,2,5.375,2.375],"rotation":270,"texture":"#0"},"west":{"uv":[7.375,6.625,7,6.25],"rotation":90,"texture":"#0"},"up":{"uv":[6.25,7,6.625,7.375],"rotation":270,"texture":"#0"},"down":{"uv":[7,4.5,7.375,4.875],"rotation":270,"texture":"#0"}}},{"from":[10.38388,12.5,7.71818],"to":[14.38388,13,8.21818],"rotation":{"angle":45,"axis":"z","origin":[11.88388,12.75,7.96818]},"faces":{"north":{"uv":[7.5,5.625,8.5,5.5],"texture":"#0"},"east":{"uv":[6.75,8.125,6.875,8],"texture":"#0"},"south":{"uv":[7.25,4.125,8.25,4],"texture":"#0"},"west":{"uv":[6.5,8.125,6.625,8],"texture":"#0"},"up":{"uv":[8.5,6.125,7.5,6],"rotation":180,"texture":"#0"},"down":{"uv":[8.5,5.75,7.5,5.875],"rotation":180,"texture":"#0"}}},{"from":[1.61612,12.5,7.71818],"to":[5.61612,13,8.21818],"rotation":{"angle":-45,"axis":"z","origin":[4.11612,12.75,7.96818]},"faces":{"north":{"uv":[7.5,6.375,8.5,6.25],"texture":"#0"},"east":{"uv":[7,8.125,7.125,8],"texture":"#0"},"south":{"uv":[6.25,7.625,7.25,7.5],"texture":"#0"},"west":{"uv":[8,6.875,8.125,6.75],"texture":"#0"},"up":{"uv":[8.25,7.625,7.25,7.5],"rotation":180,"texture":"#0"},"down":{"uv":[8.5,6.5,7.5,6.625],"rotation":180,"texture":"#0"}}},{"from":[5,11.51256,7.71818],"to":[11,12.01256,8.21818],"rotation":{"angle":0,"axis":"z","origin":[9.5,11.76256,7.96818]},"faces":{"north":{"uv":[7,1.375,8.5,1.25],"texture":"#0"},"east":{"uv":[7.25,8.125,7.375,8],"texture":"#0"},"south":{"uv":[6.25,6.875,7.75,6.75],"texture":"#0"},"west":{"uv":[8,7.125,8.125,7],"texture":"#0"},"up":{"uv":[8.5,1.875,7,1.75],"rotation":180,"texture":"#0"},"down":{"uv":[8.5,1.5,7,1.625],"rotation":180,"texture":"#0"}}},{"from":[6.72,10.948,7.32818],"to":[9.28,13.508,8.60818],"rotation":{"angle":45,"axis":"z","origin":[8,12.228,7.96818]},"faces":{"north":{"uv":[5.75,5.625,6.375,5],"texture":"#0"},"east":{"uv":[6.5,4.875,6.875,4.25],"texture":"#0"},"south":{"uv":[5.75,4.875,6.375,4.25],"texture":"#0"},"west":{"uv":[4,5.375,4.375,4.75],"texture":"#0"},"up":{"uv":[0.625,7.125,0,6.75],"rotation":180,"texture":"#0"},"down":{"uv":[7.125,5,6.5,5.375],"rotation":180,"texture":"#0"}}},{"from":[30.94856,22.33856,7.39098],"to":[31.94856,23.33856,8.39098],"rotation":{"angle":-45,"axis":"z","origin":[29.9,21.29,8]},"faces":{"north":{"uv":[7.75,7.25,8,7.5],"texture":"#0"},"east":{"uv":[7.5,7.75,7.75,8],"texture":"#0"},"south":{"uv":[7.75,7,8,7.25],"texture":"#0"},"west":{"uv":[7.25,7.75,7.5,8],"texture":"#0"},"up":{"uv":[8,8,7.75,7.75],"rotation":180,"texture":"#0"},"down":{"uv":[0.75,8,0.5,8.25],"rotation":180,"texture":"#0"}}},{"from":[0.465,15.965,7.33],"to":[1.805,17.305,8.67],"rotation":{"angle":-45,"axis":"z","origin":[-1.2,16.635,8]},"faces":{"north":{"uv":[7,6.125,7.375,5.75],"rotation":90,"texture":"#0"},"east":{"uv":[7.375,6.25,7,6.625],"rotation":90,"texture":"#0"},"south":{"uv":[5,2.375,5.375,2],"rotation":270,"texture":"#0"},"west":{"uv":[7.125,7.375,6.75,7],"rotation":90,"texture":"#0"},"up":{"uv":[6.25,7.375,6.625,7],"rotation":270,"texture":"#0"},"down":{"uv":[7,4.875,7.375,4.5],"rotation":270,"texture":"#0"}}},{"from":[-7.535,16.135,7.5],"to":[0.465,17.135,8.5],"rotation":{"angle":-45,"axis":"z","origin":[-1.2,16.635,8]},"faces":{"north":{"uv":[8.625,7.5,8.875,5.5],"rotation":90,"texture":"#0"},"east":{"uv":[5.75,7.25,5.5,7.5],"rotation":90,"texture":"#0"},"south":{"uv":[8.625,7.5,8.875,5.5],"rotation":270,"texture":"#0"},"west":{"uv":[1.25,8,1,7.75],"rotation":90,"texture":"#0"},"up":{"uv":[8.625,7.5,8.875,5.5],"rotation":270,"texture":"#0"},"down":{"uv":[8.625,7.5,8.875,5.5],"rotation":270,"texture":"#0"}}},{"from":[-6.57,20.6,7.33],"to":[-5.23,21.94,8.67],"rotation":{"angle":0,"axis":"y","origin":[-5.9,27.3,8]},"faces":{"north":{"uv":[7.375,5.75,7,6.125],"texture":"#0"},"east":{"uv":[7.375,4.5,7,4.875],"texture":"#0"},"south":{"uv":[5.375,2,5,2.375],"texture":"#0"},"west":{"uv":[6.625,7,6.25,7.375],"texture":"#0"},"up":{"uv":[7,6.625,7.375,6.25],"rotation":180,"texture":"#0"},"down":{"uv":[6.75,7,7.125,7.375],"rotation":180,"texture":"#0"}}},{"from":[-14.49,20.79,7.55451],"to":[-6.49,21.79,8.55451],"rotation":{"angle":0,"axis":"z","origin":[-13.9,21.29,8]},"faces":{"north":{"uv":[5,7.5,5.25,5.5],"rotation":90,"texture":"#0"},"east":{"uv":[5.75,7.25,5.5,7.5],"rotation":90,"texture":"#0"},"south":{"uv":[5.5,6.25,5.75,4.25],"rotation":270,"texture":"#0"},"west":{"uv":[1.25,8,1,7.75],"rotation":90,"texture":"#0"},"up":{"uv":[5.25,7.5,5.5,5.5],"rotation":270,"texture":"#0"},"down":{"uv":[4.75,7.5,5,5.5],"rotation":270,"texture":"#0"}}},{"from":[-15.79,20.62,7.38451],"to":[-14.45,21.96,8.72451],"rotation":{"angle":0,"axis":"z","origin":[-13.9,21.29,8]},"faces":{"north":{"uv":[7,6.125,7.375,5.75],"rotation":90,"texture":"#0"},"east":{"uv":[7.375,6.25,7,6.625],"rotation":90,"texture":"#0"},"south":{"uv":[5,2.375,5.375,2],"rotation":270,"texture":"#0"},"west":{"uv":[7.125,7.375,6.75,7],"rotation":90,"texture":"#0"},"up":{"uv":[6.25,7.375,6.625,7],"rotation":270,"texture":"#0"},"down":{"uv":[7,4.875,7.375,4.5],"rotation":270,"texture":"#0"}}},{"from":[-15.94856,22.33856,7.39098],"to":[-14.94856,23.33856,8.39098],"rotation":{"angle":45,"axis":"z","origin":[-13.9,21.29,8]},"faces":{"north":{"uv":[8,7.25,7.75,7.5],"texture":"#0"},"east":{"uv":[7.5,7.75,7.25,8],"texture":"#0"},"south":{"uv":[8,7,7.75,7.25],"texture":"#0"},"west":{"uv":[7.75,7.75,7.5,8],"texture":"#0"},"up":{"uv":[7.75,8,8,7.75],"rotation":180,"texture":"#0"},"down":{"uv":[0.5,8,0.75,8.25],"rotation":180,"texture":"#0"}}},{"from":[4.95091,16.07515,7.71818],"to":[5.45091,17.07515,8.21818],"rotation":{"angle":0,"axis":"x","origin":[3.30055,18.17915,7.96818]},"faces":{"north":{"uv":[5.75,8.125,6,8],"rotation":270,"texture":"#0"},"east":{"uv":[6.5,8.125,6.25,8],"rotation":270,"texture":"#0"},"south":{"uv":[5.5,8.125,5.75,8],"rotation":90,"texture":"#0"},"west":{"uv":[6.25,8,6,8.125],"rotation":270,"texture":"#0"},"up":{"uv":[1,8.375,1.125,8.25],"rotation":90,"texture":"#0"},"down":{"uv":[1.25,8.375,1.375,8.25],"rotation":90,"texture":"#0"}}},{"from":[3.54044,15.87797,7.71818],"to":[4.04044,22.87797,8.21818],"rotation":{"angle":45,"axis":"z","origin":[3.30055,18.17915,7.96818]},"faces":{"north":{"uv":[4,8.5,4.125,6.75],"rotation":180,"texture":"#0"},"east":{"uv":[2.75,8.5,2.875,6.75],"rotation":180,"texture":"#0"},"south":{"uv":[2.5,8.5,2.625,6.75],"rotation":180,"texture":"#0"},"west":{"uv":[4.25,8.5,4.375,6.75],"rotation":180,"texture":"#0"},"up":{"uv":[8.125,8,8,8.125],"texture":"#0"},"down":{"uv":[0.625,8.375,0.5,8.25],"texture":"#0"}}},{"from":[1.6011,14.4583,7.96818],"to":[3.6011,24.4583,7.96818],"rotation":{"angle":45,"axis":"z","origin":[3.30055,18.17915,7.96818]},"faces":{"north":{"uv":[4,7.25,3.5,4.75],"rotation":180,"texture":"#0"},"south":{"uv":[3.5,7.25,4,4.75],"rotation":180,"texture":"#0"}}},{"from":[12.3989,14.4583,7.96818],"to":[14.3989,24.4583,7.96818],"rotation":{"angle":-45,"axis":"z","origin":[12.69945,18.17915,7.96818]},"faces":{"north":{"uv":[3.5,7.25,4,4.75],"rotation":180,"texture":"#0"},"south":{"uv":[4,7.25,3.5,4.75],"rotation":180,"texture":"#0"}}},{"from":[10.54909,16.07515,7.71818],"to":[11.04909,17.07515,8.21818],"rotation":{"angle":0,"axis":"x","origin":[12.69945,18.17915,7.96818]},"faces":{"north":{"uv":[5.75,8,6,8.125],"rotation":270,"texture":"#0"},"east":{"uv":[6.25,8.125,6,8],"rotation":270,"texture":"#0"},"south":{"uv":[5.5,8,5.75,8.125],"rotation":90,"texture":"#0"},"west":{"uv":[6.5,8,6.25,8.125],"rotation":270,"texture":"#0"},"up":{"uv":[1,8.25,1.125,8.375],"rotation":90,"texture":"#0"},"down":{"uv":[1.25,8.25,1.375,8.375],"rotation":90,"texture":"#0"}}},{"from":[11.95956,15.87797,7.71818],"to":[12.45956,22.87797,8.21818],"rotation":{"angle":-45,"axis":"z","origin":[12.69945,18.17915,7.96818]},"faces":{"north":{"uv":[4.125,8.5,4,6.75],"rotation":180,"texture":"#0"},"east":{"uv":[4.375,8.5,4.25,6.75],"rotation":180,"texture":"#0"},"south":{"uv":[2.625,8.5,2.5,6.75],"rotation":180,"texture":"#0"},"west":{"uv":[2.875,8.5,2.75,6.75],"rotation":180,"texture":"#0"},"up":{"uv":[8,8,8.125,8.125],"texture":"#0"},"down":{"uv":[0.5,8.375,0.625,8.25],"texture":"#0"}}},{"from":[9.75,18.27797,11.22829],"to":[10.25,25.27797,11.72829],"rotation":{"angle":45,"axis":"x","origin":[10,20.57915,11.96818]},"faces":{"north":{"uv":[2.875,8.5,2.75,6.75],"rotation":180,"texture":"#0"},"east":{"uv":[4.125,8.5,4,6.75],"rotation":180,"texture":"#0"},"south":{"uv":[4.375,8.5,4.25,6.75],"rotation":180,"texture":"#0"},"west":{"uv":[2.625,8.5,2.5,6.75],"rotation":180,"texture":"#0"},"up":{"uv":[8,8,8.125,8.125],"rotation":90,"texture":"#0"},"down":{"uv":[0.5,8.375,0.625,8.25],"rotation":270,"texture":"#0"}}},{"from":[9.75,18.47515,9.81782],"to":[10.25,19.47515,10.31782],"rotation":{"angle":0,"axis":"x","origin":[10,20.57915,11.96818]},"faces":{"north":{"uv":[6.5,8,6.25,8.125],"rotation":270,"texture":"#0"},"east":{"uv":[5.75,8,6,8.125],"rotation":270,"texture":"#0"},"south":{"uv":[6.25,8.125,6,8],"rotation":270,"texture":"#0"},"west":{"uv":[5.5,8,5.75,8.125],"rotation":90,"texture":"#0"},"up":{"uv":[1,8.25,1.125,8.375],"rotation":180,"texture":"#0"},"down":{"uv":[1.25,8.25,1.375,8.375],"texture":"#0"}}},{"from":[10,16.8583,11.66763],"to":[10,26.8583,13.66763],"rotation":{"angle":45,"axis":"x","origin":[10,20.57915,11.96818]},"faces":{"east":{"uv":[3.5,7.25,4,4.75],"rotation":180,"texture":"#0"},"west":{"uv":[4,7.25,3.5,4.75],"rotation":180,"texture":"#0"}}},{"from":[5.75,18.27797,11.22829],"to":[6.25,25.27797,11.72829],"rotation":{"angle":45,"axis":"x","origin":[6,20.57915,11.96818]},"faces":{"north":{"uv":[2.875,8.5,2.75,6.75],"rotation":180,"texture":"#0"},"east":{"uv":[4.125,8.5,4,6.75],"rotation":180,"texture":"#0"},"south":{"uv":[4.375,8.5,4.25,6.75],"rotation":180,"texture":"#0"},"west":{"uv":[2.625,8.5,2.5,6.75],"rotation":180,"texture":"#0"},"up":{"uv":[8,8,8.125,8.125],"rotation":90,"texture":"#0"},"down":{"uv":[0.5,8.375,0.625,8.25],"rotation":270,"texture":"#0"}}},{"from":[5.75,18.47515,9.81782],"to":[6.25,19.47515,10.31782],"rotation":{"angle":0,"axis":"x","origin":[6,20.57915,11.96818]},"faces":{"north":{"uv":[6.5,8,6.25,8.125],"rotation":270,"texture":"#0"},"east":{"uv":[5.75,8,6,8.125],"rotation":270,"texture":"#0"},"south":{"uv":[6.25,8.125,6,8],"rotation":270,"texture":"#0"},"west":{"uv":[5.5,8,5.75,8.125],"rotation":90,"texture":"#0"},"up":{"uv":[1,8.25,1.125,8.375],"rotation":180,"texture":"#0"},"down":{"uv":[1.25,8.25,1.375,8.375],"texture":"#0"}}},{"from":[6,16.8583,11.66763],"to":[6,26.8583,13.66763],"rotation":{"angle":45,"axis":"x","origin":[6,20.57915,11.96818]},"faces":{"east":{"uv":[3.5,7.25,4,4.75],"rotation":180,"texture":"#0"},"west":{"uv":[4,7.25,3.5,4.75],"rotation":180,"texture":"#0"}}},{"from":[10,4,8],"to":[32,21,8],"rotation":{"angle":0,"axis":"y","origin":[12,5,8]},"faces":{"north":{"uv":[0,0,5.5,4.25],"texture":"#1"},"east":{"uv":[0,0,0,4.25],"texture":"#1"},"south":{"uv":[5.5,0,0,4.25],"texture":"#1"},"west":{"uv":[0,0,0,4.25],"texture":"#1"},"up":{"uv":[5.5,0,0,0],"texture":"#1"},"down":{"uv":[5.5,0,0,0],"texture":"#1"}}},{"from":[-16,4,8],"to":[6,21,8],"rotation":{"angle":0,"axis":"y","origin":[4,5,8]},"faces":{"north":{"uv":[5.5,0,0,4.25],"texture":"#1"},"east":{"uv":[0,0,0,4.25],"texture":"#1"},"south":{"uv":[0,0,5.5,4.25],"texture":"#1"},"west":{"uv":[0,0,0,4.25],"texture":"#1"},"up":{"uv":[0,0,5.5,0],"texture":"#1"},"down":{"uv":[0,0,5.5,0],"texture":"#1"}}},{"from":[12,-7,9.2],"to":[12,18,17.2],"rotation":{"angle":22.5,"axis":"y","origin":[12,5.5,13.2]},"faces":{"north":{"uv":[0,0,0,6.25],"texture":"#1"},"east":{"uv":[5.5,0,7.5,6.25],"texture":"#1"},"south":{"uv":[0,0,0,6.25],"texture":"#1"},"west":{"uv":[7.5,0,5.5,6.25],"texture":"#1"},"up":{"uv":[2,0,0,0],"rotation":90,"texture":"#1"},"down":{"uv":[2,0,0,0],"rotation":270,"texture":"#1"}}},{"from":[4,-7,9.2],"to":[4,18,17.2],"rotation":{"angle":-22.5,"axis":"y","origin":[4,5.5,13.2]},"faces":{"north":{"uv":[0,0,0,6.25],"texture":"#1"},"east":{"uv":[5.5,0,7.5,6.25],"texture":"#1"},"south":{"uv":[0,0,0,6.25],"texture":"#1"},"west":{"uv":[7.5,0,5.5,6.25],"texture":"#1"},"up":{"uv":[2,0,0,0],"rotation":90,"texture":"#1"},"down":{"uv":[2,0,0,0],"rotation":270,"texture":"#1"}}}],"gui_light":"front","display":{"thirdperson_righthand":{"rotation":[0,-180,0],"translation":[0,-3,-0.25],"scale":[0.3,0.3,0.3]},"thirdperson_lefthand":{"rotation":[69,0,0],"translation":[-6,-8,5.25],"scale":[0.8,0.8,0.8]},"firstperson_righthand":{"translation":[6.75,-5,-5.75],"scale":[0.85742,0.85742,0.85742]},"firstperson_lefthand":{"translation":[0,-7.75,0],"scale":[0,0,0]},"ground":{"rotation":[-60,0,0],"translation":[0,-3,-0.75],"scale":[0.5,0.5,0.5]},"gui":{"rotation":[0,-180,0],"translation":[-0.25,-1.25,0],"scale":[0.3418,0.3418,0.3418]},"head":{"scale":[0,0,0]},"fixed":{"translation":[0.5,-4,-1.5],"scale":[1.39922,1.39922,1.39922]}}}