{"credit":"MadewithBlockbench","texture_size":[32,32],"textures":{"0":"crystalset:crystalset/crystal","1":"crystalset:crystalset/crystal_sickle","particle":"crystalset:crystalset/crystal"},"elements":[{"from":[7.5,-4.7,7.5],"to":[8.5,3.3,8.5],"rotation":{"angle":0,"axis":"y","origin":[8,-1,8]},"faces":{"north":{"uv":[5.25,5.5,5.5,7.5],"texture":"#0"},"east":{"uv":[5.5,4.25,5.75,6.25],"texture":"#0"},"south":{"uv":[4.75,5.5,5,7.5],"texture":"#0"},"west":{"uv":[5,5.5,5.25,7.5],"texture":"#0"},"up":{"uv":[5.75,7.5,5.5,7.25],"rotation":90,"texture":"#0"},"down":{"uv":[1.25,7.75,1,8],"rotation":270,"texture":"#0"}}},{"from":[7.5,4.3,7.5],"to":[8.5,12.3,8.5],"rotation":{"angle":0,"axis":"y","origin":[8,8,8]},"faces":{"north":{"uv":[8.625,5.5,8.875,7.5],"texture":"#0"},"east":{"uv":[8.625,5.5,8.875,7.5],"texture":"#0"},"south":{"uv":[8.625,5.5,8.875,7.5],"texture":"#0"},"west":{"uv":[8.625,5.5,8.875,7.5],"texture":"#0"},"up":{"uv":[5.75,7.5,5.5,7.25],"rotation":90,"texture":"#0"},"down":{"uv":[1.25,7.75,1,8],"rotation":270,"texture":"#0"}}},{"from":[7.5,17.7,6],"to":[8.5,21.7,10],"rotation":{"angle":0,"axis":"y","origin":[8,27,6.5]},"faces":{"north":{"uv":[6.5,3,6.75,2],"texture":"#0"},"east":{"uv":[5,1,6,0],"texture":"#0"},"south":{"uv":[5.5,7.25,5.75,6.25],"texture":"#0"},"west":{"uv":[5,2,6,1],"texture":"#0"},"up":{"uv":[7.5,3.25,6.5,3],"rotation":90,"texture":"#0"},"down":{"uv":[7.25,4,6.25,4.25],"rotation":270,"texture":"#0"}}},{"from":[7.75,14.7,6],"to":[8.25,17.7,10],"rotation":{"angle":0,"axis":"y","origin":[7.75,15.7,8]},"faces":{"north":{"uv":[1.5,8,1.625,7.25],"texture":"#0"},"east":{"uv":[5.5,2.75,6.5,2],"texture":"#0"},"south":{"uv":[0.5,8,0.625,7.25],"texture":"#0"},"west":{"uv":[5.5,3.5,6.5,2.75],"texture":"#0"},"up":{"uv":[8.75,0.375,7.75,0.25],"rotation":90,"texture":"#0"},"down":{"uv":[8.75,0,7.75,0.125],"rotation":270,"texture":"#0"}}},{"from":[7.64198,13.56792,6.56792],"to":[8.35802,16.43208,9.43208],"rotation":{"angle":45,"axis":"x","origin":[8,15,8]},"faces":{"north":{"uv":[0.25,8.5,0.375,7.75],"texture":"#0"},"east":{"uv":[5.5,4.25,6.25,3.5],"texture":"#0"},"south":{"uv":[0,8.5,0.125,7.75],"texture":"#0"},"west":{"uv":[4,6.25,4.75,5.5],"texture":"#0"},"up":{"uv":[8.5,2.625,7.75,2.5],"rotation":90,"texture":"#0"},"down":{"uv":[8.5,2.25,7.75,2.375],"rotation":270,"texture":"#0"}}},{"from":[7.75,14.34645,8.43934],"to":[8.25,15.34645,9.43934],"rotation":{"angle":45,"axis":"x","origin":[8,14.34645,8.93934]},"faces":{"north":{"uv":[1.25,8.25,1.375,8],"texture":"#0"},"east":{"uv":[7.75,4.5,8,4.25],"texture":"#0"},"south":{"uv":[1,8.25,1.125,8],"texture":"#0"},"west":{"uv":[7.75,5.25,8,5],"texture":"#0"},"up":{"uv":[8.25,2.875,8,2.75],"rotation":90,"texture":"#0"},"down":{"uv":[1.75,8,1.5,8.125],"rotation":270,"texture":"#0"}}},{"from":[7.75,14.34645,6.56066],"to":[8.25,15.34645,7.56066],"rotation":{"angle":-45,"axis":"x","origin":[8,14.34645,7.06066]},"faces":{"north":{"uv":[8,3.25,8.125,3],"texture":"#0"},"east":{"uv":[7.75,5.5,8,5.25],"texture":"#0"},"south":{"uv":[3,8.25,3.125,8],"texture":"#0"},"west":{"uv":[6.25,8,6.5,7.75],"texture":"#0"},"up":{"uv":[8.25,3.375,8,3.25],"rotation":90,"texture":"#0"},"down":{"uv":[3.5,8,3.25,8.125],"rotation":270,"texture":"#0"}}},{"from":[7.43,21.14525,8.92915],"to":[8.57,22.28525,11.48915],"rotation":{"angle":-45,"axis":"x","origin":[8,21.71525,11.20915]},"faces":{"north":{"uv":[7.75,3,8,2.75],"texture":"#0"},"east":{"uv":[1,7.25,1.625,7],"texture":"#0"},"south":{"uv":[1.25,8,1.5,7.75],"texture":"#0"},"west":{"uv":[7,2.25,7.625,2],"texture":"#0"},"up":{"uv":[7.625,2.75,7,2.5],"rotation":90,"texture":"#0"},"down":{"uv":[7.625,2.25,7,2.5],"rotation":270,"texture":"#0"}}},{"from":[7.43,21.17629,11.00409],"to":[8.57,22.31629,14.56409],"rotation":{"angle":0,"axis":"z","origin":[8,21.74629,13.28409]},"faces":{"north":{"uv":[3.25,8,3.5,7.75],"texture":"#0"},"east":{"uv":[6.5,3.5,7.375,3.25],"texture":"#0"},"south":{"uv":[3,8,3.25,7.75],"texture":"#0"},"west":{"uv":[6.5,5.75,7.375,5.5],"texture":"#0"},"up":{"uv":[7.625,0.5,6.75,0.25],"rotation":90,"texture":"#0"},"down":{"uv":[7.625,0,6.75,0.25],"rotation":270,"texture":"#0"}}},{"from":[7.2932,19.54899,13.41783],"to":[8.7068,20.96259,16.59223],"rotation":{"angle":45,"axis":"x","origin":[8,20.25579,15.62503]},"faces":{"north":{"uv":[7.5,4.875,7.875,4.5],"texture":"#0"},"east":{"uv":[6,0.375,6.75,0],"texture":"#0"},"south":{"uv":[7.5,3.375,7.875,3],"texture":"#0"},"west":{"uv":[6,0.875,6.75,0.5],"texture":"#0"},"up":{"uv":[6.75,1.875,6,1.5],"rotation":90,"texture":"#0"},"down":{"uv":[6.75,1,6,1.375],"rotation":270,"texture":"#0"}}},{"from":[7.2932,19.54899,-0.59223],"to":[8.7068,20.96259,2.58217],"rotation":{"angle":-45,"axis":"x","origin":[8,20.25579,0.37497]},"faces":{"north":{"uv":[5.25,7.875,5.625,7.5],"texture":"#0"},"east":{"uv":[6.25,3.875,7,3.5],"texture":"#0"},"south":{"uv":[4.75,7.875,5.125,7.5],"texture":"#0"},"west":{"uv":[4,6.625,4.75,6.25],"texture":"#0"},"up":{"uv":[7,6.625,6.25,6.25],"rotation":90,"texture":"#0"},"down":{"uv":[7,5.75,6.25,6.125],"rotation":270,"texture":"#0"}}},{"from":[7.43,21.17629,1.43591],"to":[8.57,22.31629,4.99591],"rotation":{"angle":0,"axis":"z","origin":[8,21.74629,2.71591]},"faces":{"north":{"uv":[7.75,4,8,3.75],"texture":"#0"},"east":{"uv":[6.75,0.75,7.625,0.5],"texture":"#0"},"south":{"uv":[3.75,8,4,7.75],"texture":"#0"},"west":{"uv":[0.75,7,1.625,6.75],"texture":"#0"},"up":{"uv":[7.625,1.25,6.75,1],"rotation":90,"texture":"#0"},"down":{"uv":[7.625,0.75,6.75,1],"rotation":270,"texture":"#0"}}},{"from":[7.43,21.14525,4.51085],"to":[8.57,22.28525,7.07085],"rotation":{"angle":45,"axis":"x","origin":[8,21.71525,4.79085]},"faces":{"north":{"uv":[7.75,3.75,8,3.5],"texture":"#0"},"east":{"uv":[7,3,7.625,2.75],"texture":"#0"},"south":{"uv":[3.5,8,3.75,7.75],"texture":"#0"},"west":{"uv":[7,3.75,7.625,3.5],"texture":"#0"},"up":{"uv":[7.625,4.5,7,4.25],"rotation":90,"texture":"#0"},"down":{"uv":[7.625,3.75,7,4],"rotation":270,"texture":"#0"}}},{"from":[7.33,-6,7.33],"to":[8.67,-4.66,8.67],"rotation":{"angle":0,"axis":"y","origin":[8,0.7,8]},"faces":{"north":{"uv":[6.25,7,6.625,7.375],"texture":"#0"},"east":{"uv":[5,2,5.375,2.375],"texture":"#0"},"south":{"uv":[7,4.5,7.375,4.875],"texture":"#0"},"west":{"uv":[7,5.75,7.375,6.125],"texture":"#0"},"up":{"uv":[7.375,6.625,7,6.25],"rotation":90,"texture":"#0"},"down":{"uv":[7.125,7,6.75,7.375],"rotation":270,"texture":"#0"}}},{"from":[7.33,3.3,7.33],"to":[8.67,4.64,8.67],"rotation":{"angle":0,"axis":"y","origin":[8,10,8]},"faces":{"north":{"uv":[6.25,7,6.625,7.375],"texture":"#0"},"east":{"uv":[5,2,5.375,2.375],"texture":"#0"},"south":{"uv":[7,4.5,7.375,4.875],"texture":"#0"},"west":{"uv":[7,5.75,7.375,6.125],"texture":"#0"},"up":{"uv":[7.375,6.625,7,6.25],"rotation":90,"texture":"#0"},"down":{"uv":[7.125,7,6.75,7.375],"rotation":270,"texture":"#0"}}},{"from":[7.33,12.3,7.33],"to":[8.67,13.64,8.67],"rotation":{"angle":0,"axis":"y","origin":[8,19,8]},"faces":{"north":{"uv":[6.25,7,6.625,7.375],"texture":"#0"},"east":{"uv":[5,2,5.375,2.375],"texture":"#0"},"south":{"uv":[7,4.5,7.375,4.875],"texture":"#0"},"west":{"uv":[7,5.75,7.375,6.125],"texture":"#0"},"up":{"uv":[7.375,6.625,7,6.25],"rotation":90,"texture":"#0"},"down":{"uv":[7.125,7,6.75,7.375],"rotation":270,"texture":"#0"}}},{"from":[7.75,19.5,1.61612],"to":[8.25,20,5.61612],"rotation":{"angle":45,"axis":"x","origin":[8,19.75,4.11612]},"faces":{"north":{"uv":[6.75,8.125,6.875,8],"texture":"#0"},"east":{"uv":[7.25,4.125,8.25,4],"texture":"#0"},"south":{"uv":[6.5,8.125,6.625,8],"texture":"#0"},"west":{"uv":[7.5,5.625,8.5,5.5],"texture":"#0"},"up":{"uv":[8.5,6.125,7.5,6],"rotation":90,"texture":"#0"},"down":{"uv":[8.5,5.75,7.5,5.875],"rotation":270,"texture":"#0"}}},{"from":[7.75,19.5,10.38388],"to":[8.25,20,14.38388],"rotation":{"angle":-45,"axis":"x","origin":[8,19.75,11.88388]},"faces":{"north":{"uv":[7,8.125,7.125,8],"texture":"#0"},"east":{"uv":[6.25,7.625,7.25,7.5],"texture":"#0"},"south":{"uv":[8,6.875,8.125,6.75],"texture":"#0"},"west":{"uv":[7.5,6.375,8.5,6.25],"texture":"#0"},"up":{"uv":[8.25,7.625,7.25,7.5],"rotation":90,"texture":"#0"},"down":{"uv":[8.5,6.5,7.5,6.625],"rotation":270,"texture":"#0"}}},{"from":[7.75,22.87515,7.54909],"to":[8.25,23.87515,8.04909],"rotation":{"angle":0,"axis":"x","origin":[8,24.97915,9.69945]},"faces":{"north":{"uv":[6.5,8.125,6.25,8],"rotation":270,"texture":"#0"},"east":{"uv":[5.5,8.125,5.75,8],"rotation":90,"texture":"#0"},"south":{"uv":[6.25,8,6,8.125],"rotation":270,"texture":"#0"},"west":{"uv":[5.75,8.125,6,8],"rotation":270,"texture":"#0"},"up":{"uv":[1,8.375,1.125,8.25],"texture":"#0"},"down":{"uv":[1.25,8.375,1.375,8.25],"rotation":180,"texture":"#0"}}},{"from":[7.75,22.67797,8.95956],"to":[8.25,29.67797,9.45956],"rotation":{"angle":45,"axis":"x","origin":[8,24.97915,9.69945]},"faces":{"north":{"uv":[2.75,8.5,2.875,6.75],"rotation":180,"texture":"#0"},"east":{"uv":[2.5,8.5,2.625,6.75],"rotation":180,"texture":"#0"},"south":{"uv":[4.25,8.5,4.375,6.75],"rotation":180,"texture":"#0"},"west":{"uv":[4,8.5,4.125,6.75],"rotation":180,"texture":"#0"},"up":{"uv":[8.125,8,8,8.125],"rotation":270,"texture":"#0"},"down":{"uv":[0.625,8.375,0.5,8.25],"rotation":90,"texture":"#0"}}},{"from":[7.75,18.51256,5],"to":[8.25,19.01256,11],"rotation":{"angle":0,"axis":"z","origin":[8,18.76256,6.5]},"faces":{"north":{"uv":[7.25,8.125,7.375,8],"texture":"#0"},"east":{"uv":[6.25,6.875,7.75,6.75],"texture":"#0"},"south":{"uv":[8,7.125,8.125,7],"texture":"#0"},"west":{"uv":[7,1.375,8.5,1.25],"texture":"#0"},"up":{"uv":[8.5,1.875,7,1.75],"rotation":90,"texture":"#0"},"down":{"uv":[8.5,1.5,7,1.625],"rotation":270,"texture":"#0"}}},{"from":[7.36,17.948,6.72],"to":[8.64,20.508,9.28],"rotation":{"angle":45,"axis":"x","origin":[8,19.228,8]},"faces":{"north":{"uv":[6.5,4.875,6.875,4.25],"texture":"#0"},"east":{"uv":[5.75,4.875,6.375,4.25],"texture":"#0"},"south":{"uv":[4,5.375,4.375,4.75],"texture":"#0"},"west":{"uv":[5.75,5.625,6.375,5],"texture":"#0"},"up":{"uv":[0.625,7.125,0,6.75],"rotation":90,"texture":"#0"},"down":{"uv":[7.125,5,6.5,5.375],"rotation":270,"texture":"#0"}}},{"from":[7.36,17.048,1.22],"to":[8.64,19.608,3.78],"rotation":{"angle":45,"axis":"x","origin":[8,18.328,2.5]},"faces":{"north":{"uv":[4.375,5.375,4,4.75],"texture":"#0"},"east":{"uv":[6.375,4.875,5.75,4.25],"texture":"#0"},"south":{"uv":[6.875,4.875,6.5,4.25],"texture":"#0"},"west":{"uv":[6.375,5.625,5.75,5],"texture":"#0"},"up":{"uv":[0,7.125,0.625,6.75],"rotation":90,"texture":"#0"},"down":{"uv":[6.5,5,7.125,5.375],"rotation":270,"texture":"#0"}}},{"from":[7.5,-6.8,7.5],"to":[8.5,-5.8,8.5],"rotation":{"angle":45,"axis":"x","origin":[8,-6.3,8]},"faces":{"north":{"uv":[7.25,7.75,7.5,8],"rotation":180,"texture":"#0"},"east":{"uv":[7.75,7,8,7.25],"rotation":180,"texture":"#0"},"south":{"uv":[7.5,7.75,7.75,8],"rotation":180,"texture":"#0"},"west":{"uv":[7.75,7.25,8,7.5],"rotation":180,"texture":"#0"},"up":{"uv":[0.75,8,0.5,8.25],"rotation":270,"texture":"#0"},"down":{"uv":[8,8,7.75,7.75],"rotation":90,"texture":"#0"}}},{"from":[8,21.2583,9.3989],"to":[8,31.2583,11.3989],"rotation":{"angle":45,"axis":"x","origin":[8,24.97915,9.69945]},"faces":{"east":{"uv":[3.5,7.25,4,4.75],"rotation":180,"texture":"#0"},"west":{"uv":[4,7.25,3.5,4.75],"rotation":180,"texture":"#0"}}},{"from":[7.75,25.21904,10.39827],"to":[8.25,25.71904,17.39827],"rotation":{"angle":-45,"axis":"x","origin":[8,24.97915,12.69945]},"faces":{"north":{"uv":[0.625,8.375,0.5,8.25],"rotation":270,"texture":"#0"},"east":{"uv":[2.5,8.5,2.625,6.75],"rotation":90,"texture":"#0"},"south":{"uv":[8.125,8,8,8.125],"rotation":270,"texture":"#0"},"west":{"uv":[4,8.5,4.125,6.75],"rotation":270,"texture":"#0"},"up":{"uv":[2.75,8.5,2.875,6.75],"texture":"#0"},"down":{"uv":[4.25,8.5,4.375,6.75],"rotation":180,"texture":"#0"}}},{"from":[8,23.2797,8.9786],"to":[8,25.2797,18.9786],"rotation":{"angle":-45,"axis":"x","origin":[8,24.97915,12.69945]},"faces":{"east":{"uv":[3.5,7.25,4,4.75],"rotation":90,"texture":"#0"},"west":{"uv":[4,7.25,3.5,4.75],"rotation":270,"texture":"#0"}}},{"from":[7.75,22.87515,10.54909],"to":[8.25,23.87515,11.04909],"rotation":{"angle":0,"axis":"x","origin":[8,24.97915,12.69945]},"faces":{"north":{"uv":[6.5,8.125,6.25,8],"rotation":270,"texture":"#0"},"east":{"uv":[5.5,8.125,5.75,8],"rotation":90,"texture":"#0"},"south":{"uv":[6.25,8,6,8.125],"rotation":270,"texture":"#0"},"west":{"uv":[5.75,8.125,6,8],"rotation":270,"texture":"#0"},"up":{"uv":[1,8.375,1.125,8.25],"texture":"#0"},"down":{"uv":[1.25,8.375,1.375,8.25],"rotation":180,"texture":"#0"}}},{"from":[7.75,18.82951,13.59545],"to":[8.25,19.32951,14.59545],"rotation":{"angle":0,"axis":"x","origin":[8,17.17915,15.69945]},"faces":{"north":{"uv":[1.25,8.375,1.375,8.25],"texture":"#0"},"east":{"uv":[5.5,8.125,5.75,8],"texture":"#0"},"south":{"uv":[1,8.375,1.125,8.25],"texture":"#0"},"west":{"uv":[5.75,8.125,6,8],"texture":"#0"},"up":{"uv":[6.5,8.125,6.25,8],"rotation":90,"texture":"#0"},"down":{"uv":[6.25,8,6,8.125],"rotation":270,"texture":"#0"}}},{"from":[7.75,12.48033,15.93934],"to":[8.25,19.48033,16.43934],"rotation":{"angle":-45,"axis":"x","origin":[8,17.17915,15.69945]},"faces":{"north":{"uv":[4.25,8.5,4.375,6.75],"texture":"#0"},"east":{"uv":[2.5,8.5,2.625,6.75],"texture":"#0"},"south":{"uv":[2.75,8.5,2.875,6.75],"texture":"#0"},"west":{"uv":[4,8.5,4.125,6.75],"texture":"#0"},"up":{"uv":[0.625,8.375,0.5,8.25],"rotation":90,"texture":"#0"},"down":{"uv":[8.125,8,8,8.125],"rotation":270,"texture":"#0"}}},{"from":[8,10.9,14],"to":[8,20.9,16],"rotation":{"angle":-45,"axis":"x","origin":[8,17.17915,15.69945]},"faces":{"east":{"uv":[3.5,7.25,4,4.75],"texture":"#0"},"west":{"uv":[4,7.25,3.5,4.75],"texture":"#0"}}},{"from":[7.5,21,-8],"to":[8.5,22,2],"rotation":{"angle":0,"axis":"y","origin":[7.5,21,1]},"faces":{"north":{"uv":[8.5,8.5,9,9],"texture":"#1"},"east":{"uv":[0,7,5,7.5],"texture":"#1"},"south":{"uv":[9,0.5,9.5,1],"texture":"#1"},"west":{"uv":[5,7,10,7.5],"texture":"#1"},"up":{"uv":[0.5,12.5,0,7.5],"texture":"#1"},"down":{"uv":[1,7.5,0.5,12.5],"texture":"#1"}}},{"from":[7.5,19.37868,-11.91421],"to":[8.5,20.37868,-6.91421],"rotation":{"angle":-45,"axis":"x","origin":[8,19.87868,-9.41421]},"faces":{"north":{"uv":[8.5,6.5,9,7],"texture":"#1"},"east":{"uv":[8,8,10.5,8.5],"texture":"#1"},"south":{"uv":[8,8.5,8.5,9],"texture":"#1"},"west":{"uv":[8.5,0,11,0.5],"texture":"#1"},"up":{"uv":[9,3,8.5,0.5],"texture":"#1"},"down":{"uv":[1.5,8.5,1,11],"texture":"#1"}}},{"from":[7.5,14.37868,2.48579],"to":[8.5,15.37868,7.48579],"rotation":{"angle":-45,"axis":"x","origin":[8,14.87868,4.58579]},"faces":{"north":{"uv":[5,8.5,5.5,9],"texture":"#1"},"east":{"uv":[1,7.5,3.5,8],"texture":"#1"},"south":{"uv":[5.5,8.5,6,9],"texture":"#1"},"west":{"uv":[3.5,7.5,6,8],"texture":"#1"},"up":{"uv":[6.5,10,6,7.5],"texture":"#1"},"down":{"uv":[7,7.5,6.5,10],"texture":"#1"}}},{"from":[7.75,14.33396,-2.20503],"to":[8.25,14.93396,3.79497],"rotation":{"angle":45,"axis":"x","origin":[7.75,14.93396,2.49497]},"faces":{"north":{"uv":[9,1,9.25,1.25],"texture":"#1"},"east":{"uv":[1.5,8.5,4.5,8.75],"texture":"#1"},"south":{"uv":[1.5,9,1.75,9.25],"texture":"#1"},"west":{"uv":[8.5,3,11.5,3.25],"texture":"#1"},"up":{"uv":[8.75,6.5,8.5,3.5],"texture":"#1"},"down":{"uv":[4.75,8.5,4.5,11.5],"texture":"#1"}}},{"from":[7.75,17.75736,-10.82843],"to":[8.25,18.25736,-0.82843],"rotation":{"angle":0,"axis":"x","origin":[8,19.00736,-3.82843]},"faces":{"north":{"uv":[9,1.5,9.25,1.75],"texture":"#1"},"east":{"uv":[7,7.5,12,7.75],"texture":"#1"},"south":{"uv":[2,9,2.25,9.25],"texture":"#1"},"west":{"uv":[1,8,6,8.25],"texture":"#1"},"up":{"uv":[7.25,13,7,8],"texture":"#1"},"down":{"uv":[7.75,8,7.5,13],"texture":"#1"}}},{"from":[8,14.1,-11],"to":[8,21.1,6],"faces":{"north":{"uv":[0,0,0,3.5],"texture":"#1"},"east":{"uv":[0,0,8.5,3.5],"texture":"#1"},"south":{"uv":[0,0,0,3.5],"texture":"#1"},"west":{"uv":[0,3.5,8.5,7],"texture":"#1"},"up":{"uv":[0,8.5,0,0],"texture":"#1"},"down":{"uv":[0,0,0,8.5],"texture":"#1"}}}],"gui_light":"front","display":{"thirdperson_righthand":{"translation":[0,4.25,1.5],"scale":[0.8,0.8,0.8]},"thirdperson_lefthand":{"translation":[0,4.5,1.5],"scale":[0.8,0.8,0.8]},"firstperson_righthand":{"rotation":[-12,0,0],"translation":[4.75,0,0]},"firstperson_lefthand":{"rotation":[-12,0,0],"translation":[4.75,0,0]},"ground":{"rotation":[60,0,0],"translation":[0,1,0],"scale":[0.5,0.5,0.5]},"gui":{"rotation":[90,-136,90],"translation":[-2.25,-1.5,0],"scale":[0.6,0.6,0.6]},"head":{"scale":[0,0,0]},"fixed":{"rotation":[90,-45,90],"translation":[2.5,-2.5,-2],"scale":[1.62969,1.62969,1.62969]}}}