{"credit":"MadewithBlockbench","texture_size":[24,24],"textures":{"1":"blaze:axe","2":"blaze:animation_2","particle":"blaze:animation_2"},"elements":[{"from":[7.4,0,7.4],"to":[8.6,1.2,8.6],"rotation":{"angle":0,"axis":"y","origin":[7.5,0,7.5]},"faces":{"north":{"uv":[11.33333,9.33333,12.16667,10.16667],"texture":"#1"},"east":{"uv":[10.66667,11.33333,11.5,12.16667],"texture":"#1"},"south":{"uv":[0,12,0.83333,12.83333],"texture":"#1"},"west":{"uv":[12,0,12.83333,0.83333],"texture":"#1"},"up":{"uv":[2.16667,12.83333,1.33333,12],"texture":"#1"},"down":{"uv":[3.5,12,2.66667,12.83333],"texture":"#1"}}},{"from":[7.4,6.2,7.4],"to":[8.6,7.4,8.6],"rotation":{"angle":0,"axis":"y","origin":[7.5,0,7.5]},"faces":{"north":{"uv":[12,2.66667,12.83333,3.5],"texture":"#1"},"east":{"uv":[12,5.33333,12.83333,6.16667],"texture":"#1"},"south":{"uv":[12,6.66667,12.83333,7.5],"texture":"#1"},"west":{"uv":[12,8,12.83333,8.83333],"texture":"#1"},"up":{"uv":[12.83333,11.5,12,10.66667],"texture":"#1"},"down":{"uv":[12.83333,12,12,12.83333],"texture":"#1"}}},{"from":[7.4,18.2,7.4],"to":[8.6,19.4,8.6],"rotation":{"angle":0,"axis":"y","origin":[7.5,12,7.5]},"faces":{"north":{"uv":[12.66667,1.33333,13.5,2.16667],"texture":"#1"},"east":{"uv":[4,12.66667,4.83333,13.5],"texture":"#1"},"south":{"uv":[12.66667,4,13.5,4.83333],"texture":"#1"},"west":{"uv":[5.33333,12.66667,6.16667,13.5],"texture":"#1"},"up":{"uv":[7.5,13.5,6.66667,12.66667],"texture":"#1"},"down":{"uv":[8.83333,12.66667,8,13.5],"texture":"#1"}}},{"from":[7.5,1.2,7.5],"to":[8.5,2.2,8.5],"rotation":{"angle":0,"axis":"y","origin":[6.9,-5.6,6.9]},"faces":{"north":{"uv":[8.66667,11.33333,9.33333,12],"texture":"#1"},"east":{"uv":[11.33333,10.66667,12,11.33333],"texture":"#1"},"south":{"uv":[8.66667,12,9.33333,12.66667],"texture":"#1"},"west":{"uv":[10,12,10.66667,12.66667],"texture":"#1"},"up":{"uv":[0.66667,14,0,13.33333],"texture":"#1"},"down":{"uv":[14,0,13.33333,0.66667],"texture":"#1"}}},{"from":[7.6,2.2,7.6],"to":[8.4,5.2,8.4],"rotation":{"angle":0,"axis":"y","origin":[6.9,-5.6,6.9]},"faces":{"north":{"uv":[9.33333,5.33333,9.83333,7.33333],"texture":"#1"},"east":{"uv":[9.33333,7.33333,9.83333,9.33333],"texture":"#1"},"south":{"uv":[8,9.33333,8.5,11.33333],"texture":"#1"},"west":{"uv":[8.66667,9.33333,9.16667,11.33333],"texture":"#1"},"up":{"uv":[13.83333,9.16667,13.33333,8.66667],"texture":"#1"},"down":{"uv":[13.83333,10.66667,13.33333,11.16667],"texture":"#1"}}},{"from":[7.5,5.2,7.5],"to":[8.5,6.2,8.5],"rotation":{"angle":0,"axis":"y","origin":[6.9,-5.8,6.9]},"faces":{"north":{"uv":[0.66667,13.33333,1.33333,14],"texture":"#1"},"east":{"uv":[13.33333,0.66667,14,1.33333],"texture":"#1"},"south":{"uv":[1.33333,13.33333,2,14],"texture":"#1"},"west":{"uv":[2,13.33333,2.66667,14],"texture":"#1"},"up":{"uv":[3.33333,14,2.66667,13.33333],"texture":"#1"},"down":{"uv":[14,2.66667,13.33333,3.33333],"texture":"#1"}}},{"from":[7.75,-0.9,6.83579],"to":[8.25,0.1,8.83579],"rotation":{"angle":-45,"axis":"x","origin":[8.25,1.6,7.83579]},"faces":{"north":{"uv":[0,14,0.33333,14.66667],"texture":"#1"},"east":{"uv":[11.33333,1.33333,12.66667,2],"texture":"#1"},"south":{"uv":[14,0,14.33333,0.66667],"texture":"#1"},"west":{"uv":[11.33333,2,12.66667,2.66667],"texture":"#1"},"up":{"uv":[3.66667,14.66667,3.33333,13.33333],"texture":"#1"},"down":{"uv":[13.66667,5.33333,13.33333,6.66667],"texture":"#1"}}},{"from":[7.75,-0.31421,4.75],"to":[8.25,0.68579,7.75],"rotation":{"angle":45,"axis":"x","origin":[8,0.18579,6.75]},"faces":{"north":{"uv":[0.66667,14,1,14.66667],"texture":"#1"},"east":{"uv":[8.66667,4,10.66667,4.66667],"texture":"#1"},"south":{"uv":[14,0.66667,14.33333,1.33333],"texture":"#1"},"west":{"uv":[8.66667,4.66667,10.66667,5.33333],"texture":"#1"},"up":{"uv":[11,14.66667,10.66667,12.66667],"texture":"#1"},"down":{"uv":[11.66667,12.66667,11.33333,14.66667],"texture":"#1"}}},{"from":[7.5,19,7],"to":[8.5,21,9],"rotation":{"angle":45,"axis":"x","origin":[8,20,8]},"faces":{"north":{"uv":[10,10.66667,10.66667,12],"texture":"#1"},"east":{"uv":[8.66667,1.33333,10,2.66667],"texture":"#1"},"south":{"uv":[11.33333,2.66667,12,4],"texture":"#1"},"west":{"uv":[8.66667,2.66667,10,4],"texture":"#1"},"up":{"uv":[4.66667,12.66667,4,11.33333],"texture":"#1"},"down":{"uv":[5.33333,11.33333,4.66667,12.66667],"texture":"#1"}}},{"from":[7.3,19.3,7.3],"to":[8.7,20.7,8.7],"rotation":{"angle":45,"axis":"x","origin":[7.3,20,8]},"faces":{"north":{"uv":[9.33333,9.33333,10.33333,10.33333],"texture":"#1"},"east":{"uv":[10,1.33333,11,2.33333],"texture":"#1"},"south":{"uv":[10,2.66667,11,3.66667],"texture":"#1"},"west":{"uv":[10,5.33333,11,6.33333],"texture":"#1"},"up":{"uv":[11,7.66667,10,6.66667],"texture":"#1"},"down":{"uv":[11,8,10,9],"texture":"#1"}}},{"from":[8,-2.75355,3.06802],"to":[8,2.24645,5.06802],"rotation":{"angle":-45,"axis":"x","origin":[7,1.24645,3.56802]},"faces":{"north":{"uv":[0,0,0,3.33333],"texture":"#1"},"east":{"uv":[6.66667,0,8,3.33333],"texture":"#1"},"south":{"uv":[0,0,0,3.33333],"texture":"#1"},"west":{"uv":[6.66667,3.33333,8,6.66667],"texture":"#1"},"up":{"uv":[0,1.33333,0,0],"texture":"#1"},"down":{"uv":[0,0,0,1.33333],"texture":"#1"}}},{"from":[8,-2.75355,10.93198],"to":[8,0.24645,11.93198],"rotation":{"angle":45,"axis":"x","origin":[7,1.24645,12.43198]},"faces":{"north":{"uv":[0,0,0,2],"texture":"#1"},"east":{"uv":[8.66667,5.33333,9.33333,7.33333],"texture":"#1"},"south":{"uv":[0,0,0,2],"texture":"#1"},"west":{"uv":[8.66667,7.33333,9.33333,9.33333],"texture":"#1"},"up":{"uv":[0,0.66667,0,0],"texture":"#1"},"down":{"uv":[0,0,0,0.66667],"texture":"#1"}}},{"from":[8,12,-2],"to":[8,23,8],"rotation":{"angle":0,"axis":"y","origin":[8,-7,0]},"faces":{"north":{"uv":[0,0,0,7.33333],"texture":"#1"},"east":{"uv":[6.66667,0,0,7.33333],"texture":"#1"},"south":{"uv":[0,0,0,7.33333],"texture":"#1"},"west":{"uv":[0,0,6.66667,7.33333],"texture":"#1"},"up":{"uv":[0,6.66667,0,0],"texture":"#1"},"down":{"uv":[0,0,0,6.66667],"texture":"#1"}}},{"from":[7.5,7.4,7.5],"to":[8.5,9.4,8.5],"rotation":{"angle":0,"axis":"y","origin":[6.9,6.8,6.9]},"faces":{"north":{"uv":[5.33333,11.33333,6,12.66667],"texture":"#1"},"east":{"uv":[11.33333,5.33333,12,6.66667],"texture":"#1"},"south":{"uv":[6,11.33333,6.66667,12.66667],"texture":"#1"},"west":{"uv":[6.66667,11.33333,7.33333,12.66667],"texture":"#1"},"up":{"uv":[14,4,13.33333,3.33333],"texture":"#1"},"down":{"uv":[14,6.66667,13.33333,7.33333],"texture":"#1"}}},{"from":[7.5,16.2,7.5],"to":[8.5,18.2,8.5],"rotation":{"angle":0,"axis":"y","origin":[6.9,15.6,6.9]},"faces":{"north":{"uv":[5.33333,11.33333,6,12.66667],"texture":"#1"},"east":{"uv":[11.33333,5.33333,12,6.66667],"texture":"#1"},"south":{"uv":[6,11.33333,6.66667,12.66667],"texture":"#1"},"west":{"uv":[6.66667,11.33333,7.33333,12.66667],"texture":"#1"},"up":{"uv":[14,4,13.33333,3.33333],"texture":"#1"},"down":{"uv":[14,6.66667,13.33333,7.33333],"texture":"#1"}}},{"from":[7.4,9.4,7.4],"to":[8.6,16.2,8.6],"rotation":{"angle":0,"axis":"y","origin":[6.9,8.8,6.9]},"faces":{"north":{"uv":[6.66667,6.66667,7.5,11.16667],"texture":"#1"},"east":{"uv":[0,7.33333,0.83333,11.83333],"texture":"#1"},"south":{"uv":[1.33333,7.33333,2.16667,11.83333],"texture":"#1"},"west":{"uv":[2.66667,7.33333,3.5,11.83333],"texture":"#1"},"up":{"uv":[10.16667,13.5,9.33333,12.66667],"texture":"#1"},"down":{"uv":[13.5,9.33333,12.66667,10.16667],"texture":"#1"}}},{"from":[7.6,19.6,1.08579],"to":[8.4,20.4,7.08579],"rotation":{"angle":0,"axis":"x","origin":[8,21,4.58579]},"faces":{"north":{"uv":[13.33333,11.33333,13.83333,11.83333],"texture":"#1"},"east":{"uv":[8,0,12,0.5],"texture":"#1"},"south":{"uv":[12,13.33333,12.5,13.83333],"texture":"#1"},"west":{"uv":[8,0.66667,12,1.16667],"texture":"#1"},"up":{"uv":[4.5,11.33333,4,7.33333],"texture":"#1"},"down":{"uv":[5.16667,7.33333,4.66667,11.33333],"texture":"#1"}}},{"from":[7.605,14.85545,-0.25206],"to":[8.395,20.85545,0.54794],"rotation":{"angle":-22.5,"axis":"x","origin":[7.98,21.85545,0.14794]},"faces":{"north":{"uv":[5.33333,7.33333,5.83333,11.33333],"texture":"#1"},"east":{"uv":[6,7.33333,6.5,11.33333],"texture":"#1"},"south":{"uv":[8,1.33333,8.5,5.33333],"texture":"#1"},"west":{"uv":[8,5.33333,8.5,9.33333],"texture":"#1"},"up":{"uv":[13.83333,12.5,13.33333,12],"texture":"#1"},"down":{"uv":[13.16667,13.33333,12.66667,13.83333],"texture":"#1"}}},{"from":[7.6175,14.82209,2.53413],"to":[8.3825,15.62209,5.53413],"rotation":{"angle":22.5,"axis":"x","origin":[7.9875,15.22209,3.53413]},"faces":{"north":{"uv":[13.33333,12.66667,13.83333,13.16667],"texture":"#1"},"east":{"uv":[10.66667,4,12.66667,4.5],"texture":"#1"},"south":{"uv":[13.33333,13.33333,13.83333,13.83333],"texture":"#1"},"west":{"uv":[10.66667,4.66667,12.66667,5.16667],"texture":"#1"},"up":{"uv":[9.83333,12.66667,9.33333,10.66667],"texture":"#1"},"down":{"uv":[11.16667,9.33333,10.66667,11.33333],"texture":"#1"}}},{"from":[8,12,8],"to":[8,23,18],"rotation":{"angle":0,"axis":"y","origin":[8,-7,16]},"faces":{"north":{"uv":[0,0,0,7.33333],"texture":"#1"},"east":{"uv":[0,0,6.66667,7.33333],"texture":"#1"},"south":{"uv":[0,0,0,7.33333],"texture":"#1"},"west":{"uv":[6.66667,0,0,7.33333],"texture":"#1"},"up":{"uv":[0,0,0,6.66667],"texture":"#1"},"down":{"uv":[0,6.66667,0,0],"texture":"#1"}}},{"from":[7.6,19.6,8.91421],"to":[8.4,20.4,14.91421],"rotation":{"angle":0,"axis":"x","origin":[8,21,11.41421]},"faces":{"north":{"uv":[12.5,13.33333,12,13.83333],"texture":"#1"},"east":{"uv":[12,0,8,0.5],"texture":"#1"},"south":{"uv":[13.83333,11.33333,13.33333,11.83333],"texture":"#1"},"west":{"uv":[12,0.66667,8,1.16667],"texture":"#1"},"up":{"uv":[4.5,7.33333,4,11.33333],"texture":"#1"},"down":{"uv":[5.16667,11.33333,4.66667,7.33333],"texture":"#1"}}},{"from":[7.605,14.85545,15.45206],"to":[8.395,20.85545,16.25206],"rotation":{"angle":22.5,"axis":"x","origin":[7.98,21.85545,15.85206]},"faces":{"north":{"uv":[8.5,1.33333,8,5.33333],"texture":"#1"},"east":{"uv":[6.5,7.33333,6,11.33333],"texture":"#1"},"south":{"uv":[5.83333,7.33333,5.33333,11.33333],"texture":"#1"},"west":{"uv":[8.5,5.33333,8,9.33333],"texture":"#1"},"up":{"uv":[13.83333,12,13.33333,12.5],"texture":"#1"},"down":{"uv":[13.16667,13.83333,12.66667,13.33333],"texture":"#1"}}},{"from":[7.6175,14.82209,10.46587],"to":[8.3825,15.62209,13.46587],"rotation":{"angle":-22.5,"axis":"x","origin":[7.9875,15.22209,12.46587]},"faces":{"north":{"uv":[13.83333,13.33333,13.33333,13.83333],"texture":"#1"},"east":{"uv":[12.66667,4,10.66667,4.5],"texture":"#1"},"south":{"uv":[13.83333,12.66667,13.33333,13.16667],"texture":"#1"},"west":{"uv":[12.66667,4.66667,10.66667,5.16667],"texture":"#1"},"up":{"uv":[9.83333,10.66667,9.33333,12.66667],"texture":"#1"},"down":{"uv":[11.16667,11.33333,10.66667,9.33333],"texture":"#1"}}},{"from":[7.45,12.7454,-0.343],"to":[7.45,23.0546,4.343],"rotation":{"angle":-22.5,"axis":"x","origin":[7.45,17.9,2]},"faces":{"north":{"uv":[7.33333,0,0,0],"rotation":270,"texture":"#2"},"east":{"uv":[13.94444,6.61111,1.94444,1],"rotation":270,"texture":"#2"},"south":{"uv":[7.33333,0,0,0],"rotation":270,"texture":"#2"},"west":{"uv":[1.94444,6.61111,13.94444,1],"rotation":90,"texture":"#2"},"up":{"uv":[0,3.33333,0,0],"rotation":180,"texture":"#2"},"down":{"uv":[0,3.33333,0,0],"texture":"#2"}}},{"from":[7.45,12.7454,11.657],"to":[7.45,23.0546,16.343],"rotation":{"angle":22.5,"axis":"x","origin":[7.45,17.9,14]},"faces":{"north":{"uv":[7.33333,0,0,0],"rotation":270,"texture":"#2"},"east":{"uv":[13.94444,1,1.94444,6.61111],"rotation":270,"texture":"#2"},"south":{"uv":[7.33333,0,0,0],"rotation":270,"texture":"#2"},"west":{"uv":[1.94444,1,13.94444,6.61111],"rotation":90,"texture":"#2"},"up":{"uv":[0,0,0,3.33333],"rotation":180,"texture":"#2"},"down":{"uv":[0,0,0,3.33333],"texture":"#2"}}},{"from":[8.55,12.7454,11.657],"to":[8.55,23.0546,16.343],"rotation":{"angle":22.5,"axis":"x","origin":[8.55,17.9,14]},"faces":{"north":{"uv":[7.33333,0,0,0],"rotation":270,"texture":"#2"},"east":{"uv":[1.94444,6.61111,13.94444,1],"rotation":90,"texture":"#2"},"south":{"uv":[7.33333,0,0,0],"rotation":270,"texture":"#2"},"west":{"uv":[13.94444,6.61111,1.94444,1],"rotation":270,"texture":"#2"},"up":{"uv":[0,0,0,3.33333],"rotation":180,"texture":"#2"},"down":{"uv":[0,0,0,3.33333],"texture":"#2"}}},{"from":[8.55,12.7454,-0.343],"to":[8.55,23.0546,4.343],"rotation":{"angle":-22.5,"axis":"x","origin":[8.55,17.9,2]},"faces":{"north":{"uv":[7.33333,0,0,0],"rotation":270,"texture":"#2"},"east":{"uv":[1.94444,1,13.94444,6.61111],"rotation":90,"texture":"#2"},"south":{"uv":[7.33333,0,0,0],"rotation":270,"texture":"#2"},"west":{"uv":[13.94444,1,1.94444,6.61111],"rotation":270,"texture":"#2"},"up":{"uv":[0,3.33333,0,0],"rotation":180,"texture":"#2"},"down":{"uv":[0,3.33333,0,0],"texture":"#2"}}}],"gui_light":"front","display":{"thirdperson_righthand":{"translation":[0,2,1.75]},"thirdperson_lefthand":{"translation":[0,2,1.75]},"firstperson_righthand":{"rotation":[-22.85,-2.71,6.44],"translation":[3,0.5,0]},"firstperson_lefthand":{"rotation":[-22.85,-2.71,6.44],"translation":[3,0.5,0]},"ground":{"rotation":[0,0,-75],"translation":[-3.5,1.75,0],"scale":[0.83008,0.83008,0.83008]},"gui":{"rotation":[90,-135,90],"translation":[-3,-3,-0.75],"scale":[0.61992,0.61992,0.61992]},"head":{"scale":[0,0,0]},"fixed":{"rotation":[-90,90,90],"translation":[0.75,-6.5,-1.75],"scale":[1.89922,1.89922,1.89922]}}}