{"credit":"MadewithBlockbench","texture_size":[28,28],"textures":{"0":"blaze:bigsword","1":"blaze:animation_2","particle":"blaze:bigsword"},"elements":[{"from":[7.4,0,7.4],"to":[8.6,1.2,8.6],"rotation":{"angle":0,"axis":"y","origin":[7.5,0,7.5]},"faces":{"north":{"uv":[11.42857,11.42857,12.14286,12.14286],"texture":"#0"},"east":{"uv":[12,0,12.71429,0.71429],"texture":"#0"},"south":{"uv":[12,1.14286,12.71429,1.85714],"texture":"#0"},"west":{"uv":[12,3.42857,12.71429,4.14286],"texture":"#0"},"up":{"uv":[12.71429,5.28571,12,4.57143],"texture":"#0"},"down":{"uv":[12.71429,5.71429,12,6.42857],"texture":"#0"}}},{"from":[7.4,6.2,7.4],"to":[8.6,7.4,8.6],"rotation":{"angle":0,"axis":"y","origin":[7.5,0,7.5]},"faces":{"north":{"uv":[11.42857,11.42857,12.14286,12.14286],"texture":"#0"},"east":{"uv":[12,0,12.71429,0.71429],"texture":"#0"},"south":{"uv":[12,1.14286,12.71429,1.85714],"texture":"#0"},"west":{"uv":[12,3.42857,12.71429,4.14286],"texture":"#0"},"up":{"uv":[12.71429,5.28571,12,4.57143],"texture":"#0"},"down":{"uv":[12.71429,5.71429,12,6.42857],"texture":"#0"}}},{"from":[7.5,1.2,7.5],"to":[8.5,2.2,8.5],"rotation":{"angle":0,"axis":"y","origin":[6.9,-5.6,6.9]},"faces":{"north":{"uv":[12,2.28571,12.57143,2.85714],"texture":"#0"},"east":{"uv":[6.85714,12,7.42857,12.57143],"texture":"#0"},"south":{"uv":[12,6.85714,12.57143,7.42857],"texture":"#0"},"west":{"uv":[12,10.85714,12.57143,11.42857],"texture":"#0"},"up":{"uv":[13.14286,8.57143,12.57143,8],"texture":"#0"},"down":{"uv":[13.71429,1.71429,13.14286,2.28571],"texture":"#0"}}},{"from":[7.6,2.2,7.6],"to":[8.4,5.2,8.4],"rotation":{"angle":0,"axis":"y","origin":[6.9,-5.6,6.9]},"faces":{"north":{"uv":[9.71429,3.42857,10.14286,5.14286],"texture":"#0"},"east":{"uv":[10.28571,3.42857,10.71429,5.14286],"texture":"#0"},"south":{"uv":[10.28571,6.28571,10.71429,8],"texture":"#0"},"west":{"uv":[10.28571,8,10.71429,9.71429],"texture":"#0"},"up":{"uv":[9,14.14286,8.57143,13.71429],"texture":"#0"},"down":{"uv":[9.57143,13.71429,9.14286,14.14286],"texture":"#0"}}},{"from":[7.5,5.2,7.5],"to":[8.5,6.2,8.5],"rotation":{"angle":0,"axis":"y","origin":[6.9,-5.8,6.9]},"faces":{"north":{"uv":[13.14286,3.42857,13.71429,4],"texture":"#0"},"east":{"uv":[13.14286,4,13.71429,4.57143],"texture":"#0"},"south":{"uv":[13.14286,4.57143,13.71429,5.14286],"texture":"#0"},"west":{"uv":[13.14286,5.14286,13.71429,5.71429],"texture":"#0"},"up":{"uv":[13.71429,6.28571,13.14286,5.71429],"texture":"#0"},"down":{"uv":[13.71429,6.28571,13.14286,6.85714],"texture":"#0"}}},{"from":[7.75,-0.9,6.83579],"to":[8.25,0.1,8.83579],"rotation":{"angle":-45,"axis":"x","origin":[8.25,1.6,7.83579]},"faces":{"north":{"uv":[13.71429,9.14286,14,9.71429],"texture":"#0"},"east":{"uv":[10.85714,2.28571,12,2.85714],"texture":"#0"},"south":{"uv":[9.71429,13.71429,10,14.28571],"texture":"#0"},"west":{"uv":[10.85714,6.85714,12,7.42857],"texture":"#0"},"up":{"uv":[7.71429,14.28571,7.42857,13.14286],"texture":"#0"},"down":{"uv":[13.42857,8,13.14286,9.14286],"texture":"#0"}}},{"from":[7.75,-0.31421,4.75],"to":[8.25,0.68579,7.75],"rotation":{"angle":45,"axis":"x","origin":[8,0.18579,6.75]},"faces":{"north":{"uv":[13.71429,9.71429,14,10.28571],"texture":"#0"},"east":{"uv":[9.14286,0,10.85714,0.57143],"texture":"#0"},"south":{"uv":[10.28571,13.71429,10.57143,14.28571],"texture":"#0"},"west":{"uv":[9.14286,0.57143,10.85714,1.14286],"texture":"#0"},"up":{"uv":[8.28571,13.71429,8,12],"texture":"#0"},"down":{"uv":[10,12,9.71429,13.71429],"texture":"#0"}}},{"from":[7.75,6.48579,2.95],"to":[8.25,7.48579,5.95],"rotation":{"angle":45,"axis":"x","origin":[8,6.98579,4.95]},"faces":{"north":{"uv":[13.71429,10.28571,14,10.85714],"texture":"#0"},"east":{"uv":[9.14286,1.14286,10.85714,1.71429],"texture":"#0"},"south":{"uv":[10.85714,13.71429,11.14286,14.28571],"texture":"#0"},"west":{"uv":[9.14286,1.71429,10.85714,2.28571],"texture":"#0"},"up":{"uv":[11.71429,14.28571,11.42857,12.57143],"texture":"#0"},"down":{"uv":[12.28571,12.57143,12,14.28571],"texture":"#0"}}},{"from":[7.75,6.48579,8.95],"to":[8.25,7.48579,11.95],"rotation":{"angle":-45,"axis":"x","origin":[8,6.98579,9.95]},"faces":{"north":{"uv":[12,14.28571,12.28571,14.85714],"texture":"#0"},"east":{"uv":[9.14286,2.28571,10.85714,2.85714],"texture":"#0"},"south":{"uv":[14.28571,12,14.57143,12.57143],"texture":"#0"},"west":{"uv":[9.71429,2.85714,11.42857,3.42857],"texture":"#0"},"up":{"uv":[12.85714,13.71429,12.57143,12],"texture":"#0"},"down":{"uv":[13.42857,0,13.14286,1.71429],"texture":"#0"}}},{"from":[7.755,20.16777,5.71777],"to":[8.245,25.16777,6.71777],"rotation":{"angle":0,"axis":"x","origin":[7.98,11.66777,6.21777]},"faces":{"north":{"uv":[9.71429,6.28571,10,9.14286],"texture":"#0"},"east":{"uv":[8,6.28571,8.57143,9.14286],"texture":"#0"},"south":{"uv":[9.71429,9.14286,10,12],"texture":"#0"},"west":{"uv":[8.57143,0,9.14286,2.85714],"texture":"#0"},"up":{"uv":[14.57143,0.57143,14.28571,0],"texture":"#0"},"down":{"uv":[14.57143,0.57143,14.28571,1.14286],"texture":"#0"}}},{"from":[7.755,16.61409,9.2533],"to":[8.245,27.28909,10.2533],"rotation":{"angle":0,"axis":"x","origin":[7.98,13.78909,5.7533]},"faces":{"north":{"uv":[7.42857,2.85714,7.71429,9],"texture":"#0"},"east":{"uv":[6.28571,0,6.85714,6.14286],"texture":"#0"},"south":{"uv":[8,0,8.28571,6.14286],"texture":"#0"},"west":{"uv":[6.28571,6.28571,6.85714,12.42857],"texture":"#0"},"up":{"uv":[14.57143,8,14.28571,7.42857],"texture":"#0"},"down":{"uv":[14.57143,8,14.28571,8.57143],"texture":"#0"}}},{"from":[7.755,10.16777,5.71777],"to":[8.245,17.16777,6.71777],"rotation":{"angle":0,"axis":"x","origin":[7.98,11.66777,6.21777]},"faces":{"north":{"uv":[9.14286,6.28571,9.42857,10.28571],"texture":"#0"},"east":{"uv":[6.85714,2.85714,7.42857,6.85714],"texture":"#0"},"south":{"uv":[7.42857,9.14286,7.71429,13.14286],"texture":"#0"},"west":{"uv":[6.85714,6.85714,7.42857,10.85714],"texture":"#0"},"up":{"uv":[14.57143,4,14.28571,3.42857],"texture":"#0"},"down":{"uv":[14.57143,4,14.28571,4.57143],"texture":"#0"}}},{"from":[7.75,8.10711,4.45],"to":[8.25,9.10711,5.45],"rotation":{"angle":45,"axis":"x","origin":[8,9.10711,4.95]},"faces":{"north":{"uv":[13.71429,10.85714,14,11.42857],"texture":"#0"},"east":{"uv":[8.57143,13.14286,9.14286,13.71429],"texture":"#0"},"south":{"uv":[13.71429,11.42857,14,12],"texture":"#0"},"west":{"uv":[13.14286,9.14286,13.71429,9.71429],"texture":"#0"},"up":{"uv":[14,12.57143,13.71429,12],"texture":"#0"},"down":{"uv":[12.85714,13.71429,12.57143,14.28571],"texture":"#0"}}},{"from":[7.75,9.81421,5.15711],"to":[8.25,10.81421,6.15711],"rotation":{"angle":45,"axis":"x","origin":[8,9.81421,5.65711]},"faces":{"north":{"uv":[13.71429,12.57143,14,13.14286],"texture":"#0"},"east":{"uv":[10.28571,13.14286,10.85714,13.71429],"texture":"#0"},"south":{"uv":[13.14286,13.71429,13.42857,14.28571],"texture":"#0"},"west":{"uv":[13.14286,12,13.71429,12.57143],"texture":"#0"},"up":{"uv":[14,13.71429,13.71429,13.14286],"texture":"#0"},"down":{"uv":[14,13.71429,13.71429,14.28571],"texture":"#0"}}},{"from":[7.75,19.81421,5.57132],"to":[8.25,20.81421,7.57132],"rotation":{"angle":45,"axis":"x","origin":[8,19.81421,6.07132]},"faces":{"north":{"uv":[14.28571,4.57143,14.57143,5.14286],"texture":"#0"},"east":{"uv":[10.85714,10.85714,12,11.42857],"texture":"#0"},"south":{"uv":[14.28571,5.14286,14.57143,5.71429],"texture":"#0"},"west":{"uv":[11.42857,2.85714,12.57143,3.42857],"texture":"#0"},"up":{"uv":[14,2.28571,13.71429,1.14286],"texture":"#0"},"down":{"uv":[14,2.28571,13.71429,3.42857],"texture":"#0"}}},{"from":[7.75,16.81421,5.57132],"to":[8.25,17.81421,6.57132],"rotation":{"angle":45,"axis":"x","origin":[8,16.81421,6.07132]},"faces":{"north":{"uv":[14.28571,5.71429,14.57143,6.28571],"texture":"#0"},"east":{"uv":[13.71429,3.42857,14.28571,4],"texture":"#0"},"south":{"uv":[6.28571,14.28571,6.57143,14.85714],"texture":"#0"},"west":{"uv":[13.71429,4,14.28571,4.57143],"texture":"#0"},"up":{"uv":[14.57143,6.85714,14.28571,6.28571],"texture":"#0"},"down":{"uv":[7.14286,14.28571,6.85714,14.85714],"texture":"#0"}}},{"from":[7.755,9.61409,9.2533],"to":[8.245,13.61409,10.2533],"rotation":{"angle":0,"axis":"x","origin":[7.98,11.11409,9.7533]},"faces":{"north":{"uv":[9.14286,11.42857,9.42857,13.71429],"texture":"#0"},"east":{"uv":[8.57143,6.28571,9.14286,8.57143],"texture":"#0"},"south":{"uv":[10.85714,11.42857,11.14286,13.71429],"texture":"#0"},"west":{"uv":[8.57143,8.57143,9.14286,10.85714],"texture":"#0"},"up":{"uv":[11.71429,14.85714,11.42857,14.28571],"texture":"#0"},"down":{"uv":[14.57143,11.42857,14.28571,12],"texture":"#0"}}},{"from":[7.75,16.26053,9.10685],"to":[8.25,17.26053,11.10685],"rotation":{"angle":45,"axis":"x","origin":[8,16.26053,9.60685]},"faces":{"north":{"uv":[10.85714,14.28571,11.14286,14.85714],"texture":"#0"},"east":{"uv":[11.42857,9.71429,12.57143,10.28571],"texture":"#0"},"south":{"uv":[14.28571,10.85714,14.57143,11.42857],"texture":"#0"},"west":{"uv":[11.42857,10.28571,12.57143,10.85714],"texture":"#0"},"up":{"uv":[8.28571,14.85714,8,13.71429],"texture":"#0"},"down":{"uv":[14,8,13.71429,9.14286],"texture":"#0"}}},{"from":[7.75,9.26053,8.69264],"to":[8.25,10.26053,9.69264],"rotation":{"angle":45,"axis":"x","origin":[8,9.26053,9.19264]},"faces":{"north":{"uv":[9.71429,14.28571,10,14.85714],"texture":"#0"},"east":{"uv":[13.71429,6.85714,14.28571,7.42857],"texture":"#0"},"south":{"uv":[14.28571,9.71429,14.57143,10.28571],"texture":"#0"},"west":{"uv":[13.71429,7.42857,14.28571,8],"texture":"#0"},"up":{"uv":[10.57143,14.85714,10.28571,14.28571],"texture":"#0"},"down":{"uv":[14.57143,10.28571,14.28571,10.85714],"texture":"#0"}}},{"from":[7.75,16.08896,10.27843],"to":[8.25,17.08896,11.27843],"rotation":{"angle":45,"axis":"x","origin":[8,16.08896,6.77843]},"faces":{"north":{"uv":[8.57143,14.28571,8.85714,14.85714],"texture":"#0"},"east":{"uv":[6.28571,13.71429,6.85714,14.28571],"texture":"#0"},"south":{"uv":[14.28571,8.57143,14.57143,9.14286],"texture":"#0"},"west":{"uv":[6.85714,13.71429,7.42857,14.28571],"texture":"#0"},"up":{"uv":[9.42857,14.85714,9.14286,14.28571],"texture":"#0"},"down":{"uv":[14.57143,9.14286,14.28571,9.71429],"texture":"#0"}}},{"from":[7.75,24.81421,4.15711],"to":[8.25,25.81421,6.15711],"rotation":{"angle":45,"axis":"x","origin":[8,24.81421,5.65711]},"faces":{"north":{"uv":[14.28571,1.14286,14.57143,1.71429],"texture":"#0"},"east":{"uv":[10.85714,8.57143,12,9.14286],"texture":"#0"},"south":{"uv":[14.28571,1.71429,14.57143,2.28571],"texture":"#0"},"west":{"uv":[10.85714,9.14286,12,9.71429],"texture":"#0"},"up":{"uv":[13.42857,13.71429,13.14286,12.57143],"texture":"#0"},"down":{"uv":[14,0,13.71429,1.14286],"texture":"#0"}}},{"from":[7.75,25.93553,5.15711],"to":[8.25,26.93553,9.15711],"rotation":{"angle":-45,"axis":"x","origin":[8,26.93553,5.65711]},"faces":{"north":{"uv":[14.28571,2.28571,14.57143,2.85714],"texture":"#0"},"east":{"uv":[8.57143,5.14286,10.85714,5.71429],"texture":"#0"},"south":{"uv":[14.28571,2.85714,14.57143,3.42857],"texture":"#0"},"west":{"uv":[8.57143,5.71429,10.85714,6.28571],"texture":"#0"},"up":{"uv":[8.85714,13.14286,8.57143,10.85714],"texture":"#0"},"down":{"uv":[10.57143,10.85714,10.28571,13.14286],"texture":"#0"}}},{"from":[7.75,26.43553,7.89975],"to":[8.25,27.43553,9.89975],"rotation":{"angle":45,"axis":"x","origin":[8,26.93553,9.89975]},"faces":{"north":{"uv":[14.28571,6.85714,14.57143,7.42857],"texture":"#0"},"east":{"uv":[11.42857,7.42857,12.57143,8],"texture":"#0"},"south":{"uv":[7.42857,14.28571,7.71429,14.85714],"texture":"#0"},"west":{"uv":[11.42857,8,12.57143,8.57143],"texture":"#0"},"up":{"uv":[14,5.71429,13.71429,4.57143],"texture":"#0"},"down":{"uv":[14,5.71429,13.71429,6.85714],"texture":"#0"}}},{"from":[7.5,7,7],"to":[8.5,9,9],"rotation":{"angle":45,"axis":"x","origin":[8,8,8]},"faces":{"north":{"uv":[9.14286,10.28571,9.71429,11.42857],"texture":"#0"},"east":{"uv":[8.57143,2.85714,9.71429,4],"texture":"#0"},"south":{"uv":[6.85714,10.85714,7.42857,12],"texture":"#0"},"west":{"uv":[8.57143,4,9.71429,5.14286],"texture":"#0"},"up":{"uv":[11.42857,8.57143,10.85714,7.42857],"texture":"#0"},"down":{"uv":[8.57143,10.85714,8,12],"texture":"#0"}}},{"from":[7.3,7.3,7.3],"to":[8.7,8.7,8.7],"rotation":{"angle":45,"axis":"x","origin":[7.3,8,8]},"faces":{"north":{"uv":[10.28571,9.71429,11.14286,10.57143],"texture":"#0"},"east":{"uv":[10.85714,0,11.71429,0.85714],"texture":"#0"},"south":{"uv":[10.85714,1.14286,11.71429,2],"texture":"#0"},"west":{"uv":[10.85714,3.42857,11.71429,4.28571],"texture":"#0"},"up":{"uv":[11.71429,5.42857,10.85714,4.57143],"texture":"#0"},"down":{"uv":[11.71429,5.71429,10.85714,6.57143],"texture":"#0"}}},{"from":[8,-2.75355,3.06802],"to":[8,2.24645,5.06802],"rotation":{"angle":-45,"axis":"x","origin":[7,1.24645,3.56802]},"faces":{"north":{"uv":[0,0,0,2.85714],"texture":"#0"},"east":{"uv":[6.85714,2.85714,8,0],"rotation":180,"texture":"#0"},"south":{"uv":[0,0,0,2.85714],"texture":"#0"},"west":{"uv":[6.85714,0,8,2.85714],"texture":"#0"},"up":{"uv":[0,1.14286,0,0],"texture":"#0"},"down":{"uv":[0,0,0,1.14286],"texture":"#0"}}},{"from":[8,-2.75355,10.93198],"to":[8,0.24645,11.93198],"rotation":{"angle":45,"axis":"x","origin":[7,1.24645,12.43198]},"faces":{"north":{"uv":[0,0,0,1.71429],"texture":"#0"},"east":{"uv":[8,10.85714,8.57143,9.14286],"rotation":180,"texture":"#0"},"south":{"uv":[0,0,0,1.71429],"texture":"#0"},"west":{"uv":[8,9.14286,8.57143,10.85714],"texture":"#0"},"up":{"uv":[0,0.57143,0,0],"texture":"#0"},"down":{"uv":[0,0,0,0.57143],"texture":"#0"}}},{"from":[8,5,2],"to":[8,32,13],"rotation":{"angle":0,"axis":"y","origin":[8,0,5]},"faces":{"north":{"uv":[0,0,0,15.42857],"texture":"#0"},"east":{"uv":[6.28571,0,0,15.42857],"texture":"#0"},"south":{"uv":[0,0,0,15.42857],"texture":"#0"},"west":{"uv":[0,0,6.28571,15.42857],"texture":"#0"},"up":{"uv":[0,6.28571,0,0],"texture":"#0"},"down":{"uv":[0,0,0,6.28571],"texture":"#0"}}},{"from":[7.5,9,5.725],"to":[7.5,20,10.725],"rotation":{"angle":0,"axis":"x","origin":[7.5,14.5,8.225]},"faces":{"north":{"uv":[6.28571,0,0,0],"rotation":270,"texture":"#1"},"east":{"uv":[2,0.66667,13.95238,6.19048],"rotation":90,"texture":"#1"},"south":{"uv":[6.28571,0,0,0],"rotation":270,"texture":"#1"},"west":{"uv":[13.95238,0.66667,2,6.19048],"rotation":270,"texture":"#1"},"up":{"uv":[0,0,0,2.85714],"texture":"#1"},"down":{"uv":[0,0,0,2.85714],"rotation":180,"texture":"#1"}}},{"from":[8.5,9,5.725],"to":[8.5,20,10.725],"rotation":{"angle":0,"axis":"x","origin":[8.5,14.5,8.225]},"faces":{"north":{"uv":[6.28571,0,0,0],"rotation":270,"texture":"#1"},"east":{"uv":[13.95238,6.19048,2,0.66667],"rotation":270,"texture":"#1"},"south":{"uv":[6.28571,0,0,0],"rotation":270,"texture":"#1"},"west":{"uv":[2,6.19048,13.95238,0.66667],"rotation":90,"texture":"#1"},"up":{"uv":[0,0,0,2.85714],"texture":"#1"},"down":{"uv":[0,0,0,2.85714],"rotation":180,"texture":"#1"}}}],"gui_light":"front","display":{"thirdperson_righthand":{"translation":[0,2,1.75]},"thirdperson_lefthand":{"translation":[0,2,1.75]},"firstperson_righthand":{"rotation":[-15,0,0],"translation":[1.25,0.5,0],"scale":[0.88477,0.88477,0.88477]},"firstperson_lefthand":{"rotation":[-15,0,0],"translation":[1.25,0.5,0],"scale":[0.88477,0.88477,0.88477]},"ground":{"rotation":[0,0,-75],"translation":[-5.25,1.75,0],"scale":[0.83008,0.83008,0.83008]},"gui":{"rotation":[90,-135,90],"translation":[-2.75,-2.75,-0.75],"scale":[0.64531,0.64531,0.64531]},"head":{"scale":[0,0,0]},"fixed":{"rotation":[-90,90,90],"translation":[0.75,-8.25,-1.75],"scale":[1.89922,1.89922,1.89922]}}}