{"credit":"MadewithBlockbench","texture_size":[24,24],"textures":{"1":"blaze:bow","2":"blaze:animation_2","particle":"blaze:animation_2"},"elements":[{"from":[7.4,4.3,7.4],"to":[8.6,5.5,8.6],"rotation":{"angle":0,"axis":"y","origin":[7.5,4.3,7.5]},"faces":{"north":{"uv":[10.66667,1.33333,11.5,2.16667],"texture":"#1"},"east":{"uv":[10.66667,2.66667,11.5,3.5],"texture":"#1"},"south":{"uv":[10.66667,4,11.5,4.83333],"texture":"#1"},"west":{"uv":[10.66667,5.33333,11.5,6.16667],"texture":"#1"},"up":{"uv":[8.16667,11.5,7.33333,10.66667],"texture":"#1"},"down":{"uv":[11.5,7.33333,10.66667,8.16667],"texture":"#1"}}},{"from":[7.4,10.5,7.4],"to":[8.6,11.7,8.6],"rotation":{"angle":0,"axis":"y","origin":[7.5,4.3,7.5]},"faces":{"north":{"uv":[9.33333,10.66667,10.16667,11.5],"texture":"#1"},"east":{"uv":[10.66667,10.66667,11.5,11.5],"texture":"#1"},"south":{"uv":[4,11.33333,4.83333,12.16667],"texture":"#1"},"west":{"uv":[5.33333,11.33333,6.16667,12.16667],"texture":"#1"},"up":{"uv":[12.16667,9.5,11.33333,8.66667],"texture":"#1"},"down":{"uv":[0.83333,12,0,12.83333],"texture":"#1"}}},{"from":[7.5,5.5,7.5],"to":[8.5,6.5,8.5],"rotation":{"angle":0,"axis":"y","origin":[6.9,-1.3,6.9]},"faces":{"north":{"uv":[8.66667,3.33333,9.33333,4],"texture":"#1"},"east":{"uv":[10.66667,8.66667,11.33333,9.33333],"texture":"#1"},"south":{"uv":[11.33333,6.66667,12,7.33333],"texture":"#1"},"west":{"uv":[11.33333,10,12,10.66667],"texture":"#1"},"up":{"uv":[3.33333,12.66667,2.66667,12],"texture":"#1"},"down":{"uv":[12.66667,2.66667,12,3.33333],"texture":"#1"}}},{"from":[7.6,6.5,7.6],"to":[8.4,9.5,8.4],"rotation":{"angle":0,"axis":"y","origin":[6.9,-1.3,6.9]},"faces":{"north":{"uv":[4,8,4.5,10],"texture":"#1"},"east":{"uv":[4.66667,8,5.16667,10],"texture":"#1"},"south":{"uv":[8,6.66667,8.5,8.66667],"texture":"#1"},"west":{"uv":[8.66667,1.33333,9.16667,3.33333],"texture":"#1"},"up":{"uv":[11.83333,12.5,11.33333,12],"texture":"#1"},"down":{"uv":[12.5,11.33333,12,11.83333],"texture":"#1"}}},{"from":[7.5,9.5,7.5],"to":[8.5,10.5,8.5],"rotation":{"angle":0,"axis":"y","origin":[6.9,-1.5,6.9]},"faces":{"north":{"uv":[3.33333,12,4,12.66667],"texture":"#1"},"east":{"uv":[12,3.33333,12.66667,4],"texture":"#1"},"south":{"uv":[12,4,12.66667,4.66667],"texture":"#1"},"west":{"uv":[12,4.66667,12.66667,5.33333],"texture":"#1"},"up":{"uv":[12.66667,6,12,5.33333],"texture":"#1"},"down":{"uv":[12.66667,6,12,6.66667],"texture":"#1"}}},{"from":[7.75,10.56421,5.54644],"to":[8.25,11.56421,7.54644],"rotation":{"angle":0,"axis":"x","origin":[8,15.81421,6.39645]},"faces":{"north":{"uv":[12,12,12.33333,12.66667],"texture":"#1"},"east":{"uv":[8.66667,8,10,8.66667],"texture":"#1"},"south":{"uv":[2.66667,12.66667,3,13.33333],"texture":"#1"},"west":{"uv":[9.33333,8.66667,10.66667,9.33333],"texture":"#1"},"up":{"uv":[12.33333,8,12,6.66667],"texture":"#1"},"down":{"uv":[7.66667,12,7.33333,13.33333],"texture":"#1"}}},{"from":[7.75,15.26066,4.48934],"to":[8.25,16.26066,7.48934],"rotation":{"angle":0,"axis":"x","origin":[8,-0.23934,5.68934]},"faces":{"north":{"uv":[12.66667,3.33333,13,2.66667],"texture":"#1"},"east":{"uv":[8,4.66667,10,4],"texture":"#1"},"south":{"uv":[3.33333,13.33333,3.66667,12.66667],"texture":"#1"},"west":{"uv":[8,5.33333,10,4.66667],"texture":"#1"},"up":{"uv":[9,13.33333,8.66667,11.33333],"texture":"#1"},"down":{"uv":[7,11.33333,6.66667,13.33333],"texture":"#1"}}},{"from":[7.5,12.76777,9.06066],"to":[8.5,14.76777,11.06066],"rotation":{"angle":45,"axis":"x","origin":[8,13.76777,9.56066]},"faces":{"north":{"uv":[9.33333,9.33333,10,10.66667],"texture":"#1"},"east":{"uv":[5.33333,7.33333,6.66667,8.66667],"texture":"#1"},"south":{"uv":[4,10,4.66667,11.33333],"texture":"#1"},"west":{"uv":[6.66667,7.33333,8,8.66667],"texture":"#1"},"up":{"uv":[10.66667,5.33333,10,4],"texture":"#1"},"down":{"uv":[5.33333,10,4.66667,11.33333],"texture":"#1"}}},{"from":[7.3,13.06777,9.36066],"to":[8.7,14.46777,10.76066],"rotation":{"angle":45,"axis":"x","origin":[7.3,13.76777,9.56066]},"faces":{"north":{"uv":[5.33333,8.66667,6.33333,9.66667],"texture":"#1"},"east":{"uv":[6.66667,8.66667,7.66667,9.66667],"texture":"#1"},"south":{"uv":[8.66667,6.66667,9.66667,7.66667],"texture":"#1"},"west":{"uv":[8,8.66667,9,9.66667],"texture":"#1"},"up":{"uv":[10.33333,2.33333,9.33333,1.33333],"texture":"#1"},"down":{"uv":[10.33333,2.66667,9.33333,3.66667],"texture":"#1"}}},{"from":[8,15.76066,2.48934],"to":[8,17.76066,7.48934],"rotation":{"angle":0,"axis":"x","origin":[8,-0.23934,5.68934]},"faces":{"north":{"uv":[0,0,0,1.33333],"rotation":180,"texture":"#1"},"east":{"uv":[5.33333,1.33333,4,4.66667],"rotation":90,"texture":"#1"},"south":{"uv":[0,1.33333,0,0],"texture":"#1"},"west":{"uv":[5.33333,4.66667,4,8],"rotation":270,"texture":"#1"},"up":{"uv":[0,3.33333,0,0],"rotation":180,"texture":"#1"},"down":{"uv":[0,3.33333,0,0],"texture":"#1"}}},{"from":[7.75,15.00773,9.89825],"to":[8.25,16.00773,12.89825],"rotation":{"angle":-22.5,"axis":"x","origin":[8,20.80773,5.54825]},"faces":{"north":{"uv":[3.33333,12.66667,3.66667,13.33333],"rotation":180,"texture":"#1"},"east":{"uv":[8,4,10,4.66667],"rotation":180,"texture":"#1"},"south":{"uv":[12.66667,2.66667,13,3.33333],"rotation":180,"texture":"#1"},"west":{"uv":[8,4.66667,10,5.33333],"rotation":180,"texture":"#1"},"up":{"uv":[9,11.33333,8.66667,13.33333],"texture":"#1"},"down":{"uv":[7,13.33333,6.66667,11.33333],"texture":"#1"}}},{"from":[8,15.50773,9.89825],"to":[8,17.50773,14.89825],"rotation":{"angle":-22.5,"axis":"x","origin":[8,20.80773,5.54825]},"faces":{"north":{"uv":[0,0,0,1.33333],"rotation":180,"texture":"#1"},"east":{"uv":[4,1.33333,5.33333,4.66667],"rotation":270,"texture":"#1"},"south":{"uv":[0,1.33333,0,0],"texture":"#1"},"west":{"uv":[4,4.66667,5.33333,8],"rotation":90,"texture":"#1"},"up":{"uv":[0,0,0,3.33333],"rotation":180,"texture":"#1"},"down":{"uv":[0,0,0,3.33333],"texture":"#1"}}},{"from":[8,11.06421,4.54645],"to":[8,12.06421,7.54645],"rotation":{"angle":0,"axis":"x","origin":[8,15.81421,6.39645]},"faces":{"north":{"uv":[0,0,0,0.66667],"texture":"#1"},"east":{"uv":[8,5.33333,10,6],"texture":"#1"},"south":{"uv":[0,0,0,0.66667],"texture":"#1"},"west":{"uv":[8,6,10,6.66667],"texture":"#1"},"up":{"uv":[0,2,0,0],"texture":"#1"},"down":{"uv":[0,0,0,2],"texture":"#1"}}},{"from":[7.5,11,8],"to":[8.5,13,9],"rotation":{"angle":45,"axis":"x","origin":[8,12,8.5]},"faces":{"north":{"uv":[5.33333,10,6,11.33333],"texture":"#1"},"east":{"uv":[10,5.33333,10.66667,6.66667],"texture":"#1"},"south":{"uv":[6,10,6.66667,11.33333],"texture":"#1"},"west":{"uv":[6.66667,10,7.33333,11.33333],"texture":"#1"},"up":{"uv":[8.66667,12.66667,8,12],"texture":"#1"},"down":{"uv":[12.66667,8,12,8.66667],"texture":"#1"}}},{"from":[7.5,14.47487,7.14645],"to":[8.5,15.47487,9.14645],"rotation":{"angle":45,"axis":"x","origin":[8,14.47487,8.14645]},"faces":{"north":{"uv":[9.33333,12,10,12.66667],"texture":"#1"},"east":{"uv":[10,6.66667,11.33333,7.33333],"texture":"#1"},"south":{"uv":[10,12,10.66667,12.66667],"texture":"#1"},"west":{"uv":[7.33333,10,8.66667,10.66667],"texture":"#1"},"up":{"uv":[10.66667,8.66667,10,7.33333],"texture":"#1"},"down":{"uv":[9.33333,10,8.66667,11.33333],"texture":"#1"}}},{"from":[7.4,17.2,5.975],"to":[8.6,18.4,10.775],"rotation":{"angle":-22.5,"axis":"x","origin":[8,19.8,12]},"faces":{"north":{"uv":[1.33333,12,2.16667,12.83333],"texture":"#1"},"east":{"uv":[5.33333,1.33333,8.5,2.16667],"texture":"#1"},"south":{"uv":[12,1.33333,12.83333,2.16667],"texture":"#1"},"west":{"uv":[5.33333,2.66667,8.5,3.5],"texture":"#1"},"up":{"uv":[6.16667,7.16667,5.33333,4],"texture":"#1"},"down":{"uv":[7.5,4,6.66667,7.16667],"texture":"#1"}}},{"from":[7.725,16.69316,11.13654],"to":[8.275,17.69316,13.13654],"rotation":{"angle":22.5,"axis":"x","origin":[8.025,17.19316,12.13654]},"faces":{"north":{"uv":[12.66667,3.33333,13,4],"texture":"#1"},"east":{"uv":[10,9.33333,11.33333,10],"texture":"#1"},"south":{"uv":[4,12.66667,4.33333,13.33333],"texture":"#1"},"west":{"uv":[10,10,11.33333,10.66667],"texture":"#1"},"up":{"uv":[12.33333,11.33333,12,10],"texture":"#1"},"down":{"uv":[11,12,10.66667,13.33333],"texture":"#1"}}},{"from":[7.5,3,8],"to":[8.5,5,9],"rotation":{"angle":-45,"axis":"x","origin":[8,4,8.5]},"faces":{"north":{"uv":[5.33333,11.33333,6,10],"texture":"#1"},"east":{"uv":[10,6.66667,10.66667,5.33333],"texture":"#1"},"south":{"uv":[6,11.33333,6.66667,10],"texture":"#1"},"west":{"uv":[6.66667,11.33333,7.33333,10],"texture":"#1"},"up":{"uv":[12.66667,8.66667,12,8],"texture":"#1"},"down":{"uv":[8.66667,12,8,12.66667],"texture":"#1"}}},{"from":[7.75,4.43579,5.54644],"to":[8.25,5.43579,7.54644],"rotation":{"angle":0,"axis":"x","origin":[8,0.18579,6.39645]},"faces":{"north":{"uv":[12,12.66667,12.33333,12],"texture":"#1"},"east":{"uv":[8.66667,8.66667,10,8],"texture":"#1"},"south":{"uv":[2.66667,13.33333,3,12.66667],"texture":"#1"},"west":{"uv":[9.33333,9.33333,10.66667,8.66667],"texture":"#1"},"up":{"uv":[7.66667,13.33333,7.33333,12],"texture":"#1"},"down":{"uv":[12.33333,6.66667,12,8],"texture":"#1"}}},{"from":[8,3.93579,4.54645],"to":[8,4.93579,7.54645],"rotation":{"angle":0,"axis":"x","origin":[8,0.18579,6.39645]},"faces":{"north":{"uv":[0,0.66667,0,0],"texture":"#1"},"east":{"uv":[8,6,10,5.33333],"texture":"#1"},"south":{"uv":[0,0.66667,0,0],"texture":"#1"},"west":{"uv":[8,6.66667,10,6],"texture":"#1"},"up":{"uv":[0,2,0,0],"texture":"#1"},"down":{"uv":[0,0,0,2],"texture":"#1"}}},{"from":[7.3,1.53223,9.36066],"to":[8.7,2.93223,10.76066],"rotation":{"angle":-45,"axis":"x","origin":[7.3,2.23223,9.56066]},"faces":{"north":{"uv":[5.33333,9.66667,6.33333,8.66667],"texture":"#1"},"east":{"uv":[6.66667,9.66667,7.66667,8.66667],"texture":"#1"},"south":{"uv":[8.66667,7.66667,9.66667,6.66667],"texture":"#1"},"west":{"uv":[8,9.66667,9,8.66667],"texture":"#1"},"up":{"uv":[10.33333,3.66667,9.33333,2.66667],"texture":"#1"},"down":{"uv":[10.33333,1.33333,9.33333,2.33333],"texture":"#1"}}},{"from":[7.5,1.23223,9.06066],"to":[8.5,3.23223,11.06066],"rotation":{"angle":-45,"axis":"x","origin":[8,2.23223,9.56066]},"faces":{"north":{"uv":[9.33333,10.66667,10,9.33333],"texture":"#1"},"east":{"uv":[5.33333,8.66667,6.66667,7.33333],"texture":"#1"},"south":{"uv":[4,11.33333,4.66667,10],"texture":"#1"},"west":{"uv":[6.66667,8.66667,8,7.33333],"texture":"#1"},"up":{"uv":[5.33333,11.33333,4.66667,10],"texture":"#1"},"down":{"uv":[10.66667,4,10,5.33333],"texture":"#1"}}},{"from":[7.5,0.52513,7.14645],"to":[8.5,1.52513,9.14645],"rotation":{"angle":-45,"axis":"x","origin":[8,1.52513,8.14645]},"faces":{"north":{"uv":[9.33333,12.66667,10,12],"texture":"#1"},"east":{"uv":[10,7.33333,11.33333,6.66667],"texture":"#1"},"south":{"uv":[10,12.66667,10.66667,12],"texture":"#1"},"west":{"uv":[7.33333,10.66667,8.66667,10],"texture":"#1"},"up":{"uv":[9.33333,11.33333,8.66667,10],"texture":"#1"},"down":{"uv":[10.66667,7.33333,10,8.66667],"texture":"#1"}}},{"from":[7.4,-2.4,5.975],"to":[8.6,-1.2,10.775],"rotation":{"angle":22.5,"axis":"x","origin":[8,-3.8,12]},"faces":{"north":{"uv":[1.33333,12.83333,2.16667,12],"texture":"#1"},"east":{"uv":[5.33333,2.16667,8.5,1.33333],"texture":"#1"},"south":{"uv":[12,2.16667,12.83333,1.33333],"texture":"#1"},"west":{"uv":[5.33333,3.5,8.5,2.66667],"texture":"#1"},"up":{"uv":[7.5,7.16667,6.66667,4],"texture":"#1"},"down":{"uv":[6.16667,4,5.33333,7.16667],"texture":"#1"}}},{"from":[7.75,-0.26066,4.48934],"to":[8.25,0.73934,7.48934],"rotation":{"angle":0,"axis":"x","origin":[8,16.23934,5.68934]},"faces":{"north":{"uv":[12.66667,2.66667,13,3.33333],"texture":"#1"},"east":{"uv":[8,4,10,4.66667],"texture":"#1"},"south":{"uv":[3.33333,12.66667,3.66667,13.33333],"texture":"#1"},"west":{"uv":[8,4.66667,10,5.33333],"texture":"#1"},"up":{"uv":[7,13.33333,6.66667,11.33333],"texture":"#1"},"down":{"uv":[9,11.33333,8.66667,13.33333],"texture":"#1"}}},{"from":[8,-1.76066,2.48934],"to":[8,0.23934,7.48934],"rotation":{"angle":0,"axis":"x","origin":[8,16.23934,5.68934]},"faces":{"north":{"uv":[0,1.33333,0,0],"rotation":180,"texture":"#1"},"east":{"uv":[4,1.33333,5.33333,4.66667],"rotation":90,"texture":"#1"},"south":{"uv":[0,0,0,1.33333],"texture":"#1"},"west":{"uv":[4,4.66667,5.33333,8],"rotation":270,"texture":"#1"},"up":{"uv":[0,0,0,3.33333],"texture":"#1"},"down":{"uv":[0,0,0,3.33333],"rotation":180,"texture":"#1"}}},{"from":[7.725,-1.69316,11.13654],"to":[8.275,-0.69316,13.13654],"rotation":{"angle":-22.5,"axis":"x","origin":[8.025,-1.19316,12.13654]},"faces":{"north":{"uv":[12.66667,4,13,3.33333],"texture":"#1"},"east":{"uv":[10,10,11.33333,9.33333],"texture":"#1"},"south":{"uv":[4,13.33333,4.33333,12.66667],"texture":"#1"},"west":{"uv":[10,10.66667,11.33333,10],"texture":"#1"},"up":{"uv":[11,13.33333,10.66667,12],"texture":"#1"},"down":{"uv":[12.33333,10,12,11.33333],"texture":"#1"}}},{"from":[7.75,-0.00773,9.89825],"to":[8.25,0.99227,12.89825],"rotation":{"angle":22.5,"axis":"x","origin":[8,-4.80773,5.54825]},"faces":{"north":{"uv":[3.33333,13.33333,3.66667,12.66667],"rotation":180,"texture":"#1"},"east":{"uv":[8,4.66667,10,4],"rotation":180,"texture":"#1"},"south":{"uv":[12.66667,3.33333,13,2.66667],"rotation":180,"texture":"#1"},"west":{"uv":[8,5.33333,10,4.66667],"rotation":180,"texture":"#1"},"up":{"uv":[7,11.33333,6.66667,13.33333],"texture":"#1"},"down":{"uv":[9,13.33333,8.66667,11.33333],"texture":"#1"}}},{"from":[8,-1.50773,9.89825],"to":[8,0.49227,14.89825],"rotation":{"angle":22.5,"axis":"x","origin":[8,-4.80773,5.54825]},"faces":{"north":{"uv":[0,1.33333,0,0],"rotation":180,"texture":"#1"},"east":{"uv":[5.33333,1.33333,4,4.66667],"rotation":270,"texture":"#1"},"south":{"uv":[0,0,0,1.33333],"texture":"#1"},"west":{"uv":[5.33333,4.66667,4,8],"rotation":90,"texture":"#1"},"up":{"uv":[0,3.33333,0,0],"texture":"#1"},"down":{"uv":[0,3.33333,0,0],"rotation":180,"texture":"#1"}}},{"from":[8,-1,12.6],"to":[8,17,18.7],"rotation":{"angle":0,"axis":"y","origin":[8,0,4.5]},"faces":{"north":{"uv":[0,0,0,12],"texture":"#1"},"east":{"uv":[4,0,0,12],"texture":"#1"},"south":{"uv":[0,0,0,12],"texture":"#1"},"west":{"uv":[0,0,4,12],"texture":"#1"},"up":{"uv":[0,4,0,0],"texture":"#1"},"down":{"uv":[0,0,0,4],"texture":"#1"}}},{"from":[7.3,14.3,4.625],"to":[7.3,19.3,15.625],"rotation":{"angle":-22.5,"axis":"x","origin":[7.3,16.8,10.125]},"faces":{"north":{"uv":[0,0,0,3.33333],"rotation":180,"texture":"#2"},"east":{"uv":[14,0,2,6.33333],"rotation":180,"texture":"#2"},"south":{"uv":[0,0,0,3.33333],"rotation":180,"texture":"#2"},"west":{"uv":[2,0,14,6.33333],"rotation":180,"texture":"#2"},"up":{"uv":[7.33333,0,0,0],"rotation":90,"texture":"#2"},"down":{"uv":[7.33333,0,0,0],"rotation":270,"texture":"#2"}}},{"from":[8.7,14.3,4.625],"to":[8.7,19.3,15.625],"rotation":{"angle":-22.5,"axis":"x","origin":[8.7,16.8,10.125]},"faces":{"north":{"uv":[0,0,0,3.33333],"rotation":180,"texture":"#2"},"east":{"uv":[14,0,2,6.33333],"rotation":180,"texture":"#2"},"south":{"uv":[0,0,0,3.33333],"rotation":180,"texture":"#2"},"west":{"uv":[2,0,14,6.33333],"rotation":180,"texture":"#2"},"up":{"uv":[7.33333,0,0,0],"rotation":90,"texture":"#2"},"down":{"uv":[7.33333,0,0,0],"rotation":270,"texture":"#2"}}},{"from":[8.7,-3.3,4.625],"to":[8.7,1.7,15.625],"rotation":{"angle":22.5,"axis":"x","origin":[8.7,-0.8,10.125]},"faces":{"north":{"uv":[0,3.33333,0,0],"rotation":180,"texture":"#2"},"east":{"uv":[14,6.33333,2,0],"rotation":180,"texture":"#2"},"south":{"uv":[0,3.33333,0,0],"rotation":180,"texture":"#2"},"west":{"uv":[2,6.33333,14,0],"rotation":180,"texture":"#2"},"up":{"uv":[0,0,7.33333,0],"rotation":270,"texture":"#2"},"down":{"uv":[0,0,7.33333,0],"rotation":90,"texture":"#2"}}},{"from":[7.3,-3.3,4.625],"to":[7.3,1.7,15.625],"rotation":{"angle":22.5,"axis":"x","origin":[7.3,-0.8,10.125]},"faces":{"north":{"uv":[0,3.33333,0,0],"rotation":180,"texture":"#2"},"east":{"uv":[14,6.33333,2,0],"rotation":180,"texture":"#2"},"south":{"uv":[0,3.33333,0,0],"rotation":180,"texture":"#2"},"west":{"uv":[2,6.33333,14,0],"rotation":180,"texture":"#2"},"up":{"uv":[0,0,7.33333,0],"rotation":270,"texture":"#2"},"down":{"uv":[0,0,7.33333,0],"rotation":90,"texture":"#2"}}}],"gui_light":"front","display":{"thirdperson_righthand":{"translation":[0,-2,1]},"thirdperson_lefthand":{"translation":[0,-2,1]},"firstperson_righthand":{"translation":[-0.5,3.5,0]},"firstperson_lefthand":{"translation":[-0.5,3.5,0]},"ground":{"rotation":[10,0,-82],"translation":[0,1.75,-1.75],"scale":[0.80273,0.80273,0.80273]},"gui":{"rotation":[90,-45,90],"translation":[1.5,1.25,-0.75],"scale":[0.57109,0.57109,0.57109]},"head":{"scale":[0,0,0]},"fixed":{"rotation":[-90,90,90],"translation":[-2.5,-0.25,-1.75],"scale":[1.89922,1.89922,1.89922]}}}