{"credit":"MadewithBlockbench","texture_size":[8,8],"textures":{"0":"blaze:chest","1":"blaze:animation_1","particle":"blaze:chest"},"elements":[{"from":[7,7.2,3.6],"to":[9,9.2,4.6],"rotation":{"angle":0,"axis":"y","origin":[7,7.2,3.6]},"faces":{"north":{"uv":[4.8,11.6,5.6,12.4],"texture":"#0"},"east":{"uv":[12,9.6,12.4,10.4],"texture":"#0"},"south":{"uv":[11.6,5.2,12.4,6],"texture":"#0"},"west":{"uv":[12,10.4,12.4,11.2],"texture":"#0"},"up":{"uv":[12.8,11.6,12,11.2],"texture":"#0"},"down":{"uv":[12.8,11.6,12,12],"texture":"#0"}}},{"from":[13,2.2,3],"to":[14,4.2,4],"rotation":{"angle":0,"axis":"y","origin":[14,2.2,0]},"faces":{"north":{"uv":[11.6,11.6,12,12.4],"texture":"#0"},"east":{"uv":[5.6,12,6,12.8],"texture":"#0"},"south":{"uv":[6,12,6.4,12.8],"texture":"#0"},"west":{"uv":[12,6,12.4,6.8],"texture":"#0"},"up":{"uv":[8.4,12.8,8,12.4],"texture":"#0"},"down":{"uv":[12.8,8,12.4,8.4],"texture":"#0"}}},{"from":[13,2.2,12],"to":[14,4.2,13],"rotation":{"angle":0,"axis":"y","origin":[14,2.2,16]},"faces":{"north":{"uv":[8.8,11.6,9.2,12.4],"texture":"#0"},"east":{"uv":[9.2,11.6,9.6,12.4],"texture":"#0"},"south":{"uv":[9.6,11.6,10,12.4],"texture":"#0"},"west":{"uv":[11.6,10.8,12,11.6],"texture":"#0"},"up":{"uv":[7.6,12.8,7.2,12.4],"texture":"#0"},"down":{"uv":[8,12.4,7.6,12.8],"texture":"#0"}}},{"from":[13.005,4.05355,3.06066],"to":[13.995,5.05355,5.06066],"rotation":{"angle":-45,"axis":"x","origin":[13.505,4.55355,4.06066]},"faces":{"north":{"uv":[6.8,12.4,7.2,12.8],"texture":"#0"},"east":{"uv":[6.4,11.6,7.2,12],"texture":"#0"},"south":{"uv":[12.4,6.8,12.8,7.2],"texture":"#0"},"west":{"uv":[7.2,11.6,8,12],"texture":"#0"},"up":{"uv":[8.4,12.4,8,11.6],"texture":"#0"},"down":{"uv":[8.8,11.6,8.4,12.4],"texture":"#0"}}},{"from":[13.005,4.05355,10.93934],"to":[13.995,5.05355,12.93934],"rotation":{"angle":45,"axis":"x","origin":[13.505,4.55355,11.93934]},"faces":{"north":{"uv":[6.4,12.4,6.8,12.8],"texture":"#0"},"east":{"uv":[11.2,8,12,8.4],"texture":"#0"},"south":{"uv":[12.4,6.4,12.8,6.8],"texture":"#0"},"west":{"uv":[5.6,11.6,6.4,12],"texture":"#0"},"up":{"uv":[4.4,6.8,4,6],"texture":"#0"},"down":{"uv":[12,6,11.6,6.8],"texture":"#0"}}},{"from":[13,2.7,4],"to":[14,3.7,12],"rotation":{"angle":0,"axis":"x","origin":[13.5,3.7,4]},"faces":{"north":{"uv":[12.4,5.6,12.8,6],"texture":"#0"},"east":{"uv":[0,8,3.2,8.4],"texture":"#0"},"south":{"uv":[12.4,6,12.8,6.4],"texture":"#0"},"west":{"uv":[10.8,2,14,2.4],"texture":"#0"},"up":{"uv":[4.4,14,4,10.8],"texture":"#0"},"down":{"uv":[4.8,10.8,4.4,14],"texture":"#0"}}},{"from":[13,4.90711,4.12132],"to":[14,8.90711,5.12132],"rotation":{"angle":0,"axis":"x","origin":[13.5,5.90711,4.62132]},"faces":{"north":{"uv":[2,11.6,2.4,13.2],"texture":"#0"},"east":{"uv":[2.4,11.6,2.8,13.2],"texture":"#0"},"south":{"uv":[2.8,11.6,3.2,13.2],"texture":"#0"},"west":{"uv":[3.2,11.6,3.6,13.2],"texture":"#0"},"up":{"uv":[5.6,12.8,5.2,12.4],"texture":"#0"},"down":{"uv":[12.8,5.2,12.4,5.6],"texture":"#0"}}},{"from":[13,4.90711,10.87868],"to":[14,8.90711,11.87868],"rotation":{"angle":0,"axis":"x","origin":[13.5,5.90711,11.37868]},"faces":{"north":{"uv":[11.2,10.8,11.6,12.4],"texture":"#0"},"east":{"uv":[0.8,11.6,1.2,13.2],"texture":"#0"},"south":{"uv":[1.2,11.6,1.6,13.2],"texture":"#0"},"west":{"uv":[1.6,11.6,2,13.2],"texture":"#0"},"up":{"uv":[12.4,12.4,12,12],"texture":"#0"},"down":{"uv":[5.2,12.4,4.8,12.8],"texture":"#0"}}},{"from":[13,7.90711,5.12132],"to":[14,8.90711,10.88032],"rotation":{"angle":0,"axis":"x","origin":[13.5,8.40711,6.12132]},"faces":{"north":{"uv":[4,2.8,4.4,3.2],"texture":"#0"},"east":{"uv":[11.2,7.2,13.5,7.6],"texture":"#0"},"south":{"uv":[4,6.8,4.4,7.2],"texture":"#0"},"west":{"uv":[7.6,11.2,9.9,11.6],"texture":"#0"},"up":{"uv":[4,13.5,3.6,11.2],"texture":"#0"},"down":{"uv":[10.4,11.2,10,13.5],"texture":"#0"}}},{"from":[3,2.7,3],"to":[13,3.7,4],"rotation":{"angle":0,"axis":"y","origin":[3,2.7,3]},"faces":{"north":{"uv":[4,8.4,8,8.8],"texture":"#0"},"east":{"uv":[8.4,12.4,8.8,12.8],"texture":"#0"},"south":{"uv":[8,8.4,12,8.8],"texture":"#0"},"west":{"uv":[12.4,8.4,12.8,8.8],"texture":"#0"},"up":{"uv":[8,9.2,4,8.8],"texture":"#0"},"down":{"uv":[12,8.8,8,9.2],"texture":"#0"}}},{"from":[3,3.2,4],"to":[13,3.2,12],"rotation":{"angle":0,"axis":"y","origin":[3,3.2,4]},"faces":{"north":{"uv":[0,0,4,0],"texture":"#0"},"east":{"uv":[0,0,3.2,0],"texture":"#0"},"south":{"uv":[0,0,4,0],"texture":"#0"},"west":{"uv":[0,0,3.2,0],"texture":"#0"},"down":{"uv":[4,0,0,3.2],"texture":"#0"}}},{"from":[2.975,3.7,3.5],"to":[13.025,4.3,3.5],"rotation":{"angle":0,"axis":"x","origin":[8.025,4.2,3.5]},"faces":{"north":{"uv":[11.2,7.6,15.2,7.8],"texture":"#0"},"east":{"uv":[0,0,0,0.2],"texture":"#0"},"west":{"uv":[0,0,0,0.2],"texture":"#0"},"up":{"uv":[4,0,0,0],"texture":"#0"},"down":{"uv":[4,0,0,0],"texture":"#0"}}},{"from":[2.975,4.15355,3.85355],"to":[13.025,5.65355,3.85355],"rotation":{"angle":45,"axis":"x","origin":[8.025,4.65355,3.85355]},"faces":{"north":{"uv":[0,8.4,4,9],"texture":"#0"},"east":{"uv":[0,0,0,0.6],"texture":"#0"},"west":{"uv":[0,0,0,0.6],"texture":"#0"},"up":{"uv":[4,0,0,0],"texture":"#0"},"down":{"uv":[4,0,0,0],"texture":"#0"}}},{"from":[2.975,4.15355,12.14645],"to":[13.025,5.65355,12.14645],"rotation":{"angle":-45,"axis":"x","origin":[8.025,4.65355,12.14645]},"faces":{"east":{"uv":[0,0,0,0.6],"texture":"#0"},"south":{"uv":[4,8.4,0,9],"texture":"#0"},"west":{"uv":[0,0,0,0.6],"texture":"#0"},"up":{"uv":[4,0,0,0],"texture":"#0"},"down":{"uv":[4,0,0,0],"texture":"#0"}}},{"from":[2.975,3.7,12.5],"to":[13.025,4.3,12.5],"rotation":{"angle":0,"axis":"x","origin":[8.025,4.2,12.5]},"faces":{"east":{"uv":[0,0,0,0.2],"texture":"#0"},"south":{"uv":[15.2,7.6,11.2,7.8],"texture":"#0"},"west":{"uv":[0,0,0,0.2],"texture":"#0"},"up":{"uv":[4,0,0,0],"texture":"#0"},"down":{"uv":[4,0,0,0],"texture":"#0"}}},{"from":[2.975,5.36066,4.56066],"to":[13.025,7.91066,4.56066],"rotation":{"angle":0,"axis":"x","origin":[8.025,5.86066,4.56066]},"faces":{"north":{"uv":[3.2,7.2,7.2,8.2],"texture":"#0"},"east":{"uv":[0,0,0,1],"texture":"#0"},"west":{"uv":[0,0,0,1],"texture":"#0"},"up":{"uv":[4,0,0,0],"texture":"#0"},"down":{"uv":[4,0,0,0],"texture":"#0"}}},{"from":[2.975,5.36066,11.43934],"to":[13.025,7.91066,11.43934],"rotation":{"angle":0,"axis":"x","origin":[8.025,5.86066,11.43934]},"faces":{"east":{"uv":[0,0,0,1],"texture":"#0"},"south":{"uv":[7.2,7.2,11.2,8.2],"texture":"#0"},"west":{"uv":[0,0,0,1],"texture":"#0"},"up":{"uv":[4,0,0,0],"texture":"#0"},"down":{"uv":[4,0,0,0],"texture":"#0"}}},{"from":[3,7.90711,4.12132],"to":[13,8.90711,5.12132],"rotation":{"angle":0,"axis":"y","origin":[3,7.90711,4.12132]},"faces":{"north":{"uv":[0,9.2,4,9.6],"texture":"#0"},"east":{"uv":[8.8,12.4,9.2,12.8],"texture":"#0"},"south":{"uv":[9.2,2.8,13.2,3.2],"texture":"#0"},"west":{"uv":[12.4,8.8,12.8,9.2],"texture":"#0"},"up":{"uv":[13.2,3.6,9.2,3.2],"texture":"#0"},"down":{"uv":[13.2,3.6,9.2,4],"texture":"#0"}}},{"from":[3,7.98211,5.1125],"to":[13,7.98211,10.8875],"rotation":{"angle":0,"axis":"y","origin":[3,7.98211,5.1125]},"faces":{"north":{"uv":[0,0,4,0],"texture":"#0"},"east":{"uv":[0,0,2.3,0],"texture":"#0"},"south":{"uv":[0,0,4,0],"texture":"#0"},"west":{"uv":[0,0,2.3,0],"texture":"#0"},"up":{"uv":[8.4,5.1,4.4,2.8],"texture":"#0"}}},{"from":[3,7.90711,10.87868],"to":[13,8.90711,11.87868],"rotation":{"angle":0,"axis":"y","origin":[3,7.90711,11.87868]},"faces":{"north":{"uv":[8,9.2,12,9.6],"texture":"#0"},"east":{"uv":[9.6,12.4,10,12.8],"texture":"#0"},"south":{"uv":[0,9.6,4,10],"texture":"#0"},"west":{"uv":[12.4,9.6,12.8,10],"texture":"#0"},"up":{"uv":[8,10,4,9.6],"texture":"#0"},"down":{"uv":[12,9.6,8,10],"texture":"#0"}}},{"from":[3,2.7,12],"to":[13,3.7,13],"rotation":{"angle":0,"axis":"y","origin":[3,2.7,13]},"faces":{"north":{"uv":[4,9.2,8,9.6],"texture":"#0"},"east":{"uv":[9.2,12.4,9.6,12.8],"texture":"#0"},"south":{"uv":[9.2,4,13.2,4.4],"texture":"#0"},"west":{"uv":[12.4,9.2,12.8,9.6],"texture":"#0"},"up":{"uv":[13.2,4.8,9.2,4.4],"texture":"#0"},"down":{"uv":[13.2,4.8,9.2,5.2],"texture":"#0"}}},{"from":[13.5,3.7,4],"to":[13.5,7.95,12],"rotation":{"angle":0,"axis":"y","origin":[13.5,3.7,4]},"faces":{"north":{"uv":[0,0,0,1.7],"texture":"#0"},"east":{"uv":[0,6,3.2,7.7],"texture":"#0"},"south":{"uv":[0,0,0,1.7],"texture":"#0"},"up":{"uv":[0,3.2,0,0],"texture":"#0"},"down":{"uv":[0,0,0,3.2],"texture":"#0"}}},{"from":[2,7.90711,5.12132],"to":[3,8.90711,10.88032],"rotation":{"angle":0,"axis":"x","origin":[2.5,8.40711,6.12132]},"faces":{"north":{"uv":[4.4,2.8,4,3.2],"texture":"#0"},"east":{"uv":[9.9,11.2,7.6,11.6],"texture":"#0"},"south":{"uv":[4.4,6.8,4,7.2],"texture":"#0"},"west":{"uv":[13.5,7.2,11.2,7.6],"texture":"#0"},"up":{"uv":[3.6,13.5,4,11.2],"texture":"#0"},"down":{"uv":[10,11.2,10.4,13.5],"texture":"#0"}}},{"from":[2,4.90711,4.12132],"to":[3,8.90711,5.12132],"rotation":{"angle":0,"axis":"x","origin":[2.5,5.90711,4.62132]},"faces":{"north":{"uv":[2.4,11.6,2,13.2],"texture":"#0"},"east":{"uv":[3.6,11.6,3.2,13.2],"texture":"#0"},"south":{"uv":[3.2,11.6,2.8,13.2],"texture":"#0"},"west":{"uv":[2.8,11.6,2.4,13.2],"texture":"#0"},"up":{"uv":[5.2,12.8,5.6,12.4],"texture":"#0"},"down":{"uv":[12.4,5.2,12.8,5.6],"texture":"#0"}}},{"from":[2.005,4.05355,3.06066],"to":[2.995,5.05355,5.06066],"rotation":{"angle":-45,"axis":"x","origin":[2.495,4.55355,4.06066]},"faces":{"north":{"uv":[7.2,12.4,6.8,12.8],"texture":"#0"},"east":{"uv":[8,11.6,7.2,12],"texture":"#0"},"south":{"uv":[12.8,6.8,12.4,7.2],"texture":"#0"},"west":{"uv":[7.2,11.6,6.4,12],"texture":"#0"},"up":{"uv":[8,12.4,8.4,11.6],"texture":"#0"},"down":{"uv":[8.4,11.6,8.8,12.4],"texture":"#0"}}},{"from":[2,2.2,3],"to":[3,4.2,4],"rotation":{"angle":0,"axis":"y","origin":[2,2.2,0]},"faces":{"north":{"uv":[12,11.6,11.6,12.4],"texture":"#0"},"east":{"uv":[12.4,6,12,6.8],"texture":"#0"},"south":{"uv":[6.4,12,6,12.8],"texture":"#0"},"west":{"uv":[6,12,5.6,12.8],"texture":"#0"},"up":{"uv":[8,12.8,8.4,12.4],"texture":"#0"},"down":{"uv":[12.4,8,12.8,8.4],"texture":"#0"}}},{"from":[2,2.7,4],"to":[3,3.7,12],"rotation":{"angle":0,"axis":"x","origin":[2.5,3.7,4]},"faces":{"north":{"uv":[12.8,5.6,12.4,6],"texture":"#0"},"east":{"uv":[14,2,10.8,2.4],"texture":"#0"},"south":{"uv":[12.8,6,12.4,6.4],"texture":"#0"},"west":{"uv":[3.2,8,0,8.4],"texture":"#0"},"up":{"uv":[4,14,4.4,10.8],"texture":"#0"},"down":{"uv":[4.4,10.8,4.8,14],"texture":"#0"}}},{"from":[2,2.2,12],"to":[3,4.2,13],"rotation":{"angle":0,"axis":"y","origin":[2,2.2,16]},"faces":{"north":{"uv":[9.2,11.6,8.8,12.4],"texture":"#0"},"east":{"uv":[12,10.8,11.6,11.6],"texture":"#0"},"south":{"uv":[10,11.6,9.6,12.4],"texture":"#0"},"west":{"uv":[9.6,11.6,9.2,12.4],"texture":"#0"},"up":{"uv":[7.2,12.8,7.6,12.4],"texture":"#0"},"down":{"uv":[7.6,12.4,8,12.8],"texture":"#0"}}},{"from":[2.005,4.05355,10.93934],"to":[2.995,5.05355,12.93934],"rotation":{"angle":45,"axis":"x","origin":[2.495,4.55355,11.93934]},"faces":{"north":{"uv":[6.8,12.4,6.4,12.8],"texture":"#0"},"east":{"uv":[6.4,11.6,5.6,12],"texture":"#0"},"south":{"uv":[12.8,6.4,12.4,6.8],"texture":"#0"},"west":{"uv":[12,8,11.2,8.4],"texture":"#0"},"up":{"uv":[4,6.8,4.4,6],"texture":"#0"},"down":{"uv":[11.6,6,12,6.8],"texture":"#0"}}},{"from":[2,4.90711,10.87868],"to":[3,8.90711,11.87868],"rotation":{"angle":0,"axis":"x","origin":[2.5,5.90711,11.37868]},"faces":{"north":{"uv":[11.6,10.8,11.2,12.4],"texture":"#0"},"east":{"uv":[2,11.6,1.6,13.2],"texture":"#0"},"south":{"uv":[1.6,11.6,1.2,13.2],"texture":"#0"},"west":{"uv":[1.2,11.6,0.8,13.2],"texture":"#0"},"up":{"uv":[12,12.4,12.4,12],"texture":"#0"},"down":{"uv":[4.8,12.4,5.2,12.8],"texture":"#0"}}},{"from":[2.5,3.7,4],"to":[2.5,7.95,12],"rotation":{"angle":0,"axis":"y","origin":[2.5,3.7,4]},"faces":{"north":{"uv":[0,0,0,1.7],"texture":"#0"},"south":{"uv":[0,0,0,1.7],"texture":"#0"},"west":{"uv":[3.2,6,0,7.7],"texture":"#0"},"up":{"uv":[0,3.2,0,0],"texture":"#0"},"down":{"uv":[0,0,0,3.2],"texture":"#0"}}},{"from":[13,8.90711,4.12132],"to":[14,9.90711,11.88032],"rotation":{"angle":0,"axis":"x","origin":[8,11.10355,8]},"faces":{"north":{"uv":[12.4,10,12.8,10.4],"texture":"#0"},"east":{"uv":[4.8,10.8,7.9,11.2],"texture":"#0"},"south":{"uv":[10.4,12.4,10.8,12.8],"texture":"#0"},"west":{"uv":[8,10.8,11.1,11.2],"texture":"#0"},"up":{"uv":[0.4,14.3,0,11.2],"texture":"#0"},"down":{"uv":[0.8,11.2,0.4,14.3],"texture":"#0"}}},{"from":[3,8.90711,4.12132],"to":[13,9.90711,5.12132],"rotation":{"angle":0,"axis":"y","origin":[8,11.10355,8]},"faces":{"north":{"uv":[0,10,4,10.4],"texture":"#0"},"east":{"uv":[12.4,10.4,12.8,10.8],"texture":"#0"},"south":{"uv":[4,10,8,10.4],"texture":"#0"},"west":{"uv":[10.8,12.4,11.2,12.8],"texture":"#0"},"up":{"uv":[12,10.4,8,10],"texture":"#0"},"down":{"uv":[4,10.4,0,10.8],"texture":"#0"}}},{"from":[3,8.90711,10.87868],"to":[13,9.90711,11.87868],"rotation":{"angle":0,"axis":"y","origin":[8,11.10355,8]},"faces":{"north":{"uv":[4,10.4,8,10.8],"texture":"#0"},"east":{"uv":[12.4,10.8,12.8,11.2],"texture":"#0"},"south":{"uv":[8,10.4,12,10.8],"texture":"#0"},"west":{"uv":[11.2,12.4,11.6,12.8],"texture":"#0"},"up":{"uv":[4,11.2,0,10.8],"texture":"#0"},"down":{"uv":[14.8,0,10.8,0.4],"texture":"#0"}}},{"from":[2.5,9.90711,4.6],"to":[13.5,10.90711,11.4],"rotation":{"angle":0,"axis":"y","origin":[8,11.10355,8]},"faces":{"north":{"uv":[8,6.8,12.4,7.2],"texture":"#0"},"east":{"uv":[0.8,11.2,3.5,11.6],"texture":"#0"},"south":{"uv":[8.4,2.4,12.8,2.8],"texture":"#0"},"west":{"uv":[4.8,11.2,7.5,11.6],"texture":"#0"},"up":{"uv":[4.4,5.9,0,3.2],"texture":"#0"},"down":{"uv":[8.4,0,4,2.7],"texture":"#0"}}},{"from":[3.5,10.90711,5.6],"to":[12.5,12.90711,10.4],"rotation":{"angle":0,"axis":"y","origin":[8,11.10355,8]},"faces":{"north":{"uv":[8,5.2,11.6,6],"texture":"#0"},"east":{"uv":[10.8,0.4,12.7,1.2],"texture":"#0"},"south":{"uv":[8,6,11.6,6.8],"texture":"#0"},"west":{"uv":[10.8,1.2,12.7,2],"texture":"#0"},"up":{"uv":[8,7.1,4.4,5.2],"texture":"#0"}}},{"from":[7,10.90711,5.2],"to":[9,13.30711,10.8],"rotation":{"angle":0,"axis":"y","origin":[8,11.10355,8]},"faces":{"north":{"uv":[3.2,6,4,7],"texture":"#0"},"east":{"uv":[8.4,0,10.6,1],"texture":"#0"},"south":{"uv":[10.4,11.2,11.2,12.2],"texture":"#0"},"west":{"uv":[8.4,1.2,10.6,2.2],"texture":"#0"},"up":{"uv":[9.2,5,8.4,2.8],"texture":"#0"}}},{"from":[11.9,12.3,7],"to":[12.9,13.3,9],"rotation":{"angle":0,"axis":"y","origin":[8,11.10355,8]},"faces":{"north":{"uv":[11.6,12.4,12,12.8],"texture":"#0"},"east":{"uv":[6.4,12,7.2,12.4],"texture":"#0"},"south":{"uv":[12,12.4,12.4,12.8],"texture":"#0"},"west":{"uv":[7.2,12,8,12.4],"texture":"#0"},"up":{"uv":[12.4,8.8,12,8],"texture":"#0"},"down":{"uv":[12.4,8.8,12,9.6],"texture":"#0"}}},{"from":[2,8.90711,4.12132],"to":[3,9.90711,11.88032],"rotation":{"angle":0,"axis":"x","origin":[8,11.10355,8]},"faces":{"north":{"uv":[12.8,10,12.4,10.4],"texture":"#0"},"east":{"uv":[11.1,10.8,8,11.2],"texture":"#0"},"south":{"uv":[10.8,12.4,10.4,12.8],"texture":"#0"},"west":{"uv":[7.9,10.8,4.8,11.2],"texture":"#0"},"up":{"uv":[0,14.3,0.4,11.2],"texture":"#0"},"down":{"uv":[0.4,11.2,0.8,14.3],"texture":"#0"}}},{"from":[3.1,12.3,7],"to":[4.1,13.3,9],"rotation":{"angle":0,"axis":"y","origin":[8,11.10355,8]},"faces":{"north":{"uv":[12,12.4,11.6,12.8],"texture":"#0"},"east":{"uv":[8,12,7.2,12.4],"texture":"#0"},"south":{"uv":[12.4,12.4,12,12.8],"texture":"#0"},"west":{"uv":[7.2,12,6.4,12.4],"texture":"#0"},"up":{"uv":[12,8.8,12.4,8],"texture":"#0"},"down":{"uv":[12,8.8,12.4,9.6],"texture":"#0"}}},{"from":[4.5,14,8],"to":[11.5,19,8],"rotation":{"angle":0,"axis":"y","origin":[3.5,5,-1]},"faces":{"north":{"uv":[0,0,14,10],"texture":"#1"},"east":{"uv":[0,0,0,10],"texture":"#1"},"south":{"uv":[14,0,0,10],"texture":"#1"},"west":{"uv":[0,0,0,10],"texture":"#1"},"up":{"uv":[14,0,0,0],"texture":"#1"},"down":{"uv":[14,0,0,0],"texture":"#1"}}}],"gui_light":"front","display":{"thirdperson_righthand":{"rotation":[59,0,0],"translation":[0,2.75,1.5],"scale":[0.66992,0.66992,0.66992]},"thirdperson_lefthand":{"rotation":[59,0,0],"translation":[0,2.75,1.5],"scale":[0.66992,0.66992,0.66992]},"firstperson_righthand":{"rotation":[0,-180,0],"translation":[-9,5.25,0],"scale":[0.80664,0.80664,0.80664]},"firstperson_lefthand":{"rotation":[0,-180,0],"translation":[-9,5.25,0],"scale":[0.80664,0.80664,0.80664]},"ground":{"translation":[0,2.25,0],"scale":[0.83398,0.83398,0.83398]},"gui":{"rotation":[0,-180,0],"translation":[0,-2.25,0],"scale":[0.85742,0.85742,0.85742]},"head":{"translation":[0,-29.5,0],"scale":[2.5,2.5,2.5]},"fixed":{"rotation":[-90,0,0],"translation":[0,0,-15.75],"scale":[3,3,3]}},"groups":[{"name":"group","origin":[2.5,1.5,4],"color":0,"nbt":"{}","armAnimationEnabled":false,"children":[0,1,2,3,4,5,6,7,8,9,10,11,12,13,14,15,16,17,18,19,20,21,22,23,24,25,26,27,28,29,30]},{"name":"group","origin":[4.1,12.3,7],"color":0,"nbt":"{}","armAnimationEnabled":false,"children":[31,32,33,34,35,36,37,38,39]},40]}