{"credit":"MadewithBlockbench","texture_size":[28,28],"textures":{"1":"blaze:animation_3","2":"blaze:hammer","particle":"blaze:hammer"},"elements":[{"from":[7.4,0,7.4],"to":[8.6,1.2,8.6],"rotation":{"angle":0,"axis":"y","origin":[7.5,0,7.5]},"faces":{"north":{"uv":[9.71429,8,10.42857,8.71429],"texture":"#2"},"east":{"uv":[9.71429,9.14286,10.42857,9.85714],"texture":"#2"},"south":{"uv":[0,10.28571,0.71429,11],"texture":"#2"},"west":{"uv":[10.28571,0,11,0.71429],"texture":"#2"},"up":{"uv":[1.85714,11,1.14286,10.28571],"texture":"#2"},"down":{"uv":[11,1.14286,10.28571,1.85714],"texture":"#2"}}},{"from":[7.4,6.2,7.4],"to":[8.6,7.4,8.6],"rotation":{"angle":0,"axis":"y","origin":[7.5,0,7.5]},"faces":{"north":{"uv":[10.28571,2.28571,11,3],"texture":"#2"},"east":{"uv":[10.28571,3.42857,11,4.14286],"texture":"#2"},"south":{"uv":[4.57143,10.28571,5.28571,11],"texture":"#2"},"west":{"uv":[10.28571,4.57143,11,5.28571],"texture":"#2"},"up":{"uv":[11,6.42857,10.28571,5.71429],"texture":"#2"},"down":{"uv":[11,6.85714,10.28571,7.57143],"texture":"#2"}}},{"from":[7.4,18.2,7.4],"to":[8.6,19.4,8.6],"rotation":{"angle":0,"axis":"y","origin":[7.5,12,7.5]},"faces":{"north":{"uv":[8,10.28571,8.71429,11],"texture":"#2"},"east":{"uv":[9.14286,10.28571,9.85714,11],"texture":"#2"},"south":{"uv":[10.28571,10.28571,11,11],"texture":"#2"},"west":{"uv":[2.28571,10.85714,3,11.57143],"texture":"#2"},"up":{"uv":[6.42857,11.57143,5.71429,10.85714],"texture":"#2"},"down":{"uv":[7.57143,10.85714,6.85714,11.57143],"texture":"#2"}}},{"from":[7.5,1.2,7.5],"to":[8.5,2.2,8.5],"rotation":{"angle":0,"axis":"y","origin":[6.9,-5.6,6.9]},"faces":{"north":{"uv":[8,4.57143,8.57143,5.14286],"texture":"#2"},"east":{"uv":[8.57143,2.85714,9.14286,3.42857],"texture":"#2"},"south":{"uv":[3.42857,11.42857,4,12],"texture":"#2"},"west":{"uv":[4,11.42857,4.57143,12],"texture":"#2"},"up":{"uv":[5.14286,12,4.57143,11.42857],"texture":"#2"},"down":{"uv":[12,4.57143,11.42857,5.14286],"texture":"#2"}}},{"from":[7.6,2.2,7.6],"to":[8.4,5.2,8.4],"rotation":{"angle":0,"axis":"y","origin":[6.9,-5.6,6.9]},"faces":{"north":{"uv":[4.57143,8.57143,5,10.28571],"texture":"#2"},"east":{"uv":[8.57143,4.57143,9,6.28571],"texture":"#2"},"south":{"uv":[5.14286,8.57143,5.57143,10.28571],"texture":"#2"},"west":{"uv":[8.57143,6.28571,9,8],"texture":"#2"},"up":{"uv":[12.42857,0.42857,12,0],"texture":"#2"},"down":{"uv":[12.42857,0.57143,12,1],"texture":"#2"}}},{"from":[7.5,5.2,7.5],"to":[8.5,6.2,8.5],"rotation":{"angle":0,"axis":"y","origin":[6.9,-5.8,6.9]},"faces":{"north":{"uv":[5.14286,11.42857,5.71429,12],"texture":"#2"},"east":{"uv":[11.42857,5.14286,12,5.71429],"texture":"#2"},"south":{"uv":[11.42857,5.71429,12,6.28571],"texture":"#2"},"west":{"uv":[11.42857,6.28571,12,6.85714],"texture":"#2"},"up":{"uv":[12,7.42857,11.42857,6.85714],"texture":"#2"},"down":{"uv":[12,7.42857,11.42857,8],"texture":"#2"}}},{"from":[7.75,-0.9,6.83579],"to":[8.25,0.1,8.83579],"rotation":{"angle":-45,"axis":"x","origin":[8.25,1.6,7.83579]},"faces":{"north":{"uv":[12,1.14286,12.28571,1.71429],"texture":"#2"},"east":{"uv":[9.14286,5.71429,10.28571,6.28571],"texture":"#2"},"south":{"uv":[12,1.71429,12.28571,2.28571],"texture":"#2"},"west":{"uv":[9.14286,6.28571,10.28571,6.85714],"texture":"#2"},"up":{"uv":[8.28571,12.57143,8,11.42857],"texture":"#2"},"down":{"uv":[8.85714,11.42857,8.57143,12.57143],"texture":"#2"}}},{"from":[7.75,-0.31421,4.75],"to":[8.25,0.68579,7.75],"rotation":{"angle":45,"axis":"x","origin":[8,0.18579,6.75]},"faces":{"north":{"uv":[2.28571,12,2.57143,12.57143],"texture":"#2"},"east":{"uv":[6.85714,5.14286,8.57143,5.71429],"texture":"#2"},"south":{"uv":[12,2.28571,12.28571,2.85714],"texture":"#2"},"west":{"uv":[6.85714,5.71429,8.57143,6.28571],"texture":"#2"},"up":{"uv":[0.28571,13.14286,0,11.42857],"texture":"#2"},"down":{"uv":[11.71429,0,11.42857,1.71429],"texture":"#2"}}},{"from":[7.5,19,7],"to":[8.5,21,9],"rotation":{"angle":45,"axis":"x","origin":[8,20,8]},"faces":{"north":{"uv":[4.57143,1.71429,5.14286,2.85714],"texture":"#2"},"east":{"uv":[6.85714,2.85714,8,4],"texture":"#2"},"south":{"uv":[7.42857,1.71429,8,2.85714],"texture":"#2"},"west":{"uv":[6.85714,4,8,5.14286],"texture":"#2"},"up":{"uv":[9.71429,8,9.14286,6.85714],"texture":"#2"},"down":{"uv":[8.57143,9.14286,8,10.28571],"texture":"#2"}}},{"from":[7.3,19.3,7.3],"to":[8.7,20.7,8.7],"rotation":{"angle":45,"axis":"x","origin":[7.3,20,8]},"faces":{"north":{"uv":[8.57143,8,9.42857,8.85714],"texture":"#2"},"east":{"uv":[0,9.14286,0.85714,10],"texture":"#2"},"south":{"uv":[9.14286,0,10,0.85714],"texture":"#2"},"west":{"uv":[1.14286,9.14286,2,10],"texture":"#2"},"up":{"uv":[10,2,9.14286,1.14286],"texture":"#2"},"down":{"uv":[10,2.28571,9.14286,3.14286],"texture":"#2"}}},{"from":[8,-2.75355,3.06802],"to":[8,2.24645,5.06802],"rotation":{"angle":-45,"axis":"x","origin":[7,1.24645,3.56802]},"faces":{"north":{"uv":[0,0,0,2.85714],"texture":"#2"},"east":{"uv":[1.14286,3.42857,2.28571,6.28571],"texture":"#2"},"south":{"uv":[0,0,0,2.85714],"texture":"#2"},"west":{"uv":[2.28571,3.42857,3.42857,6.28571],"texture":"#2"},"up":{"uv":[0,1.14286,0,0],"texture":"#2"},"down":{"uv":[0,0,0,1.14286],"texture":"#2"}}},{"from":[8,-2.75355,10.93198],"to":[8,0.24645,11.93198],"rotation":{"angle":45,"axis":"x","origin":[7,1.24645,12.43198]},"faces":{"north":{"uv":[0,0,0,1.71429],"texture":"#2"},"east":{"uv":[6.28571,0,6.85714,1.71429],"texture":"#2"},"south":{"uv":[0,0,0,1.71429],"texture":"#2"},"west":{"uv":[6.85714,6.28571,7.42857,8],"texture":"#2"},"up":{"uv":[0,0.57143,0,0],"texture":"#2"},"down":{"uv":[0,0,0,0.57143],"texture":"#2"}}},{"from":[7.5,7.4,7.5],"to":[8.5,9.4,8.5],"rotation":{"angle":0,"axis":"y","origin":[6.9,6.8,6.9]},"faces":{"north":{"uv":[8.57143,9.14286,9.14286,10.28571],"texture":"#2"},"east":{"uv":[9.14286,9.14286,9.71429,10.28571],"texture":"#2"},"south":{"uv":[2.28571,9.71429,2.85714,10.85714],"texture":"#2"},"west":{"uv":[2.85714,9.71429,3.42857,10.85714],"texture":"#2"},"up":{"uv":[9.71429,12,9.14286,11.42857],"texture":"#2"},"down":{"uv":[10.28571,11.42857,9.71429,12],"texture":"#2"}}},{"from":[7.5,16.2,7.5],"to":[8.5,18.2,8.5],"rotation":{"angle":0,"axis":"y","origin":[6.9,15.6,6.9]},"faces":{"north":{"uv":[9.71429,3.42857,10.28571,4.57143],"texture":"#2"},"east":{"uv":[5.71429,9.71429,6.28571,10.85714],"texture":"#2"},"south":{"uv":[6.28571,9.71429,6.85714,10.85714],"texture":"#2"},"west":{"uv":[9.71429,6.85714,10.28571,8],"texture":"#2"},"up":{"uv":[10.85714,12,10.28571,11.42857],"texture":"#2"},"down":{"uv":[12,10.28571,11.42857,10.85714],"texture":"#2"}}},{"from":[7.4,9.4,7.4],"to":[8.6,16.2,8.6],"rotation":{"angle":0,"axis":"y","origin":[6.9,8.8,6.9]},"faces":{"north":{"uv":[3.42857,4.57143,4.14286,8.42857],"texture":"#2"},"east":{"uv":[4.57143,4.57143,5.28571,8.42857],"texture":"#2"},"south":{"uv":[5.71429,1.71429,6.42857,5.57143],"texture":"#2"},"west":{"uv":[5.71429,5.71429,6.42857,9.57143],"texture":"#2"},"up":{"uv":[11.57143,8.71429,10.85714,8],"texture":"#2"},"down":{"uv":[11.57143,9.14286,10.85714,9.85714],"texture":"#2"}}},{"from":[7.55,16.5,6.5],"to":[8.45,19.5,9.5],"rotation":{"angle":0,"axis":"y","origin":[7.55,6.5,7.5]},"faces":{"north":{"uv":[7.42857,0,8,1.71429],"texture":"#2"},"east":{"uv":[3.42857,2.85714,5.14286,4.57143],"texture":"#2"},"south":{"uv":[7.42857,6.28571,8,8],"texture":"#2"},"west":{"uv":[4.57143,0,6.28571,1.71429],"texture":"#2"},"up":{"uv":[8.57143,1.71429,8,0],"texture":"#2"},"down":{"uv":[8.57143,1.71429,8,3.42857],"texture":"#2"}}},{"from":[7,15.5,5.5],"to":[9,20.5,6.5],"rotation":{"angle":0,"axis":"y","origin":[7,6.5,7.5]},"faces":{"north":{"uv":[0,3.42857,1.14286,6.28571],"texture":"#2"},"east":{"uv":[5.14286,1.71429,5.71429,4.57143],"texture":"#2"},"south":{"uv":[3.42857,0,4.57143,2.85714],"texture":"#2"},"west":{"uv":[6.85714,0,7.42857,2.85714],"texture":"#2"},"up":{"uv":[10.28571,5.14286,9.14286,4.57143],"texture":"#2"},"down":{"uv":[10.28571,5.14286,9.14286,5.71429],"texture":"#2"}}},{"from":[6.8,15.3,4],"to":[9.2,20.7,5],"rotation":{"angle":0,"axis":"y","origin":[7,6.5,7.5]},"faces":{"north":{"uv":[0,0,1.42857,3.14286],"texture":"#2"},"east":{"uv":[2.28571,6.28571,2.85714,9.42857],"texture":"#2"},"south":{"uv":[1.71429,0,3.14286,3.14286],"texture":"#2"},"west":{"uv":[2.85714,6.28571,3.42857,9.42857],"texture":"#2"},"up":{"uv":[9.42857,4,8,3.42857],"texture":"#2"},"down":{"uv":[9.42857,4,8,4.57143],"texture":"#2"}}},{"from":[8.4,15.7,3.8],"to":[8.9,20.3,4],"rotation":{"angle":0,"axis":"y","origin":[8.95,18,3.5]},"faces":{"north":{"uv":[3.42857,8.57143,3.71429,11.14286],"texture":"#2"},"east":{"uv":[1.71429,11.42857,1.85714,14],"texture":"#2"},"south":{"uv":[4,8.57143,4.28571,11.14286],"texture":"#2"},"west":{"uv":[11.42857,1.71429,11.57143,4.28571],"texture":"#2"},"up":{"uv":[6.57143,12.14286,6.28571,12],"texture":"#2"},"down":{"uv":[12.28571,6.28571,12,6.42857],"texture":"#2"}}},{"from":[7.6,19.788,3.8],"to":[8.4,20.3,4],"rotation":{"angle":0,"axis":"y","origin":[8.95,17.988,3.5]},"faces":{"north":{"uv":[2.85714,12,3.28571,12.28571],"texture":"#2"},"east":{"uv":[5.71429,12,5.85714,12.28571],"texture":"#2"},"south":{"uv":[12,2.85714,12.42857,3.14286],"texture":"#2"},"west":{"uv":[12,5.71429,12.14286,6],"texture":"#2"},"up":{"uv":[4.42857,12.14286,4,12],"texture":"#2"},"down":{"uv":[12.42857,4,12,4.14286],"texture":"#2"}}},{"from":[7.6,15.7,3.8],"to":[8.4,16.212,4],"rotation":{"angle":0,"axis":"y","origin":[8.95,18,3.5]},"faces":{"north":{"uv":[3.42857,12,3.85714,12.28571],"texture":"#2"},"east":{"uv":[6.85714,12,7,12.28571],"texture":"#2"},"south":{"uv":[12,3.42857,12.42857,3.71429],"texture":"#2"},"west":{"uv":[12,6.85714,12.14286,7.14286],"texture":"#2"},"up":{"uv":[5,12.14286,4.57143,12],"texture":"#2"},"down":{"uv":[12.42857,4.57143,12,4.71429],"texture":"#2"}}},{"from":[7.1,15.7,3.8],"to":[7.6,20.3,4],"rotation":{"angle":0,"axis":"y","origin":[7.05,18,3.5]},"faces":{"north":{"uv":[7.42857,8,7.71429,10.57143],"texture":"#2"},"east":{"uv":[0.57143,11.42857,0.71429,14],"texture":"#2"},"south":{"uv":[8.57143,0,8.85714,2.57143],"texture":"#2"},"west":{"uv":[1.14286,11.42857,1.28571,14],"texture":"#2"},"up":{"uv":[5.42857,12.14286,5.14286,12],"texture":"#2"},"down":{"uv":[12.28571,5.14286,12,5.28571],"texture":"#2"}}},{"from":[7.2,15.7,5],"to":[8.8,20.3,5.5],"rotation":{"angle":0,"axis":"y","origin":[8,18,5]},"faces":{"north":{"uv":[0,6.28571,0.85714,8.85714],"texture":"#2"},"east":{"uv":[8,6.28571,8.28571,8.85714],"texture":"#2"},"south":{"uv":[1.14286,6.28571,2,8.85714],"texture":"#2"},"west":{"uv":[6.85714,8,7.14286,10.57143],"texture":"#2"},"up":{"uv":[11.71429,11.71429,10.85714,11.42857],"texture":"#2"},"down":{"uv":[12.28571,10.85714,11.42857,11.14286],"texture":"#2"}}},{"from":[7.6,19.788,12],"to":[8.4,20.3,12.2],"rotation":{"angle":0,"axis":"y","origin":[8.95,17.988,12.5]},"faces":{"north":{"uv":[12.42857,2.85714,12,3.14286],"texture":"#2"},"east":{"uv":[5.85714,12,5.71429,12.28571],"texture":"#2"},"south":{"uv":[3.28571,12,2.85714,12.28571],"texture":"#2"},"west":{"uv":[12.14286,5.71429,12,6],"texture":"#2"},"up":{"uv":[4.42857,12,4,12.14286],"texture":"#2"},"down":{"uv":[12.42857,4.14286,12,4],"texture":"#2"}}},{"from":[8.4,15.7,12],"to":[8.9,20.3,12.2],"rotation":{"angle":0,"axis":"y","origin":[8.95,18,12.5]},"faces":{"north":{"uv":[4.28571,8.57143,4,11.14286],"texture":"#2"},"east":{"uv":[1.85714,11.42857,1.71429,14],"texture":"#2"},"south":{"uv":[3.71429,8.57143,3.42857,11.14286],"texture":"#2"},"west":{"uv":[11.57143,1.71429,11.42857,4.28571],"texture":"#2"},"up":{"uv":[6.57143,12,6.28571,12.14286],"texture":"#2"},"down":{"uv":[12.28571,6.42857,12,6.28571],"texture":"#2"}}},{"from":[7.1,15.7,12],"to":[7.6,20.3,12.2],"rotation":{"angle":0,"axis":"y","origin":[7.05,18,12.5]},"faces":{"north":{"uv":[8.85714,0,8.57143,2.57143],"texture":"#2"},"east":{"uv":[0.71429,11.42857,0.57143,14],"texture":"#2"},"south":{"uv":[7.71429,8,7.42857,10.57143],"texture":"#2"},"west":{"uv":[1.28571,11.42857,1.14286,14],"texture":"#2"},"up":{"uv":[5.42857,12,5.14286,12.14286],"texture":"#2"},"down":{"uv":[12.28571,5.28571,12,5.14286],"texture":"#2"}}},{"from":[7.6,15.7,12],"to":[8.4,16.212,12.2],"rotation":{"angle":0,"axis":"y","origin":[8.95,18,12.5]},"faces":{"north":{"uv":[12.42857,3.42857,12,3.71429],"texture":"#2"},"east":{"uv":[7,12,6.85714,12.28571],"texture":"#2"},"south":{"uv":[3.85714,12,3.42857,12.28571],"texture":"#2"},"west":{"uv":[12.14286,6.85714,12,7.14286],"texture":"#2"},"up":{"uv":[5,12,4.57143,12.14286],"texture":"#2"},"down":{"uv":[12.42857,4.71429,12,4.57143],"texture":"#2"}}},{"from":[6.8,15.3,11],"to":[9.2,20.7,12],"rotation":{"angle":0,"axis":"y","origin":[7,6.5,8.5]},"faces":{"north":{"uv":[3.14286,0,1.71429,3.14286],"texture":"#2"},"east":{"uv":[2.85714,6.28571,2.28571,9.42857],"texture":"#2"},"south":{"uv":[1.42857,0,0,3.14286],"texture":"#2"},"west":{"uv":[3.42857,6.28571,2.85714,9.42857],"texture":"#2"},"up":{"uv":[9.42857,3.42857,8,4],"texture":"#2"},"down":{"uv":[9.42857,4.57143,8,4],"texture":"#2"}}},{"from":[7.2,15.7,10.5],"to":[8.8,20.3,11],"rotation":{"angle":0,"axis":"y","origin":[8,18,11]},"faces":{"north":{"uv":[2,6.28571,1.14286,8.85714],"texture":"#2"},"east":{"uv":[8.28571,6.28571,8,8.85714],"texture":"#2"},"south":{"uv":[0.85714,6.28571,0,8.85714],"texture":"#2"},"west":{"uv":[7.14286,8,6.85714,10.57143],"texture":"#2"},"up":{"uv":[11.71429,11.42857,10.85714,11.71429],"texture":"#2"},"down":{"uv":[12.28571,11.14286,11.42857,10.85714],"texture":"#2"}}},{"from":[7,15.5,9.5],"to":[9,20.5,10.5],"rotation":{"angle":0,"axis":"y","origin":[7,6.5,8.5]},"faces":{"north":{"uv":[4.57143,0,3.42857,2.85714],"texture":"#2"},"east":{"uv":[5.71429,1.71429,5.14286,4.57143],"texture":"#2"},"south":{"uv":[1.14286,3.42857,0,6.28571],"texture":"#2"},"west":{"uv":[7.42857,0,6.85714,2.85714],"texture":"#2"},"up":{"uv":[10.28571,4.57143,9.14286,5.14286],"texture":"#2"},"down":{"uv":[10.28571,5.71429,9.14286,5.14286],"texture":"#2"}}},{"from":[7,18.6,6.5],"to":[7,21.6,9.5],"rotation":{"angle":0,"axis":"y","origin":[7,18.6,6.5]},"faces":{"north":{"uv":[0,0,0,1.71429],"texture":"#1"},"east":{"uv":[0,0,11.99643,11.99643],"texture":"#1"},"south":{"uv":[0,0,0,1.71429],"texture":"#1"},"west":{"uv":[0,0,11.99643,11.99643],"texture":"#1"},"up":{"uv":[0,0,0,1.71429],"texture":"#1"},"down":{"uv":[0,0,0,1.71429],"texture":"#1"}}},{"from":[9,18.6,6.5],"to":[9,21.6,9.5],"rotation":{"angle":0,"axis":"y","origin":[9,18.6,6.5]},"faces":{"north":{"uv":[0,0,0,1.71429],"texture":"#1"},"east":{"uv":[11.99643,0,0,11.99643],"texture":"#1"},"south":{"uv":[0,0,0,1.71429],"texture":"#1"},"west":{"uv":[11.99643,0,0,11.99643],"texture":"#1"},"up":{"uv":[0,0,0,1.71429],"texture":"#1"},"down":{"uv":[0,0,0,1.71429],"texture":"#1"}}}],"gui_light":"front","display":{"thirdperson_righthand":{"translation":[0,2,1.75]},"thirdperson_lefthand":{"translation":[0,2,1.75]},"firstperson_righthand":{"rotation":[-15,0,0],"translation":[2.5,-0.75,0]},"firstperson_lefthand":{"rotation":[-15,0,0],"translation":[2.5,-0.75,0]},"ground":{"rotation":[0,0,-88],"translation":[-2.25,-1.5,0],"scale":[0.77734,0.77734,0.77734]},"gui":{"rotation":[90,-135,90],"translation":[-1.5,-1.5,-0.75],"scale":[0.72734,0.72734,0.72734]},"head":{"scale":[0,0,0]},"fixed":{"rotation":[-90,90,90],"translation":[0.75,-2.5,-1.75],"scale":[1.89922,1.89922,1.89922]}}}