{"credit":"MadewithBlockbench","texture_size":[28,28],"textures":{"0":"blaze:helmet","1":"blaze:animation_2","particle":"blaze:helmet"},"elements":[{"from":[5,10.5,4],"to":[11,11.5,11],"rotation":{"angle":0,"axis":"y","origin":[11,6.5,4]},"faces":{"north":{"uv":[12.57143,0,16,0.57143],"texture":"#0"},"east":{"uv":[11.42857,8,15.42857,8.57143],"texture":"#0"},"south":{"uv":[12.57143,0.57143,16,1.14286],"texture":"#0"},"west":{"uv":[11.42857,8.57143,15.42857,9.14286],"texture":"#0"},"up":{"uv":[8,4,4.57143,0],"texture":"#0"},"down":{"uv":[8,4,4.57143,8],"texture":"#0"}}},{"from":[5,8.5,4],"to":[11,10.5,5],"rotation":{"angle":0,"axis":"y","origin":[11,6.5,4]},"faces":{"north":{"uv":[9.71429,4,13.14286,5.14286],"texture":"#0"},"east":{"uv":[6.28571,13.71429,6.85714,14.85714],"texture":"#0"},"south":{"uv":[9.71429,5.14286,13.14286,6.28571],"texture":"#0"},"west":{"uv":[6.85714,13.71429,7.42857,14.85714],"texture":"#0"},"up":{"uv":[16,1.71429,12.57143,1.14286],"texture":"#0"},"down":{"uv":[16,6.28571,12.57143,6.85714],"texture":"#0"}}},{"from":[4,9.5,4],"to":[5,11.5,11],"rotation":{"angle":0,"axis":"y","origin":[4,7.5,7]},"faces":{"north":{"uv":[5.14286,13.71429,5.71429,14.85714],"texture":"#0"},"east":{"uv":[7.42857,8,11.42857,9.14286],"texture":"#0"},"south":{"uv":[5.71429,13.71429,6.28571,14.85714],"texture":"#0"},"west":{"uv":[7.42857,9.14286,11.42857,10.28571],"texture":"#0"},"up":{"uv":[4,15.42857,3.42857,11.42857],"texture":"#0"},"down":{"uv":[12,9.14286,11.42857,13.14286],"texture":"#0"}}},{"from":[4.9,11.5,4.5],"to":[4.9,13.5,11.5],"rotation":{"angle":0,"axis":"y","origin":[4,7.5,7]},"faces":{"north":{"uv":[0,0,0,1.14286],"texture":"#0"},"south":{"uv":[0,0,0,1.14286],"texture":"#0"},"west":{"uv":[9.71429,2.85714,13.71429,4],"texture":"#0"},"up":{"uv":[0,4,0,0],"texture":"#0"},"down":{"uv":[0,0,0,4],"texture":"#0"}}},{"from":[4,4.5,7],"to":[5,9.5,11],"rotation":{"angle":0,"axis":"y","origin":[4,5.5,7]},"faces":{"north":{"uv":[9.71429,12.57143,10.28571,15.42857],"texture":"#0"},"east":{"uv":[0,8,2.28571,10.85714],"texture":"#0"},"south":{"uv":[10.28571,12.57143,10.85714,15.42857],"texture":"#0"},"west":{"uv":[8,0,10.28571,2.85714],"texture":"#0"},"up":{"uv":[11.42857,14.85714,10.85714,12.57143],"texture":"#0"},"down":{"uv":[12.57143,12.57143,12,14.85714],"texture":"#0"}}},{"from":[4,4.5,11],"to":[12,11.5,12],"rotation":{"angle":0,"axis":"y","origin":[4,5.5,11]},"faces":{"north":{"uv":[0,0,4.57143,4],"texture":"#0"},"east":{"uv":[7.42857,12,8,16],"texture":"#0"},"south":{"uv":[0,4,4.57143,8],"texture":"#0"},"west":{"uv":[8,12,8.57143,16],"texture":"#0"},"up":{"uv":[14.85714,2.28571,10.28571,1.71429],"texture":"#0"},"down":{"uv":[14.85714,2.28571,10.28571,2.85714],"texture":"#0"}}},{"from":[6.5,6.5,12],"to":[9.5,12.5,13],"rotation":{"angle":0,"axis":"y","origin":[1.5,5.5,12]},"faces":{"north":{"uv":[2.28571,8,4,11.42857],"texture":"#0"},"east":{"uv":[8.57143,12,9.14286,15.42857],"texture":"#0"},"south":{"uv":[8,2.85714,9.71429,6.28571],"texture":"#0"},"west":{"uv":[9.14286,12,9.71429,15.42857],"texture":"#0"},"up":{"uv":[14.85714,4.57143,13.14286,4],"texture":"#0"},"down":{"uv":[14.85714,4.57143,13.14286,5.14286],"texture":"#0"}}},{"from":[6.5,11.5,7],"to":[9.5,12.5,12],"rotation":{"angle":0,"axis":"y","origin":[1.5,5.5,11]},"faces":{"north":{"uv":[13.14286,5.14286,14.85714,5.71429],"texture":"#0"},"east":{"uv":[12.57143,6.85714,15.42857,7.42857],"texture":"#0"},"south":{"uv":[13.14286,5.71429,14.85714,6.28571],"texture":"#0"},"west":{"uv":[12.57143,7.42857,15.42857,8],"texture":"#0"},"up":{"uv":[5.71429,10.85714,4,8],"texture":"#0"},"down":{"uv":[7.42857,8,5.71429,10.85714],"texture":"#0"}}},{"from":[4,4.5,4],"to":[5,6.5,7],"rotation":{"angle":0,"axis":"y","origin":[4,5.5,4]},"faces":{"north":{"uv":[13.71429,2.85714,14.28571,4],"texture":"#0"},"east":{"uv":[4,12.57143,5.71429,13.71429],"texture":"#0"},"south":{"uv":[4.57143,13.71429,5.14286,14.85714],"texture":"#0"},"west":{"uv":[5.71429,12.57143,7.42857,13.71429],"texture":"#0"},"up":{"uv":[2.28571,14.85714,1.71429,13.14286],"texture":"#0"},"down":{"uv":[2.85714,13.14286,2.28571,14.85714],"texture":"#0"}}},{"from":[5,4.5,4],"to":[6,7.5,5],"rotation":{"angle":0,"axis":"y","origin":[4,4.5,4]},"faces":{"north":{"uv":[12.57143,12.57143,13.14286,14.28571],"texture":"#0"},"east":{"uv":[0,13.14286,0.57143,14.85714],"texture":"#0"},"south":{"uv":[0.57143,13.14286,1.14286,14.85714],"texture":"#0"},"west":{"uv":[1.14286,13.14286,1.71429,14.85714],"texture":"#0"},"up":{"uv":[2.28571,11.42857,1.71429,10.85714],"texture":"#0"},"down":{"uv":[14.28571,13.71429,13.71429,14.28571],"texture":"#0"}}},{"from":[6.5,9.5,3.7],"to":[9.5,12.5,7],"rotation":{"angle":45,"axis":"z","origin":[8,11,4]},"faces":{"north":{"uv":[4,10.85714,5.71429,12.57143],"texture":"#0"},"east":{"uv":[9.71429,12.14286,11.42857,10.28571],"rotation":90,"texture":"#0"},"south":{"uv":[5.71429,10.85714,7.42857,12.57143],"texture":"#0"},"west":{"uv":[7.42857,10.28571,9.28571,12],"texture":"#0"},"up":{"uv":[11.42857,12.14286,9.71429,10.28571],"texture":"#0"},"down":{"uv":[1.71429,10.85714,0,12.71429],"texture":"#0"}}},{"from":[6.8,9.8,3.2],"to":[9.2,12.2,3.7],"rotation":{"angle":45,"axis":"z","origin":[8,11,2.7]},"faces":{"north":{"uv":[12,9.14286,13.42857,10.57143],"texture":"#0"},"east":{"uv":[13.71429,9.14286,14,10.57143],"texture":"#0"},"south":{"uv":[12,10.85714,13.42857,12.28571],"texture":"#0"},"west":{"uv":[13.71429,10.85714,14,12.28571],"texture":"#0"},"up":{"uv":[15.14286,12.85714,13.71429,12.57143],"texture":"#0"},"down":{"uv":[15.14286,13.14286,13.71429,13.42857],"texture":"#0"}}},{"from":[3,5.5,8.8],"to":[4,8.5,11.8],"rotation":{"angle":-45,"axis":"x","origin":[3,6.5,8.8]},"faces":{"north":{"uv":[2.85714,13.14286,3.42857,14.85714],"texture":"#0"},"east":{"uv":[10.85714,6.28571,12.57143,8],"texture":"#0"},"south":{"uv":[11.42857,13.14286,12,14.85714],"texture":"#0"},"west":{"uv":[1.71429,11.42857,3.42857,13.14286],"texture":"#0"},"up":{"uv":[13.71429,14.28571,13.14286,12.57143],"texture":"#0"},"down":{"uv":[4.57143,13.71429,4,15.42857],"texture":"#0"}}},{"from":[10.6,11.5,4.5],"to":[10.6,13.5,11.5],"rotation":{"angle":0,"axis":"y","origin":[11.5,7.5,7]},"faces":{"north":{"uv":[0,0,0,1.14286],"texture":"#0"},"east":{"uv":[13.71429,2.85714,9.71429,4],"texture":"#0"},"south":{"uv":[0,0,0,1.14286],"texture":"#0"},"west":{"uv":[9.71429,2.85714,13.71429,4],"texture":"#0"},"up":{"uv":[0,4,0,0],"texture":"#0"},"down":{"uv":[0,0,0,4],"texture":"#0"}}},{"from":[5.4,11.5,4.5],"to":[5.4,13.5,11.5],"rotation":{"angle":0,"axis":"y","origin":[4.5,7.5,7]},"faces":{"north":{"uv":[0,0,0,1.14286],"texture":"#0"},"east":{"uv":[13.71429,2.85714,9.71429,4],"texture":"#0"},"south":{"uv":[0,0,0,1.14286],"texture":"#0"},"west":{"uv":[9.71429,2.85714,13.71429,4],"texture":"#0"},"up":{"uv":[0,4,0,0],"texture":"#0"},"down":{"uv":[0,0,0,4],"texture":"#0"}}},{"from":[11,9.5,4],"to":[12,11.5,11],"rotation":{"angle":0,"axis":"y","origin":[12,7.5,7]},"faces":{"north":{"uv":[5.71429,13.71429,5.14286,14.85714],"texture":"#0"},"east":{"uv":[11.42857,9.14286,7.42857,10.28571],"texture":"#0"},"south":{"uv":[6.28571,13.71429,5.71429,14.85714],"texture":"#0"},"west":{"uv":[11.42857,8,7.42857,9.14286],"texture":"#0"},"up":{"uv":[3.42857,15.42857,4,11.42857],"texture":"#0"},"down":{"uv":[11.42857,9.14286,12,13.14286],"texture":"#0"}}},{"from":[11,4.5,7],"to":[12,9.5,11],"rotation":{"angle":0,"axis":"y","origin":[12,5.5,7]},"faces":{"north":{"uv":[10.28571,12.57143,9.71429,15.42857],"texture":"#0"},"east":{"uv":[10.28571,0,8,2.85714],"texture":"#0"},"south":{"uv":[10.85714,12.57143,10.28571,15.42857],"texture":"#0"},"west":{"uv":[2.28571,8,0,10.85714],"texture":"#0"},"up":{"uv":[10.85714,14.85714,11.42857,12.57143],"texture":"#0"},"down":{"uv":[12,12.57143,12.57143,14.85714],"texture":"#0"}}},{"from":[12,5.425,8.8],"to":[13,8.425,11.8],"rotation":{"angle":-45,"axis":"x","origin":[13,6.425,8.8]},"faces":{"north":{"uv":[3.42857,13.14286,2.85714,14.85714],"texture":"#0"},"east":{"uv":[3.42857,11.42857,1.71429,13.14286],"texture":"#0"},"south":{"uv":[12,13.14286,11.42857,14.85714],"texture":"#0"},"west":{"uv":[12.57143,6.28571,10.85714,8],"texture":"#0"},"up":{"uv":[13.14286,14.28571,13.71429,12.57143],"texture":"#0"},"down":{"uv":[4,13.71429,4.57143,15.42857],"texture":"#0"}}},{"from":[12.3,5.425,11.5],"to":[12.3,8.425,16.5],"rotation":{"angle":-45,"axis":"x","origin":[13,6.425,8.8]},"faces":{"north":{"uv":[0,0,0,1.71429],"texture":"#0"},"east":{"uv":[10.85714,6.28571,8,8],"texture":"#0"},"south":{"uv":[0,0,0,1.71429],"texture":"#0"},"west":{"uv":[8,6.28571,10.85714,8],"texture":"#0"},"up":{"uv":[0,2.85714,0,0],"texture":"#0"},"down":{"uv":[0,0,0,2.85714],"texture":"#0"}}},{"from":[3.7,5.425,11.5],"to":[3.7,8.425,16.5],"rotation":{"angle":-45,"axis":"x","origin":[3,6.425,8.8]},"faces":{"north":{"uv":[0,0,0,1.71429],"texture":"#0"},"east":{"uv":[10.85714,6.28571,8,8],"texture":"#0"},"south":{"uv":[0,0,0,1.71429],"texture":"#0"},"west":{"uv":[8,6.28571,10.85714,8],"texture":"#0"},"up":{"uv":[0,2.85714,0,0],"texture":"#0"},"down":{"uv":[0,0,0,2.85714],"texture":"#0"}}},{"from":[3,5.425,8.8],"to":[4,8.425,11.8],"rotation":{"angle":-45,"axis":"x","origin":[3,6.425,8.8]},"faces":{"north":{"uv":[2.85714,13.14286,3.42857,14.85714],"texture":"#0"},"east":{"uv":[10.85714,6.28571,12.57143,8],"texture":"#0"},"south":{"uv":[11.42857,13.14286,12,14.85714],"texture":"#0"},"west":{"uv":[1.71429,11.42857,3.42857,13.14286],"texture":"#0"},"up":{"uv":[13.71429,14.28571,13.14286,12.57143],"texture":"#0"},"down":{"uv":[4.57143,13.71429,4,15.42857],"texture":"#0"}}},{"from":[11,4.5,4],"to":[12,6.5,7],"rotation":{"angle":0,"axis":"y","origin":[12,5.5,4]},"faces":{"north":{"uv":[14.28571,2.85714,13.71429,4],"texture":"#0"},"east":{"uv":[7.42857,12.57143,5.71429,13.71429],"texture":"#0"},"south":{"uv":[5.14286,13.71429,4.57143,14.85714],"texture":"#0"},"west":{"uv":[5.71429,12.57143,4,13.71429],"texture":"#0"},"up":{"uv":[1.71429,14.85714,2.28571,13.14286],"texture":"#0"},"down":{"uv":[2.28571,13.14286,2.85714,14.85714],"texture":"#0"}}},{"from":[10,4.5,4],"to":[11,7.5,5],"rotation":{"angle":0,"axis":"y","origin":[12,4.5,4]},"faces":{"north":{"uv":[13.14286,12.57143,12.57143,14.28571],"texture":"#0"},"east":{"uv":[1.71429,13.14286,1.14286,14.85714],"texture":"#0"},"south":{"uv":[1.14286,13.14286,0.57143,14.85714],"texture":"#0"},"west":{"uv":[0.57143,13.14286,0,14.85714],"texture":"#0"},"up":{"uv":[1.71429,11.42857,2.28571,10.85714],"texture":"#0"},"down":{"uv":[13.71429,13.71429,14.28571,14.28571],"texture":"#0"}}},{"from":[8.2,10.9,3.5],"to":[19.2,15.9,3.5],"rotation":{"angle":0,"axis":"y","origin":[-0.8,6.9,-4]},"faces":{"north":{"uv":[0,0,13.61905,6.19048],"texture":"#1"},"east":{"uv":[0,0,0,2.85714],"texture":"#1"},"south":{"uv":[13.61905,0,0,6.19048],"texture":"#1"},"west":{"uv":[0,0,0,2.85714],"texture":"#1"},"up":{"uv":[6.28571,0,0,0],"texture":"#1"},"down":{"uv":[6.28571,0,0,0],"texture":"#1"}}},{"from":[-3.2,10.9,3.5],"to":[7.8,15.9,3.5],"rotation":{"angle":0,"axis":"y","origin":[16.8,6.9,-4]},"faces":{"north":{"uv":[13.61905,0,0,6.19048],"texture":"#1"},"east":{"uv":[0,0,0,2.85714],"texture":"#1"},"south":{"uv":[0,0,13.61905,6.19048],"texture":"#1"},"west":{"uv":[0,0,0,2.85714],"texture":"#1"},"up":{"uv":[0,0,6.28571,0],"texture":"#1"},"down":{"uv":[0,0,6.28571,0],"texture":"#1"}}}],"gui_light":"front","display":{"thirdperson_righthand":{"rotation":[57,0,0],"translation":[0,2,0.5],"scale":[0.81641,0.81641,0.81641]},"thirdperson_lefthand":{"rotation":[57,0,0],"translation":[0,2,0.5],"scale":[0.81641,0.81641,0.81641]},"firstperson_righthand":{"rotation":[0,-180,0],"translation":[-1.75,4.75,-0.5],"scale":[1.0957,1.0957,1.0957]},"firstperson_lefthand":{"rotation":[0,-180,0],"translation":[-1.75,4.75,-0.5],"scale":[1.0957,1.0957,1.0957]},"ground":{"rotation":[30,0,0],"translation":[0,4,0],"scale":[1.24609,1.24609,1.24609]},"gui":{"rotation":[-162.25,25.75,180],"translation":[-0.5,-1,0],"scale":[1.03867,1.03867,1.03867]},"head":{"translation":[0,0.25,0],"scale":[2,2,2]},"fixed":{"rotation":[-90,0,0],"translation":[0,0,-11],"scale":[2.94531,2.94531,2.94531]}}}