{"credit":"MadewithBlockbench","texture_size":[8,8],"textures":{"0":"blaze:key","particle":"blaze:key"},"elements":[{"from":[7.5,7.3,10.00251],"to":[8.5,9,11.70251],"rotation":{"angle":-45,"axis":"x","origin":[8,8,11.00251]},"faces":{"north":{"uv":[8,4,10,7.5],"texture":"#0"},"east":{"uv":[4,4,7.5,7.5],"texture":"#0"},"south":{"uv":[8,8,10,11.5],"texture":"#0"},"west":{"uv":[4,8,7.5,11.5],"texture":"#0"},"up":{"uv":[12,3.5,10,0],"texture":"#0"},"down":{"uv":[12,4,10,7.5],"texture":"#0"}}},{"from":[7.5,7,4.50251],"to":[8.5,8,5.50251],"rotation":{"angle":-45,"axis":"x","origin":[8,8,4.50251]},"faces":{"north":{"uv":[6,12,8,14],"texture":"#0"},"east":{"uv":[12,6,14,8],"texture":"#0"},"south":{"uv":[8,12,10,14],"texture":"#0"},"west":{"uv":[10,12,12,14],"texture":"#0"},"up":{"uv":[14,14,12,12],"texture":"#0"},"down":{"uv":[2,14,0,16],"texture":"#0"}}},{"from":[7.3,7.6,10.30251],"to":[8.7,8.7,11.40251],"rotation":{"angle":-45,"axis":"x","origin":[8,8,11.00251]},"faces":{"north":{"uv":[10,8,13,10],"texture":"#0"},"east":{"uv":[4,12,6,14],"texture":"#0"},"south":{"uv":[10,10,13,12],"texture":"#0"},"west":{"uv":[12,4,14,6],"texture":"#0"},"up":{"uv":[15,2,12,0],"texture":"#0"},"down":{"uv":[15,2,12,4],"texture":"#0"}}},{"from":[7.6,7.6,5.30251],"to":[8.4,8.4,10.30251],"rotation":{"angle":0,"axis":"y","origin":[7.5,7.5,6.30251]},"faces":{"north":{"uv":[14,4,15.5,5.5],"texture":"#0"},"east":{"uv":[0,0,10,1.5],"texture":"#0"},"south":{"uv":[6,14,7.5,15.5],"texture":"#0"},"west":{"uv":[0,2,10,3.5],"texture":"#0"},"up":{"uv":[1.5,14,0,4],"texture":"#0"},"down":{"uv":[3.5,4,2,14],"texture":"#0"}}},{"from":[7.75,6.6,5.25251],"to":[8.25,7.6,5.95251],"rotation":{"angle":0,"axis":"y","origin":[8.25,7.1,5.75251]},"faces":{"north":{"uv":[14,6,15,8],"texture":"#0"},"east":{"uv":[2,14,3.5,16],"texture":"#0"},"south":{"uv":[8,14,9,16],"texture":"#0"},"west":{"uv":[4,14,5.5,16],"texture":"#0"},"up":{"uv":[15,9.5,14,8],"texture":"#0"},"down":{"uv":[11,14,10,15.5],"texture":"#0"}}},{"from":[7.75,6.6,6.40251],"to":[8.25,7.6,7.10251],"rotation":{"angle":0,"axis":"y","origin":[8.25,7.1,6.90251]},"faces":{"north":{"uv":[14,6,15,8],"texture":"#0"},"east":{"uv":[2,14,3.5,16],"texture":"#0"},"south":{"uv":[8,14,9,16],"texture":"#0"},"west":{"uv":[4,14,5.5,16],"texture":"#0"},"up":{"uv":[15,9.5,14,8],"texture":"#0"},"down":{"uv":[11,14,10,15.5],"texture":"#0"}}}],"gui_light":"front","display":{"thirdperson_righthand":{"rotation":[70,0,0],"translation":[0,3,-0.75]},"thirdperson_lefthand":{"rotation":[70,0,0],"translation":[0,3,-0.75]},"firstperson_righthand":{"rotation":[26.75,0,0],"translation":[-3.5,6,4]},"firstperson_lefthand":{"rotation":[26.75,0,0],"translation":[-3.5,6,4]},"ground":{"rotation":[45,0,0],"scale":[1.31055,1.31055,1.31055]},"gui":{"rotation":[90,-45,90],"translation":[0.25,0.25,-0.5],"scale":[1.94141,1.94141,1.94141]},"head":{"scale":[0,0,0]},"fixed":{"rotation":[-90,135,90],"translation":[-0.25,0.25,-0.5],"scale":[3.33789,3.33789,3.33789]}}}