{"credit":"MadewithBlockbench","textures":{"1":"blaze:animation_2","2":"blaze:melee","particle":"blaze:melee"},"elements":[{"from":[7.4,0,7.4],"to":[8.6,1.2,8.6],"rotation":{"angle":0,"axis":"y","origin":[7.5,0,7.5]},"faces":{"north":{"uv":[10,4,11.25,5.25],"texture":"#2"},"east":{"uv":[5,10,6.25,11.25],"texture":"#2"},"south":{"uv":[10,6,11.25,7.25],"texture":"#2"},"west":{"uv":[7,10,8.25,11.25],"texture":"#2"},"up":{"uv":[11.25,9.25,10,8],"texture":"#2"},"down":{"uv":[10.25,10,9,11.25],"texture":"#2"}}},{"from":[7.4,6.2,7.4],"to":[8.6,7.4,8.6],"rotation":{"angle":0,"axis":"y","origin":[7.5,0,7.5]},"faces":{"north":{"uv":[11,0,12.25,1.25],"texture":"#2"},"east":{"uv":[11,2,12.25,3.25],"texture":"#2"},"south":{"uv":[11,10,12.25,11.25],"texture":"#2"},"west":{"uv":[4,12,5.25,13.25],"texture":"#2"},"up":{"uv":[13.25,5.25,12,4],"texture":"#2"},"down":{"uv":[7.25,12,6,13.25],"texture":"#2"}}},{"from":[7.5,1.2,7.5],"to":[8.5,2.2,8.5],"rotation":{"angle":0,"axis":"y","origin":[6.9,-5.6,6.9]},"faces":{"north":{"uv":[4,11,5,12],"texture":"#2"},"east":{"uv":[12,6,13,7],"texture":"#2"},"south":{"uv":[12,7,13,8],"texture":"#2"},"west":{"uv":[8,12,9,13],"texture":"#2"},"up":{"uv":[13,9,12,8],"texture":"#2"},"down":{"uv":[10,12,9,13],"texture":"#2"}}},{"from":[7.6,2.2,7.6],"to":[8.4,5.2,8.4],"rotation":{"angle":0,"axis":"y","origin":[6.9,-5.6,6.9]},"faces":{"north":{"uv":[6,2,6.75,5],"texture":"#2"},"east":{"uv":[3,6,3.75,9],"texture":"#2"},"south":{"uv":[4,6,4.75,9],"texture":"#2"},"west":{"uv":[6,5,6.75,8],"texture":"#2"},"up":{"uv":[13.75,7.75,13,7],"texture":"#2"},"down":{"uv":[8.75,13,8,13.75],"texture":"#2"}}},{"from":[7.5,5.2,7.5],"to":[8.5,6.2,8.5],"rotation":{"angle":0,"axis":"y","origin":[6.9,-5.8,6.9]},"faces":{"north":{"uv":[12,9,13,10],"texture":"#2"},"east":{"uv":[10,12,11,13],"texture":"#2"},"south":{"uv":[11,12,12,13],"texture":"#2"},"west":{"uv":[12,12,13,13],"texture":"#2"},"up":{"uv":[1,14,0,13],"texture":"#2"},"down":{"uv":[14,0,13,1],"texture":"#2"}}},{"from":[7.75,-2,7.525],"to":[8.25,0,8.525],"rotation":{"angle":0,"axis":"x","origin":[8,-1.25,7.85]},"faces":{"north":{"uv":[13.5,1,13,3],"rotation":180,"texture":"#2"},"east":{"uv":[9,0,11,1],"rotation":270,"texture":"#2"},"south":{"uv":[1.5,15,1,13],"texture":"#2"},"west":{"uv":[9,1,11,2],"rotation":90,"texture":"#2"},"up":{"uv":[13,8,13.5,9],"rotation":180,"texture":"#2"},"down":{"uv":[9,13,9.5,14],"texture":"#2"}}},{"from":[7.755,9.08909,8.7283],"to":[8.245,13.08909,9.7283],"rotation":{"angle":0,"axis":"x","origin":[7.98,10.58909,9.2283]},"faces":{"north":{"uv":[9,2,9.5,6],"texture":"#2"},"east":{"uv":[3,0,4,4],"texture":"#2"},"south":{"uv":[3,9,3.5,13],"texture":"#2"},"west":{"uv":[4,0,5,4],"texture":"#2"},"up":{"uv":[13.5,10,13,9],"texture":"#2"},"down":{"uv":[10.5,13,10,14],"texture":"#2"}}},{"from":[7.75,8.73553,8.16764],"to":[8.25,9.73553,9.16764],"rotation":{"angle":45,"axis":"x","origin":[8,8.73553,8.66764]},"faces":{"north":{"uv":[13,10,13.5,11],"texture":"#2"},"east":{"uv":[2,13,3,14],"texture":"#2"},"south":{"uv":[11,13,11.5,14],"texture":"#2"},"west":{"uv":[3,13,4,14],"texture":"#2"},"up":{"uv":[13.5,12,13,11],"texture":"#2"},"down":{"uv":[12.5,13,12,14],"texture":"#2"}}},{"from":[7.75,15.56396,9.75343],"to":[8.25,16.56396,10.75343],"rotation":{"angle":45,"axis":"x","origin":[8,15.56396,6.25343]},"faces":{"north":{"uv":[13,12,13.5,13],"texture":"#2"},"east":{"uv":[13,3,14,4],"texture":"#2"},"south":{"uv":[13,13,13.5,14],"texture":"#2"},"west":{"uv":[13,6,14,7],"texture":"#2"},"up":{"uv":[0.5,15,0,14],"texture":"#2"},"down":{"uv":[14.5,0,14,1],"texture":"#2"}}},{"from":[7.5,7,7],"to":[8.5,9,9],"rotation":{"angle":45,"axis":"x","origin":[8,8,8]},"faces":{"north":{"uv":[4,9,5,11],"texture":"#2"},"east":{"uv":[3,4,5,6],"texture":"#2"},"south":{"uv":[9,6,10,8],"texture":"#2"},"west":{"uv":[5,0,7,2],"texture":"#2"},"up":{"uv":[10,10,9,8],"texture":"#2"},"down":{"uv":[11,2,10,4],"texture":"#2"}}},{"from":[7.3,7.3,7.3],"to":[8.7,8.7,8.7],"rotation":{"angle":45,"axis":"x","origin":[7.3,8,8]},"faces":{"north":{"uv":[7,0,8.5,1.5],"texture":"#2"},"east":{"uv":[7,2,8.5,3.5],"texture":"#2"},"south":{"uv":[7,4,8.5,5.5],"texture":"#2"},"west":{"uv":[7,6,8.5,7.5],"texture":"#2"},"up":{"uv":[6.5,9.5,5,8],"texture":"#2"},"down":{"uv":[8.5,8,7,9.5],"texture":"#2"}}},{"from":[8,-3,7.02501],"to":[8,0,8.02501],"rotation":{"angle":0,"axis":"x","origin":[8,-1.25,7.85]},"faces":{"north":{"uv":[0,0,0,3],"rotation":180,"texture":"#2"},"east":{"uv":[5,2,6,5],"rotation":180,"texture":"#2"},"south":{"uv":[0,0,0,3],"rotation":180,"texture":"#2"},"west":{"uv":[5,5,6,8],"rotation":180,"texture":"#2"},"up":{"uv":[0,0,0,1],"texture":"#2"},"down":{"uv":[0,1,0,0],"texture":"#2"}}},{"from":[8,6.5,6.6],"to":[8,19,9.6],"rotation":{"angle":0,"axis":"y","origin":[7,0.5,5.5]},"faces":{"north":{"uv":[0,0,0,12.5],"texture":"#2"},"east":{"uv":[3,0,0,12.5],"texture":"#2"},"south":{"uv":[0,0,0,12.5],"texture":"#2"},"west":{"uv":[0,0,3,12.5],"texture":"#2"},"up":{"uv":[0,3,0,0],"texture":"#2"},"down":{"uv":[0,0,0,3],"texture":"#2"}}},{"from":[7.6,8.31,7.15],"to":[7.6,14.69,10.05],"rotation":{"angle":0,"axis":"y","origin":[7.6,11.5,8.6]},"faces":{"north":{"uv":[11,0,0,0],"rotation":270,"texture":"#1"},"east":{"uv":[13.83333,0.66667,1.91667,6.41667],"rotation":270,"texture":"#1"},"south":{"uv":[11,0,0,0],"rotation":270,"texture":"#1"},"west":{"uv":[1.91667,0.66667,13.83333,6.41667],"rotation":90,"texture":"#1"},"up":{"uv":[0,0,0,5],"rotation":180,"texture":"#1"},"down":{"uv":[0,0,0,5],"texture":"#1"}}},{"from":[8.4,8.31,7.15],"to":[8.4,14.69,10.05],"rotation":{"angle":0,"axis":"y","origin":[8.4,11.5,8.6]},"faces":{"north":{"uv":[11,0,0,0],"rotation":270,"texture":"#1"},"east":{"uv":[1.91667,6.41667,13.83333,0.66667],"rotation":90,"texture":"#1"},"south":{"uv":[11,0,0,0],"rotation":270,"texture":"#1"},"west":{"uv":[13.83333,6.41667,1.91667,0.66667],"rotation":270,"texture":"#1"},"up":{"uv":[0,0,0,5],"rotation":180,"texture":"#1"},"down":{"uv":[0,0,0,5],"texture":"#1"}}}],"gui_light":"front","display":{"thirdperson_righthand":{"rotation":[-22.95,-22.47,-91.06],"translation":[3.25,-1,2],"scale":[0.81836,0.81836,0.81836]},"thirdperson_lefthand":{"rotation":[-22.95,-22.47,-91.06],"translation":[3.25,-1,2],"scale":[0.81836,0.81836,0.81836]},"firstperson_righthand":{"rotation":[-3.88,17.28,-74.79],"translation":[-4.5,1.75,0.5],"scale":[1.21094,1.21094,1.21094]},"firstperson_lefthand":{"rotation":[-3.88,17.28,-74.79],"translation":[-4.5,1.75,0.5],"scale":[1.21094,1.21094,1.21094]},"ground":{"rotation":[0,0,-88],"translation":[-0.75,-1.5,-0.75],"scale":[0.77734,0.77734,0.77734]},"gui":{"rotation":[90,-135,90],"translation":[0,-0.75,-0.75],"scale":[0.7,0.7,0.7]},"head":{"scale":[0,0,0]},"fixed":{"rotation":[-90,90,90],"translation":[0.75,-0.5,-1.75],"scale":[1.89922,1.89922,1.89922]}}}