{"credit":"MadewithBlockbench","texture_size":[20,20],"textures":{"1":"blaze:pickaxe","2":"blaze:animation_3","particle":"blaze:animation_3"},"elements":[{"from":[7.4,0,7.4],"to":[8.6,1.2,8.6],"rotation":{"angle":0,"axis":"y","origin":[7.5,0,7.5]},"faces":{"north":{"uv":[8.8,6.4,9.8,7.4],"texture":"#1"},"east":{"uv":[8.8,8,9.8,9],"texture":"#1"},"south":{"uv":[3.2,9.6,4.2,10.6],"texture":"#1"},"west":{"uv":[9.6,3.2,10.6,4.2],"texture":"#1"},"up":{"uv":[10.6,5.8,9.6,4.8],"texture":"#1"},"down":{"uv":[7.4,9.6,6.4,10.6],"texture":"#1"}}},{"from":[7.4,6.2,7.4],"to":[8.6,7.4,8.6],"rotation":{"angle":0,"axis":"y","origin":[7.5,0,7.5]},"faces":{"north":{"uv":[8,9.6,9,10.6],"texture":"#1"},"east":{"uv":[9.6,9.6,10.6,10.6],"texture":"#1"},"south":{"uv":[0,10.4,1,11.4],"texture":"#1"},"west":{"uv":[10.4,0,11.4,1],"texture":"#1"},"up":{"uv":[2.6,11.4,1.6,10.4],"texture":"#1"},"down":{"uv":[11.4,1.6,10.4,2.6],"texture":"#1"}}},{"from":[7.4,11.2,7.4],"to":[8.6,12.4,8.6],"rotation":{"angle":0,"axis":"y","origin":[7.5,5,7.5]},"faces":{"north":{"uv":[4.8,10.4,5.8,11.4],"texture":"#1"},"east":{"uv":[10.4,6.4,11.4,7.4],"texture":"#1"},"south":{"uv":[10.4,8,11.4,9],"texture":"#1"},"west":{"uv":[3.2,11.2,4.2,12.2],"texture":"#1"},"up":{"uv":[12.2,4.2,11.2,3.2],"texture":"#1"},"down":{"uv":[12.2,4.8,11.2,5.8],"texture":"#1"}}},{"from":[7.5,1.2,7.5],"to":[8.5,2.2,8.5],"rotation":{"angle":0,"axis":"y","origin":[6.9,-5.6,6.9]},"faces":{"north":{"uv":[6.4,4.8,7.2,5.6],"texture":"#1"},"east":{"uv":[6.4,8.8,7.2,9.6],"texture":"#1"},"south":{"uv":[8,11.2,8.8,12],"texture":"#1"},"west":{"uv":[8.8,11.2,9.6,12],"texture":"#1"},"up":{"uv":[10.4,12,9.6,11.2],"texture":"#1"},"down":{"uv":[12,9.6,11.2,10.4],"texture":"#1"}}},{"from":[7.6,2.2,7.6],"to":[8.4,5.2,8.4],"rotation":{"angle":0,"axis":"y","origin":[6.9,-5.6,6.9]},"faces":{"north":{"uv":[6.4,2.4,7,4.8],"texture":"#1"},"east":{"uv":[4.8,6.4,5.4,8.8],"texture":"#1"},"south":{"uv":[5.6,6.4,6.2,8.8],"texture":"#1"},"west":{"uv":[6.4,6.4,7,8.8],"texture":"#1"},"up":{"uv":[5.4,12.6,4.8,12],"texture":"#1"},"down":{"uv":[6.2,12,5.6,12.6],"texture":"#1"}}},{"from":[7.5,5.2,7.5],"to":[8.5,6.2,8.5],"rotation":{"angle":0,"axis":"y","origin":[6.9,-5.8,6.9]},"faces":{"north":{"uv":[10.4,11.2,11.2,12],"texture":"#1"},"east":{"uv":[11.2,10.4,12,11.2],"texture":"#1"},"south":{"uv":[11.2,11.2,12,12],"texture":"#1"},"west":{"uv":[0,12,0.8,12.8],"texture":"#1"},"up":{"uv":[12.8,0.8,12,0],"texture":"#1"},"down":{"uv":[1.6,12,0.8,12.8],"texture":"#1"}}},{"from":[7.75,-0.9,6.83579],"to":[8.25,0.1,8.83579],"rotation":{"angle":-45,"axis":"x","origin":[8.25,1.6,7.83579]},"faces":{"north":{"uv":[8,12,8.4,12.8],"texture":"#1"},"east":{"uv":[8.8,2.4,10.4,3.2],"texture":"#1"},"south":{"uv":[12,8,12.4,8.8],"texture":"#1"},"west":{"uv":[3.2,8.8,4.8,9.6],"texture":"#1"},"up":{"uv":[12.4,2.4,12,0.8],"texture":"#1"},"down":{"uv":[2,12,1.6,13.6],"texture":"#1"}}},{"from":[7.75,-0.31421,4.75],"to":[8.25,0.68579,7.75],"rotation":{"angle":45,"axis":"x","origin":[8,0.18579,6.75]},"faces":{"north":{"uv":[8.8,12,9.2,12.8],"texture":"#1"},"east":{"uv":[6.4,0.8,8.8,1.6],"texture":"#1"},"south":{"uv":[12,8.8,12.4,9.6],"texture":"#1"},"west":{"uv":[6.4,1.6,8.8,2.4],"texture":"#1"},"up":{"uv":[6.8,13.6,6.4,11.2],"texture":"#1"},"down":{"uv":[7.6,11.2,7.2,13.6],"texture":"#1"}}},{"from":[7.5,12,7],"to":[8.5,14,9],"rotation":{"angle":45,"axis":"x","origin":[8,13,8]},"faces":{"north":{"uv":[8.8,3.2,9.6,4.8],"texture":"#1"},"east":{"uv":[3.2,2.4,4.8,4],"texture":"#1"},"south":{"uv":[4.8,8.8,5.6,10.4],"texture":"#1"},"west":{"uv":[3.2,4,4.8,5.6],"texture":"#1"},"up":{"uv":[9.6,6.4,8.8,4.8],"texture":"#1"},"down":{"uv":[6.4,8.8,5.6,10.4],"texture":"#1"}}},{"from":[7.3,12.3,7.3],"to":[8.7,13.7,8.7],"rotation":{"angle":45,"axis":"x","origin":[7.3,13,8]},"faces":{"north":{"uv":[7.2,2.4,8.4,3.6],"texture":"#1"},"east":{"uv":[7.2,4,8.4,5.2],"texture":"#1"},"south":{"uv":[7.2,6.4,8.4,7.6],"texture":"#1"},"west":{"uv":[7.2,8,8.4,9.2],"texture":"#1"},"up":{"uv":[10,2,8.8,0.8],"texture":"#1"},"down":{"uv":[2.8,8.8,1.6,10],"texture":"#1"}}},{"from":[8,-2.75355,3.06802],"to":[8,2.24645,5.06802],"rotation":{"angle":-45,"axis":"x","origin":[7,1.24645,3.56802]},"faces":{"north":{"uv":[0,0,0,4],"texture":"#1"},"east":{"uv":[0,2.4,1.6,6.4],"texture":"#1"},"south":{"uv":[0,0,0,4],"texture":"#1"},"west":{"uv":[1.6,2.4,3.2,6.4],"texture":"#1"},"up":{"uv":[0,1.6,0,0],"texture":"#1"},"down":{"uv":[0,0,0,1.6],"texture":"#1"}}},{"from":[8,-2.75355,10.93198],"to":[8,0.24645,11.93198],"rotation":{"angle":45,"axis":"x","origin":[7,1.24645,12.43198]},"faces":{"north":{"uv":[0,0,0,2.4],"texture":"#1"},"east":{"uv":[1.6,6.4,2.4,8.8],"texture":"#1"},"south":{"uv":[0,0,0,2.4],"texture":"#1"},"west":{"uv":[2.4,6.4,3.2,8.8],"texture":"#1"},"up":{"uv":[0,0.8,0,0],"texture":"#1"},"down":{"uv":[0,0,0,0.8],"texture":"#1"}}},{"from":[8,11.475,0.3],"to":[8,13.775,7.9],"rotation":{"angle":0,"axis":"x","origin":[8,11.8125,4.56789]},"faces":{"north":{"uv":[0,0,0,1.8],"texture":"#1"},"east":{"uv":[6,0,0,1.8],"texture":"#1"},"south":{"uv":[0,0,0,1.8],"texture":"#1"},"west":{"uv":[0,0,6,1.8],"texture":"#1"},"up":{"uv":[0,6,0,0],"texture":"#1"},"down":{"uv":[0,0,0,6],"texture":"#1"}}},{"from":[7.5,7.4,7.5],"to":[8.5,11.2,8.5],"rotation":{"angle":0,"axis":"y","origin":[6.9,6.8,6.9]},"faces":{"north":{"uv":[4.8,2.4,5.6,5.4],"texture":"#1"},"east":{"uv":[5.6,2.4,6.4,5.4],"texture":"#1"},"south":{"uv":[3.2,5.6,4,8.6],"texture":"#1"},"west":{"uv":[4,5.6,4.8,8.6],"texture":"#1"},"up":{"uv":[3.2,12.8,2.4,12],"texture":"#1"},"down":{"uv":[12.8,2.4,12,3.2],"texture":"#1"}}},{"from":[7.6,12.6,2.53579],"to":[8.4,13.4,7.53579],"rotation":{"angle":0,"axis":"x","origin":[8,11.8125,4.56789]},"faces":{"north":{"uv":[12,6.4,12.6,7],"texture":"#1"},"east":{"uv":[4.8,5.6,8.8,6.2],"texture":"#1"},"south":{"uv":[12,7.2,12.6,7.8],"texture":"#1"},"west":{"uv":[6.4,0,10.4,0.6],"texture":"#1"},"up":{"uv":[0.6,10.4,0,6.4],"texture":"#1"},"down":{"uv":[1.4,6.4,0.8,10.4],"texture":"#1"}}},{"from":[7.6,12.6,8.46421],"to":[8.4,13.4,13.46421],"rotation":{"angle":0,"axis":"x","origin":[8,11.8125,11.43211]},"faces":{"north":{"uv":[12.6,7.2,12,7.8],"texture":"#1"},"east":{"uv":[8.8,5.6,4.8,6.2],"texture":"#1"},"south":{"uv":[12.6,6.4,12,7],"texture":"#1"},"west":{"uv":[10.4,0,6.4,0.6],"texture":"#1"},"up":{"uv":[0.6,6.4,0,10.4],"texture":"#1"},"down":{"uv":[1.4,10.4,0.8,6.4],"texture":"#1"}}},{"from":[8,11.475,8.1],"to":[8,13.775,15.7],"rotation":{"angle":0,"axis":"x","origin":[8,11.8125,11.43211]},"faces":{"north":{"uv":[0,0,0,1.8],"texture":"#1"},"east":{"uv":[0,0,6,1.8],"texture":"#1"},"south":{"uv":[0,0,0,1.8],"texture":"#1"},"west":{"uv":[6,0,0,1.8],"texture":"#1"},"up":{"uv":[0,0,0,6],"texture":"#1"},"down":{"uv":[0,6,0,0],"texture":"#1"}}},{"from":[7,11.6,6.5],"to":[7,14.6,9.5],"rotation":{"angle":0,"axis":"y","origin":[7,11.6,6.5]},"faces":{"north":{"uv":[0,0,0,2.4],"texture":"#2"},"east":{"uv":[0,0,12,12],"texture":"#2"},"south":{"uv":[0,0,0,2.4],"texture":"#2"},"west":{"uv":[0,0,12,12],"texture":"#2"},"up":{"uv":[0,0,0,2.4],"texture":"#2"},"down":{"uv":[0,0,0,2.4],"texture":"#2"}}},{"from":[9,11.6,6.5],"to":[9,14.6,9.5],"rotation":{"angle":0,"axis":"y","origin":[9,11.6,6.5]},"faces":{"north":{"uv":[0,0,0,2.4],"texture":"#2"},"east":{"uv":[12,0,0,12],"texture":"#2"},"south":{"uv":[0,0,0,2.4],"texture":"#2"},"west":{"uv":[12,0,0,12],"texture":"#2"},"up":{"uv":[0,0,0,2.4],"texture":"#2"},"down":{"uv":[0,0,0,2.4],"texture":"#2"}}}],"gui_light":"front","display":{"thirdperson_righthand":{"translation":[0,2,1.75]},"thirdperson_lefthand":{"translation":[0,2,1.75]},"firstperson_righthand":{"rotation":[-14.75,0,0],"translation":[-0.75,4.25,2.75],"scale":[0.91992,0.91992,0.91992]},"firstperson_lefthand":{"rotation":[-14.75,0,0],"translation":[-0.75,4.25,2.75],"scale":[0.91992,0.91992,0.91992]},"ground":{"rotation":[0,0,-75],"translation":[0,1.75,0],"scale":[0.83008,0.83008,0.83008]},"gui":{"rotation":[90,-135,90],"translation":[-0.5,-0.25,-0.75],"scale":[0.7,0.7,0.7]},"head":{"scale":[0,0,0]},"fixed":{"rotation":[-90,90,90],"translation":[0.75,2.75,-1.75],"scale":[1.89922,1.89922,1.89922]}}}