{
	"credit": "Made with Blockbench",
	"texture_size": [28, 28],
	"textures": {
		"1": "blaze:animation_2",
		"2": "blaze:shield",
		"particle": "blaze:shield"
	},
	"elements": [
		{
			"from": [7.4, 1.75784, 8.9],
			"to": [8.6, 2.95784, 10.1],
			"rotation": {"angle": 0, "axis": "y", "origin": [8, 8, 8]},
			"faces": {
				"north": {"uv": [12.57143, 4.57143, 13.28571, 5.28571], "texture": "#2"},
				"east": {"uv": [3.42857, 12.57143, 4.14286, 13.28571], "texture": "#2"},
				"south": {"uv": [12.57143, 3.42857, 13.28571, 4.14286], "texture": "#2"},
				"west": {"uv": [4.57143, 12.57143, 5.28571, 13.28571], "texture": "#2"},
				"up": {"uv": [13.28571, 6.42857, 12.57143, 5.71429], "rotation": 90, "texture": "#2"},
				"down": {"uv": [7, 12.57143, 6.28571, 13.28571], "rotation": 270, "texture": "#2"}
			}
		},
		{
			"from": [7.4, 7.95784, 8.9],
			"to": [8.6, 9.15784, 10.1],
			"rotation": {"angle": 0, "axis": "y", "origin": [8, 8, 8]},
			"faces": {
				"north": {"uv": [12.57143, 9.14286, 13.28571, 9.85714], "texture": "#2"},
				"east": {"uv": [12.57143, 6.85714, 13.28571, 7.57143], "texture": "#2"},
				"south": {"uv": [12.57143, 8, 13.28571, 8.71429], "texture": "#2"},
				"west": {"uv": [8.57143, 12.57143, 9.28571, 13.28571], "texture": "#2"},
				"up": {"uv": [10.42857, 13.28571, 9.71429, 12.57143], "rotation": 90, "texture": "#2"},
				"down": {"uv": [11.57143, 12.57143, 10.85714, 13.28571], "rotation": 270, "texture": "#2"}
			}
		},
		{
			"from": [7.5, 2.95784, 9],
			"to": [8.5, 3.95784, 10],
			"rotation": {"angle": 0, "axis": "y", "origin": [8, 8, 8]},
			"faces": {
				"north": {"uv": [13.71429, 0, 14.28571, 0.57143], "texture": "#2"},
				"east": {"uv": [10.28571, 3.42857, 10.85714, 4], "texture": "#2"},
				"south": {"uv": [5.71429, 13.14286, 6.28571, 13.71429], "texture": "#2"},
				"west": {"uv": [13.14286, 10.28571, 13.71429, 10.85714], "texture": "#2"},
				"up": {"uv": [14.28571, 2.28571, 13.71429, 1.71429], "rotation": 90, "texture": "#2"},
				"down": {"uv": [9.14286, 13.71429, 8.57143, 14.28571], "rotation": 270, "texture": "#2"}
			}
		},
		{
			"from": [7.6, 3.95784, 9.1],
			"to": [8.4, 6.95784, 9.9],
			"rotation": {"angle": 0, "axis": "y", "origin": [8, 8, 8]},
			"faces": {
				"north": {"uv": [9.14286, 10.85714, 9.57143, 12.57143], "texture": "#2"},
				"east": {"uv": [10.85714, 3.42857, 11.28571, 5.14286], "texture": "#2"},
				"south": {"uv": [10.85714, 6.85714, 11.28571, 8.57143], "texture": "#2"},
				"west": {"uv": [10.85714, 8.57143, 11.28571, 10.28571], "texture": "#2"},
				"up": {"uv": [14.71429, 2.14286, 14.28571, 1.71429], "rotation": 90, "texture": "#2"},
				"down": {"uv": [2.71429, 14.28571, 2.28571, 14.71429], "rotation": 270, "texture": "#2"}
			}
		},
		{
			"from": [7.5, 6.95784, 9],
			"to": [8.5, 7.95784, 10],
			"rotation": {"angle": 0, "axis": "y", "origin": [8, 8, 8]},
			"faces": {
				"north": {"uv": [9.71429, 13.71429, 10.28571, 14.28571], "texture": "#2"},
				"east": {"uv": [13.71429, 8.57143, 14.28571, 9.14286], "texture": "#2"},
				"south": {"uv": [9.14286, 13.71429, 9.71429, 14.28571], "texture": "#2"},
				"west": {"uv": [13.71429, 9.14286, 14.28571, 9.71429], "texture": "#2"},
				"up": {"uv": [14.28571, 10.28571, 13.71429, 9.71429], "rotation": 90, "texture": "#2"},
				"down": {"uv": [10.85714, 13.71429, 10.28571, 14.28571], "rotation": 270, "texture": "#2"}
			}
		},
		{
			"from": [4.25, 12.50784, 6.25],
			"to": [5.25, 14.50784, 6.75],
			"rotation": {"angle": 0, "axis": "x", "origin": [8, 8, 8]},
			"faces": {
				"north": {"uv": [11.42857, 8, 12.57143, 8.57143], "rotation": 270, "texture": "#2"},
				"east": {"uv": [14, 11.42857, 13.71429, 10.28571], "rotation": 180, "texture": "#2"},
				"south": {"uv": [9.71429, 6.85714, 10.85714, 7.42857], "rotation": 90, "texture": "#2"},
				"west": {"uv": [11.14286, 13.71429, 10.85714, 14.85714], "texture": "#2"},
				"up": {"uv": [14.28571, 2.85714, 14.57143, 3.42857], "rotation": 90, "texture": "#2"},
				"down": {"uv": [14.28571, 2.28571, 14.57143, 2.85714], "rotation": 90, "texture": "#2"}
			}
		},
		{
			"from": [11.9315, 12.15274, 6.25],
			"to": [12.9315, 15.15274, 6.75],
			"rotation": {"angle": -22.5, "axis": "z", "origin": [8, 8, 8]},
			"faces": {
				"north": {"uv": [9.71429, 6.28571, 11.42857, 6.85714], "rotation": 90, "texture": "#2"},
				"east": {"uv": [14, 6.85714, 13.71429, 8.57143], "rotation": 180, "texture": "#2"},
				"south": {"uv": [5.71429, 9.71429, 7.42857, 10.28571], "rotation": 270, "texture": "#2"},
				"west": {"uv": [1.42857, 15.42857, 1.14286, 13.71429], "texture": "#2"},
				"up": {"uv": [14.28571, 6.85714, 14.57143, 7.42857], "rotation": 270, "texture": "#2"},
				"down": {"uv": [7.42857, 14.28571, 7.71429, 14.85714], "rotation": 270, "texture": "#2"}
			}
		},
		{
			"from": [10.15217, 10.15217, 6],
			"to": [12.15217, 12.15217, 7],
			"rotation": {"angle": 45, "axis": "z", "origin": [8, 8, 8]},
			"faces": {
				"north": {"uv": [9.71429, 5.14286, 10.85714, 6.28571], "texture": "#2"},
				"east": {"uv": [8.57143, 11.42857, 9.14286, 12.57143], "texture": "#2"},
				"south": {"uv": [9.71429, 4, 10.85714, 5.14286], "texture": "#2"},
				"west": {"uv": [11.42857, 8.57143, 12, 9.71429], "texture": "#2"},
				"up": {"uv": [11.42857, 12.57143, 10.85714, 11.42857], "rotation": 90, "texture": "#2"},
				"down": {"uv": [12, 11.42857, 11.42857, 12.57143], "rotation": 270, "texture": "#2"}
			}
		},
		{
			"from": [10.45217, 10.45217, 5.8],
			"to": [11.85217, 11.85217, 7.2],
			"rotation": {"angle": 45, "axis": "z", "origin": [8, 8, 8]},
			"faces": {
				"north": {"uv": [11.42857, 0, 12.28571, 0.85714], "texture": "#2"},
				"east": {"uv": [10.85714, 5.14286, 11.71429, 6], "texture": "#2"},
				"south": {"uv": [9.71429, 10.85714, 10.57143, 11.71429], "texture": "#2"},
				"west": {"uv": [10.85714, 10.28571, 11.71429, 11.14286], "texture": "#2"},
				"up": {"uv": [12.28571, 2, 11.42857, 1.14286], "rotation": 90, "texture": "#2"},
				"down": {"uv": [12.28571, 2.28571, 11.42857, 3.14286], "rotation": 270, "texture": "#2"}
			}
		},
		{
			"from": [12.4315, 12.15274, 6.5],
			"to": [14.4315, 17.15274, 6.5],
			"rotation": {"angle": -22.5, "axis": "z", "origin": [8, 8, 8]},
			"faces": {
				"north": {"uv": [6.85714, 6.85714, 8, 9.71429], "texture": "#2"},
				"east": {"uv": [0, 0, 0, 2.85714], "texture": "#2"},
				"south": {"uv": [5.71429, 6.85714, 6.85714, 9.71429], "texture": "#2"},
				"west": {"uv": [0, 0, 0, 2.85714], "texture": "#2"},
				"up": {"uv": [0, 1.14286, 0, 0], "rotation": 90, "texture": "#2"},
				"down": {"uv": [0, 0, 0, 1.14286], "rotation": 270, "texture": "#2"}
			}
		},
		{
			"from": [3.0685, 12.15274, 6.25],
			"to": [4.0685, 15.15274, 6.75],
			"rotation": {"angle": 22.5, "axis": "z", "origin": [8, 8, 8]},
			"faces": {
				"north": {"uv": [9.71429, 6.85714, 11.42857, 6.28571], "rotation": 90, "texture": "#2"},
				"east": {"uv": [1.14286, 15.42857, 1.42857, 13.71429], "texture": "#2"},
				"south": {"uv": [5.71429, 10.28571, 7.42857, 9.71429], "rotation": 270, "texture": "#2"},
				"west": {"uv": [13.71429, 6.85714, 14, 8.57143], "rotation": 180, "texture": "#2"},
				"up": {"uv": [14.28571, 7.42857, 14.57143, 6.85714], "rotation": 270, "texture": "#2"},
				"down": {"uv": [7.42857, 14.85714, 7.71429, 14.28571], "rotation": 270, "texture": "#2"}
			}
		},
		{
			"from": [1.5685, 12.15274, 6.5],
			"to": [3.5685, 17.15274, 6.5],
			"rotation": {"angle": 22.5, "axis": "z", "origin": [8, 8, 8]},
			"faces": {
				"north": {"uv": [8, 6.85714, 6.85714, 9.71429], "texture": "#2"},
				"east": {"uv": [0, 0, 0, 2.85714], "texture": "#2"},
				"south": {"uv": [6.85714, 6.85714, 5.71429, 9.71429], "texture": "#2"},
				"west": {"uv": [0, 0, 0, 2.85714], "texture": "#2"},
				"up": {"uv": [0, 0, 0, 1.14286], "rotation": 90, "texture": "#2"},
				"down": {"uv": [0, 1.14286, 0, 0], "rotation": 270, "texture": "#2"}
			}
		},
		{
			"from": [3.75, 12.50784, 6.5],
			"to": [4.75, 15.50784, 6.5],
			"rotation": {"angle": 0, "axis": "x", "origin": [8, 8, 8]},
			"faces": {
				"north": {"uv": [10.28571, 0, 10.85714, 1.71429], "texture": "#2"},
				"east": {"uv": [0, 0, 0, 1.71429], "texture": "#2"},
				"south": {"uv": [7.42857, 9.71429, 8, 11.42857], "texture": "#2"},
				"west": {"uv": [0, 0, 0, 1.71429], "texture": "#2"},
				"up": {"uv": [0, 0.57143, 0, 0], "rotation": 90, "texture": "#2"},
				"down": {"uv": [0, 0, 0, 0.57143], "rotation": 270, "texture": "#2"}
			}
		},
		{
			"from": [10.75, 12.50784, 6.25],
			"to": [11.75, 14.50784, 6.75],
			"rotation": {"angle": 0, "axis": "x", "origin": [8, 8, 8]},
			"faces": {
				"north": {"uv": [11.42857, 8.57143, 12.57143, 8], "rotation": 270, "texture": "#2"},
				"east": {"uv": [10.85714, 13.71429, 11.14286, 14.85714], "texture": "#2"},
				"south": {"uv": [9.71429, 7.42857, 10.85714, 6.85714], "rotation": 90, "texture": "#2"},
				"west": {"uv": [13.71429, 11.42857, 14, 10.28571], "rotation": 180, "texture": "#2"},
				"up": {"uv": [14.28571, 3.42857, 14.57143, 2.85714], "rotation": 90, "texture": "#2"},
				"down": {"uv": [14.28571, 2.85714, 14.57143, 2.28571], "rotation": 90, "texture": "#2"}
			}
		},
		{
			"from": [11.25, 12.50784, 6.5],
			"to": [12.25, 15.50784, 6.5],
			"rotation": {"angle": 0, "axis": "x", "origin": [8, 8, 8]},
			"faces": {
				"north": {"uv": [10.85714, 0, 10.28571, 1.71429], "texture": "#2"},
				"east": {"uv": [0, 0, 0, 1.71429], "texture": "#2"},
				"south": {"uv": [8, 9.71429, 7.42857, 11.42857], "texture": "#2"},
				"west": {"uv": [0, 0, 0, 1.71429], "texture": "#2"},
				"up": {"uv": [0, 0, 0, 0.57143], "rotation": 90, "texture": "#2"},
				"down": {"uv": [0, 0.57143, 0, 0], "rotation": 270, "texture": "#2"}
			}
		},
		{
			"from": [7.5, 8.05784, 6.9],
			"to": [8.5, 9.05784, 8.9],
			"rotation": {"angle": 0, "axis": "z", "origin": [8, 8, 8]},
			"faces": {
				"north": {"uv": [12, 14.28571, 11.42857, 13.71429], "rotation": 270, "texture": "#2"},
				"east": {"uv": [12, 3.42857, 12.57143, 4.57143], "rotation": 90, "texture": "#2"},
				"south": {"uv": [14.28571, 11.42857, 13.71429, 12], "rotation": 270, "texture": "#2"},
				"west": {"uv": [5.71429, 12, 6.28571, 13.14286], "rotation": 270, "texture": "#2"},
				"up": {"uv": [12, 4.57143, 12.57143, 5.71429], "texture": "#2"},
				"down": {"uv": [12, 5.71429, 12.57143, 6.85714], "rotation": 180, "texture": "#2"}
			}
		},
		{
			"from": [7.5, 1.85784, 6.9],
			"to": [8.5, 2.85784, 8.9],
			"rotation": {"angle": 0, "axis": "z", "origin": [8, 8, 8]},
			"faces": {
				"north": {"uv": [12, 14.28571, 11.42857, 13.71429], "rotation": 270, "texture": "#2"},
				"east": {"uv": [12, 3.42857, 12.57143, 4.57143], "rotation": 90, "texture": "#2"},
				"south": {"uv": [14.28571, 11.42857, 13.71429, 12], "rotation": 270, "texture": "#2"},
				"west": {"uv": [5.71429, 12, 6.28571, 13.14286], "rotation": 270, "texture": "#2"},
				"up": {"uv": [12, 4.57143, 12.57143, 5.71429], "texture": "#2"},
				"down": {"uv": [12, 5.71429, 12.57143, 6.85714], "rotation": 180, "texture": "#2"}
			}
		},
		{
			"from": [5.3201, 11.89363, 6.025],
			"to": [7.3201, 12.89363, 6.975],
			"rotation": {"angle": 0, "axis": "x", "origin": [8, 8, 8]},
			"faces": {
				"north": {"uv": [12.57143, 1.71429, 13.71429, 2.28571], "texture": "#2"},
				"east": {"uv": [14.28571, 1.14286, 14.85714, 1.71429], "texture": "#2"},
				"south": {"uv": [1.71429, 12.57143, 2.85714, 13.14286], "texture": "#2"},
				"west": {"uv": [1.71429, 14.28571, 2.28571, 14.85714], "texture": "#2"},
				"up": {"uv": [13.14286, 3.42857, 12.57143, 2.28571], "rotation": 90, "texture": "#2"},
				"down": {"uv": [3.42857, 12.57143, 2.85714, 13.71429], "rotation": 270, "texture": "#2"}
			}
		},
		{
			"from": [11.30132, 6.12734, 5.9],
			"to": [12.50132, 12.92734, 7.1],
			"rotation": {"angle": -22.5, "axis": "z", "origin": [8, 8, 8]},
			"faces": {
				"north": {"uv": [1.14286, 8.57143, 1.85714, 12.42857], "texture": "#2"},
				"east": {"uv": [8, 3.42857, 8.71429, 7.28571], "texture": "#2"},
				"south": {"uv": [8, 7.42857, 8.71429, 11.28571], "texture": "#2"},
				"west": {"uv": [0, 8.57143, 0.71429, 12.42857], "texture": "#2"},
				"up": {"uv": [13.28571, 11.57143, 12.57143, 10.85714], "rotation": 90, "texture": "#2"},
				"down": {"uv": [13.28571, 12, 12.57143, 12.71429], "rotation": 270, "texture": "#2"}
			}
		},
		{
			"from": [8.38649, 12.63207, 5.9],
			"to": [9.58649, 13.83207, 7.1],
			"rotation": {"angle": 45, "axis": "z", "origin": [8, 8, 8]},
			"faces": {
				"north": {"uv": [5.14286, 13.71429, 5.85714, 14.42857], "texture": "#2"},
				"east": {"uv": [13.71429, 3.42857, 14.42857, 4.14286], "texture": "#2"},
				"south": {"uv": [4, 13.71429, 4.71429, 14.42857], "texture": "#2"},
				"west": {"uv": [13.71429, 4.57143, 14.42857, 5.28571], "texture": "#2"},
				"up": {"uv": [14.42857, 6.42857, 13.71429, 5.71429], "rotation": 90, "texture": "#2"},
				"down": {"uv": [7, 13.71429, 6.28571, 14.42857], "rotation": 270, "texture": "#2"}
			}
		},
		{
			"from": [6.38649, 12.73207, 6],
			"to": [8.38649, 13.73207, 7],
			"rotation": {"angle": 45, "axis": "z", "origin": [8, 8, 8]},
			"faces": {
				"north": {"uv": [12.57143, 0, 13.71429, 0.57143], "texture": "#2"},
				"east": {"uv": [0.57143, 14.28571, 1.14286, 14.85714], "texture": "#2"},
				"south": {"uv": [0, 12.57143, 1.14286, 13.14286], "texture": "#2"},
				"west": {"uv": [14.28571, 0.57143, 14.85714, 1.14286], "texture": "#2"},
				"up": {"uv": [13.14286, 1.71429, 12.57143, 0.57143], "rotation": 90, "texture": "#2"},
				"down": {"uv": [1.71429, 12.57143, 1.14286, 13.71429], "rotation": 270, "texture": "#2"}
			}
		},
		{
			"from": [8.6799, 11.89363, 6.025],
			"to": [10.6799, 12.89363, 6.975],
			"rotation": {"angle": 0, "axis": "x", "origin": [8, 8, 8]},
			"faces": {
				"north": {"uv": [13.71429, 1.71429, 12.57143, 2.28571], "texture": "#2"},
				"east": {"uv": [2.28571, 14.28571, 1.71429, 14.85714], "texture": "#2"},
				"south": {"uv": [2.85714, 12.57143, 1.71429, 13.14286], "texture": "#2"},
				"west": {"uv": [14.85714, 1.14286, 14.28571, 1.71429], "texture": "#2"},
				"up": {"uv": [13.14286, 2.28571, 12.57143, 3.42857], "rotation": 90, "texture": "#2"},
				"down": {"uv": [3.42857, 13.71429, 2.85714, 12.57143], "rotation": 270, "texture": "#2"}
			}
		},
		{
			"from": [6.41351, 12.63207, 5.9],
			"to": [7.61351, 13.83207, 7.1],
			"rotation": {"angle": -45, "axis": "z", "origin": [8, 8, 8]},
			"faces": {
				"north": {"uv": [5.85714, 13.71429, 5.14286, 14.42857], "texture": "#2"},
				"east": {"uv": [14.42857, 4.57143, 13.71429, 5.28571], "texture": "#2"},
				"south": {"uv": [4.71429, 13.71429, 4, 14.42857], "texture": "#2"},
				"west": {"uv": [14.42857, 3.42857, 13.71429, 4.14286], "texture": "#2"},
				"up": {"uv": [14.42857, 5.71429, 13.71429, 6.42857], "rotation": 90, "texture": "#2"},
				"down": {"uv": [7, 14.42857, 6.28571, 13.71429], "rotation": 270, "texture": "#2"}
			}
		},
		{
			"from": [7.61351, 12.73207, 6],
			"to": [9.61351, 13.73207, 7],
			"rotation": {"angle": -45, "axis": "z", "origin": [8, 8, 8]},
			"faces": {
				"north": {"uv": [13.71429, 0, 12.57143, 0.57143], "texture": "#2"},
				"east": {"uv": [14.85714, 0.57143, 14.28571, 1.14286], "texture": "#2"},
				"south": {"uv": [1.14286, 12.57143, 0, 13.14286], "texture": "#2"},
				"west": {"uv": [1.14286, 14.28571, 0.57143, 14.85714], "texture": "#2"},
				"up": {"uv": [13.14286, 0.57143, 12.57143, 1.71429], "rotation": 90, "texture": "#2"},
				"down": {"uv": [1.71429, 13.71429, 1.14286, 12.57143], "rotation": 270, "texture": "#2"}
			}
		},
		{
			"from": [3.49868, 6.12734, 5.9],
			"to": [4.69868, 12.92734, 7.1],
			"rotation": {"angle": 22.5, "axis": "z", "origin": [8, 8, 8]},
			"faces": {
				"north": {"uv": [9.14286, 0, 9.85714, 3.85714], "texture": "#2"},
				"east": {"uv": [2.28571, 8.57143, 3, 12.42857], "texture": "#2"},
				"south": {"uv": [3.42857, 8.57143, 4.14286, 12.42857], "texture": "#2"},
				"west": {"uv": [4.57143, 8.57143, 5.28571, 12.42857], "texture": "#2"},
				"up": {"uv": [13.85714, 13.85714, 13.14286, 13.14286], "rotation": 90, "texture": "#2"},
				"down": {"uv": [3.57143, 13.71429, 2.85714, 14.42857], "rotation": 270, "texture": "#2"}
			}
		},
		{
			"from": [6.17626, 6.82374, 6],
			"to": [9.17626, 9.82374, 7],
			"rotation": {"angle": -45, "axis": "z", "origin": [8, 8, 8]},
			"faces": {
				"north": {"uv": [7.42857, 1.71429, 9.14286, 3.42857], "texture": "#2"},
				"east": {"uv": [10.28571, 1.71429, 10.85714, 3.42857], "texture": "#2"},
				"south": {"uv": [7.42857, 0, 9.14286, 1.71429], "texture": "#2"},
				"west": {"uv": [5.71429, 10.28571, 6.28571, 12], "texture": "#2"},
				"up": {"uv": [6.85714, 12, 6.28571, 10.28571], "rotation": 90, "texture": "#2"},
				"down": {"uv": [7.42857, 10.28571, 6.85714, 12], "rotation": 270, "texture": "#2"}
			}
		},
		{
			"from": [11.14819, 2.65181, 6],
			"to": [13.34819, 4.85181, 7],
			"rotation": {"angle": -45, "axis": "z", "origin": [8, 8, 8]},
			"faces": {
				"north": {"uv": [9.14286, 9.14286, 10.42857, 10.42857], "texture": "#2"},
				"east": {"uv": [11.42857, 3.42857, 12, 4.71429], "texture": "#2"},
				"south": {"uv": [9.14286, 7.42857, 10.42857, 8.71429], "texture": "#2"},
				"west": {"uv": [11.42857, 6.28571, 12, 7.57143], "texture": "#2"},
				"up": {"uv": [8, 12.71429, 7.42857, 11.42857], "rotation": 90, "texture": "#2"},
				"down": {"uv": [8.57143, 11.42857, 8, 12.71429], "rotation": 270, "texture": "#2"}
			}
		},
		{
			"from": [6.5, 1.95784, 6.05],
			"to": [9.5, 7.95784, 6.95],
			"rotation": {"angle": 0, "axis": "x", "origin": [8, 8, 8]},
			"faces": {
				"north": {"uv": [5.71429, 3.42857, 7.42857, 6.85714], "texture": "#2"},
				"east": {"uv": [7.42857, 3.42857, 8, 6.85714], "texture": "#2"},
				"south": {"uv": [5.71429, 0, 7.42857, 3.42857], "texture": "#2"},
				"west": {"uv": [9.14286, 4, 9.71429, 7.42857], "texture": "#2"},
				"up": {"uv": [11.42857, 1.71429, 10.85714, 0], "rotation": 90, "texture": "#2"},
				"down": {"uv": [11.42857, 1.71429, 10.85714, 3.42857], "rotation": 270, "texture": "#2"}
			}
		},
		{
			"from": [3, -2.04216, 6.5],
			"to": [13, 12.95784, 6.5],
			"rotation": {"angle": 0, "axis": "y", "origin": [8, 8, 8]},
			"faces": {
				"north": {"uv": [0, 0, 5.71429, 8.57143], "texture": "#2"},
				"east": {"uv": [0, 0, 0, 8.57143], "texture": "#2"},
				"south": {"uv": [5.71429, 0, 0, 8.57143], "texture": "#2"},
				"west": {"uv": [0, 0, 0, 8.57143], "texture": "#2"},
				"up": {"uv": [0, 5.71429, 0, 0], "rotation": 90, "texture": "#2"},
				"down": {"uv": [0, 0, 0, 5.71429], "rotation": 270, "texture": "#2"}
			}
		},
		{
			"from": [10, 2.6, 5.6],
			"to": [15, 13.6, 5.6],
			"rotation": {"angle": -22.5, "axis": "z", "origin": [12.5, 8.1, 5.6]},
			"faces": {
				"north": {"uv": [0, 0, 13.61905, 6.19048], "rotation": 90, "texture": "#1"},
				"east": {"uv": [6.28571, 0, 0, 0], "rotation": 270, "texture": "#1"},
				"south": {"uv": [13.61905, 0, 0, 6.19048], "rotation": 270, "texture": "#1"},
				"west": {"uv": [6.28571, 0, 0, 0], "rotation": 270, "texture": "#1"},
				"up": {"uv": [0, 0, 0, 2.85714], "rotation": 270, "texture": "#1"},
				"down": {"uv": [0, 0, 0, 2.85714], "rotation": 270, "texture": "#1"}
			}
		},
		{
			"from": [10, 8.3, 5.85],
			"to": [15, 19.3, 5.85],
			"rotation": {"angle": -22.5, "axis": "z", "origin": [12.5, 13.8, 5.85]},
			"faces": {
				"north": {"uv": [0, 6.19048, 13.61905, 0], "rotation": 90, "texture": "#1"},
				"east": {"uv": [6.28571, 0, 0, 0], "rotation": 270, "texture": "#1"},
				"south": {"uv": [13.61905, 6.19048, 0, 0], "rotation": 270, "texture": "#1"},
				"west": {"uv": [6.28571, 0, 0, 0], "rotation": 270, "texture": "#1"},
				"up": {"uv": [0, 2.85714, 0, 0], "rotation": 270, "texture": "#1"},
				"down": {"uv": [0, 2.85714, 0, 0], "rotation": 270, "texture": "#1"}
			}
		},
		{
			"from": [1, 8.3, 5.85],
			"to": [6, 19.3, 5.85],
			"rotation": {"angle": 22.5, "axis": "z", "origin": [3.5, 13.8, 5.85]},
			"faces": {
				"north": {"uv": [0, 0, 13.61905, 6.19048], "rotation": 90, "texture": "#1"},
				"east": {"uv": [6.28571, 0, 0, 0], "rotation": 270, "texture": "#1"},
				"south": {"uv": [13.61905, 0, 0, 6.19048], "rotation": 270, "texture": "#1"},
				"west": {"uv": [6.28571, 0, 0, 0], "rotation": 270, "texture": "#1"},
				"up": {"uv": [0, 0, 0, 2.85714], "rotation": 270, "texture": "#1"},
				"down": {"uv": [0, 0, 0, 2.85714], "rotation": 270, "texture": "#1"}
			}
		},
		{
			"from": [1, 2.6, 5.6],
			"to": [6, 13.6, 5.6],
			"rotation": {"angle": 22.5, "axis": "z", "origin": [3.5, 8.1, 5.6]},
			"faces": {
				"north": {"uv": [0, 6.19048, 13.61905, 0], "rotation": 90, "texture": "#1"},
				"east": {"uv": [6.28571, 0, 0, 0], "rotation": 270, "texture": "#1"},
				"south": {"uv": [13.61905, 6.19048, 0, 0], "rotation": 270, "texture": "#1"},
				"west": {"uv": [6.28571, 0, 0, 0], "rotation": 270, "texture": "#1"},
				"up": {"uv": [0, 2.85714, 0, 0], "rotation": 270, "texture": "#1"},
				"down": {"uv": [0, 2.85714, 0, 0], "rotation": 270, "texture": "#1"}
			}
		}
	],
	"gui_light": "front",
	"display": {
		"thirdperson_righthand": {
			"rotation": [55, 0, 0],
			"translation": [0, 1, 2.25]
		},
		"thirdperson_lefthand": {
			"rotation": [55, 0, 0],
			"translation": [0, 1, 2.25]
		},
		"firstperson_righthand": {
			"rotation": [0, 0, 13],
			"translation": [-6, 4.5, 2.25]
		},
		"firstperson_lefthand": {
			"rotation": [0, 0, 13],
			"translation": [-6, 4.5, 2.25]
		},
		"ground": {
			"rotation": [40, 0, 0],
			"translation": [0, 3.5, 0],
			"scale": [0.80273, 0.80273, 0.80273]
		},
		"gui": {
			"rotation": [0, -180, 0],
			"translation": [0, 1, -0.75],
			"scale": [0.80938, 0.80938, 0.80938]
		},
		"head": {
			"scale": [0, 0, 0]
		},
		"fixed": {
			"translation": [0, 3.75, -0.5],
			"scale": [2.01055, 2.01055, 2.01055]
		}
	}
}