{"credit":"MadewithBlockbench","texture_size":[20,20],"textures":{"1":"blaze:shovel","2":"blaze:animation_2","particle":"blaze:animation_2"},"elements":[{"from":[7.4,0,7.4],"to":[8.6,1.2,8.6],"rotation":{"angle":0,"axis":"y","origin":[7.5,0,7.5]},"faces":{"north":{"uv":[3.2,9.6,4.2,10.6],"texture":"#1"},"east":{"uv":[4.8,9.6,5.8,10.6],"texture":"#1"},"south":{"uv":[9.6,4.8,10.6,5.8],"texture":"#1"},"west":{"uv":[9.6,6.4,10.6,7.4],"texture":"#1"},"up":{"uv":[8.2,10.6,7.2,9.6],"texture":"#1"},"down":{"uv":[10.6,8,9.6,9],"texture":"#1"}}},{"from":[7.4,6.2,7.4],"to":[8.6,7.4,8.6],"rotation":{"angle":0,"axis":"y","origin":[7.5,0,7.5]},"faces":{"north":{"uv":[8.8,9.6,9.8,10.6],"texture":"#1"},"east":{"uv":[0,10.4,1,11.4],"texture":"#1"},"south":{"uv":[10.4,0,11.4,1],"texture":"#1"},"west":{"uv":[10.4,1.6,11.4,2.6],"texture":"#1"},"up":{"uv":[11.4,4.2,10.4,3.2],"texture":"#1"},"down":{"uv":[11.4,9.6,10.4,10.6],"texture":"#1"}}},{"from":[7.4,11.2,7.4],"to":[8.6,12.4,8.6],"rotation":{"angle":0,"axis":"y","origin":[7.5,5,7.5]},"faces":{"north":{"uv":[1.6,11.2,2.6,12.2],"texture":"#1"},"east":{"uv":[3.2,11.2,4.2,12.2],"texture":"#1"},"south":{"uv":[4.8,11.2,5.8,12.2],"texture":"#1"},"west":{"uv":[11.2,4.8,12.2,5.8],"texture":"#1"},"up":{"uv":[7.4,12.2,6.4,11.2],"texture":"#1"},"down":{"uv":[12.2,6.4,11.2,7.4],"texture":"#1"}}},{"from":[7.5,1.2,7.5],"to":[8.5,2.2,8.5],"rotation":{"angle":0,"axis":"y","origin":[6.9,-5.6,6.9]},"faces":{"north":{"uv":[11.2,8,12,8.8],"texture":"#1"},"east":{"uv":[11.2,8.8,12,9.6],"texture":"#1"},"south":{"uv":[9.6,11.2,10.4,12],"texture":"#1"},"west":{"uv":[10.4,11.2,11.2,12],"texture":"#1"},"up":{"uv":[12,12,11.2,11.2],"texture":"#1"},"down":{"uv":[0.8,12,0,12.8],"texture":"#1"}}},{"from":[7.6,2.2,7.6],"to":[8.4,5.2,8.4],"rotation":{"angle":0,"axis":"y","origin":[6.9,-5.6,6.9]},"faces":{"north":{"uv":[0,8,0.6,10.4],"texture":"#1"},"east":{"uv":[8,0,8.6,2.4],"texture":"#1"},"south":{"uv":[0.8,8,1.4,10.4],"texture":"#1"},"west":{"uv":[8,2.4,8.6,4.8],"texture":"#1"},"up":{"uv":[13.4,0.6,12.8,0],"texture":"#1"},"down":{"uv":[1.4,12.8,0.8,13.4],"texture":"#1"}}},{"from":[7.5,5.2,7.5],"to":[8.5,6.2,8.5],"rotation":{"angle":0,"axis":"y","origin":[6.9,-5.8,6.9]},"faces":{"north":{"uv":[12,0,12.8,0.8],"texture":"#1"},"east":{"uv":[0.8,12,1.6,12.8],"texture":"#1"},"south":{"uv":[12,0.8,12.8,1.6],"texture":"#1"},"west":{"uv":[12,1.6,12.8,2.4],"texture":"#1"},"up":{"uv":[12.8,3.2,12,2.4],"texture":"#1"},"down":{"uv":[12.8,3.2,12,4],"texture":"#1"}}},{"from":[7.75,-0.9,6.83579],"to":[8.25,0.1,8.83579],"rotation":{"angle":-45,"axis":"x","origin":[8.25,1.6,7.83579]},"faces":{"north":{"uv":[12.8,0.8,13.2,1.6],"texture":"#1"},"east":{"uv":[8.8,3.2,10.4,4],"texture":"#1"},"south":{"uv":[1.6,12.8,2,13.6],"texture":"#1"},"west":{"uv":[8.8,4,10.4,4.8],"texture":"#1"},"up":{"uv":[12.4,9.6,12,8],"texture":"#1"},"down":{"uv":[10,12,9.6,13.6],"texture":"#1"}}},{"from":[7.5,12,7],"to":[8.5,14,9],"rotation":{"angle":45,"axis":"x","origin":[8,13,8]},"faces":{"north":{"uv":[5.6,8,6.4,9.6],"texture":"#1"},"east":{"uv":[0,6.4,1.6,8],"texture":"#1"},"south":{"uv":[8.8,8,9.6,9.6],"texture":"#1"},"west":{"uv":[6.4,0,8,1.6],"texture":"#1"},"up":{"uv":[2.4,11.2,1.6,9.6],"texture":"#1"},"down":{"uv":[3.2,9.6,2.4,11.2],"texture":"#1"}}},{"from":[7.3,12.3,7.3],"to":[8.7,13.7,8.7],"rotation":{"angle":45,"axis":"x","origin":[7.3,13,8]},"faces":{"north":{"uv":[4,8,5.2,9.2],"texture":"#1"},"east":{"uv":[8,4.8,9.2,6],"texture":"#1"},"south":{"uv":[8,6.4,9.2,7.6],"texture":"#1"},"west":{"uv":[7.2,8,8.4,9.2],"texture":"#1"},"up":{"uv":[10,1.2,8.8,0],"texture":"#1"},"down":{"uv":[10,1.6,8.8,2.8],"texture":"#1"}}},{"from":[8,-2.75355,10.93198],"to":[8,0.24645,11.93198],"rotation":{"angle":45,"axis":"x","origin":[7,1.24645,12.43198]},"faces":{"north":{"uv":[0,0,0,2.4],"texture":"#1"},"east":{"uv":[6.4,4.8,7.2,7.2],"texture":"#1"},"south":{"uv":[0,0,0,2.4],"texture":"#1"},"west":{"uv":[7.2,1.6,8,4],"texture":"#1"},"up":{"uv":[0,0.8,0,0],"texture":"#1"},"down":{"uv":[0,0,0,0.8],"texture":"#1"}}},{"from":[7.75,-0.9,7.16421],"to":[8.25,0.1,9.16421],"rotation":{"angle":45,"axis":"x","origin":[8.25,1.6,8.16421]},"faces":{"north":{"uv":[2,12.8,1.6,13.6],"texture":"#1"},"east":{"uv":[10.4,3.2,8.8,4],"texture":"#1"},"south":{"uv":[13.2,0.8,12.8,1.6],"texture":"#1"},"west":{"uv":[10.4,4,8.8,4.8],"texture":"#1"},"up":{"uv":[12.4,8,12,9.6],"texture":"#1"},"down":{"uv":[10,13.6,9.6,12],"texture":"#1"}}},{"from":[8,-2.75355,4.06802],"to":[8,0.24645,5.06802],"rotation":{"angle":-45,"axis":"x","origin":[7,1.24645,3.56802]},"faces":{"north":{"uv":[0,0,0,2.4],"texture":"#1"},"east":{"uv":[7.2,4.8,6.4,7.2],"texture":"#1"},"south":{"uv":[0,0,0,2.4],"texture":"#1"},"west":{"uv":[8,1.6,7.2,4],"texture":"#1"},"up":{"uv":[0,0,0,0.8],"texture":"#1"},"down":{"uv":[0,0.8,0,0],"texture":"#1"}}},{"from":[7.5,7.4,7.5],"to":[8.5,11.2,8.5],"rotation":{"angle":0,"axis":"y","origin":[6.9,6.8,6.9]},"faces":{"north":{"uv":[1.6,6.4,2.4,9.4],"texture":"#1"},"east":{"uv":[6.4,1.6,7.2,4.6],"texture":"#1"},"south":{"uv":[2.4,6.4,3.2,9.4],"texture":"#1"},"west":{"uv":[3.2,6.4,4,9.4],"texture":"#1"},"up":{"uv":[12.8,4.8,12,4],"texture":"#1"},"down":{"uv":[12.8,9.6,12,10.4],"texture":"#1"}}},{"from":[7.765,13.0075,6.59],"to":[8.235,17.7075,9.41],"rotation":{"angle":0,"axis":"y","origin":[8.235,1.4825,8]},"faces":{"north":{"uv":[7.2,4,7.6,8],"texture":"#1"},"east":{"uv":[4,0,6.4,4],"texture":"#1"},"south":{"uv":[6.4,7.2,6.8,11.2],"texture":"#1"},"west":{"uv":[4,4,6.4,8],"texture":"#1"},"up":{"uv":[8.4,13.6,8,11.2],"texture":"#1"},"down":{"uv":[9.2,11.2,8.8,13.6],"texture":"#1"}}},{"from":[8,12.0675,5.65],"to":[8,19.5875,10.35],"rotation":{"angle":0,"axis":"y","origin":[8,1.4825,8]},"faces":{"north":{"uv":[0,0,0,6.4],"texture":"#1"},"east":{"uv":[0,0,4,6.4],"texture":"#1"},"south":{"uv":[0,0,0,6.4],"texture":"#1"},"west":{"uv":[0,0,4,6.4],"texture":"#1"},"up":{"uv":[0,4,0,0],"texture":"#1"},"down":{"uv":[0,0,0,4],"texture":"#1"}}},{"from":[7.765,17.7075,7.06],"to":[8.235,18.1775,8.94],"rotation":{"angle":0,"axis":"y","origin":[8,17.4625,7.53]},"faces":{"north":{"uv":[12.8,1.6,13.2,2],"texture":"#1"},"east":{"uv":[10.4,12,12,12.4],"texture":"#1"},"south":{"uv":[2.4,12.8,2.8,13.2],"texture":"#1"},"west":{"uv":[12,10.4,13.6,10.8],"texture":"#1"},"up":{"uv":[12.4,12.8,12,11.2],"texture":"#1"},"down":{"uv":[0.4,12.8,0,14.4],"texture":"#1"}}},{"from":[7.6,10.81,4.35],"to":[7.6,17.19,7.25],"rotation":{"angle":-22.5,"axis":"x","origin":[7.6,14,5.8]},"faces":{"north":{"uv":[8.8,0,0,0],"rotation":270,"texture":"#2"},"east":{"uv":[14.06667,0.86667,2.53333,6.46667],"rotation":270,"texture":"#2"},"south":{"uv":[8.8,0,0,0],"rotation":270,"texture":"#2"},"west":{"uv":[2.53333,0.86667,14.06667,6.46667],"rotation":90,"texture":"#2"},"up":{"uv":[0,0,0,4],"rotation":180,"texture":"#2"},"down":{"uv":[0,0,0,4],"texture":"#2"}}},{"from":[7.6,10.81,8.75],"to":[7.6,17.19,11.65],"rotation":{"angle":22.5,"axis":"x","origin":[7.6,14,10.2]},"faces":{"north":{"uv":[8.8,0,0,0],"rotation":270,"texture":"#2"},"east":{"uv":[14.06667,6.46667,2.53333,0.86667],"rotation":270,"texture":"#2"},"south":{"uv":[8.8,0,0,0],"rotation":270,"texture":"#2"},"west":{"uv":[2.53333,6.46667,14.06667,0.86667],"rotation":90,"texture":"#2"},"up":{"uv":[0,4,0,0],"rotation":180,"texture":"#2"},"down":{"uv":[0,4,0,0],"texture":"#2"}}},{"from":[8.4,10.81,4.35],"to":[8.4,17.19,7.25],"rotation":{"angle":-22.5,"axis":"x","origin":[8.4,14,5.8]},"faces":{"north":{"uv":[8.8,0,0,0],"rotation":270,"texture":"#2"},"east":{"uv":[2.53333,6.46667,14.06667,0.86667],"rotation":90,"texture":"#2"},"south":{"uv":[8.8,0,0,0],"rotation":270,"texture":"#2"},"west":{"uv":[14.06667,6.46667,2.53333,0.86667],"rotation":270,"texture":"#2"},"up":{"uv":[0,0,0,4],"rotation":180,"texture":"#2"},"down":{"uv":[0,0,0,4],"texture":"#2"}}},{"from":[8.4,10.81,8.75],"to":[8.4,17.19,11.65],"rotation":{"angle":22.5,"axis":"x","origin":[8.4,14,10.2]},"faces":{"north":{"uv":[8.8,0,0,0],"rotation":270,"texture":"#2"},"east":{"uv":[2.53333,0.86667,14.06667,6.46667],"rotation":90,"texture":"#2"},"south":{"uv":[8.8,0,0,0],"rotation":270,"texture":"#2"},"west":{"uv":[14.06667,0.86667,2.53333,6.46667],"rotation":270,"texture":"#2"},"up":{"uv":[0,4,0,0],"rotation":180,"texture":"#2"},"down":{"uv":[0,4,0,0],"texture":"#2"}}}],"gui_light":"front","display":{"thirdperson_righthand":{"translation":[0,2,1.75]},"thirdperson_lefthand":{"translation":[0,2,1.75]},"firstperson_righthand":{"rotation":[-22.5,0,0],"translation":[0.25,3.25,2.75],"scale":[0.75781,0.75781,0.75781]},"firstperson_lefthand":{"rotation":[-22.5,0,0],"translation":[0.25,3.25,2.75],"scale":[0.75781,0.75781,0.75781]},"ground":{"rotation":[0,0,-75],"translation":[0,1.75,0],"scale":[0.83008,0.83008,0.83008]},"gui":{"rotation":[90,-135,90],"translation":[-0.5,-0.75,-0.75],"scale":[0.7,0.7,0.7]},"head":{"scale":[0,0,0]},"fixed":{"rotation":[-90,90,90],"translation":[0.75,-1.5,-1.75],"scale":[1.89922,1.89922,1.89922]}}}