{"credit":"MadewithBlockbench","texture_size":[24,24],"textures":{"1":"blaze:animation_2","2":"blaze:sickle","particle":"blaze:sickle"},"elements":[{"from":[7.4,0,7.4],"to":[8.6,1.2,8.6],"rotation":{"angle":0,"axis":"y","origin":[7.5,0,7.5]},"faces":{"north":{"uv":[6,10.66667,6.83333,11.5],"texture":"#2"},"east":{"uv":[10.66667,6.66667,11.5,7.5],"texture":"#2"},"south":{"uv":[7.33333,10.66667,8.16667,11.5],"texture":"#2"},"west":{"uv":[10.66667,8,11.5,8.83333],"texture":"#2"},"up":{"uv":[9.5,11.5,8.66667,10.66667],"texture":"#2"},"down":{"uv":[11.5,9.33333,10.66667,10.16667],"texture":"#2"}}},{"from":[7.4,6.2,7.4],"to":[8.6,7.4,8.6],"rotation":{"angle":0,"axis":"y","origin":[7.5,0,7.5]},"faces":{"north":{"uv":[10.66667,10.66667,11.5,11.5],"texture":"#2"},"east":{"uv":[11.33333,0,12.16667,0.83333],"texture":"#2"},"south":{"uv":[11.33333,2,12.16667,2.83333],"texture":"#2"},"west":{"uv":[4,11.33333,4.83333,12.16667],"texture":"#2"},"up":{"uv":[12.16667,6.16667,11.33333,5.33333],"texture":"#2"},"down":{"uv":[0.83333,12,0,12.83333],"texture":"#2"}}},{"from":[7.4,18.2,7.4],"to":[8.6,19.4,8.6],"rotation":{"angle":0,"axis":"y","origin":[7.5,12,7.5]},"faces":{"north":{"uv":[1.33333,12,2.16667,12.83333],"texture":"#2"},"east":{"uv":[2.66667,12,3.5,12.83333],"texture":"#2"},"south":{"uv":[12,3.33333,12.83333,4.16667],"texture":"#2"},"west":{"uv":[5.33333,12,6.16667,12.83333],"texture":"#2"},"up":{"uv":[7.5,12.83333,6.66667,12],"texture":"#2"},"down":{"uv":[12.83333,6.66667,12,7.5],"texture":"#2"}}},{"from":[7.5,1.2,7.5],"to":[8.5,2.2,8.5],"rotation":{"angle":0,"axis":"y","origin":[6.9,-5.6,6.9]},"faces":{"north":{"uv":[8,4.66667,8.66667,5.33333],"texture":"#2"},"east":{"uv":[10.66667,3.33333,11.33333,4],"texture":"#2"},"south":{"uv":[11.33333,3.33333,12,4],"texture":"#2"},"west":{"uv":[12,1.33333,12.66667,2],"texture":"#2"},"up":{"uv":[12.66667,5.33333,12,4.66667],"texture":"#2"},"down":{"uv":[12.66667,9.33333,12,10],"texture":"#2"}}},{"from":[7.6,2.2,7.6],"to":[8.4,5.2,8.4],"rotation":{"angle":0,"axis":"y","origin":[6.9,-5.6,6.9]},"faces":{"north":{"uv":[6.66667,8,7.16667,10],"texture":"#2"},"east":{"uv":[7.33333,8,7.83333,10],"texture":"#2"},"south":{"uv":[8,8,8.5,10],"texture":"#2"},"west":{"uv":[0,8.66667,0.5,10.66667],"texture":"#2"},"up":{"uv":[13.16667,5.83333,12.66667,5.33333],"texture":"#2"},"down":{"uv":[13.16667,6,12.66667,6.5],"texture":"#2"}}},{"from":[7.5,5.2,7.5],"to":[8.5,6.2,8.5],"rotation":{"angle":0,"axis":"y","origin":[6.9,-5.8,6.9]},"faces":{"north":{"uv":[12,10,12.66667,10.66667],"texture":"#2"},"east":{"uv":[10.66667,12,11.33333,12.66667],"texture":"#2"},"south":{"uv":[12,10.66667,12.66667,11.33333],"texture":"#2"},"west":{"uv":[11.33333,12,12,12.66667],"texture":"#2"},"up":{"uv":[12.66667,12,12,11.33333],"texture":"#2"},"down":{"uv":[12.66667,12,12,12.66667],"texture":"#2"}}},{"from":[7.75,-0.9,6.83579],"to":[8.25,0.1,8.83579],"rotation":{"angle":-45,"axis":"x","origin":[8.25,1.6,7.83579]},"faces":{"north":{"uv":[12,12.66667,12.33333,13.33333],"texture":"#2"},"east":{"uv":[6,10,7.33333,10.66667],"texture":"#2"},"south":{"uv":[12.66667,12,13,12.66667],"texture":"#2"},"west":{"uv":[7.33333,10,8.66667,10.66667],"texture":"#2"},"up":{"uv":[13,1.33333,12.66667,0],"texture":"#2"},"down":{"uv":[13,1.33333,12.66667,2.66667],"texture":"#2"}}},{"from":[7.75,-0.31421,4.75],"to":[8.25,0.68579,7.75],"rotation":{"angle":45,"axis":"x","origin":[8,0.18579,6.75]},"faces":{"north":{"uv":[12.66667,12.66667,13,13.33333],"texture":"#2"},"east":{"uv":[8,1.33333,10,2],"texture":"#2"},"south":{"uv":[0,13.33333,0.33333,14],"texture":"#2"},"west":{"uv":[8,2,10,2.66667],"texture":"#2"},"up":{"uv":[10.33333,13.33333,10,11.33333],"texture":"#2"},"down":{"uv":[9.66667,12,9.33333,14],"texture":"#2"}}},{"from":[7.5,19,7],"to":[8.5,21,9],"rotation":{"angle":45,"axis":"x","origin":[8,20,8]},"faces":{"north":{"uv":[4,5.33333,4.66667,6.66667],"texture":"#2"},"east":{"uv":[7.33333,5.33333,8.66667,6.66667],"texture":"#2"},"south":{"uv":[0.66667,8.66667,1.33333,10],"texture":"#2"},"west":{"uv":[7.33333,6.66667,8.66667,8],"texture":"#2"},"up":{"uv":[10.66667,8.66667,10,7.33333],"texture":"#2"},"down":{"uv":[10.66667,8.66667,10,10],"texture":"#2"}}},{"from":[7.3,19.3,7.3],"to":[8.7,20.7,8.7],"rotation":{"angle":45,"axis":"x","origin":[7.3,20,8]},"faces":{"north":{"uv":[8.66667,2.66667,9.66667,3.66667],"texture":"#2"},"east":{"uv":[8.66667,4,9.66667,5],"texture":"#2"},"south":{"uv":[8.66667,5.33333,9.66667,6.33333],"texture":"#2"},"west":{"uv":[8.66667,6.66667,9.66667,7.66667],"texture":"#2"},"up":{"uv":[9.66667,9,8.66667,8],"texture":"#2"},"down":{"uv":[9.66667,9.33333,8.66667,10.33333],"texture":"#2"}}},{"from":[8,-2.75355,3.06802],"to":[8,2.24645,5.06802],"rotation":{"angle":-45,"axis":"x","origin":[7,1.24645,3.56802]},"faces":{"north":{"uv":[0,0,0,3.33333],"texture":"#2"},"east":{"uv":[4.66667,3.33333,6,6.66667],"texture":"#2"},"south":{"uv":[0,0,0,3.33333],"texture":"#2"},"west":{"uv":[0,5.33333,1.33333,8.66667],"texture":"#2"},"up":{"uv":[0,1.33333,0,0],"texture":"#2"},"down":{"uv":[0,0,0,1.33333],"texture":"#2"}}},{"from":[8,-2.75355,10.93198],"to":[8,0.24645,11.93198],"rotation":{"angle":45,"axis":"x","origin":[7,1.24645,12.43198]},"faces":{"north":{"uv":[0,0,0,2],"texture":"#2"},"east":{"uv":[8,2.66667,8.66667,4.66667],"texture":"#2"},"south":{"uv":[0,0,0,2],"texture":"#2"},"west":{"uv":[6,8,6.66667,10],"texture":"#2"},"up":{"uv":[0,0.66667,0,0],"texture":"#2"},"down":{"uv":[0,0,0,0.66667],"texture":"#2"}}},{"from":[8,15.4,-3],"to":[8,20.4,8],"rotation":{"angle":0,"axis":"y","origin":[8,-7,0]},"faces":{"north":{"uv":[0,0,0,3.33333],"texture":"#2"},"east":{"uv":[7.33333,0,0,3.33333],"texture":"#2"},"south":{"uv":[0,0,0,3.33333],"texture":"#2"},"west":{"uv":[0,0,7.33333,3.33333],"texture":"#2"},"up":{"uv":[0,7.33333,0,0],"texture":"#2"},"down":{"uv":[0,0,0,7.33333],"texture":"#2"}}},{"from":[8,17.4,8.4],"to":[8,20.4,15.4],"rotation":{"angle":0,"axis":"y","origin":[8,-7,0]},"faces":{"north":{"uv":[0,0,0,2],"texture":"#2"},"east":{"uv":[4.66667,3.33333,0,5.33333],"texture":"#2"},"south":{"uv":[0,0,0,2],"texture":"#2"},"west":{"uv":[0,3.33333,4.66667,5.33333],"texture":"#2"},"up":{"uv":[0,4.66667,0,0],"texture":"#2"},"down":{"uv":[0,0,0,4.66667],"texture":"#2"}}},{"from":[7.5,7.4,7.5],"to":[8.5,9.4,8.5],"rotation":{"angle":0,"axis":"y","origin":[6.9,6.8,6.9]},"faces":{"north":{"uv":[10,10,10.66667,11.33333],"texture":"#2"},"east":{"uv":[0,10.66667,0.66667,12],"texture":"#2"},"south":{"uv":[0.66667,10.66667,1.33333,12],"texture":"#2"},"west":{"uv":[1.33333,10.66667,2,12],"texture":"#2"},"up":{"uv":[13.33333,3.33333,12.66667,2.66667],"texture":"#2"},"down":{"uv":[4.66667,12.66667,4,13.33333],"texture":"#2"}}},{"from":[7.5,16.2,7.5],"to":[8.5,18.2,8.5],"rotation":{"angle":0,"axis":"y","origin":[6.9,15.6,6.9]},"faces":{"north":{"uv":[2,10.66667,2.66667,12],"texture":"#2"},"east":{"uv":[10.66667,2,11.33333,3.33333],"texture":"#2"},"south":{"uv":[5.33333,10.66667,6,12],"texture":"#2"},"west":{"uv":[10.66667,5.33333,11.33333,6.66667],"texture":"#2"},"up":{"uv":[5.33333,13.33333,4.66667,12.66667],"texture":"#2"},"down":{"uv":[13.33333,4.66667,12.66667,5.33333],"texture":"#2"}}},{"from":[7.4,9.4,7.4],"to":[8.6,16.2,8.6],"rotation":{"angle":0,"axis":"y","origin":[6.9,8.8,6.9]},"faces":{"north":{"uv":[1.33333,5.33333,2.16667,9.83333],"texture":"#2"},"east":{"uv":[2.66667,5.33333,3.5,9.83333],"texture":"#2"},"south":{"uv":[6,3.33333,6.83333,7.83333],"texture":"#2"},"west":{"uv":[4,6.66667,4.83333,11.16667],"texture":"#2"},"up":{"uv":[8.83333,12.83333,8,12],"texture":"#2"},"down":{"uv":[12.83333,8,12,8.83333],"texture":"#2"}}},{"from":[7.605,19.61709,1.02628],"to":[8.395,20.41709,7.02628],"rotation":{"angle":0,"axis":"x","origin":[8,19.54534,2.13737]},"faces":{"north":{"uv":[12.66667,9.33333,13.16667,9.83333],"texture":"#2"},"east":{"uv":[7.33333,0,11.33333,0.5],"texture":"#2"},"south":{"uv":[12.66667,10,13.16667,10.5],"texture":"#2"},"west":{"uv":[7.33333,0.66667,11.33333,1.16667],"texture":"#2"},"up":{"uv":[5.83333,10.66667,5.33333,6.66667],"texture":"#2"},"down":{"uv":[7.83333,1.33333,7.33333,5.33333],"texture":"#2"}}},{"from":[7.6175,20.14742,-1.03187],"to":[8.3825,20.94742,1.96813],"rotation":{"angle":-45,"axis":"x","origin":[8,19.54534,2.13737]},"faces":{"north":{"uv":[10.66667,12.66667,11.16667,13.16667],"texture":"#2"},"east":{"uv":[0.66667,10,2.66667,10.5],"texture":"#2"},"south":{"uv":[12.66667,10.66667,13.16667,11.16667],"texture":"#2"},"west":{"uv":[10,1.33333,12,1.83333],"texture":"#2"},"up":{"uv":[10.5,4,10,2],"texture":"#2"},"down":{"uv":[3.16667,10,2.66667,12],"texture":"#2"}}},{"from":[7.605,19.61709,8.92628],"to":[8.37,20.41709,11.92628],"rotation":{"angle":0,"axis":"x","origin":[7.9875,19.01501,0.19552]},"faces":{"north":{"uv":[11.33333,12.66667,11.83333,13.16667],"texture":"#2"},"east":{"uv":[10,4,12,4.5],"texture":"#2"},"south":{"uv":[12.66667,11.33333,13.16667,11.83333],"texture":"#2"},"west":{"uv":[10,4.66667,12,5.16667],"texture":"#2"},"up":{"uv":[3.83333,12,3.33333,10],"texture":"#2"},"down":{"uv":[10.5,5.33333,10,7.33333],"texture":"#2"}}},{"from":[7.45,16.957,-3.1546],"to":[7.45,21.643,7.1546],"rotation":{"angle":0,"axis":"x","origin":[7.45,19.3,2]},"faces":{"north":{"uv":[0,3.33333,0,0],"texture":"#1"},"east":{"uv":[13.94444,6.61111,1.94444,1],"texture":"#1"},"south":{"uv":[0,3.33333,0,0],"texture":"#1"},"west":{"uv":[1.94444,6.61111,13.94444,1],"texture":"#1"},"up":{"uv":[7.33333,0,0,0],"rotation":270,"texture":"#1"},"down":{"uv":[7.33333,0,0,0],"rotation":90,"texture":"#1"}}},{"from":[7.95,16.85362,8.59796],"to":[7.95,19.94638,15.40204],"rotation":{"angle":0,"axis":"x","origin":[7.95,18.4,12]},"faces":{"north":{"uv":[0,3.33333,0,0],"texture":"#1"},"east":{"uv":[1.94444,6.61111,13.94444,1],"texture":"#1"},"south":{"uv":[0,3.33333,0,0],"texture":"#1"},"west":{"uv":[13.94444,6.61111,1.94444,1],"texture":"#1"},"up":{"uv":[0,0,7.33333,0],"rotation":270,"texture":"#1"},"down":{"uv":[0,0,7.33333,0],"rotation":90,"texture":"#1"}}},{"from":[8.55,16.957,-3.1546],"to":[8.55,21.643,7.1546],"rotation":{"angle":0,"axis":"x","origin":[8.55,19.3,2]},"faces":{"north":{"uv":[0,3.33333,0,0],"texture":"#1"},"east":{"uv":[13.94444,6.61111,1.94444,1],"texture":"#1"},"south":{"uv":[0,3.33333,0,0],"texture":"#1"},"west":{"uv":[1.94444,6.61111,13.94444,1],"texture":"#1"},"up":{"uv":[7.33333,0,0,0],"rotation":270,"texture":"#1"},"down":{"uv":[7.33333,0,0,0],"rotation":90,"texture":"#1"}}}],"gui_light":"front","display":{"thirdperson_righthand":{"translation":[0,2,1.75]},"thirdperson_lefthand":{"translation":[0,2,1.75]},"firstperson_righthand":{"rotation":[-19.25,0,0],"translation":[0.25,2.5,2.75],"scale":[0.75781,0.75781,0.75781]},"firstperson_lefthand":{"rotation":[-19.25,0,0],"translation":[0.25,2.5,2.75],"scale":[0.75781,0.75781,0.75781]},"ground":{"rotation":[0,0,-75],"translation":[0,1.75,0],"scale":[0.83008,0.83008,0.83008]},"gui":{"rotation":[90,-135,90],"translation":[-2.75,-2.25,-0.75],"scale":[0.7,0.7,0.7]},"head":{"scale":[0,0,0]},"fixed":{"rotation":[-90,90,90],"translation":[0.75,-1.5,-1.75],"scale":[1.89922,1.89922,1.89922]}}}