{"credit":"MadewithBlockbench","texture_size":[20,20],"textures":{"1":"blaze:animation_2","2":"blaze:smallaxe","particle":"blaze:smallaxe"},"elements":[{"from":[7.4,0,7.4],"to":[8.6,1.2,8.6],"rotation":{"angle":0,"axis":"y","origin":[7.5,0,7.5]},"faces":{"north":{"uv":[2.4,12,3.4,13],"texture":"#2"},"east":{"uv":[12,3.2,13,4.2],"texture":"#2"},"south":{"uv":[4,12,5,13],"texture":"#2"},"west":{"uv":[5.6,12,6.6,13],"texture":"#2"},"up":{"uv":[13,7.4,12,6.4],"texture":"#2"},"down":{"uv":[9,12,8,13],"texture":"#2"}}},{"from":[7.4,6.2,7.4],"to":[8.6,7.4,8.6],"rotation":{"angle":0,"axis":"y","origin":[7.5,0,7.5]},"faces":{"north":{"uv":[12,8,13,9],"texture":"#2"},"east":{"uv":[9.6,12,10.6,13],"texture":"#2"},"south":{"uv":[12,9.6,13,10.6],"texture":"#2"},"west":{"uv":[11.2,12,12.2,13],"texture":"#2"},"up":{"uv":[1,13.8,0,12.8],"texture":"#2"},"down":{"uv":[13.8,0,12.8,1],"texture":"#2"}}},{"from":[7.4,11.2,7.4],"to":[8.6,12.4,8.6],"rotation":{"angle":0,"axis":"y","origin":[7.5,5,7.5]},"faces":{"north":{"uv":[12.8,1.6,13.8,2.6],"texture":"#2"},"east":{"uv":[12.8,4.8,13.8,5.8],"texture":"#2"},"south":{"uv":[12.8,11.2,13.8,12.2],"texture":"#2"},"west":{"uv":[12.8,12.8,13.8,13.8],"texture":"#2"},"up":{"uv":[2.6,14.6,1.6,13.6],"texture":"#2"},"down":{"uv":[4.2,13.6,3.2,14.6],"texture":"#2"}}},{"from":[7.5,1.2,7.5],"to":[8.5,2.2,8.5],"rotation":{"angle":0,"axis":"y","origin":[6.9,-5.6,6.9]},"faces":{"north":{"uv":[4.8,10.4,5.6,11.2],"texture":"#2"},"east":{"uv":[12,4.8,12.8,5.6],"texture":"#2"},"south":{"uv":[12,11.2,12.8,12],"texture":"#2"},"west":{"uv":[13.6,3.2,14.4,4],"texture":"#2"},"up":{"uv":[14.4,4.8,13.6,4],"texture":"#2"},"down":{"uv":[6.4,13.6,5.6,14.4],"texture":"#2"}}},{"from":[7.6,2.2,7.6],"to":[8.4,5.2,8.4],"rotation":{"angle":0,"axis":"y","origin":[6.9,-5.6,6.9]},"faces":{"north":{"uv":[8,8.8,8.6,11.2],"texture":"#2"},"east":{"uv":[8.8,8.8,9.4,11.2],"texture":"#2"},"south":{"uv":[1.6,9.6,2.2,12],"texture":"#2"},"west":{"uv":[2.4,9.6,3,12],"texture":"#2"},"up":{"uv":[11.8,14.2,11.2,13.6],"texture":"#2"},"down":{"uv":[12.6,13.6,12,14.2],"texture":"#2"}}},{"from":[7.5,5.2,7.5],"to":[8.5,6.2,8.5],"rotation":{"angle":0,"axis":"y","origin":[6.9,-5.8,6.9]},"faces":{"north":{"uv":[6.4,13.6,7.2,14.4],"texture":"#2"},"east":{"uv":[13.6,6.4,14.4,7.2],"texture":"#2"},"south":{"uv":[13.6,7.2,14.4,8],"texture":"#2"},"west":{"uv":[8,13.6,8.8,14.4],"texture":"#2"},"up":{"uv":[14.4,8.8,13.6,8],"texture":"#2"},"down":{"uv":[9.6,13.6,8.8,14.4],"texture":"#2"}}},{"from":[7.75,-0.9,6.83579],"to":[8.25,0.1,8.83579],"rotation":{"angle":-45,"axis":"x","origin":[8.25,1.6,7.83579]},"faces":{"north":{"uv":[14.4,1.6,14.8,2.4],"texture":"#2"},"east":{"uv":[11.2,5.6,12.8,6.4],"texture":"#2"},"south":{"uv":[14.4,2.4,14.8,3.2],"texture":"#2"},"west":{"uv":[8,11.2,9.6,12],"texture":"#2"},"up":{"uv":[14,10.4,13.6,8.8],"texture":"#2"},"down":{"uv":[10,13.6,9.6,15.2],"texture":"#2"}}},{"from":[7.75,-0.31421,4.75],"to":[8.25,0.68579,7.75],"rotation":{"angle":45,"axis":"x","origin":[8,0.18579,6.75]},"faces":{"north":{"uv":[14.4,3.2,14.8,4],"texture":"#2"},"east":{"uv":[1.6,8.8,4,9.6],"texture":"#2"},"south":{"uv":[14.4,4,14.8,4.8],"texture":"#2"},"west":{"uv":[8.8,4,11.2,4.8],"texture":"#2"},"up":{"uv":[7.6,15.2,7.2,12.8],"texture":"#2"},"down":{"uv":[5.2,13.6,4.8,16],"texture":"#2"}}},{"from":[7.5,12,7],"to":[8.5,14,9],"rotation":{"angle":45,"axis":"x","origin":[8,13,8]},"faces":{"north":{"uv":[3.2,9.6,4,11.2],"texture":"#2"},"east":{"uv":[1.6,7.2,3.2,8.8],"texture":"#2"},"south":{"uv":[11.2,8.8,12,10.4],"texture":"#2"},"west":{"uv":[3.2,7.2,4.8,8.8],"texture":"#2"},"up":{"uv":[12,12,11.2,10.4],"texture":"#2"},"down":{"uv":[2.4,12,1.6,13.6],"texture":"#2"}}},{"from":[7.3,12.3,7.3],"to":[8.7,13.7,8.7],"rotation":{"angle":45,"axis":"x","origin":[7.3,13,8]},"faces":{"north":{"uv":[9.6,4.8,10.8,6],"texture":"#2"},"east":{"uv":[9.6,8.8,10.8,10],"texture":"#2"},"south":{"uv":[9.6,10.4,10.8,11.6],"texture":"#2"},"west":{"uv":[0,11.2,1.2,12.4],"texture":"#2"},"up":{"uv":[12.4,1.2,11.2,0],"texture":"#2"},"down":{"uv":[12.4,1.6,11.2,2.8],"texture":"#2"}}},{"from":[8,-2.75355,3.06802],"to":[8,2.24645,5.06802],"rotation":{"angle":-45,"axis":"x","origin":[7,1.24645,3.56802]},"faces":{"north":{"uv":[0,0,0,4],"texture":"#2"},"east":{"uv":[5.6,4,7.2,8],"texture":"#2"},"south":{"uv":[0,0,0,4],"texture":"#2"},"west":{"uv":[0,7.2,1.6,11.2],"texture":"#2"},"up":{"uv":[0,1.6,0,0],"texture":"#2"},"down":{"uv":[0,0,0,1.6],"texture":"#2"}}},{"from":[8,-2.75355,10.93198],"to":[8,0.24645,11.93198],"rotation":{"angle":45,"axis":"x","origin":[7,1.24645,12.43198]},"faces":{"north":{"uv":[0,0,0,2.4],"texture":"#2"},"east":{"uv":[4,8.8,4.8,11.2],"texture":"#2"},"south":{"uv":[0,0,0,2.4],"texture":"#2"},"west":{"uv":[8.8,4.8,9.6,7.2],"texture":"#2"},"up":{"uv":[0,0.8,0,0],"texture":"#2"},"down":{"uv":[0,0,0,0.8],"texture":"#2"}}},{"from":[8,6.475,0.9],"to":[8,14.775,7.5],"rotation":{"angle":0,"axis":"y","origin":[8,-12.225,-0.5]},"faces":{"north":{"uv":[0,0,0,6.6],"texture":"#2"},"east":{"uv":[5.2,0,0,6.6],"texture":"#2"},"south":{"uv":[0,0,0,6.6],"texture":"#2"},"west":{"uv":[0,0,5.2,6.6],"texture":"#2"},"up":{"uv":[0,5.2,0,0],"texture":"#2"},"down":{"uv":[0,0,0,5.2],"texture":"#2"}}},{"from":[8,10.475,8.5],"to":[8,14.775,15.1],"rotation":{"angle":0,"axis":"y","origin":[8,-12.225,7.1]},"faces":{"north":{"uv":[0,0,0,3.4],"texture":"#2"},"east":{"uv":[10.8,0,5.6,3.4],"texture":"#2"},"south":{"uv":[0,0,0,3.4],"texture":"#2"},"west":{"uv":[5.6,0,10.8,3.4],"texture":"#2"},"up":{"uv":[0,5.2,0,0],"texture":"#2"},"down":{"uv":[0,0,0,5.2],"texture":"#2"}}},{"from":[7.5,7.4,7.5],"to":[8.5,11.2,8.5],"rotation":{"angle":0,"axis":"y","origin":[6.9,6.8,6.9]},"faces":{"north":{"uv":[7.2,4,8,7],"texture":"#2"},"east":{"uv":[4.8,7.2,5.6,10.2],"texture":"#2"},"south":{"uv":[7.2,7.2,8,10.2],"texture":"#2"},"west":{"uv":[8,4,8.8,7],"texture":"#2"},"up":{"uv":[11.2,14.4,10.4,13.6],"texture":"#2"},"down":{"uv":[14.4,10.4,13.6,11.2],"texture":"#2"}}},{"from":[7.6,12.6,2.13579],"to":[8.4,13.4,7.13579],"rotation":{"angle":0,"axis":"x","origin":[8,13,4.13579]},"faces":{"north":{"uv":[0,14.4,0.6,15],"texture":"#2"},"east":{"uv":[8,7.2,12,7.8],"texture":"#2"},"south":{"uv":[14.4,0,15,0.6],"texture":"#2"},"west":{"uv":[8,8,12,8.6],"texture":"#2"},"up":{"uv":[6.2,12,5.6,8],"texture":"#2"},"down":{"uv":[7,8,6.4,12],"texture":"#2"}}},{"from":[7.6,12.6,8.88579],"to":[8.4,13.4,11.88579],"rotation":{"angle":0,"axis":"x","origin":[8,13,11.88579]},"faces":{"north":{"uv":[0.8,14.4,1.4,15],"texture":"#2"},"east":{"uv":[9.6,6.4,12,7],"texture":"#2"},"south":{"uv":[14.4,0.8,15,1.4],"texture":"#2"},"west":{"uv":[3.2,11.2,5.6,11.8],"texture":"#2"},"up":{"uv":[7.8,12.8,7.2,10.4],"texture":"#2"},"down":{"uv":[11.8,3.2,11.2,5.6],"texture":"#2"}}},{"from":[7.375,11.55,7.57],"to":[7.375,14.85,14.83],"rotation":{"angle":0,"axis":"x","origin":[7.525,13.2,11.2]},"faces":{"north":{"uv":[0,0,0,4],"texture":"#1"},"east":{"uv":[2.33333,0,14.33333,6.33333],"texture":"#1"},"south":{"uv":[0,0,0,4],"texture":"#1"},"west":{"uv":[14.33333,0,2.33333,6.33333],"texture":"#1"},"up":{"uv":[8.8,0,0,0],"rotation":90,"texture":"#1"},"down":{"uv":[8.8,0,0,0],"rotation":270,"texture":"#1"}}},{"from":[7.375,11.55,1.17],"to":[7.375,14.85,8.43],"rotation":{"angle":0,"axis":"x","origin":[7.525,13.2,4.8]},"faces":{"north":{"uv":[0,0,0,4],"texture":"#1"},"east":{"uv":[14.33333,0,2.33333,6.33333],"texture":"#1"},"south":{"uv":[0,0,0,4],"texture":"#1"},"west":{"uv":[2.33333,0,14.33333,6.33333],"texture":"#1"},"up":{"uv":[0,0,8.8,0],"rotation":90,"texture":"#1"},"down":{"uv":[0,0,8.8,0],"rotation":270,"texture":"#1"}}},{"from":[8.625,11.55,1.17],"to":[8.625,14.85,8.43],"rotation":{"angle":0,"axis":"x","origin":[8.525,13.2,4.8]},"faces":{"north":{"uv":[0,0,0,4],"texture":"#1"},"east":{"uv":[14.33333,0,2.33333,6.33333],"texture":"#1"},"south":{"uv":[0,0,0,4],"texture":"#1"},"west":{"uv":[2.33333,0,14.33333,6.33333],"texture":"#1"},"up":{"uv":[0,0,8.8,0],"rotation":90,"texture":"#1"},"down":{"uv":[0,0,8.8,0],"rotation":270,"texture":"#1"}}},{"from":[8.625,11.55,7.57],"to":[8.625,14.85,14.83],"rotation":{"angle":0,"axis":"x","origin":[8.525,13.2,11.2]},"faces":{"north":{"uv":[0,0,0,4],"texture":"#1"},"east":{"uv":[2.33333,0,14.33333,6.33333],"texture":"#1"},"south":{"uv":[0,0,0,4],"texture":"#1"},"west":{"uv":[14.33333,0,2.33333,6.33333],"texture":"#1"},"up":{"uv":[8.8,0,0,0],"rotation":90,"texture":"#1"},"down":{"uv":[8.8,0,0,0],"rotation":270,"texture":"#1"}}}],"gui_light":"front","display":{"thirdperson_righthand":{"translation":[0,2,1.75]},"thirdperson_lefthand":{"translation":[0,2,1.75]},"firstperson_righthand":{"rotation":[-17.02,4.08,1.25],"translation":[0.25,4.75,2.75],"scale":[0.93359,0.93359,0.93359]},"firstperson_lefthand":{"rotation":[-17.02,4.08,1.25],"translation":[0.25,4.75,2.75],"scale":[0.93359,0.93359,0.93359]},"ground":{"rotation":[0,0,-75],"translation":[0,1.75,0],"scale":[0.83008,0.83008,0.83008]},"gui":{"rotation":[90,-135,90],"translation":[-0.5,-0.5,-0.75],"scale":[0.7,0.7,0.7]},"head":{"scale":[0,0,0]},"fixed":{"rotation":[-90,90,90],"translation":[0.75,2.75,-1.75],"scale":[1.89922,1.89922,1.89922]}}}