{"credit":"MadewithBlockbench","texture_size":[24,24],"textures":{"1":"blaze:animation_3","2":"blaze:spear","particle":"blaze:spear"},"elements":[{"from":[7.4,0,7.4],"to":[8.6,1.2,8.6],"rotation":{"angle":0,"axis":"y","origin":[7.5,0,7.5]},"faces":{"north":{"uv":[10,4,10.83333,4.83333],"texture":"#2"},"east":{"uv":[10,5.33333,10.83333,6.16667],"texture":"#2"},"south":{"uv":[6.66667,10,7.5,10.83333],"texture":"#2"},"west":{"uv":[10,6.66667,10.83333,7.5],"texture":"#2"},"up":{"uv":[10.83333,8.83333,10,8],"texture":"#2"},"down":{"uv":[10.83333,9.33333,10,10.16667],"texture":"#2"}}},{"from":[7.4,6.2,7.4],"to":[8.6,7.4,8.6],"rotation":{"angle":0,"axis":"y","origin":[7.5,0,7.5]},"faces":{"north":{"uv":[10.66667,0,11.5,0.83333],"texture":"#2"},"east":{"uv":[10.66667,1.33333,11.5,2.16667],"texture":"#2"},"south":{"uv":[10.66667,2.66667,11.5,3.5],"texture":"#2"},"west":{"uv":[4.66667,10.66667,5.5,11.5],"texture":"#2"},"up":{"uv":[8.83333,11.5,8,10.66667],"texture":"#2"},"down":{"uv":[10.16667,10.66667,9.33333,11.5],"texture":"#2"}}},{"from":[7.4125,-7.8,7.4],"to":[8.5875,-6.6,8.6],"rotation":{"angle":-45,"axis":"x","origin":[8.0125,-7.2,8]},"faces":{"north":{"uv":[12,0,12.83333,0.83333],"texture":"#2"},"east":{"uv":[12,1.33333,12.83333,2.16667],"texture":"#2"},"south":{"uv":[12,2.66667,12.83333,3.5],"texture":"#2"},"west":{"uv":[4,12,4.83333,12.83333],"texture":"#2"},"up":{"uv":[8.16667,12.83333,7.33333,12],"texture":"#2"},"down":{"uv":[9.5,12,8.66667,12.83333],"texture":"#2"}}},{"from":[7.4,18.2,7.4],"to":[8.6,19.4,8.6],"rotation":{"angle":0,"axis":"y","origin":[7.5,12,7.5]},"faces":{"north":{"uv":[10.66667,10.66667,11.5,11.5],"texture":"#2"},"east":{"uv":[0,11.33333,0.83333,12.16667],"texture":"#2"},"south":{"uv":[1.33333,11.33333,2.16667,12.16667],"texture":"#2"},"west":{"uv":[2.66667,11.33333,3.5,12.16667],"texture":"#2"},"up":{"uv":[12.16667,4.83333,11.33333,4],"texture":"#2"},"down":{"uv":[12.16667,5.33333,11.33333,6.16667],"texture":"#2"}}},{"from":[7.5,1.2,7.5],"to":[8.5,2.2,8.5],"rotation":{"angle":0,"axis":"y","origin":[6.9,-5.6,6.9]},"faces":{"north":{"uv":[8,6.66667,8.66667,7.33333],"texture":"#2"},"east":{"uv":[4.66667,10,5.33333,10.66667],"texture":"#2"},"south":{"uv":[8,10,8.66667,10.66667],"texture":"#2"},"west":{"uv":[6,10.66667,6.66667,11.33333],"texture":"#2"},"up":{"uv":[4.66667,12,4,11.33333],"texture":"#2"},"down":{"uv":[8,11.33333,7.33333,12],"texture":"#2"}}},{"from":[7.6,2.2,7.6],"to":[8.4,5.2,8.4],"rotation":{"angle":0,"axis":"y","origin":[6.9,-5.6,6.9]},"faces":{"north":{"uv":[8,4.66667,8.5,6.66667],"texture":"#2"},"east":{"uv":[6.66667,8,7.16667,10],"texture":"#2"},"south":{"uv":[7.33333,8,7.83333,10],"texture":"#2"},"west":{"uv":[8,8,8.5,10],"texture":"#2"},"up":{"uv":[13.16667,5.16667,12.66667,4.66667],"texture":"#2"},"down":{"uv":[13.16667,5.33333,12.66667,5.83333],"texture":"#2"}}},{"from":[7.5,5.2,7.5],"to":[8.5,6.2,8.5],"rotation":{"angle":0,"axis":"y","origin":[6.9,-5.8,6.9]},"faces":{"north":{"uv":[10.66667,12,11.33333,12.66667],"texture":"#2"},"east":{"uv":[12,10.66667,12.66667,11.33333],"texture":"#2"},"south":{"uv":[11.33333,12,12,12.66667],"texture":"#2"},"west":{"uv":[12,11.33333,12.66667,12],"texture":"#2"},"up":{"uv":[12.66667,12.66667,12,12],"texture":"#2"},"down":{"uv":[0.66667,12.66667,0,13.33333],"texture":"#2"}}},{"from":[7.75,19.1,6.83579],"to":[8.25,20.1,8.83579],"rotation":{"angle":-45,"axis":"x","origin":[8.25,21.6,7.83579]},"faces":{"north":{"uv":[6,12.66667,6.33333,13.33333],"texture":"#2"},"east":{"uv":[8.66667,8.66667,10,9.33333],"texture":"#2"},"south":{"uv":[12.66667,6,13,6.66667],"texture":"#2"},"west":{"uv":[4,9.33333,5.33333,10],"texture":"#2"},"up":{"uv":[1,14,0.66667,12.66667],"texture":"#2"},"down":{"uv":[1.66667,12.66667,1.33333,14],"texture":"#2"}}},{"from":[7.75,19.68579,4.75],"to":[8.25,20.68579,7.75],"rotation":{"angle":45,"axis":"x","origin":[8,20.18579,6.75]},"faces":{"north":{"uv":[6.66667,12.66667,7,13.33333],"texture":"#2"},"east":{"uv":[6.66667,7.33333,8.66667,8],"texture":"#2"},"south":{"uv":[12.66667,6.66667,13,7.33333],"texture":"#2"},"west":{"uv":[8,0,10,0.66667],"texture":"#2"},"up":{"uv":[5.66667,14,5.33333,12],"texture":"#2"},"down":{"uv":[10.33333,12,10,14],"texture":"#2"}}},{"from":[7.5,19,7],"to":[8.5,21,9],"rotation":{"angle":45,"axis":"x","origin":[8,20,8]},"faces":{"north":{"uv":[5.33333,9.33333,6,10.66667],"texture":"#2"},"east":{"uv":[6.66667,4.66667,8,6],"texture":"#2"},"south":{"uv":[6,9.33333,6.66667,10.66667],"texture":"#2"},"west":{"uv":[6.66667,6,8,7.33333],"texture":"#2"},"up":{"uv":[9.33333,10.66667,8.66667,9.33333],"texture":"#2"},"down":{"uv":[10,9.33333,9.33333,10.66667],"texture":"#2"}}},{"from":[7.3,19.3,7.3],"to":[8.7,20.7,8.7],"rotation":{"angle":45,"axis":"x","origin":[7.3,20,8]},"faces":{"north":{"uv":[8.66667,0.66667,9.66667,1.66667],"texture":"#2"},"east":{"uv":[8.66667,2,9.66667,3],"texture":"#2"},"south":{"uv":[8.66667,3.33333,9.66667,4.33333],"texture":"#2"},"west":{"uv":[8.66667,4.66667,9.66667,5.66667],"texture":"#2"},"up":{"uv":[9.66667,7,8.66667,6],"texture":"#2"},"down":{"uv":[9.66667,7.33333,8.66667,8.33333],"texture":"#2"}}},{"from":[8,17.24645,3.06802],"to":[8,22.24645,5.06802],"rotation":{"angle":-45,"axis":"x","origin":[7,21.24645,3.56802]},"faces":{"north":{"uv":[0,0,0,3.33333],"texture":"#2"},"east":{"uv":[2.66667,0,4,3.33333],"texture":"#2"},"south":{"uv":[0,0,0,3.33333],"texture":"#2"},"west":{"uv":[2.66667,3.33333,4,6.66667],"texture":"#2"},"up":{"uv":[0,1.33333,0,0],"texture":"#2"},"down":{"uv":[0,0,0,1.33333],"texture":"#2"}}},{"from":[8,17.24645,10.93198],"to":[8,20.24645,11.93198],"rotation":{"angle":45,"axis":"x","origin":[7,21.24645,12.43198]},"faces":{"north":{"uv":[0,0,0,2],"texture":"#2"},"east":{"uv":[8,0.66667,8.66667,2.66667],"texture":"#2"},"south":{"uv":[0,0,0,2],"texture":"#2"},"west":{"uv":[8,2.66667,8.66667,4.66667],"texture":"#2"},"up":{"uv":[0,0.66667,0,0],"texture":"#2"},"down":{"uv":[0,0,0,0.66667],"texture":"#2"}}},{"from":[7.5,7.4,7.5],"to":[8.5,9.4,8.5],"rotation":{"angle":0,"axis":"y","origin":[6.9,6.8,6.9]},"faces":{"north":{"uv":[0,10,0.66667,11.33333],"texture":"#2"},"east":{"uv":[10,0,10.66667,1.33333],"texture":"#2"},"south":{"uv":[0.66667,10,1.33333,11.33333],"texture":"#2"},"west":{"uv":[1.33333,10,2,11.33333],"texture":"#2"},"up":{"uv":[2.66667,13.33333,2,12.66667],"texture":"#2"},"down":{"uv":[3.33333,12.66667,2.66667,13.33333],"texture":"#2"}}},{"from":[7.5,16.2,7.5],"to":[8.5,18.2,8.5],"rotation":{"angle":0,"axis":"y","origin":[6.9,15.6,6.9]},"faces":{"north":{"uv":[10,1.33333,10.66667,2.66667],"texture":"#2"},"east":{"uv":[2,10,2.66667,11.33333],"texture":"#2"},"south":{"uv":[10,2.66667,10.66667,4],"texture":"#2"},"west":{"uv":[4,10,4.66667,11.33333],"texture":"#2"},"up":{"uv":[4,13.33333,3.33333,12.66667],"texture":"#2"},"down":{"uv":[13.33333,4,12.66667,4.66667],"texture":"#2"}}},{"from":[7.4,9.4,7.4],"to":[8.6,16.2,8.6],"rotation":{"angle":0,"axis":"y","origin":[6.9,8.8,6.9]},"faces":{"north":{"uv":[4,0,4.83333,4.5],"texture":"#2"},"east":{"uv":[4,4.66667,4.83333,9.16667],"texture":"#2"},"south":{"uv":[0,5.33333,0.83333,9.83333],"texture":"#2"},"west":{"uv":[5.33333,0,6.16667,4.5],"texture":"#2"},"up":{"uv":[6.83333,12.16667,6,11.33333],"texture":"#2"},"down":{"uv":[12.16667,6.66667,11.33333,7.5],"texture":"#2"}}},{"from":[7.4,-6.8,7.4],"to":[8.6,0,8.6],"rotation":{"angle":0,"axis":"y","origin":[6.9,8.6,6.9]},"faces":{"north":{"uv":[1.33333,5.33333,2.16667,9.83333],"texture":"#2"},"east":{"uv":[5.33333,4.66667,6.16667,9.16667],"texture":"#2"},"south":{"uv":[6.66667,0,7.5,4.5],"texture":"#2"},"west":{"uv":[2.66667,6.66667,3.5,11.16667],"texture":"#2"},"up":{"uv":[12.16667,8.83333,11.33333,8],"texture":"#2"},"down":{"uv":[12.16667,9.33333,11.33333,10.16667],"texture":"#2"}}},{"from":[8,20.5,6.35],"to":[8,28.5,9.65],"rotation":{"angle":0,"axis":"y","origin":[8,20.5,7.35]},"faces":{"north":{"uv":[0,0,0,5.33333],"texture":"#2"},"east":{"uv":[2.16667,0,0,5.33333],"texture":"#2"},"south":{"uv":[0,0,0,5.33333],"texture":"#2"},"west":{"uv":[0,0,2.16667,5.33333],"texture":"#2"},"up":{"uv":[0,2.16667,0,0],"texture":"#2"},"down":{"uv":[0,0,0,2.16667],"texture":"#2"}}},{"from":[7,18.6,6.5],"to":[7,21.6,9.5],"rotation":{"angle":0,"axis":"y","origin":[7,18.6,6.5]},"faces":{"north":{"uv":[0,0,0,2],"texture":"#1"},"east":{"uv":[0,0,12,12],"texture":"#1"},"south":{"uv":[0,0,0,2],"texture":"#1"},"west":{"uv":[0,0,12,12],"texture":"#1"},"up":{"uv":[0,0,0,2],"texture":"#1"},"down":{"uv":[0,0,0,2],"texture":"#1"}}},{"from":[9,18.6,6.5],"to":[9,21.6,9.5],"rotation":{"angle":0,"axis":"y","origin":[9,18.6,6.5]},"faces":{"north":{"uv":[0,0,0,2],"texture":"#1"},"east":{"uv":[12,0,0,12],"texture":"#1"},"south":{"uv":[0,0,0,2],"texture":"#1"},"west":{"uv":[12,0,0,12],"texture":"#1"},"up":{"uv":[0,0,0,2],"texture":"#1"},"down":{"uv":[0,0,0,2],"texture":"#1"}}}],"gui_light":"front","display":{"thirdperson_righthand":{"translation":[0,2,1.75]},"thirdperson_lefthand":{"translation":[0,2,1.75]},"firstperson_righthand":{"rotation":[-15,0,0],"translation":[3.5,-0.75,0]},"firstperson_lefthand":{"rotation":[-15,0,0],"translation":[3.5,-0.75,0]},"ground":{"rotation":[0,0,-88],"translation":[-2.25,-1.5,0.75],"scale":[0.77734,0.77734,0.77734]},"gui":{"rotation":[90,-135,90],"translation":[-0.75,-0.75,-0.75],"scale":[0.58281,0.58281,0.58281]},"head":{"scale":[0,0,0]},"fixed":{"rotation":[-90,90,90],"translation":[0.75,-1.5,-1.75],"scale":[1.89922,1.89922,1.89922]}}}