{"credit":"MadewithBlockbench","texture_size":[4,4],"textures":{"1":"blaze:animation_3","2":"blaze:staff","3":"blaze:animation_2","particle":"resource_packs:normal/staff"},"elements":[{"from":[7.4,0,7.4],"to":[8.6,1.2,8.6],"rotation":{"angle":0,"axis":"y","origin":[7.5,0,7.5]},"faces":{"north":{"uv":[7.2,10.4,8.2,11.4],"texture":"#2"},"east":{"uv":[10.4,8,11.4,9],"texture":"#2"},"south":{"uv":[10.4,9.6,11.4,10.6],"texture":"#2"},"west":{"uv":[0,11.2,1,12.2],"texture":"#2"},"up":{"uv":[12.2,1,11.2,0],"texture":"#2"},"down":{"uv":[2.6,11.2,1.6,12.2],"texture":"#2"}}},{"from":[7.4,6.2,7.4],"to":[8.6,7.4,8.6],"rotation":{"angle":0,"axis":"y","origin":[7.5,0,7.5]},"faces":{"north":{"uv":[11.2,1.6,12.2,2.6],"texture":"#2"},"east":{"uv":[11.2,3.2,12.2,4.2],"texture":"#2"},"south":{"uv":[4.8,11.2,5.8,12.2],"texture":"#2"},"west":{"uv":[11.2,4.8,12.2,5.8],"texture":"#2"},"up":{"uv":[12.2,7.4,11.2,6.4],"texture":"#2"},"down":{"uv":[9.8,11.2,8.8,12.2],"texture":"#2"}}},{"from":[7.4,18.2,7.4],"to":[8.6,19.4,8.6],"rotation":{"angle":0,"axis":"y","origin":[7.5,12,7.5]},"faces":{"north":{"uv":[10.4,11.2,11.4,12.2],"texture":"#2"},"east":{"uv":[3.2,12,4.2,13],"texture":"#2"},"south":{"uv":[6.4,12,7.4,13],"texture":"#2"},"west":{"uv":[12,8,13,9],"texture":"#2"},"up":{"uv":[13,10.6,12,9.6],"texture":"#2"},"down":{"uv":[13,11.2,12,12.2],"texture":"#2"}}},{"from":[7.5,1.2,7.5],"to":[8.5,2.2,8.5],"rotation":{"angle":0,"axis":"y","origin":[6.9,-5.6,6.9]},"faces":{"north":{"uv":[7.2,8,8,8.8],"texture":"#2"},"east":{"uv":[9.6,12.8,10.4,13.6],"texture":"#2"},"south":{"uv":[10.4,12.8,11.2,13.6],"texture":"#2"},"west":{"uv":[11.2,12.8,12,13.6],"texture":"#2"},"up":{"uv":[12.8,13.6,12,12.8],"texture":"#2"},"down":{"uv":[13.6,12.8,12.8,13.6],"texture":"#2"}}},{"from":[7.6,2.2,7.6],"to":[8.4,5.2,8.4],"rotation":{"angle":0,"axis":"y","origin":[6.9,-5.6,6.9]},"faces":{"north":{"uv":[8,1.6,8.6,4],"texture":"#2"},"east":{"uv":[8,4,8.6,6.4],"texture":"#2"},"south":{"uv":[6.4,8,7,10.4],"texture":"#2"},"west":{"uv":[8,6.4,8.6,8.8],"texture":"#2"},"up":{"uv":[14.2,13.4,13.6,12.8],"texture":"#2"},"down":{"uv":[14.2,13.6,13.6,14.2],"texture":"#2"}}},{"from":[7.5,5.2,7.5],"to":[8.5,6.2,8.5],"rotation":{"angle":0,"axis":"y","origin":[6.9,-5.8,6.9]},"faces":{"north":{"uv":[3.2,13.6,4,14.4],"texture":"#2"},"east":{"uv":[4,13.6,4.8,14.4],"texture":"#2"},"south":{"uv":[6.4,13.6,7.2,14.4],"texture":"#2"},"west":{"uv":[7.2,13.6,8,14.4],"texture":"#2"},"up":{"uv":[14.4,8.8,13.6,8],"texture":"#2"},"down":{"uv":[14.4,8.8,13.6,9.6],"texture":"#2"}}},{"from":[7.75,18.1,6.83579],"to":[8.25,19.1,8.83579],"rotation":{"angle":-45,"axis":"x","origin":[8.25,20.6,7.83579]},"faces":{"north":{"uv":[0,14.4,0.4,15.2],"texture":"#2"},"east":{"uv":[8.8,8,10.4,8.8],"texture":"#2"},"south":{"uv":[14.4,0,14.8,0.8],"texture":"#2"},"west":{"uv":[8.8,8.8,10.4,9.6],"texture":"#2"},"up":{"uv":[10,15.2,9.6,13.6],"texture":"#2"},"down":{"uv":[14,9.6,13.6,11.2],"texture":"#2"}}},{"from":[7.75,18.68579,4.75],"to":[8.25,19.68579,7.75],"rotation":{"angle":45,"axis":"x","origin":[8,19.18579,6.75]},"faces":{"north":{"uv":[0.8,14.4,1.2,15.2],"texture":"#2"},"east":{"uv":[8,0,10.4,0.8],"texture":"#2"},"south":{"uv":[14.4,0.8,14.8,1.6],"texture":"#2"},"west":{"uv":[8,0.8,10.4,1.6],"texture":"#2"},"up":{"uv":[8.4,14.4,8,12],"texture":"#2"},"down":{"uv":[9.2,12.8,8.8,15.2],"texture":"#2"}}},{"from":[7.5,19,7],"to":[8.5,21,9],"rotation":{"angle":45,"axis":"x","origin":[8,20,8]},"faces":{"north":{"uv":[0,9.6,0.8,11.2],"texture":"#2"},"east":{"uv":[6.4,6.4,8,8],"texture":"#2"},"south":{"uv":[0.8,9.6,1.6,11.2],"texture":"#2"},"west":{"uv":[3.2,7.2,4.8,8.8],"texture":"#2"},"up":{"uv":[2.4,11.2,1.6,9.6],"texture":"#2"},"down":{"uv":[3.2,9.6,2.4,11.2],"texture":"#2"}}},{"from":[7.3,19.3,7.3],"to":[8.7,20.7,8.7],"rotation":{"angle":45,"axis":"x","origin":[7.3,20,8]},"faces":{"north":{"uv":[8.8,1.6,10,2.8],"texture":"#2"},"east":{"uv":[3.2,8.8,4.4,10],"texture":"#2"},"south":{"uv":[8.8,3.2,10,4.4],"texture":"#2"},"west":{"uv":[8.8,4.8,10,6],"texture":"#2"},"up":{"uv":[10,7.6,8.8,6.4],"texture":"#2"},"down":{"uv":[8.4,8.8,7.2,10],"texture":"#2"}}},{"from":[8,16.24645,3.06802],"to":[8,21.24645,5.06802],"rotation":{"angle":-45,"axis":"x","origin":[7,20.24645,3.56802]},"faces":{"north":{"uv":[0,0,0,4],"texture":"#2"},"east":{"uv":[0,0,1.6,4],"texture":"#2"},"south":{"uv":[0,0,0,4],"texture":"#2"},"west":{"uv":[1.6,0,3.2,4],"texture":"#2"},"up":{"uv":[0,1.6,0,0],"texture":"#2"},"down":{"uv":[0,0,0,1.6],"texture":"#2"}}},{"from":[8,16.24645,10.93198],"to":[8,19.24645,11.93198],"rotation":{"angle":45,"axis":"x","origin":[7,20.24645,12.43198]},"faces":{"north":{"uv":[0,0,0,2.4],"texture":"#2"},"east":{"uv":[4.8,7.2,5.6,9.6],"texture":"#2"},"south":{"uv":[0,0,0,2.4],"texture":"#2"},"west":{"uv":[5.6,7.2,6.4,9.6],"texture":"#2"},"up":{"uv":[0,0.8,0,0],"texture":"#2"},"down":{"uv":[0,0,0,0.8],"texture":"#2"}}},{"from":[7.75,-4.5,7.5],"to":[8.25,-2.5,8.5],"rotation":{"angle":0,"axis":"x","origin":[8,-3.75,7.75]},"faces":{"north":{"uv":[14,9.6,13.6,11.2],"rotation":180,"texture":"#2"},"east":{"uv":[8.8,8,10.4,8.8],"rotation":270,"texture":"#2"},"south":{"uv":[10,15.2,9.6,13.6],"texture":"#2"},"west":{"uv":[8.8,8.8,10.4,9.6],"rotation":90,"texture":"#2"},"up":{"uv":[0,14.4,0.4,15.2],"rotation":180,"texture":"#2"},"down":{"uv":[14.4,0,14.8,0.8],"texture":"#2"}}},{"from":[8,-5.5,7.00001],"to":[8,-2.5,8.00001],"rotation":{"angle":0,"axis":"x","origin":[8,-3.75,7.75]},"faces":{"north":{"uv":[0,0,0,2.4],"rotation":180,"texture":"#2"},"east":{"uv":[4.8,7.2,5.6,9.6],"rotation":180,"texture":"#2"},"south":{"uv":[0,0,0,2.4],"rotation":180,"texture":"#2"},"west":{"uv":[5.6,7.2,6.4,9.6],"rotation":180,"texture":"#2"},"up":{"uv":[0,0,0,0.8],"texture":"#2"},"down":{"uv":[0,0.8,0,0],"texture":"#2"}}},{"from":[7.5,7.4,7.5],"to":[8.5,9.4,8.5],"rotation":{"angle":0,"axis":"y","origin":[6.9,6.8,6.9]},"faces":{"north":{"uv":[4.8,9.6,5.6,11.2],"texture":"#2"},"east":{"uv":[5.6,9.6,6.4,11.2],"texture":"#2"},"south":{"uv":[8.8,9.6,9.6,11.2],"texture":"#2"},"west":{"uv":[9.6,9.6,10.4,11.2],"texture":"#2"},"up":{"uv":[11.2,14.4,10.4,13.6],"texture":"#2"},"down":{"uv":[12,13.6,11.2,14.4],"texture":"#2"}}},{"from":[7.4,-2.9,7.4],"to":[8.6,-1.7,8.6],"rotation":{"angle":-45,"axis":"x","origin":[8,-2.3,8]},"faces":{"north":{"uv":[1.6,12.8,2.6,13.8],"texture":"#2"},"east":{"uv":[12.8,1.6,13.8,2.6],"texture":"#2"},"south":{"uv":[12.8,3.2,13.8,4.2],"texture":"#2"},"west":{"uv":[4.8,12.8,5.8,13.8],"texture":"#2"},"up":{"uv":[13.8,5.8,12.8,4.8],"texture":"#2"},"down":{"uv":[13.8,6.4,12.8,7.4],"texture":"#2"}}},{"from":[7.5,-2,7.5],"to":[8.5,0,8.5],"rotation":{"angle":0,"axis":"y","origin":[6.9,6.8,6.9]},"faces":{"north":{"uv":[4,10.4,4.8,12],"texture":"#2"},"east":{"uv":[10.4,4.8,11.2,6.4],"texture":"#2"},"south":{"uv":[6.4,10.4,7.2,12],"texture":"#2"},"west":{"uv":[10.4,6.4,11.2,8],"texture":"#2"},"up":{"uv":[14.4,12.8,13.6,12],"texture":"#2"},"down":{"uv":[13.6,13.6,12.8,14.4],"texture":"#2"}}},{"from":[7.5,16.2,7.5],"to":[8.5,18.2,8.5],"rotation":{"angle":0,"axis":"y","origin":[6.9,15.6,6.9]},"faces":{"north":{"uv":[10.4,0,11.2,1.6],"texture":"#2"},"east":{"uv":[10.4,1.6,11.2,3.2],"texture":"#2"},"south":{"uv":[3.2,10.4,4,12],"texture":"#2"},"west":{"uv":[10.4,3.2,11.2,4.8],"texture":"#2"},"up":{"uv":[14.4,12,13.6,11.2],"texture":"#2"},"down":{"uv":[12.8,13.6,12,14.4],"texture":"#2"}}},{"from":[7.4,9.4,7.4],"to":[8.6,16.2,8.6],"rotation":{"angle":0,"axis":"y","origin":[6.9,8.8,6.9]},"faces":{"north":{"uv":[3.2,0,4.2,5.4],"texture":"#2"},"east":{"uv":[0,4,1,9.4],"texture":"#2"},"south":{"uv":[1.6,4,2.6,9.4],"texture":"#2"},"west":{"uv":[4.8,0,5.8,5.4],"texture":"#2"},"up":{"uv":[1,13.8,0,12.8],"texture":"#2"},"down":{"uv":[13.8,0,12.8,1],"texture":"#2"}}},{"from":[7,23,7],"to":[9,25,9],"rotation":{"angle":-45,"axis":"x","origin":[8,24,8]},"faces":{"north":{"uv":[3.2,5.6,4.8,7.2],"texture":"#2"},"east":{"uv":[4.8,5.6,6.4,7.2],"texture":"#2"},"south":{"uv":[6.4,0,8,1.6],"texture":"#2"},"west":{"uv":[6.4,1.6,8,3.2],"texture":"#2"},"up":{"uv":[8,4.8,6.4,3.2],"texture":"#2"},"down":{"uv":[8,4.8,6.4,6.4],"texture":"#2"}}},{"from":[6.5,22.5,6.5],"to":[9.5,25.5,9.5],"rotation":{"angle":-45,"axis":"x","origin":[8,24,8]},"faces":{"north":{"uv":[0,0,12,12],"texture":"#1"},"east":{"uv":[0,0,12,12],"texture":"#1"},"south":{"uv":[0,0,12,12],"texture":"#1"},"west":{"uv":[0,0,12,12],"texture":"#1"},"up":{"uv":[12,12,0,0],"texture":"#1"},"down":{"uv":[0,0,12,12],"texture":"#1"}}},{"from":[7.6,23.31,7.75],"to":[7.6,29.69,10.65],"rotation":{"angle":0,"axis":"x","origin":[7.6,26.5,9.2]},"faces":{"north":{"uv":[44,0,0,0],"rotation":270,"texture":"#3"},"east":{"uv":[14,0,2.33333,5.66667],"rotation":270,"texture":"#3"},"south":{"uv":[44,0,0,0],"rotation":270,"texture":"#3"},"west":{"uv":[2.33333,0,14,5.66667],"rotation":90,"texture":"#3"},"up":{"uv":[0,0,0,20],"rotation":180,"texture":"#3"},"down":{"uv":[0,0,0,20],"texture":"#3"}}},{"from":[8.4,22.01,5.35],"to":[8.4,28.39,8.25],"rotation":{"angle":0,"axis":"x","origin":[8.4,25.2,6.8]},"faces":{"north":{"uv":[44,0,0,0],"rotation":270,"texture":"#3"},"east":{"uv":[14,5.66667,2.33333,0],"rotation":270,"texture":"#3"},"south":{"uv":[44,0,0,0],"rotation":270,"texture":"#3"},"west":{"uv":[2.33333,5.66667,14,0],"rotation":90,"texture":"#3"},"up":{"uv":[0,20,0,0],"rotation":180,"texture":"#3"},"down":{"uv":[0,20,0,0],"texture":"#3"}}}],"gui_light":"front","display":{"thirdperson_righthand":{"translation":[0,-2.75,1.75]},"thirdperson_lefthand":{"translation":[0,-2.75,1.75]},"firstperson_righthand":{"rotation":[-15,0,0],"translation":[4.25,-2.75,0]},"firstperson_lefthand":{"rotation":[-15,0,0],"translation":[4.25,-2.75,0]},"ground":{"rotation":[0,0,-88],"translation":[-2.25,-1.5,0.75],"scale":[0.77734,0.77734,0.77734]},"gui":{"rotation":[90,-135,90],"translation":[-0.75,-0.75,-0.75],"scale":[0.58281,0.58281,0.58281]},"head":{"scale":[0,0,0]},"fixed":{"rotation":[-90,90,90],"translation":[0.75,-1.5,-1.75],"scale":[1.89922,1.89922,1.89922]}}}