{"credit":"MadewithBlockbench","texture_size":[28,28],"textures":{"1":"blaze:sword","2":"blaze:animation_2","3":"blaze:animation_3","particle":"resource_packs:normal/animation_2"},"elements":[{"from":[7.4,0,7.4],"to":[8.6,1.2,8.6],"rotation":{"angle":0,"axis":"y","origin":[7.5,0,7.5]},"faces":{"north":{"uv":[6.85714,1.14286,7.57143,1.85714],"texture":"#1"},"east":{"uv":[2.28571,6.85714,3,7.57143],"texture":"#1"},"south":{"uv":[6.85714,3.42857,7.57143,4.14286],"texture":"#1"},"west":{"uv":[6.85714,4.57143,7.57143,5.28571],"texture":"#1"},"up":{"uv":[6.42857,7.57143,5.71429,6.85714],"texture":"#1"},"down":{"uv":[7.57143,5.71429,6.85714,6.42857],"texture":"#1"}}},{"from":[7.4,6.2,7.4],"to":[8.6,7.4,8.6],"rotation":{"angle":0,"axis":"y","origin":[7.5,0,7.5]},"faces":{"north":{"uv":[6.85714,6.85714,7.57143,7.57143],"texture":"#1"},"east":{"uv":[7.42857,0,8.14286,0.71429],"texture":"#1"},"south":{"uv":[7.42857,2.28571,8.14286,3],"texture":"#1"},"west":{"uv":[3.42857,7.42857,4.14286,8.14286],"texture":"#1"},"up":{"uv":[8.71429,1.85714,8,1.14286],"texture":"#1"},"down":{"uv":[3,8,2.28571,8.71429],"texture":"#1"}}},{"from":[7.5,1.2,7.5],"to":[8.5,2.2,8.5],"rotation":{"angle":0,"axis":"y","origin":[6.9,-5.6,6.9]},"faces":{"north":{"uv":[5.71429,6.28571,6.28571,6.85714],"texture":"#1"},"east":{"uv":[6.85714,2.28571,7.42857,2.85714],"texture":"#1"},"south":{"uv":[8,5.14286,8.57143,5.71429],"texture":"#1"},"west":{"uv":[5.71429,8,6.28571,8.57143],"texture":"#1"},"up":{"uv":[8.57143,6.28571,8,5.71429],"texture":"#1"},"down":{"uv":[6.85714,8,6.28571,8.57143],"texture":"#1"}}},{"from":[7.6,2.2,7.6],"to":[8.4,5.2,8.4],"rotation":{"angle":0,"axis":"y","origin":[6.9,-5.6,6.9]},"faces":{"north":{"uv":[3.42857,4.57143,3.85714,6.28571],"texture":"#1"},"east":{"uv":[4,4.57143,4.42857,6.28571],"texture":"#1"},"south":{"uv":[4.57143,4.57143,5,6.28571],"texture":"#1"},"west":{"uv":[5.14286,1.14286,5.57143,2.85714],"texture":"#1"},"up":{"uv":[9,5,8.57143,4.57143],"texture":"#1"},"down":{"uv":[5.57143,8.57143,5.14286,9],"texture":"#1"}}},{"from":[7.5,5.2,7.5],"to":[8.5,6.2,8.5],"rotation":{"angle":0,"axis":"y","origin":[6.9,-5.8,6.9]},"faces":{"north":{"uv":[8,6.28571,8.57143,6.85714],"texture":"#1"},"east":{"uv":[6.85714,8,7.42857,8.57143],"texture":"#1"},"south":{"uv":[8,6.85714,8.57143,7.42857],"texture":"#1"},"west":{"uv":[7.42857,8,8,8.57143],"texture":"#1"},"up":{"uv":[8.57143,8,8,7.42857],"texture":"#1"},"down":{"uv":[8.57143,8,8,8.57143],"texture":"#1"}}},{"from":[7.75,-0.9,6.83579],"to":[8.25,0.1,8.83579],"rotation":{"angle":-45,"axis":"x","origin":[8.25,1.6,7.83579]},"faces":{"north":{"uv":[8.57143,5.14286,8.85714,5.71429],"texture":"#1"},"east":{"uv":[5.71429,2.28571,6.85714,2.85714],"texture":"#1"},"south":{"uv":[5.71429,8.57143,6,9.14286],"texture":"#1"},"west":{"uv":[6.28571,2.85714,7.42857,3.42857],"texture":"#1"},"up":{"uv":[8.85714,1.14286,8.57143,0],"texture":"#1"},"down":{"uv":[8.85714,2.28571,8.57143,3.42857],"texture":"#1"}}},{"from":[7.75,-0.31421,4.75],"to":[8.25,0.68579,7.75],"rotation":{"angle":45,"axis":"x","origin":[8,0.18579,6.75]},"faces":{"north":{"uv":[8.57143,5.71429,8.85714,6.28571],"texture":"#1"},"east":{"uv":[4.57143,0,6.28571,0.57143],"texture":"#1"},"south":{"uv":[6.28571,8.57143,6.57143,9.14286],"texture":"#1"},"west":{"uv":[4.57143,0.57143,6.28571,1.14286],"texture":"#1"},"up":{"uv":[4.85714,9.14286,4.57143,7.42857],"texture":"#1"},"down":{"uv":[8.28571,3.42857,8,5.14286],"texture":"#1"}}},{"from":[7.755,9.08909,8.7283],"to":[8.245,13.08909,9.7283],"rotation":{"angle":0,"axis":"x","origin":[7.98,10.58909,9.2283]},"faces":{"north":{"uv":[6.28571,4.57143,6.57143,6.85714],"texture":"#1"},"east":{"uv":[3.42857,2.28571,4,4.57143],"texture":"#1"},"south":{"uv":[5.14286,6.28571,5.42857,8.57143],"texture":"#1"},"west":{"uv":[4,2.28571,4.57143,4.57143],"texture":"#1"},"up":{"uv":[9.42857,0.57143,9.14286,0],"texture":"#1"},"down":{"uv":[9.42857,0.57143,9.14286,1.14286],"texture":"#1"}}},{"from":[7.75,8.73553,8.16764],"to":[8.25,9.73553,9.16764],"rotation":{"angle":45,"axis":"x","origin":[8,8.73553,8.66764]},"faces":{"north":{"uv":[8.57143,7.42857,8.85714,8],"texture":"#1"},"east":{"uv":[4,8.57143,4.57143,9.14286],"texture":"#1"},"south":{"uv":[8,8.57143,8.28571,9.14286],"texture":"#1"},"west":{"uv":[8.57143,4,9.14286,4.57143],"texture":"#1"},"up":{"uv":[8.85714,8.57143,8.57143,8],"texture":"#1"},"down":{"uv":[8.85714,8.57143,8.57143,9.14286],"texture":"#1"}}},{"from":[7.75,15.56396,9.75343],"to":[8.25,16.56396,10.75343],"rotation":{"angle":45,"axis":"x","origin":[8,15.56396,6.25343]},"faces":{"north":{"uv":[8.57143,6.28571,8.85714,6.85714],"texture":"#1"},"east":{"uv":[3.42857,8.57143,4,9.14286],"texture":"#1"},"south":{"uv":[6.85714,8.57143,7.14286,9.14286],"texture":"#1"},"west":{"uv":[8.57143,3.42857,9.14286,4],"texture":"#1"},"up":{"uv":[8.85714,7.42857,8.57143,6.85714],"texture":"#1"},"down":{"uv":[7.71429,8.57143,7.42857,9.14286],"texture":"#1"}}},{"from":[7.5,7,7],"to":[8.5,9,9],"rotation":{"angle":45,"axis":"x","origin":[8,8,8]},"faces":{"north":{"uv":[3.42857,6.28571,4,7.42857],"texture":"#1"},"east":{"uv":[3.42857,0,4.57143,1.14286],"texture":"#1"},"south":{"uv":[6.28571,3.42857,6.85714,4.57143],"texture":"#1"},"west":{"uv":[3.42857,1.14286,4.57143,2.28571],"texture":"#1"},"up":{"uv":[4.57143,7.42857,4,6.28571],"texture":"#1"},"down":{"uv":[5.14286,6.28571,4.57143,7.42857],"texture":"#1"}}},{"from":[7.3,7.3,7.3],"to":[8.7,8.7,8.7],"rotation":{"angle":45,"axis":"x","origin":[7.3,8,8]},"faces":{"north":{"uv":[5.14286,2.85714,6,3.71429],"texture":"#1"},"east":{"uv":[5.14286,4,6,4.85714],"texture":"#1"},"south":{"uv":[5.14286,5.14286,6,6],"texture":"#1"},"west":{"uv":[5.71429,1.14286,6.57143,2],"texture":"#1"},"up":{"uv":[3.14286,6.57143,2.28571,5.71429],"texture":"#1"},"down":{"uv":[7.14286,0,6.28571,0.85714],"texture":"#1"}}},{"from":[8,-2.75355,3.06802],"to":[8,2.24645,5.06802],"rotation":{"angle":-45,"axis":"x","origin":[7,1.24645,3.56802]},"faces":{"north":{"uv":[0,0,0,2.85714],"texture":"#1"},"east":{"uv":[2.28571,0,3.42857,2.85714],"texture":"#1"},"south":{"uv":[0,0,0,2.85714],"texture":"#1"},"west":{"uv":[2.28571,2.85714,3.42857,5.71429],"texture":"#1"},"up":{"uv":[0,1.14286,0,0],"texture":"#1"},"down":{"uv":[0,0,0,1.14286],"texture":"#1"}}},{"from":[7.75,8.08908,9.14251],"to":[8.25,9.08908,12.14251],"rotation":{"angle":45,"axis":"x","origin":[8,9.08908,11.14251]},"faces":{"north":{"uv":[6.28571,8.57143,6.57143,9.14286],"rotation":180,"texture":"#1"},"east":{"uv":[4.57143,0,6.28571,0.57143],"rotation":180,"texture":"#1"},"south":{"uv":[8.57143,5.71429,8.85714,6.28571],"rotation":180,"texture":"#1"},"west":{"uv":[4.57143,0.57143,6.28571,1.14286],"rotation":180,"texture":"#1"},"up":{"uv":[8.28571,3.42857,8,5.14286],"texture":"#1"},"down":{"uv":[4.85714,9.14286,4.57143,7.42857],"texture":"#1"}}},{"from":[8,8.58908,9.14251],"to":[8,10.58908,14.14251],"rotation":{"angle":45,"axis":"x","origin":[8,9.08908,11.14251]},"faces":{"north":{"uv":[0,0,0,1.14286],"rotation":180,"texture":"#1"},"east":{"uv":[2.28571,0,3.42857,2.85714],"rotation":270,"texture":"#1"},"south":{"uv":[0,1.14286,0,0],"texture":"#1"},"west":{"uv":[2.28571,2.85714,3.42857,5.71429],"rotation":90,"texture":"#1"},"up":{"uv":[0,0,0,2.85714],"rotation":180,"texture":"#1"},"down":{"uv":[0,0,0,2.85714],"texture":"#1"}}},{"from":[8,-2.75355,10.93198],"to":[8,0.24645,11.93198],"rotation":{"angle":45,"axis":"x","origin":[7,1.24645,12.43198]},"faces":{"north":{"uv":[0,0,0,1.71429],"texture":"#1"},"east":{"uv":[4.57143,1.14286,5.14286,2.85714],"texture":"#1"},"south":{"uv":[0,0,0,1.71429],"texture":"#1"},"west":{"uv":[4.57143,2.85714,5.14286,4.57143],"texture":"#1"},"up":{"uv":[0,0.57143,0,0],"texture":"#1"},"down":{"uv":[0,0,0,0.57143],"texture":"#1"}}},{"from":[8,6.5,5.6],"to":[8,32,9.6],"rotation":{"angle":0,"axis":"y","origin":[7,0.5,5.5]},"faces":{"north":{"uv":[0,0,0,14.57143],"texture":"#1"},"east":{"uv":[2.28571,0,0,14.57143],"texture":"#1"},"south":{"uv":[0,0,0,14.57143],"texture":"#1"},"west":{"uv":[0,0,2.28571,14.57143],"texture":"#1"},"up":{"uv":[0,2.28571,0,0],"texture":"#1"},"down":{"uv":[0,0,0,2.28571],"texture":"#1"}}},{"from":[7.5,10,5.725],"to":[7.5,21,10.725],"rotation":{"angle":0,"axis":"y","origin":[7.5,15.5,8.225]},"faces":{"north":{"uv":[6.28571,0,0,0],"rotation":270,"texture":"#2"},"east":{"uv":[2,0.66667,13.95238,6.19048],"rotation":90,"texture":"#2"},"south":{"uv":[6.28571,0,0,0],"rotation":270,"texture":"#2"},"west":{"uv":[13.95238,0.66667,2,6.19048],"rotation":270,"texture":"#2"},"up":{"uv":[0,0,0,2.85714],"texture":"#2"},"down":{"uv":[0,0,0,2.85714],"rotation":180,"texture":"#2"}}},{"from":[8.5,10,5.725],"to":[8.5,21,10.725],"rotation":{"angle":0,"axis":"y","origin":[8.5,15.5,8.225]},"faces":{"north":{"uv":[6.28571,0,0,0],"rotation":270,"texture":"#2"},"east":{"uv":[13.95238,6.19048,2,0.66667],"rotation":270,"texture":"#2"},"south":{"uv":[6.28571,0,0,0],"rotation":270,"texture":"#2"},"west":{"uv":[2,6.19048,13.95238,0.66667],"rotation":90,"texture":"#2"},"up":{"uv":[0,0,0,2.85714],"texture":"#2"},"down":{"uv":[0,0,0,2.85714],"rotation":180,"texture":"#2"}}},{"from":[7.1,6.6,6.5],"to":[7.1,9.6,9.5],"rotation":{"angle":0,"axis":"y","origin":[7.1,6.6,6.5]},"faces":{"north":{"uv":[0,0,0,1.71429],"texture":"#3"},"east":{"uv":[0,0,11.99643,11.99643],"texture":"#3"},"south":{"uv":[0,0,0,1.71429],"texture":"#3"},"west":{"uv":[0,0,11.99643,11.99643],"texture":"#3"},"up":{"uv":[0,0,0,1.71429],"texture":"#3"},"down":{"uv":[0,0,0,1.71429],"texture":"#3"}}},{"from":[8.9,6.6,6.5],"to":[8.9,9.6,9.5],"rotation":{"angle":0,"axis":"y","origin":[8.9,6.6,6.5]},"faces":{"north":{"uv":[0,0,0,1.71429],"texture":"#3"},"east":{"uv":[11.99643,0,0,11.99643],"texture":"#3"},"south":{"uv":[0,0,0,1.71429],"texture":"#3"},"west":{"uv":[11.99643,0,0,11.99643],"texture":"#3"},"up":{"uv":[0,0,0,1.71429],"texture":"#3"},"down":{"uv":[0,0,0,1.71429],"texture":"#3"}}}],"gui_light":"front","display":{"thirdperson_righthand":{"translation":[0,2,1.75]},"thirdperson_lefthand":{"translation":[0,2,1.75]},"firstperson_righthand":{"rotation":[-15,0,0],"translation":[2.5,0,0],"scale":[0.86133,0.86133,0.86133]},"firstperson_lefthand":{"rotation":[-15,0,0],"translation":[2.5,0,0],"scale":[0.86133,0.86133,0.86133]},"ground":{"rotation":[0,0,-88],"translation":[-5.25,-1.5,0.75],"scale":[0.77734,0.77734,0.77734]},"gui":{"rotation":[90,-135,90],"translation":[-2.75,-2.75,-0.75],"scale":[0.61406,0.61406,0.61406]},"head":{"scale":[0,0,0]},"fixed":{"rotation":[-90,90,90],"translation":[0.75,-11,-1.75],"scale":[1.89922,1.89922,1.89922]}}}