{"credit":"MadewithBlockbench","texture_size":[12,12],"textures":{"0":"blaze:wings","1":"blaze:animation_2","particle":"blaze:wings"},"elements":[{"from":[8.31376,8.15001,7.5],"to":[9.31376,10.15001,8.5],"rotation":{"angle":45,"axis":"z","origin":[14.95737,8,8]},"faces":{"north":{"uv":[6,10.66667,6.66667,12],"texture":"#0"},"east":{"uv":[10.66667,10,11.33333,11.33333],"texture":"#0"},"south":{"uv":[0,11.33333,0.66667,12.66667],"texture":"#0"},"west":{"uv":[5.33333,10.66667,6,12],"texture":"#0"},"up":{"uv":[0.66667,13.33333,0,12.66667],"rotation":270,"texture":"#0"},"down":{"uv":[1.33333,12.66667,0.66667,13.33333],"rotation":90,"texture":"#0"}}},{"from":[11.73779,7.44013,7.5],"to":[13.53779,9.24013,8.5],"rotation":{"angle":45,"axis":"z","origin":[14.95737,8,8]},"faces":{"north":{"uv":[0,10,1.16667,11.16667],"texture":"#0"},"east":{"uv":[1.33333,11.33333,2,12.5],"texture":"#0"},"south":{"uv":[1.33333,10,2.5,11.16667],"texture":"#0"},"west":{"uv":[0.66667,11.33333,1.33333,12.5],"texture":"#0"},"up":{"uv":[2.66667,12.5,2,11.33333],"rotation":270,"texture":"#0"},"down":{"uv":[12,10,11.33333,11.16667],"rotation":90,"texture":"#0"}}},{"from":[15.83901,8.71292,7.5],"to":[17.43901,10.31292,8.5],"rotation":{"angle":45,"axis":"z","origin":[14.95737,8,8]},"faces":{"north":{"uv":[2.66667,10.66667,3.66667,11.66667],"texture":"#0"},"east":{"uv":[3.33333,12,4,13],"texture":"#0"},"south":{"uv":[4,10.66667,5,11.66667],"texture":"#0"},"west":{"uv":[2.66667,12,3.33333,13],"texture":"#0"},"up":{"uv":[4.66667,13,4,12],"rotation":270,"texture":"#0"},"down":{"uv":[5.33333,12,4.66667,13],"rotation":90,"texture":"#0"}}},{"from":[8.94132,6.96141,7.6],"to":[11.94132,7.76141,8.4],"rotation":{"angle":22.5,"axis":"z","origin":[14.95737,8,8]},"faces":{"north":{"uv":[2.66667,10,4.66667,10.5],"texture":"#0"},"east":{"uv":[7.33333,12.66667,7.83333,13.16667],"texture":"#0"},"south":{"uv":[4.66667,10,6.66667,10.5],"texture":"#0"},"west":{"uv":[6.66667,12.66667,7.16667,13.16667],"texture":"#0"},"up":{"uv":[7.16667,12,6.66667,10],"rotation":270,"texture":"#0"},"down":{"uv":[7.83333,10,7.33333,12],"rotation":90,"texture":"#0"}}},{"from":[11.32946,5.3818,7.8],"to":[13.12946,6.1818,8.2],"rotation":{"angle":0,"axis":"z","origin":[14.95737,8,8]},"faces":{"north":{"uv":[5.33333,12,6.5,12.5],"texture":"#0"},"east":{"uv":[12,12.66667,12.33333,13.16667],"texture":"#0"},"south":{"uv":[6.66667,12,7.83333,12.5],"texture":"#0"},"west":{"uv":[12.66667,11.33333,13,11.83333],"texture":"#0"},"up":{"uv":[5.66667,13.83333,5.33333,12.66667],"rotation":270,"texture":"#0"},"down":{"uv":[6.33333,12.66667,6,13.83333],"rotation":90,"texture":"#0"}}},{"from":[13.50446,6.5818,7.8],"to":[14.30446,8.5818,8.2],"rotation":{"angle":0,"axis":"z","origin":[14.95737,8,8]},"faces":{"north":{"uv":[10.66667,11.33333,11.16667,12.66667],"texture":"#0"},"east":{"uv":[2,12.66667,2.33333,14],"texture":"#0"},"south":{"uv":[11.33333,11.33333,11.83333,12.66667],"texture":"#0"},"west":{"uv":[1.33333,12.66667,1.66667,14],"texture":"#0"},"up":{"uv":[13,12.5,12.66667,12],"rotation":270,"texture":"#0"},"down":{"uv":[13,12.66667,12.66667,13.16667],"rotation":90,"texture":"#0"}}},{"from":[13.33263,6.70961,7.6],"to":[14.13263,9.70961,8.4],"rotation":{"angle":-22.5,"axis":"z","origin":[14.95737,8,8]},"faces":{"north":{"uv":[8.66667,10,9.16667,12],"texture":"#0"},"east":{"uv":[9.33333,10,9.83333,12],"texture":"#0"},"south":{"uv":[10,10,10.5,12],"texture":"#0"},"west":{"uv":[8,10,8.5,12],"texture":"#0"},"up":{"uv":[8.5,13.16667,8,12.66667],"rotation":270,"texture":"#0"},"down":{"uv":[9.16667,12.66667,8.66667,13.16667],"rotation":90,"texture":"#0"}}},{"from":[12.33891,10.31357,7.6],"to":[13.83891,11.11357,8.4],"rotation":{"angle":-22.5,"axis":"z","origin":[14.95737,8,8]},"faces":{"north":{"uv":[8,12,9,12.5],"texture":"#0"},"east":{"uv":[10,12.66667,10.5,13.16667],"texture":"#0"},"south":{"uv":[9.33333,12,10.33333,12.5],"texture":"#0"},"west":{"uv":[9.33333,12.66667,9.83333,13.16667],"texture":"#0"},"up":{"uv":[12.5,11,12,10],"rotation":270,"texture":"#0"},"down":{"uv":[12.5,11.33333,12,12.33333],"rotation":90,"texture":"#0"}}},{"from":[12.76082,11.25901,7.728],"to":[13.78082,11.80301,8.272],"rotation":{"angle":0,"axis":"z","origin":[14.95737,8,8]},"faces":{"north":{"uv":[12.66667,10,13.33333,10.33333],"texture":"#0"},"east":{"uv":[0.66667,13.33333,1,13.66667],"texture":"#0"},"south":{"uv":[10.66667,12.66667,11.33333,13],"texture":"#0"},"west":{"uv":[0,13.33333,0.33333,13.66667],"texture":"#0"},"up":{"uv":[13,11.33333,12.66667,10.66667],"rotation":270,"texture":"#0"},"down":{"uv":[11.66667,12.66667,11.33333,13.33333],"rotation":90,"texture":"#0"}}},{"from":[9.61473,-0.1496,8],"to":[30.61473,14.8504,8],"rotation":{"angle":0,"axis":"y","origin":[14.95737,8,8]},"faces":{"north":{"uv":[0,0,14,10],"texture":"#0"},"east":{"uv":[0,0,0,10],"texture":"#0"},"south":{"uv":[14,0,0,10],"texture":"#0"},"west":{"uv":[0,0,0,10],"texture":"#0"},"up":{"uv":[0,14,0,0],"rotation":270,"texture":"#0"},"down":{"uv":[0,0,0,14],"rotation":90,"texture":"#0"}}},{"from":[6.68624,8.15001,7.5],"to":[7.68624,10.15001,8.5],"rotation":{"angle":-45,"axis":"z","origin":[1.04263,8,8]},"faces":{"north":{"uv":[6.66667,10.66667,6,12],"texture":"#0"},"east":{"uv":[6,10.66667,5.33333,12],"texture":"#0"},"south":{"uv":[0.66667,11.33333,0,12.66667],"texture":"#0"},"west":{"uv":[11.33333,10,10.66667,11.33333],"texture":"#0"},"up":{"uv":[0.66667,12.66667,0,13.33333],"rotation":270,"texture":"#0"},"down":{"uv":[1.33333,13.33333,0.66667,12.66667],"rotation":90,"texture":"#0"}}},{"from":[4.05868,6.96141,7.6],"to":[7.05868,7.76141,8.4],"rotation":{"angle":-22.5,"axis":"z","origin":[1.04263,8,8]},"faces":{"north":{"uv":[4.66667,10,2.66667,10.5],"texture":"#0"},"east":{"uv":[7.16667,12.66667,6.66667,13.16667],"texture":"#0"},"south":{"uv":[6.66667,10,4.66667,10.5],"texture":"#0"},"west":{"uv":[7.83333,12.66667,7.33333,13.16667],"texture":"#0"},"up":{"uv":[7.16667,10,6.66667,12],"rotation":270,"texture":"#0"},"down":{"uv":[7.83333,12,7.33333,10],"rotation":90,"texture":"#0"}}},{"from":[2.46221,7.44013,7.5],"to":[4.26221,9.24013,8.5],"rotation":{"angle":-45,"axis":"z","origin":[1.04263,8,8]},"faces":{"north":{"uv":[1.16667,10,0,11.16667],"texture":"#0"},"east":{"uv":[1.33333,11.33333,0.66667,12.5],"texture":"#0"},"south":{"uv":[2.5,10,1.33333,11.16667],"texture":"#0"},"west":{"uv":[2,11.33333,1.33333,12.5],"texture":"#0"},"up":{"uv":[2.66667,11.33333,2,12.5],"rotation":270,"texture":"#0"},"down":{"uv":[12,11.16667,11.33333,10],"rotation":90,"texture":"#0"}}},{"from":[1.86737,6.70961,7.6],"to":[2.66737,9.70961,8.4],"rotation":{"angle":22.5,"axis":"z","origin":[1.04263,8,8]},"faces":{"north":{"uv":[9.16667,10,8.66667,12],"texture":"#0"},"east":{"uv":[8.5,10,8,12],"texture":"#0"},"south":{"uv":[10.5,10,10,12],"texture":"#0"},"west":{"uv":[9.83333,10,9.33333,12],"texture":"#0"},"up":{"uv":[8.5,12.66667,8,13.16667],"rotation":270,"texture":"#0"},"down":{"uv":[9.16667,13.16667,8.66667,12.66667],"rotation":90,"texture":"#0"}}},{"from":[2.87054,5.3818,7.8],"to":[4.67054,6.1818,8.2],"rotation":{"angle":0,"axis":"z","origin":[1.04263,8,8]},"faces":{"north":{"uv":[6.5,12,5.33333,12.5],"texture":"#0"},"east":{"uv":[13,11.33333,12.66667,11.83333],"texture":"#0"},"south":{"uv":[7.83333,12,6.66667,12.5],"texture":"#0"},"west":{"uv":[12.33333,12.66667,12,13.16667],"texture":"#0"},"up":{"uv":[5.66667,12.66667,5.33333,13.83333],"rotation":270,"texture":"#0"},"down":{"uv":[6.33333,13.83333,6,12.66667],"rotation":90,"texture":"#0"}}},{"from":[1.69554,6.5818,7.8],"to":[2.49554,8.5818,8.2],"rotation":{"angle":0,"axis":"z","origin":[1.04263,8,8]},"faces":{"north":{"uv":[11.16667,11.33333,10.66667,12.66667],"texture":"#0"},"east":{"uv":[1.66667,12.66667,1.33333,14],"texture":"#0"},"south":{"uv":[11.83333,11.33333,11.33333,12.66667],"texture":"#0"},"west":{"uv":[2.33333,12.66667,2,14],"texture":"#0"},"up":{"uv":[13,12,12.66667,12.5],"rotation":270,"texture":"#0"},"down":{"uv":[13,13.16667,12.66667,12.66667],"rotation":90,"texture":"#0"}}},{"from":[-1.43901,8.71292,7.5],"to":[0.16099,10.31292,8.5],"rotation":{"angle":-45,"axis":"z","origin":[1.04263,8,8]},"faces":{"north":{"uv":[3.66667,10.66667,2.66667,11.66667],"texture":"#0"},"east":{"uv":[3.33333,12,2.66667,13],"texture":"#0"},"south":{"uv":[5,10.66667,4,11.66667],"texture":"#0"},"west":{"uv":[4,12,3.33333,13],"texture":"#0"},"up":{"uv":[4.66667,12,4,13],"rotation":270,"texture":"#0"},"down":{"uv":[5.33333,13,4.66667,12],"rotation":90,"texture":"#0"}}},{"from":[2.16109,10.31357,7.6],"to":[3.66109,11.11357,8.4],"rotation":{"angle":22.5,"axis":"z","origin":[1.04263,8,8]},"faces":{"north":{"uv":[9,12,8,12.5],"texture":"#0"},"east":{"uv":[9.83333,12.66667,9.33333,13.16667],"texture":"#0"},"south":{"uv":[10.33333,12,9.33333,12.5],"texture":"#0"},"west":{"uv":[10.5,12.66667,10,13.16667],"texture":"#0"},"up":{"uv":[12.5,10,12,11],"rotation":270,"texture":"#0"},"down":{"uv":[12.5,12.33333,12,11.33333],"rotation":90,"texture":"#0"}}},{"from":[2.21918,11.25901,7.728],"to":[3.23918,11.80301,8.272],"rotation":{"angle":0,"axis":"z","origin":[1.04263,8,8]},"faces":{"north":{"uv":[13.33333,10,12.66667,10.33333],"texture":"#0"},"east":{"uv":[0.33333,13.33333,0,13.66667],"texture":"#0"},"south":{"uv":[11.33333,12.66667,10.66667,13],"texture":"#0"},"west":{"uv":[1,13.33333,0.66667,13.66667],"texture":"#0"},"up":{"uv":[13,10.66667,12.66667,11.33333],"rotation":270,"texture":"#0"},"down":{"uv":[11.66667,13.33333,11.33333,12.66667],"rotation":90,"texture":"#0"}}},{"from":[-14.61473,-0.1496,8],"to":[6.38527,14.8504,8],"rotation":{"angle":0,"axis":"y","origin":[1.04263,8,8]},"faces":{"north":{"uv":[14,0,0,10],"texture":"#0"},"east":{"uv":[0,0,0,10],"texture":"#0"},"south":{"uv":[0,0,14,10],"texture":"#0"},"west":{"uv":[0,0,0,10],"texture":"#0"},"up":{"uv":[0,0,0,14],"rotation":270,"texture":"#0"},"down":{"uv":[0,14,0,0],"rotation":90,"texture":"#0"}}},{"from":[9,4,7.425],"to":[20,9,7.425],"rotation":{"angle":0,"axis":"y","origin":[0,0,-0.075]},"faces":{"north":{"uv":[0,0,14.66667,6.66667],"texture":"#1"},"east":{"uv":[0,0,0,6.66667],"texture":"#1"},"south":{"uv":[14.66667,0,0,6.66667],"texture":"#1"},"west":{"uv":[0,0,0,6.66667],"texture":"#1"},"up":{"uv":[14.66667,0,0,0],"texture":"#1"},"down":{"uv":[14.66667,0,0,0],"texture":"#1"}}},{"from":[15,8.3,7.7],"to":[20,19.3,7.7],"rotation":{"angle":-45,"axis":"z","origin":[17.5,13.8,7.7]},"faces":{"north":{"uv":[0,6.66667,14.66667,0],"rotation":90,"texture":"#1"},"east":{"uv":[14.66667,0,0,0],"rotation":270,"texture":"#1"},"south":{"uv":[14.66667,6.66667,0,0],"rotation":270,"texture":"#1"},"west":{"uv":[14.66667,0,0,0],"rotation":270,"texture":"#1"},"up":{"uv":[0,6.66667,0,0],"rotation":270,"texture":"#1"},"down":{"uv":[0,6.66667,0,0],"rotation":270,"texture":"#1"}}},{"from":[-4,8.3,7.7],"to":[1,19.3,7.7],"rotation":{"angle":45,"axis":"z","origin":[-1.5,13.8,7.7]},"faces":{"north":{"uv":[0,0,14.66667,6.66667],"rotation":90,"texture":"#1"},"east":{"uv":[14.66667,0,0,0],"rotation":270,"texture":"#1"},"south":{"uv":[14.66667,0,0,6.66667],"rotation":270,"texture":"#1"},"west":{"uv":[14.66667,0,0,0],"rotation":270,"texture":"#1"},"up":{"uv":[0,0,0,6.66667],"rotation":270,"texture":"#1"},"down":{"uv":[0,0,0,6.66667],"rotation":270,"texture":"#1"}}},{"from":[20,9.3,7.7],"to":[31,14.3,7.7],"rotation":{"angle":0,"axis":"z","origin":[25.5,11.8,7.7]},"faces":{"north":{"uv":[0,0,14.66667,6.66667],"texture":"#1"},"east":{"uv":[0,0,0,6.66667],"texture":"#1"},"south":{"uv":[14.66667,0,0,6.66667],"texture":"#1"},"west":{"uv":[0,0,0,6.66667],"texture":"#1"},"up":{"uv":[14.66667,0,0,0],"texture":"#1"},"down":{"uv":[14.66667,0,0,0],"texture":"#1"}}},{"from":[-15,9.3,7.7],"to":[-4,14.3,7.7],"rotation":{"angle":0,"axis":"z","origin":[-9.5,11.8,7.7]},"faces":{"north":{"uv":[14.66667,0,0,6.66667],"texture":"#1"},"east":{"uv":[0,0,0,6.66667],"texture":"#1"},"south":{"uv":[0,0,14.66667,6.66667],"texture":"#1"},"west":{"uv":[0,0,0,6.66667],"texture":"#1"},"up":{"uv":[0,0,14.66667,0],"texture":"#1"},"down":{"uv":[0,0,14.66667,0],"texture":"#1"}}},{"from":[-4,4,7.425],"to":[7,9,7.425],"rotation":{"angle":0,"axis":"y","origin":[16,0,-0.075]},"faces":{"north":{"uv":[14.66667,0,0,6.66667],"texture":"#1"},"east":{"uv":[0,0,0,6.66667],"texture":"#1"},"south":{"uv":[0,0,14.66667,6.66667],"texture":"#1"},"west":{"uv":[0,0,0,6.66667],"texture":"#1"},"up":{"uv":[0,0,14.66667,0],"texture":"#1"},"down":{"uv":[0,0,14.66667,0],"texture":"#1"}}}],"gui_light":"front","display":{"thirdperson_righthand":{"translation":[0,1.75,-0.25],"scale":[0.5,0.5,0.5]},"thirdperson_lefthand":{"rotation":[68,0,0],"translation":[-6,-4.75,13.5],"scale":[1.5,1.5,1.5]},"firstperson_righthand":{"translation":[0,3,0]},"firstperson_lefthand":{"scale":[0,0,0]},"ground":{"rotation":[40,0,0],"scale":[0.5,0.5,0.5]},"gui":{"scale":[0.37891,0.37891,0.37891]},"head":{"translation":[0,-38,6],"scale":[2,2,2]},"fixed":{"translation":[0,2.25,-1.5],"scale":[1.82227,1.82227,1.82227]}}}