{
	"credit": "Credit: Ontvlambaar, Sammie_gaga",
	"textures": {
		"1": "block/deepslate",
		"2": "block/blue_wool",
		"3": "block/copper_block",
		"particle": "block/blue_wool"
	},
	"elements": [
		{
			"name": "hexadecagon",
			"from": [5.72428, -7.925, 9.365],
			"to": [12.54572, -6.875, 10.715],
			"rotation": {"angle": -45, "axis": "z", "origin": [6.935, 3.8, 9.89]},
			"faces": {
				"north": {"uv": [0.032, 0.032, 6.82144, 0.968], "texture": "#1", "cullface": "down"},
				"east": {"uv": [0.032, 0.032, 1.968, 1.968], "texture": "#1", "cullface": "down"},
				"south": {"uv": [0.032, 0.032, 1.968, 1.968], "texture": "#1", "cullface": "down"},
				"up": {"uv": [0.032, 0.032, 1.968, 1.968], "texture": "#1", "cullface": "down"},
				"down": {"uv": [0.032, 0.032, 1.968, 1.968], "texture": "#1", "cullface": "down"}
			}
		},
		{
			"name": "hexadecagon",
			"from": [17.01, 1.08928, 9.365],
			"to": [18.06, 15.91072, 10.715],
			"rotation": {"angle": 0, "axis": "z", "origin": [6.935, 3.8, 9.89]},
			"faces": {
				"north": {"uv": [0.032, 0.032, 0.968, 14.82144], "texture": "#1", "cullface": "east"},
				"east": {"uv": [0.032, 0.032, 1.968, 1.968], "texture": "#1", "cullface": "east"},
				"south": {"uv": [0.032, 0.032, 1.968, 1.968], "texture": "#1", "cullface": "east"},
				"west": {"uv": [0.032, 0.032, 1.968, 1.968], "texture": "#1", "cullface": "east"},
				"up": {"uv": [0.032, 0.032, 1.968, 1.968], "texture": "#1", "cullface": "east"},
				"down": {"uv": [0.032, 0.032, 1.968, 1.968], "texture": "#1", "cullface": "east"}
			}
		},
		{
			"name": "hexadecagon",
			"from": [7.32428, -9.125, 9.365],
			"to": [12.44572, -8.075, 10.715],
			"rotation": {"angle": -22.5, "axis": "z", "origin": [6.935, 3.8, 9.89]},
			"faces": {
				"north": {"uv": [0.032, 0.032, 5.12144, 0.968], "texture": "#1", "cullface": "down"},
				"east": {"uv": [0.032, 0.032, 1.968, 1.968], "texture": "#1", "cullface": "down"},
				"south": {"uv": [0.032, 0.032, 1.968, 1.968], "texture": "#1", "cullface": "down"},
				"west": {"uv": [0.032, 0.032, 1.968, 1.968], "texture": "#1", "cullface": "down"},
				"up": {"uv": [0.032, 0.032, 1.968, 1.968], "texture": "#1", "cullface": "down"},
				"down": {"uv": [0.032, 0.032, 1.968, 1.968], "texture": "#1", "cullface": "down"}
			}
		},
		{
			"name": "hexadecagon",
			"from": [1.62428, -9.225, 9.365],
			"to": [6.54572, -8.175, 10.715],
			"rotation": {"angle": 22.5, "axis": "z", "origin": [6.935, 3.8, 9.89]},
			"faces": {
				"north": {"uv": [0.032, 0.032, 4.92144, 0.968], "texture": "#1", "cullface": "down"},
				"east": {"uv": [0.032, 0.032, 1.968, 1.968], "texture": "#1", "cullface": "down"},
				"south": {"uv": [0.032, 0.032, 1.968, 1.968], "texture": "#1", "cullface": "down"},
				"west": {"uv": [0.032, 0.032, 1.968, 1.968], "texture": "#1", "cullface": "down"},
				"up": {"uv": [0.032, 0.032, 1.968, 1.968], "texture": "#1", "cullface": "down"},
				"down": {"uv": [0.032, 0.032, 1.968, 1.968], "texture": "#1", "cullface": "down"}
			}
		},
		{
			"name": "hexadecagon",
			"from": [1.42428, -8.025, 9.365],
			"to": [8.04572, -6.975, 10.715],
			"rotation": {"angle": 45, "axis": "z", "origin": [6.935, 3.8, 9.89]},
			"faces": {
				"north": {"uv": [0.032, 0.032, 6.62144, 0.968], "texture": "#1", "cullface": "down"},
				"east": {"uv": [0.032, 0.032, 1.968, 1.968], "texture": "#1", "cullface": "down"},
				"south": {"uv": [0.032, 0.032, 1.968, 1.968], "texture": "#1", "cullface": "down"},
				"west": {"uv": [0.032, 0.032, 1.968, 1.968], "texture": "#1", "cullface": "down"},
				"up": {"uv": [0.032, 0.032, 1.968, 1.968], "texture": "#1", "cullface": "down"},
				"down": {"uv": [0.032, 0.032, 1.968, 1.968], "texture": "#1", "cullface": "down"}
			}
		},
		{
			"name": "hexadecagon",
			"from": [4.32428, 20.575, 9.365],
			"to": [9.54572, 21.625, 10.715],
			"rotation": {"angle": -45, "axis": "z", "origin": [6.935, 8.5, 9.89]},
			"faces": {
				"north": {"uv": [0.032, 0.032, 5.22144, 0.968], "texture": "#1"},
				"east": {"uv": [0.032, 0.032, 1.968, 1.968], "texture": "#1", "cullface": "east"},
				"south": {"uv": [0.032, 0.032, 1.968, 1.968], "texture": "#1"},
				"west": {"uv": [0.032, 0.032, 1.968, 1.968], "texture": "#1", "cullface": "up"},
				"up": {"uv": [0.032, 0.032, 1.968, 1.968], "texture": "#1"},
				"down": {"uv": [0.032, 0.032, 1.968, 1.968], "texture": "#1"}
			}
		},
		{
			"name": "hexadecagon",
			"from": [4.32428, 20.575, 9.365],
			"to": [9.54572, 21.625, 10.715],
			"rotation": {"angle": -22.5, "axis": "z", "origin": [6.935, 8.5, 9.89]},
			"faces": {
				"north": {"uv": [0.032, 0.032, 5.22144, 0.968], "texture": "#1", "cullface": "up"},
				"east": {"uv": [0.032, 0.032, 1.968, 1.968], "texture": "#1", "cullface": "up"},
				"south": {"uv": [0.032, 0.032, 1.968, 1.968], "texture": "#1", "cullface": "up"},
				"west": {"uv": [0.032, 0.032, 1.968, 1.968], "texture": "#1", "cullface": "up"},
				"up": {"uv": [0.032, 0.032, 1.968, 1.968], "texture": "#1", "cullface": "up"},
				"down": {"uv": [0.032, 0.032, 1.968, 1.968], "texture": "#1", "cullface": "up"}
			}
		},
		{
			"name": "hexadecagon",
			"from": [4.32428, 20.575, 9.365],
			"to": [9.54572, 21.625, 10.715],
			"rotation": {"angle": 0, "axis": "z", "origin": [6.935, 8.5, 9.89]},
			"faces": {
				"north": {"uv": [0.032, 0.032, 5.22144, 0.968], "texture": "#1", "cullface": "up"},
				"east": {"uv": [0.032, 0.032, 1.968, 1.968], "texture": "#1", "cullface": "up"},
				"south": {"uv": [0.032, 0.032, 1.968, 1.968], "texture": "#1", "cullface": "up"},
				"west": {"uv": [0.032, 0.032, 1.968, 1.968], "texture": "#1", "cullface": "up"},
				"up": {"uv": [0.032, 0.032, 1.968, 1.968], "texture": "#1", "cullface": "up"},
				"down": {"uv": [0.032, 0.032, 1.968, 1.968], "texture": "#1", "cullface": "up"}
			}
		},
		{
			"name": "hexadecagon",
			"from": [4.32428, 20.575, 9.365],
			"to": [9.54572, 21.625, 10.715],
			"rotation": {"angle": 22.5, "axis": "z", "origin": [6.935, 8.5, 9.89]},
			"faces": {
				"north": {"uv": [0.032, 0.032, 5.22144, 0.968], "texture": "#1", "cullface": "up"},
				"east": {"uv": [0.032, 0.032, 1.968, 1.968], "texture": "#1", "cullface": "up"},
				"south": {"uv": [0.032, 0.032, 1.968, 1.968], "texture": "#1", "cullface": "up"},
				"west": {"uv": [0.032, 0.032, 1.968, 1.968], "texture": "#1", "cullface": "west"},
				"up": {"uv": [0.032, 0.032, 1.968, 1.968], "texture": "#1", "cullface": "up"},
				"down": {"uv": [0.032, 0.032, 1.968, 1.968], "texture": "#1", "cullface": "up"}
			}
		},
		{
			"name": "hexadecagon",
			"from": [4.32428, 20.575, 9.365],
			"to": [9.54572, 21.625, 10.715],
			"rotation": {"angle": 45, "axis": "z", "origin": [6.935, 8.5, 9.89]},
			"faces": {
				"north": {"uv": [0.032, 0.032, 5.22144, 0.968], "texture": "#1"},
				"east": {"uv": [0.032, 0.032, 1.968, 1.968], "texture": "#1", "cullface": "west"},
				"south": {"uv": [0.032, 0.032, 1.968, 1.968], "texture": "#1"},
				"west": {"uv": [0.032, 0.032, 1.968, 1.968], "texture": "#1", "cullface": "west"},
				"up": {"uv": [0.032, 0.032, 1.968, 1.968], "texture": "#1", "cullface": "west"},
				"down": {"uv": [0.032, 0.032, 1.968, 1.968], "texture": "#1"}
			}
		},
		{
			"name": "hexadecagon",
			"from": [-4.19, 1.08928, 9.365],
			"to": [-3.14, 15.91072, 10.715],
			"rotation": {"angle": 0, "axis": "z", "origin": [6.935, 3.8, 9.89]},
			"faces": {
				"north": {"uv": [0.032, 0.032, 0.968, 14.82144], "texture": "#1", "cullface": "west"},
				"east": {"uv": [0.032, 0.032, 1.968, 1.968], "texture": "#1", "cullface": "west"},
				"south": {"uv": [0.032, 0.032, 1.968, 1.968], "texture": "#1", "cullface": "west"},
				"west": {"uv": [0.032, 0.032, 1.968, 1.968], "texture": "#1", "cullface": "west"},
				"up": {"uv": [0.032, 0.032, 1.968, 1.968], "texture": "#1", "cullface": "west"}
			}
		},
		{
			"name": "hexadecagon",
			"from": [-4.39, 0.38928, 9.365],
			"to": [-3.34, 5.61072, 10.715],
			"rotation": {"angle": 22.5, "axis": "z", "origin": [6.935, 3.8, 9.89]},
			"faces": {
				"north": {"uv": [0.032, 0.032, 0.968, 5.22144], "texture": "#1", "cullface": "west"},
				"east": {"uv": [0.032, 0.032, 1.968, 1.968], "texture": "#1", "cullface": "west"},
				"south": {"uv": [0.032, 0.032, 1.968, 1.968], "texture": "#1", "cullface": "west"},
				"west": {"uv": [0.032, 0.032, 1.968, 1.968], "texture": "#1", "cullface": "west"},
				"up": {"uv": [0.032, 0.032, 1.968, 1.968], "texture": "#1", "cullface": "west"},
				"down": {"uv": [0.032, 0.032, 1.968, 1.968], "texture": "#1", "cullface": "west"}
			}
		},
		{
			"name": "hexadecagon",
			"from": [17.21, 0.28928, 9.365],
			"to": [18.26, 5.51072, 10.715],
			"rotation": {"angle": -22.5, "axis": "z", "origin": [6.935, 3.8, 9.89]},
			"faces": {
				"north": {"uv": [0.032, 0.032, 0.968, 5.22144], "texture": "#1"},
				"east": {"uv": [0.032, 0.032, 1.968, 1.968], "texture": "#1", "cullface": "east"},
				"south": {"uv": [0.032, 0.032, 1.968, 1.968], "texture": "#1"},
				"west": {"uv": [0.032, 0.032, 1.968, 1.968], "texture": "#1"},
				"up": {"uv": [0.032, 0.032, 1.968, 1.968], "texture": "#1", "cullface": "east"}
			}
		},
		{
			"name": "hexadecagon",
			"from": [6.51, 1.58928, 9.365],
			"to": [7.56, 13.61072, 10.715],
			"rotation": {"angle": 0, "axis": "z", "origin": [6.935, 3.8, 9.89]},
			"faces": {
				"north": {"uv": [0.032, 0.032, 0.968, 14.82144], "texture": "#3"},
				"east": {"uv": [0.032, 0.032, 1.968, 1.968], "texture": "#3"},
				"west": {"uv": [0.032, 0.032, 1.968, 1.968], "texture": "#3"},
				"up": {"uv": [0.032, 0.032, 1.968, 1.968], "texture": "#3"},
				"down": {"uv": [0.032, 0.032, 1.968, 1.968], "texture": "#3"}
			}
		},
		{
			"name": "hexadecagon",
			"from": [6.61, 13.58928, 9.365],
			"to": [7.46, 13.81072, 10.715],
			"rotation": {"angle": 0, "axis": "z", "origin": [6.935, 3.8, 9.89]},
			"faces": {
				"north": {"uv": [0.032, 0.032, 0.968, 14.82144], "texture": "#3"},
				"east": {"uv": [0.032, 0.032, 1.968, 1.968], "texture": "#3"},
				"west": {"uv": [0.032, 0.032, 1.968, 1.968], "texture": "#3"},
				"up": {"uv": [0.032, 0.032, 1.968, 1.968], "texture": "#3"}
			}
		},
		{
			"name": "hexadecagon",
			"from": [6.71, 13.78928, 9.365],
			"to": [7.36, 14.11072, 10.715],
			"rotation": {"angle": 0, "axis": "z", "origin": [6.935, 3.8, 9.89]},
			"faces": {
				"north": {"uv": [0.032, 0.032, 0.968, 14.82144], "texture": "#3"},
				"east": {"uv": [0.032, 0.032, 1.968, 1.968], "texture": "#3"},
				"west": {"uv": [0.032, 0.032, 1.968, 1.968], "texture": "#3"},
				"up": {"uv": [0.032, 0.032, 1.968, 1.968], "texture": "#3"}
			}
		},
		{
			"name": "hexadecagon",
			"from": [9.41, 9.58928, 9.365],
			"to": [9.56, 10.41072, 10.715],
			"rotation": {"angle": 0, "axis": "z", "origin": [6.935, 3.8, 9.89]},
			"faces": {
				"north": {"uv": [0.032, 0.032, 0.968, 14.82144], "texture": "#3"},
				"east": {"uv": [0.032, 0.032, 1.968, 1.968], "texture": "#3"},
				"up": {"uv": [0.032, 0.032, 1.968, 1.968], "texture": "#3"},
				"down": {"uv": [0.032, 0.032, 1.968, 1.968], "texture": "#3"}
			}
		},
		{
			"name": "hexadecagon",
			"from": [7.51, 5.88928, 9.365],
			"to": [7.86, 13.11072, 10.715],
			"rotation": {"angle": 0, "axis": "z", "origin": [6.935, 3.8, 9.89]},
			"faces": {
				"north": {"uv": [0.032, 0.032, 0.968, 14.82144], "texture": "#3"},
				"east": {"uv": [0.032, 0.032, 1.968, 1.968], "texture": "#3"},
				"up": {"uv": [0.032, 0.032, 1.968, 1.968], "texture": "#3"},
				"down": {"uv": [0.032, 0.032, 1.968, 1.968], "texture": "#3"}
			}
		},
		{
			"name": "hexadecagon",
			"from": [7.51, 5.48928, 9.365],
			"to": [7.76, 13.31072, 10.715],
			"rotation": {"angle": 0, "axis": "z", "origin": [6.935, 3.8, 9.89]},
			"faces": {
				"north": {"uv": [0.032, 0.032, 0.968, 14.82144], "texture": "#3"},
				"east": {"uv": [0.032, 0.032, 1.968, 1.968], "texture": "#3"},
				"up": {"uv": [0.032, 0.032, 1.968, 1.968], "texture": "#3"},
				"down": {"uv": [0.032, 0.032, 1.968, 1.968], "texture": "#3"}
			}
		},
		{
			"name": "hexadecagon",
			"from": [7.81, 6.48928, 9.365],
			"to": [8.06, 12.81072, 10.715],
			"rotation": {"angle": 0, "axis": "z", "origin": [6.935, 3.8, 9.89]},
			"faces": {
				"north": {"uv": [0.032, 0.032, 0.968, 14.82144], "texture": "#3"},
				"east": {"uv": [0.032, 0.032, 1.968, 1.968], "texture": "#3"},
				"up": {"uv": [0.032, 0.032, 1.968, 1.968], "texture": "#3"},
				"down": {"uv": [0.032, 0.032, 1.968, 1.968], "texture": "#3"}
			}
		},
		{
			"name": "hexadecagon",
			"from": [8.01, 6.88928, 9.365],
			"to": [8.26, 12.61072, 10.715],
			"rotation": {"angle": 0, "axis": "z", "origin": [6.935, 3.8, 9.89]},
			"faces": {
				"north": {"uv": [0.032, 0.032, 0.968, 14.82144], "texture": "#3"},
				"east": {"uv": [0.032, 0.032, 1.968, 1.968], "texture": "#3"},
				"up": {"uv": [0.032, 0.032, 1.968, 1.968], "texture": "#3"},
				"down": {"uv": [0.032, 0.032, 1.968, 1.968], "texture": "#3"}
			}
		},
		{
			"name": "hexadecagon",
			"from": [8.21, 7.28928, 9.365],
			"to": [8.46, 12.41072, 10.715],
			"rotation": {"angle": 0, "axis": "z", "origin": [6.935, 3.8, 9.89]},
			"faces": {
				"north": {"uv": [0.032, 0.032, 0.968, 14.82144], "texture": "#3"},
				"east": {"uv": [0.032, 0.032, 1.968, 1.968], "texture": "#3"},
				"up": {"uv": [0.032, 0.032, 1.968, 1.968], "texture": "#3"},
				"down": {"uv": [0.032, 0.032, 1.968, 1.968], "texture": "#3"}
			}
		},
		{
			"name": "hexadecagon",
			"from": [8.41, 7.58928, 9.365],
			"to": [8.66, 12.11072, 10.715],
			"rotation": {"angle": 0, "axis": "z", "origin": [6.935, 3.8, 9.89]},
			"faces": {
				"north": {"uv": [0.032, 0.032, 0.968, 14.82144], "texture": "#3"},
				"east": {"uv": [0.032, 0.032, 1.968, 1.968], "texture": "#3"},
				"up": {"uv": [0.032, 0.032, 1.968, 1.968], "texture": "#3"},
				"down": {"uv": [0.032, 0.032, 1.968, 1.968], "texture": "#3"}
			}
		},
		{
			"name": "hexadecagon",
			"from": [8.61, 7.98928, 9.365],
			"to": [8.86, 11.91072, 10.715],
			"rotation": {"angle": 0, "axis": "z", "origin": [6.935, 3.8, 9.89]},
			"faces": {
				"north": {"uv": [0.032, 0.032, 0.968, 14.82144], "texture": "#3"},
				"east": {"uv": [0.032, 0.032, 1.968, 1.968], "texture": "#3"},
				"up": {"uv": [0.032, 0.032, 1.968, 1.968], "texture": "#3"},
				"down": {"uv": [0.032, 0.032, 1.968, 1.968], "texture": "#3"}
			}
		},
		{
			"name": "hexadecagon",
			"from": [8.81, 8.28928, 9.365],
			"to": [9.06, 11.71072, 10.715],
			"rotation": {"angle": 0, "axis": "z", "origin": [6.935, 3.8, 9.89]},
			"faces": {
				"north": {"uv": [0.032, 0.032, 0.968, 14.82144], "texture": "#3"},
				"east": {"uv": [0.032, 0.032, 1.968, 1.968], "texture": "#3"},
				"up": {"uv": [0.032, 0.032, 1.968, 1.968], "texture": "#3"},
				"down": {"uv": [0.032, 0.032, 1.968, 1.968], "texture": "#3"}
			}
		},
		{
			"name": "hexadecagon",
			"from": [9.01, 8.58928, 9.365],
			"to": [9.26, 11.51072, 10.715],
			"rotation": {"angle": 0, "axis": "z", "origin": [6.935, 3.8, 9.89]},
			"faces": {
				"north": {"uv": [0.032, 0.032, 0.968, 14.82144], "texture": "#3"},
				"east": {"uv": [0.032, 0.032, 1.968, 1.968], "texture": "#3"},
				"up": {"uv": [0.032, 0.032, 1.968, 1.968], "texture": "#3"},
				"down": {"uv": [0.032, 0.032, 1.968, 1.968], "texture": "#3"}
			}
		},
		{
			"name": "hexadecagon",
			"from": [9.21, 8.88928, 9.365],
			"to": [9.36, 11.21072, 10.715],
			"rotation": {"angle": 0, "axis": "z", "origin": [6.935, 3.8, 9.89]},
			"faces": {
				"north": {"uv": [0.032, 0.032, 0.968, 14.82144], "texture": "#3"},
				"east": {"uv": [0.032, 0.032, 1.968, 1.968], "texture": "#3"},
				"up": {"uv": [0.032, 0.032, 1.968, 1.968], "texture": "#3"},
				"down": {"uv": [0.032, 0.032, 1.968, 1.968], "texture": "#3"}
			}
		},
		{
			"name": "hexadecagon",
			"from": [9.31, 9.28928, 9.365],
			"to": [9.46, 10.81072, 10.715],
			"rotation": {"angle": 0, "axis": "z", "origin": [6.935, 3.8, 9.89]},
			"faces": {
				"north": {"uv": [0.032, 0.032, 0.968, 14.82144], "texture": "#3"},
				"east": {"uv": [0.032, 0.032, 1.968, 1.968], "texture": "#3"},
				"up": {"uv": [0.032, 0.032, 1.968, 1.968], "texture": "#3"},
				"down": {"uv": [0.032, 0.032, 1.968, 1.968], "texture": "#3"}
			}
		},
		{
			"name": "hexadecagon",
			"from": [4.54, 9.58928, 9.365],
			"to": [4.69, 10.41072, 10.715],
			"rotation": {"angle": 0, "axis": "z", "origin": [9.065, 3.8, 9.89]},
			"faces": {
				"north": {"uv": [0.968, 0.032, 0.032, 14.82144], "texture": "#3"},
				"west": {"uv": [1.968, 0.032, 0.032, 1.968], "texture": "#3"},
				"up": {"uv": [1.968, 0.032, 0.032, 1.968], "texture": "#3"},
				"down": {"uv": [1.968, 0.032, 0.032, 1.968], "texture": "#3"}
			}
		},
		{
			"name": "hexadecagon",
			"from": [6.24, 5.88928, 9.365],
			"to": [6.59, 13.11072, 10.715],
			"rotation": {"angle": 0, "axis": "z", "origin": [9.065, 3.8, 9.89]},
			"faces": {
				"north": {"uv": [0.968, 0.032, 0.032, 14.82144], "texture": "#3"},
				"west": {"uv": [1.968, 0.032, 0.032, 1.968], "texture": "#3"},
				"up": {"uv": [1.968, 0.032, 0.032, 1.968], "texture": "#3"},
				"down": {"uv": [1.968, 0.032, 0.032, 1.968], "texture": "#3"}
			}
		},
		{
			"name": "hexadecagon",
			"from": [6.34, 5.48928, 9.365],
			"to": [6.59, 13.31072, 10.715],
			"rotation": {"angle": 0, "axis": "z", "origin": [9.065, 3.8, 9.89]},
			"faces": {
				"north": {"uv": [0.968, 0.032, 0.032, 14.82144], "texture": "#3"},
				"west": {"uv": [1.968, 0.032, 0.032, 1.968], "texture": "#3"},
				"up": {"uv": [1.968, 0.032, 0.032, 1.968], "texture": "#3"},
				"down": {"uv": [1.968, 0.032, 0.032, 1.968], "texture": "#3"}
			}
		},
		{
			"name": "hexadecagon",
			"from": [1.74, 7.68928, 9.365],
			"to": [1.99, 10.41072, 10.715],
			"rotation": {"angle": 0, "axis": "z", "origin": [9.065, 3.8, 9.89]},
			"faces": {
				"north": {"uv": [0.968, 0.032, 0.032, 14.82144], "texture": "#3"},
				"west": {"uv": [1.968, 0.032, 0.032, 1.968], "texture": "#3"},
				"up": {"uv": [1.968, 0.032, 0.032, 1.968], "texture": "#3"},
				"down": {"uv": [1.968, 0.032, 0.032, 1.968], "texture": "#3"}
			}
		},
		{
			"name": "hexadecagon",
			"from": [6.34, 3.58928, 9.365],
			"to": [6.59, 4.21072, 10.715],
			"rotation": {"angle": 0, "axis": "z", "origin": [9.065, 3.8, 9.89]},
			"faces": {
				"north": {"uv": [0.968, 0.032, 0.032, 14.82144], "texture": "#3"},
				"west": {"uv": [1.968, 0.032, 0.032, 1.968], "texture": "#3"},
				"up": {"uv": [1.968, 0.032, 0.032, 1.968], "texture": "#3"},
				"down": {"uv": [1.968, 0.032, 0.032, 1.968], "texture": "#3"}
			}
		},
		{
			"name": "hexadecagon",
			"from": [6.34, 1.88928, 9.365],
			"to": [6.59, 2.51072, 10.715],
			"rotation": {"angle": 0, "axis": "z", "origin": [9.065, 3.8, 9.89]},
			"faces": {
				"north": {"uv": [0.968, 0.032, 0.032, 14.82144], "texture": "#3"},
				"west": {"uv": [1.968, 0.032, 0.032, 1.968], "texture": "#3"},
				"up": {"uv": [1.968, 0.032, 0.032, 1.968], "texture": "#3"},
				"down": {"uv": [1.968, 0.032, 0.032, 1.968], "texture": "#3"}
			}
		},
		{
			"name": "hexadecagon",
			"from": [6.14, 2.18928, 9.365],
			"to": [6.39, 2.91072, 10.715],
			"rotation": {"angle": 0, "axis": "z", "origin": [9.065, 3.8, 9.89]},
			"faces": {
				"north": {"uv": [0.968, 0.032, 0.032, 14.82144], "texture": "#3"},
				"east": {"uv": [1.968, 0.032, 0.032, 1.968], "texture": "#3"},
				"west": {"uv": [1.968, 0.032, 0.032, 1.968], "texture": "#3"},
				"up": {"uv": [1.968, 0.032, 0.032, 1.968], "texture": "#3"},
				"down": {"uv": [1.968, 0.032, 0.032, 1.968], "texture": "#3"}
			}
		},
		{
			"name": "hexadecagon",
			"from": [5.94, 2.38928, 9.365],
			"to": [6.19, 3.21072, 10.715],
			"rotation": {"angle": 0, "axis": "z", "origin": [9.065, 3.8, 9.89]},
			"faces": {
				"north": {"uv": [0.968, 0.032, 0.032, 14.82144], "texture": "#3"},
				"east": {"uv": [1.968, 0.032, 0.032, 1.968], "texture": "#3"},
				"west": {"uv": [1.968, 0.032, 0.032, 1.968], "texture": "#3"},
				"up": {"uv": [1.968, 0.032, 0.032, 1.968], "texture": "#3"},
				"down": {"uv": [1.968, 0.032, 0.032, 1.968], "texture": "#3"}
			}
		},
		{
			"name": "hexadecagon",
			"from": [5.64, 2.78928, 9.365],
			"to": [5.99, 3.41072, 10.715],
			"rotation": {"angle": 0, "axis": "z", "origin": [9.065, 3.8, 9.89]},
			"faces": {
				"north": {"uv": [0.968, 0.032, 0.032, 14.82144], "texture": "#3"},
				"east": {"uv": [1.968, 0.032, 0.032, 1.968], "texture": "#3"},
				"west": {"uv": [1.968, 0.032, 0.032, 1.968], "texture": "#3"},
				"up": {"uv": [1.968, 0.032, 0.032, 1.968], "texture": "#3"},
				"down": {"uv": [1.968, 0.032, 0.032, 1.968], "texture": "#3"}
			}
		},
		{
			"name": "hexadecagon",
			"from": [5.84, 2.58928, 9.365],
			"to": [6.09, 3.11072, 10.715],
			"rotation": {"angle": 0, "axis": "z", "origin": [9.065, 3.8, 9.89]},
			"faces": {
				"north": {"uv": [0.968, 0.032, 0.032, 14.82144], "texture": "#3"},
				"west": {"uv": [1.968, 0.032, 0.032, 1.968], "texture": "#3"},
				"down": {"uv": [1.968, 0.032, 0.032, 1.968], "texture": "#3"}
			}
		},
		{
			"name": "hexadecagon",
			"from": [5.44, 2.98928, 9.365],
			"to": [5.69, 3.61072, 10.715],
			"rotation": {"angle": 0, "axis": "z", "origin": [9.065, 3.8, 9.89]},
			"faces": {
				"north": {"uv": [0.968, 0.032, 0.032, 14.82144], "texture": "#3"},
				"east": {"uv": [1.968, 0.032, 0.032, 1.968], "texture": "#3"},
				"west": {"uv": [1.968, 0.032, 0.032, 1.968], "texture": "#3"},
				"up": {"uv": [1.968, 0.032, 0.032, 1.968], "texture": "#3"},
				"down": {"uv": [1.968, 0.032, 0.032, 1.968], "texture": "#3"}
			}
		},
		{
			"name": "hexadecagon",
			"from": [5.24, 3.18928, 9.365],
			"to": [5.49, 3.71072, 10.715],
			"rotation": {"angle": 0, "axis": "z", "origin": [9.065, 3.8, 9.89]},
			"faces": {
				"north": {"uv": [0.968, 0.032, 0.032, 14.82144], "texture": "#3"},
				"east": {"uv": [1.968, 0.032, 0.032, 1.968], "texture": "#3"},
				"west": {"uv": [1.968, 0.032, 0.032, 1.968], "texture": "#3"},
				"up": {"uv": [1.968, 0.032, 0.032, 1.968], "texture": "#3"},
				"down": {"uv": [1.968, 0.032, 0.032, 1.968], "texture": "#3"}
			}
		},
		{
			"name": "hexadecagon",
			"from": [5.14, 3.28928, 9.365],
			"to": [5.39, 3.81072, 10.715],
			"rotation": {"angle": 0, "axis": "z", "origin": [9.065, 3.8, 9.89]},
			"faces": {
				"north": {"uv": [0.968, 0.032, 0.032, 14.82144], "texture": "#3"},
				"east": {"uv": [1.968, 0.032, 0.032, 1.968], "texture": "#3"},
				"west": {"uv": [1.968, 0.032, 0.032, 1.968], "texture": "#3"},
				"up": {"uv": [1.968, 0.032, 0.032, 1.968], "texture": "#3"},
				"down": {"uv": [1.968, 0.032, 0.032, 1.968], "texture": "#3"}
			}
		},
		{
			"name": "hexadecagon",
			"from": [5.04, 3.28928, 9.365],
			"to": [5.29, 3.81072, 10.715],
			"rotation": {"angle": 0, "axis": "z", "origin": [9.065, 3.8, 9.89]},
			"faces": {
				"north": {"uv": [0.968, 0.032, 0.032, 14.82144], "texture": "#3"},
				"east": {"uv": [1.968, 0.032, 0.032, 1.968], "texture": "#3"},
				"west": {"uv": [1.968, 0.032, 0.032, 1.968], "texture": "#3"},
				"up": {"uv": [1.968, 0.032, 0.032, 1.968], "texture": "#3"},
				"down": {"uv": [1.968, 0.032, 0.032, 1.968], "texture": "#3"}
			}
		},
		{
			"name": "hexadecagon",
			"from": [4.74, 3.48928, 9.365],
			"to": [5.09, 4.11072, 10.715],
			"rotation": {"angle": 0, "axis": "z", "origin": [9.065, 3.8, 9.89]},
			"faces": {
				"north": {"uv": [0.968, 0.032, 0.032, 14.82144], "texture": "#3"},
				"east": {"uv": [1.968, 0.032, 0.032, 1.968], "texture": "#3"},
				"west": {"uv": [1.968, 0.032, 0.032, 1.968], "texture": "#3"},
				"up": {"uv": [1.968, 0.032, 0.032, 1.968], "texture": "#3"},
				"down": {"uv": [1.968, 0.032, 0.032, 1.968], "texture": "#3"}
			}
		},
		{
			"name": "hexadecagon",
			"from": [4.54, 3.68928, 9.365],
			"to": [4.79, 4.21072, 10.715],
			"rotation": {"angle": 0, "axis": "z", "origin": [9.065, 3.8, 9.89]},
			"faces": {
				"north": {"uv": [0.968, 0.032, 0.032, 14.82144], "texture": "#3"},
				"east": {"uv": [1.968, 0.032, 0.032, 1.968], "texture": "#3"},
				"west": {"uv": [1.968, 0.032, 0.032, 1.968], "texture": "#3"},
				"up": {"uv": [1.968, 0.032, 0.032, 1.968], "texture": "#3"},
				"down": {"uv": [1.968, 0.032, 0.032, 1.968], "texture": "#3"}
			}
		},
		{
			"name": "hexadecagon",
			"from": [4.34, 3.98928, 9.365],
			"to": [4.59, 4.51072, 10.715],
			"rotation": {"angle": 0, "axis": "z", "origin": [9.065, 3.8, 9.89]},
			"faces": {
				"north": {"uv": [0.968, 0.032, 0.032, 14.82144], "texture": "#3"},
				"east": {"uv": [1.968, 0.032, 0.032, 1.968], "texture": "#3"},
				"west": {"uv": [1.968, 0.032, 0.032, 1.968], "texture": "#3"},
				"up": {"uv": [1.968, 0.032, 0.032, 1.968], "texture": "#3"},
				"down": {"uv": [1.968, 0.032, 0.032, 1.968], "texture": "#3"}
			}
		},
		{
			"name": "hexadecagon",
			"from": [9.41, 3.98928, 9.365],
			"to": [9.66, 4.51072, 10.715],
			"rotation": {"angle": 0, "axis": "z", "origin": [6.935, 3.8, 9.89]},
			"faces": {
				"north": {"uv": [0.032, 0.032, 0.968, 14.82144], "texture": "#3"},
				"east": {"uv": [0.032, 0.032, 1.968, 1.968], "texture": "#3"},
				"west": {"uv": [0.032, 0.032, 1.968, 1.968], "texture": "#3"},
				"up": {"uv": [0.032, 0.032, 1.968, 1.968], "texture": "#3"},
				"down": {"uv": [0.032, 0.032, 1.968, 1.968], "texture": "#3"}
			}
		},
		{
			"name": "hexadecagon",
			"from": [9.21, 3.68928, 9.365],
			"to": [9.46, 4.21072, 10.715],
			"rotation": {"angle": 0, "axis": "z", "origin": [6.935, 3.8, 9.89]},
			"faces": {
				"north": {"uv": [0.032, 0.032, 0.968, 14.82144], "texture": "#3"},
				"east": {"uv": [0.032, 0.032, 1.968, 1.968], "texture": "#3"},
				"west": {"uv": [0.032, 0.032, 1.968, 1.968], "texture": "#3"},
				"up": {"uv": [0.032, 0.032, 1.968, 1.968], "texture": "#3"},
				"down": {"uv": [0.032, 0.032, 1.968, 1.968], "texture": "#3"}
			}
		},
		{
			"name": "hexadecagon",
			"from": [8.91, 3.48928, 9.365],
			"to": [9.26, 4.11072, 10.715],
			"rotation": {"angle": 0, "axis": "z", "origin": [6.935, 3.8, 9.89]},
			"faces": {
				"north": {"uv": [0.032, 0.032, 0.968, 14.82144], "texture": "#3"},
				"east": {"uv": [0.032, 0.032, 1.968, 1.968], "texture": "#3"},
				"west": {"uv": [0.032, 0.032, 1.968, 1.968], "texture": "#3"},
				"up": {"uv": [0.032, 0.032, 1.968, 1.968], "texture": "#3"},
				"down": {"uv": [0.032, 0.032, 1.968, 1.968], "texture": "#3"}
			}
		},
		{
			"name": "hexadecagon",
			"from": [7.51, 1.88928, 9.365],
			"to": [7.76, 2.51072, 10.715],
			"rotation": {"angle": 0, "axis": "z", "origin": [6.935, 3.8, 9.89]},
			"faces": {
				"north": {"uv": [0.032, 0.032, 0.968, 14.82144], "texture": "#3"},
				"east": {"uv": [0.032, 0.032, 1.968, 1.968], "texture": "#3"},
				"up": {"uv": [0.032, 0.032, 1.968, 1.968], "texture": "#3"},
				"down": {"uv": [0.032, 0.032, 1.968, 1.968], "texture": "#3"}
			}
		},
		{
			"name": "hexadecagon",
			"from": [7.71, 2.18928, 9.365],
			"to": [7.96, 2.91072, 10.715],
			"rotation": {"angle": 0, "axis": "z", "origin": [6.935, 3.8, 9.89]},
			"faces": {
				"north": {"uv": [0.032, 0.032, 0.968, 14.82144], "texture": "#3"},
				"east": {"uv": [0.032, 0.032, 1.968, 1.968], "texture": "#3"},
				"west": {"uv": [0.032, 0.032, 1.968, 1.968], "texture": "#3"},
				"up": {"uv": [0.032, 0.032, 1.968, 1.968], "texture": "#3"},
				"down": {"uv": [0.032, 0.032, 1.968, 1.968], "texture": "#3"}
			}
		},
		{
			"name": "hexadecagon",
			"from": [7.91, 2.38928, 9.365],
			"to": [8.16, 3.21072, 10.715],
			"rotation": {"angle": 0, "axis": "z", "origin": [6.935, 3.8, 9.89]},
			"faces": {
				"north": {"uv": [0.032, 0.032, 0.968, 14.82144], "texture": "#3"},
				"east": {"uv": [0.032, 0.032, 1.968, 1.968], "texture": "#3"},
				"west": {"uv": [0.032, 0.032, 1.968, 1.968], "texture": "#3"},
				"up": {"uv": [0.032, 0.032, 1.968, 1.968], "texture": "#3"},
				"down": {"uv": [0.032, 0.032, 1.968, 1.968], "texture": "#3"}
			}
		},
		{
			"name": "hexadecagon",
			"from": [8.11, 2.78928, 9.365],
			"to": [8.46, 3.41072, 10.715],
			"rotation": {"angle": 0, "axis": "z", "origin": [6.935, 3.8, 9.89]},
			"faces": {
				"north": {"uv": [0.032, 0.032, 0.968, 14.82144], "texture": "#3"},
				"east": {"uv": [0.032, 0.032, 1.968, 1.968], "texture": "#3"},
				"west": {"uv": [0.032, 0.032, 1.968, 1.968], "texture": "#3"},
				"up": {"uv": [0.032, 0.032, 1.968, 1.968], "texture": "#3"},
				"down": {"uv": [0.032, 0.032, 1.968, 1.968], "texture": "#3"}
			}
		},
		{
			"name": "hexadecagon",
			"from": [8.01, 2.58928, 9.365],
			"to": [8.26, 3.11072, 10.715],
			"rotation": {"angle": 0, "axis": "z", "origin": [6.935, 3.8, 9.89]},
			"faces": {
				"north": {"uv": [0.032, 0.032, 0.968, 14.82144], "texture": "#3"},
				"east": {"uv": [0.032, 0.032, 1.968, 1.968], "texture": "#3"},
				"down": {"uv": [0.032, 0.032, 1.968, 1.968], "texture": "#3"}
			}
		},
		{
			"name": "hexadecagon",
			"from": [8.41, 2.98928, 9.365],
			"to": [8.66, 3.61072, 10.715],
			"rotation": {"angle": 0, "axis": "z", "origin": [6.935, 3.8, 9.89]},
			"faces": {
				"north": {"uv": [0.032, 0.032, 0.968, 14.82144], "texture": "#3"},
				"east": {"uv": [0.032, 0.032, 1.968, 1.968], "texture": "#3"},
				"west": {"uv": [0.032, 0.032, 1.968, 1.968], "texture": "#3"},
				"up": {"uv": [0.032, 0.032, 1.968, 1.968], "texture": "#3"},
				"down": {"uv": [0.032, 0.032, 1.968, 1.968], "texture": "#3"}
			}
		},
		{
			"name": "hexadecagon",
			"from": [8.61, 3.18928, 9.365],
			"to": [8.86, 3.71072, 10.715],
			"rotation": {"angle": 0, "axis": "z", "origin": [6.935, 3.8, 9.89]},
			"faces": {
				"north": {"uv": [0.032, 0.032, 0.968, 14.82144], "texture": "#3"},
				"east": {"uv": [0.032, 0.032, 1.968, 1.968], "texture": "#3"},
				"west": {"uv": [0.032, 0.032, 1.968, 1.968], "texture": "#3"},
				"up": {"uv": [0.032, 0.032, 1.968, 1.968], "texture": "#3"},
				"down": {"uv": [0.032, 0.032, 1.968, 1.968], "texture": "#3"}
			}
		},
		{
			"name": "hexadecagon",
			"from": [8.71, 3.28928, 9.365],
			"to": [8.96, 3.81072, 10.715],
			"rotation": {"angle": 0, "axis": "z", "origin": [6.935, 3.8, 9.89]},
			"faces": {
				"north": {"uv": [0.032, 0.032, 0.968, 14.82144], "texture": "#3"},
				"east": {"uv": [0.032, 0.032, 1.968, 1.968], "texture": "#3"},
				"west": {"uv": [0.032, 0.032, 1.968, 1.968], "texture": "#3"},
				"up": {"uv": [0.032, 0.032, 1.968, 1.968], "texture": "#3"},
				"down": {"uv": [0.032, 0.032, 1.968, 1.968], "texture": "#3"}
			}
		},
		{
			"name": "hexadecagon",
			"from": [6.14, 3.88928, 9.365],
			"to": [6.39, 4.61072, 10.715],
			"rotation": {"angle": 0, "axis": "z", "origin": [9.065, 3.8, 9.89]},
			"faces": {
				"north": {"uv": [0.968, 0.032, 0.032, 14.82144], "texture": "#3"},
				"east": {"uv": [1.968, 0.032, 0.032, 1.968], "texture": "#3"},
				"west": {"uv": [1.968, 0.032, 0.032, 1.968], "texture": "#3"},
				"up": {"uv": [1.968, 0.032, 0.032, 1.968], "texture": "#3"},
				"down": {"uv": [1.968, 0.032, 0.032, 1.968], "texture": "#3"}
			}
		},
		{
			"name": "hexadecagon",
			"from": [5.94, 3.98928, 9.365],
			"to": [6.19, 4.81072, 10.715],
			"rotation": {"angle": 0, "axis": "z", "origin": [9.065, 3.8, 9.89]},
			"faces": {
				"north": {"uv": [0.968, 0.032, 0.032, 14.82144], "texture": "#3"},
				"east": {"uv": [1.968, 0.032, 0.032, 1.968], "texture": "#3"},
				"west": {"uv": [1.968, 0.032, 0.032, 1.968], "texture": "#3"},
				"up": {"uv": [1.968, 0.032, 0.032, 1.968], "texture": "#3"},
				"down": {"uv": [1.968, 0.032, 0.032, 1.968], "texture": "#3"}
			}
		},
		{
			"name": "hexadecagon",
			"from": [5.64, 4.08928, 9.365],
			"to": [5.99, 5.11072, 10.715],
			"rotation": {"angle": 0, "axis": "z", "origin": [9.065, 3.8, 9.89]},
			"faces": {
				"north": {"uv": [0.968, 0.032, 0.032, 14.82144], "texture": "#3"},
				"east": {"uv": [1.968, 0.032, 0.032, 1.968], "texture": "#3"},
				"west": {"uv": [1.968, 0.032, 0.032, 1.968], "texture": "#3"},
				"up": {"uv": [1.968, 0.032, 0.032, 1.968], "texture": "#3"},
				"down": {"uv": [1.968, 0.032, 0.032, 1.968], "texture": "#3"}
			}
		},
		{
			"name": "hexadecagon",
			"from": [5.34, 4.18928, 9.365],
			"to": [5.69, 5.41072, 10.715],
			"rotation": {"angle": 0, "axis": "z", "origin": [9.065, 3.8, 9.89]},
			"faces": {
				"north": {"uv": [0.968, 0.032, 0.032, 14.82144], "texture": "#3"},
				"east": {"uv": [1.968, 0.032, 0.032, 1.968], "texture": "#3"},
				"west": {"uv": [1.968, 0.032, 0.032, 1.968], "texture": "#3"},
				"up": {"uv": [1.968, 0.032, 0.032, 1.968], "texture": "#3"},
				"down": {"uv": [1.968, 0.032, 0.032, 1.968], "texture": "#3"}
			}
		},
		{
			"name": "hexadecagon",
			"from": [4.84, 4.48928, 9.365],
			"to": [5.19, 6.11072, 10.715],
			"rotation": {"angle": 0, "axis": "z", "origin": [9.065, 3.8, 9.89]},
			"faces": {
				"north": {"uv": [0.968, 0.032, 0.032, 14.82144], "texture": "#3"},
				"east": {"uv": [1.968, 0.032, 0.032, 1.968], "texture": "#3"},
				"west": {"uv": [1.968, 0.032, 0.032, 1.968], "texture": "#3"},
				"up": {"uv": [1.968, 0.032, 0.032, 1.968], "texture": "#3"},
				"down": {"uv": [1.968, 0.032, 0.032, 1.968], "texture": "#3"}
			}
		},
		{
			"name": "hexadecagon",
			"from": [4.44, 4.88928, 9.365],
			"to": [4.79, 6.71072, 10.715],
			"rotation": {"angle": 0, "axis": "z", "origin": [9.065, 3.8, 9.89]},
			"faces": {
				"north": {"uv": [0.968, 0.032, 0.032, 14.82144], "texture": "#3"},
				"east": {"uv": [1.968, 0.032, 0.032, 1.968], "texture": "#3"},
				"west": {"uv": [1.968, 0.032, 0.032, 1.968], "texture": "#3"},
				"up": {"uv": [1.968, 0.032, 0.032, 1.968], "texture": "#3"},
				"down": {"uv": [1.968, 0.032, 0.032, 1.968], "texture": "#3"}
			}
		},
		{
			"name": "hexadecagon",
			"from": [4.64, 4.68928, 9.365],
			"to": [4.99, 6.41072, 10.715],
			"rotation": {"angle": 0, "axis": "z", "origin": [9.065, 3.8, 9.89]},
			"faces": {
				"north": {"uv": [0.968, 0.032, 0.032, 14.82144], "texture": "#3"},
				"east": {"uv": [1.968, 0.032, 0.032, 1.968], "texture": "#3"},
				"west": {"uv": [1.968, 0.032, 0.032, 1.968], "texture": "#3"},
				"up": {"uv": [1.968, 0.032, 0.032, 1.968], "texture": "#3"},
				"down": {"uv": [1.968, 0.032, 0.032, 1.968], "texture": "#3"}
			}
		},
		{
			"name": "hexadecagon",
			"from": [4.24, 5.08928, 9.365],
			"to": [4.59, 7.11072, 10.715],
			"rotation": {"angle": 0, "axis": "z", "origin": [9.065, 3.8, 9.89]},
			"faces": {
				"north": {"uv": [0.968, 0.032, 0.032, 14.82144], "texture": "#3"},
				"east": {"uv": [1.968, 0.032, 0.032, 1.968], "texture": "#3"},
				"west": {"uv": [1.968, 0.032, 0.032, 1.968], "texture": "#3"},
				"up": {"uv": [1.968, 0.032, 0.032, 1.968], "texture": "#3"},
				"down": {"uv": [1.968, 0.032, 0.032, 1.968], "texture": "#3"}
			}
		},
		{
			"name": "hexadecagon",
			"from": [3.94, 5.28928, 9.365],
			"to": [4.29, 7.51072, 10.715],
			"rotation": {"angle": 0, "axis": "z", "origin": [9.065, 3.8, 9.89]},
			"faces": {
				"north": {"uv": [0.968, 0.032, 0.032, 14.82144], "texture": "#3"},
				"east": {"uv": [1.968, 0.032, 0.032, 1.968], "texture": "#3"},
				"west": {"uv": [1.968, 0.032, 0.032, 1.968], "texture": "#3"},
				"up": {"uv": [1.968, 0.032, 0.032, 1.968], "texture": "#3"},
				"down": {"uv": [1.968, 0.032, 0.032, 1.968], "texture": "#3"}
			}
		},
		{
			"name": "hexadecagon",
			"from": [3.64, 5.68928, 9.365],
			"to": [3.99, 8.21072, 10.715],
			"rotation": {"angle": 0, "axis": "z", "origin": [9.065, 3.8, 9.89]},
			"faces": {
				"north": {"uv": [0.968, 0.032, 0.032, 14.82144], "texture": "#3"},
				"east": {"uv": [1.968, 0.032, 0.032, 1.968], "texture": "#3"},
				"west": {"uv": [1.968, 0.032, 0.032, 1.968], "texture": "#3"},
				"up": {"uv": [1.968, 0.032, 0.032, 1.968], "texture": "#3"},
				"down": {"uv": [1.968, 0.032, 0.032, 1.968], "texture": "#3"}
			}
		},
		{
			"name": "hexadecagon",
			"from": [3.34, 6.08928, 9.365],
			"to": [3.69, 9.71072, 10.715],
			"rotation": {"angle": 0, "axis": "z", "origin": [9.065, 3.8, 9.89]},
			"faces": {
				"north": {"uv": [0.968, 0.032, 0.032, 14.82144], "texture": "#3"},
				"east": {"uv": [1.968, 0.032, 0.032, 1.968], "texture": "#3"},
				"west": {"uv": [1.968, 0.032, 0.032, 1.968], "texture": "#3"},
				"up": {"uv": [1.968, 0.032, 0.032, 1.968], "texture": "#3"},
				"down": {"uv": [1.968, 0.032, 0.032, 1.968], "texture": "#3"}
			}
		},
		{
			"name": "hexadecagon",
			"from": [3.14, 6.28928, 9.365],
			"to": [3.39, 10.81072, 10.715],
			"rotation": {"angle": 0, "axis": "z", "origin": [9.065, 3.8, 9.89]},
			"faces": {
				"north": {"uv": [0.968, 0.032, 0.032, 14.82144], "texture": "#3"},
				"east": {"uv": [1.968, 0.032, 0.032, 1.968], "texture": "#3"},
				"west": {"uv": [1.968, 0.032, 0.032, 1.968], "texture": "#3"},
				"up": {"uv": [1.968, 0.032, 0.032, 1.968], "texture": "#3"},
				"down": {"uv": [1.968, 0.032, 0.032, 1.968], "texture": "#3"}
			}
		},
		{
			"name": "hexadecagon",
			"from": [2.94, 6.38928, 9.365],
			"to": [3.19, 11.81072, 10.715],
			"rotation": {"angle": 0, "axis": "z", "origin": [9.065, 3.8, 9.89]},
			"faces": {
				"north": {"uv": [0.968, 0.032, 0.032, 14.82144], "texture": "#3"},
				"east": {"uv": [1.968, 0.032, 0.032, 1.968], "texture": "#3"},
				"west": {"uv": [1.968, 0.032, 0.032, 1.968], "texture": "#3"},
				"up": {"uv": [1.968, 0.032, 0.032, 1.968], "texture": "#3"},
				"down": {"uv": [1.968, 0.032, 0.032, 1.968], "texture": "#3"}
			}
		},
		{
			"name": "hexadecagon",
			"from": [2.74, 6.48928, 9.365],
			"to": [2.99, 12.81072, 10.715],
			"rotation": {"angle": 0, "axis": "z", "origin": [9.065, 3.8, 9.89]},
			"faces": {
				"north": {"uv": [0.968, 0.032, 0.032, 14.82144], "texture": "#3"},
				"east": {"uv": [1.968, 0.032, 0.032, 1.968], "texture": "#3"},
				"west": {"uv": [1.968, 0.032, 0.032, 1.968], "texture": "#3"},
				"up": {"uv": [1.968, 0.032, 0.032, 1.968], "texture": "#3"},
				"down": {"uv": [1.968, 0.032, 0.032, 1.968], "texture": "#3"}
			}
		},
		{
			"name": "hexadecagon",
			"from": [2.54, 6.78928, 9.365],
			"to": [2.79, 13.21072, 10.715],
			"rotation": {"angle": 0, "axis": "z", "origin": [9.065, 3.8, 9.89]},
			"faces": {
				"north": {"uv": [0.968, 0.032, 0.032, 14.82144], "texture": "#3"},
				"east": {"uv": [1.968, 0.032, 0.032, 1.968], "texture": "#3"},
				"west": {"uv": [1.968, 0.032, 0.032, 1.968], "texture": "#3"},
				"up": {"uv": [1.968, 0.032, 0.032, 1.968], "texture": "#3"},
				"down": {"uv": [1.968, 0.032, 0.032, 1.968], "texture": "#3"}
			}
		},
		{
			"name": "hexadecagon",
			"from": [2.34, 6.98928, 9.365],
			"to": [2.59, 12.61072, 10.715],
			"rotation": {"angle": 0, "axis": "z", "origin": [9.065, 3.8, 9.89]},
			"faces": {
				"north": {"uv": [0.968, 0.032, 0.032, 14.82144], "texture": "#3"},
				"west": {"uv": [1.968, 0.032, 0.032, 1.968], "texture": "#3"},
				"up": {"uv": [1.968, 0.032, 0.032, 1.968], "texture": "#3"},
				"down": {"uv": [1.968, 0.032, 0.032, 1.968], "texture": "#3"}
			}
		},
		{
			"name": "hexadecagon",
			"from": [2.14, 7.18928, 9.365],
			"to": [2.39, 11.91072, 10.715],
			"rotation": {"angle": 0, "axis": "z", "origin": [9.065, 3.8, 9.89]},
			"faces": {
				"north": {"uv": [0.968, 0.032, 0.032, 14.82144], "texture": "#3"},
				"west": {"uv": [1.968, 0.032, 0.032, 1.968], "texture": "#3"},
				"up": {"uv": [1.968, 0.032, 0.032, 1.968], "texture": "#3"},
				"down": {"uv": [1.968, 0.032, 0.032, 1.968], "texture": "#3"}
			}
		},
		{
			"name": "hexadecagon",
			"from": [1.94, 7.68928, 9.365],
			"to": [2.19, 11.21072, 10.715],
			"rotation": {"angle": 0, "axis": "z", "origin": [9.065, 3.8, 9.89]},
			"faces": {
				"north": {"uv": [0.968, 0.032, 0.032, 14.82144], "texture": "#3"},
				"west": {"uv": [1.968, 0.032, 0.032, 1.968], "texture": "#3"},
				"up": {"uv": [1.968, 0.032, 0.032, 1.968], "texture": "#3"},
				"down": {"uv": [1.968, 0.032, 0.032, 1.968], "texture": "#3"}
			}
		},
		{
			"name": "hexadecagon",
			"from": [5.04, 4.38928, 9.365],
			"to": [5.39, 5.81072, 10.715],
			"rotation": {"angle": 0, "axis": "z", "origin": [9.065, 3.8, 9.89]},
			"faces": {
				"north": {"uv": [0.968, 0.032, 0.032, 14.82144], "texture": "#3"},
				"east": {"uv": [1.968, 0.032, 0.032, 1.968], "texture": "#3"},
				"west": {"uv": [1.968, 0.032, 0.032, 1.968], "texture": "#3"},
				"up": {"uv": [1.968, 0.032, 0.032, 1.968], "texture": "#3"},
				"down": {"uv": [1.968, 0.032, 0.032, 1.968], "texture": "#3"}
			}
		},
		{
			"name": "hexadecagon",
			"from": [5.24, 4.28928, 9.365],
			"to": [5.59, 5.51072, 10.715],
			"rotation": {"angle": 0, "axis": "z", "origin": [9.065, 3.8, 9.89]},
			"faces": {
				"north": {"uv": [0.968, 0.032, 0.032, 14.82144], "texture": "#3"},
				"east": {"uv": [1.968, 0.032, 0.032, 1.968], "texture": "#3"},
				"west": {"uv": [1.968, 0.032, 0.032, 1.968], "texture": "#3"},
				"up": {"uv": [1.968, 0.032, 0.032, 1.968], "texture": "#3"},
				"down": {"uv": [1.968, 0.032, 0.032, 1.968], "texture": "#3"}
			}
		},
		{
			"name": "hexadecagon",
			"from": [12.11, 7.68928, 9.365],
			"to": [12.36, 10.41072, 10.715],
			"rotation": {"angle": 0, "axis": "z", "origin": [6.935, 3.8, 9.89]},
			"faces": {
				"north": {"uv": [0.032, 0.032, 0.968, 14.82144], "texture": "#3"},
				"east": {"uv": [0.032, 0.032, 1.968, 1.968], "texture": "#3"},
				"up": {"uv": [0.032, 0.032, 1.968, 1.968], "texture": "#3"},
				"down": {"uv": [0.032, 0.032, 1.968, 1.968], "texture": "#3"}
			}
		},
		{
			"name": "hexadecagon",
			"from": [7.51, 3.58928, 9.365],
			"to": [7.76, 4.21072, 10.715],
			"rotation": {"angle": 0, "axis": "z", "origin": [6.935, 3.8, 9.89]},
			"faces": {
				"north": {"uv": [0.032, 0.032, 0.968, 14.82144], "texture": "#3"},
				"east": {"uv": [0.032, 0.032, 1.968, 1.968], "texture": "#3"},
				"up": {"uv": [0.032, 0.032, 1.968, 1.968], "texture": "#3"},
				"down": {"uv": [0.032, 0.032, 1.968, 1.968], "texture": "#3"}
			}
		},
		{
			"name": "hexadecagon",
			"from": [7.71, 3.88928, 9.365],
			"to": [7.96, 4.61072, 10.715],
			"rotation": {"angle": 0, "axis": "z", "origin": [6.935, 3.8, 9.89]},
			"faces": {
				"north": {"uv": [0.032, 0.032, 0.968, 14.82144], "texture": "#3"},
				"east": {"uv": [0.032, 0.032, 1.968, 1.968], "texture": "#3"},
				"west": {"uv": [0.032, 0.032, 1.968, 1.968], "texture": "#3"},
				"up": {"uv": [0.032, 0.032, 1.968, 1.968], "texture": "#3"},
				"down": {"uv": [0.032, 0.032, 1.968, 1.968], "texture": "#3"}
			}
		},
		{
			"name": "hexadecagon",
			"from": [7.91, 3.98928, 9.365],
			"to": [8.16, 4.81072, 10.715],
			"rotation": {"angle": 0, "axis": "z", "origin": [6.935, 3.8, 9.89]},
			"faces": {
				"north": {"uv": [0.032, 0.032, 0.968, 14.82144], "texture": "#3"},
				"east": {"uv": [0.032, 0.032, 1.968, 1.968], "texture": "#3"},
				"west": {"uv": [0.032, 0.032, 1.968, 1.968], "texture": "#3"},
				"up": {"uv": [0.032, 0.032, 1.968, 1.968], "texture": "#3"},
				"down": {"uv": [0.032, 0.032, 1.968, 1.968], "texture": "#3"}
			}
		},
		{
			"name": "hexadecagon",
			"from": [8.11, 4.08928, 9.365],
			"to": [8.46, 5.11072, 10.715],
			"rotation": {"angle": 0, "axis": "z", "origin": [6.935, 3.8, 9.89]},
			"faces": {
				"north": {"uv": [0.032, 0.032, 0.968, 14.82144], "texture": "#3"},
				"east": {"uv": [0.032, 0.032, 1.968, 1.968], "texture": "#3"},
				"west": {"uv": [0.032, 0.032, 1.968, 1.968], "texture": "#3"},
				"up": {"uv": [0.032, 0.032, 1.968, 1.968], "texture": "#3"},
				"down": {"uv": [0.032, 0.032, 1.968, 1.968], "texture": "#3"}
			}
		},
		{
			"name": "hexadecagon",
			"from": [8.41, 4.18928, 9.365],
			"to": [8.76, 5.41072, 10.715],
			"rotation": {"angle": 0, "axis": "z", "origin": [6.935, 3.8, 9.89]},
			"faces": {
				"north": {"uv": [0.032, 0.032, 0.968, 14.82144], "texture": "#3"},
				"east": {"uv": [0.032, 0.032, 1.968, 1.968], "texture": "#3"},
				"west": {"uv": [0.032, 0.032, 1.968, 1.968], "texture": "#3"},
				"up": {"uv": [0.032, 0.032, 1.968, 1.968], "texture": "#3"},
				"down": {"uv": [0.032, 0.032, 1.968, 1.968], "texture": "#3"}
			}
		},
		{
			"name": "hexadecagon",
			"from": [8.91, 4.48928, 9.365],
			"to": [9.26, 6.11072, 10.715],
			"rotation": {"angle": 0, "axis": "z", "origin": [6.935, 3.8, 9.89]},
			"faces": {
				"north": {"uv": [0.032, 0.032, 0.968, 14.82144], "texture": "#3"},
				"east": {"uv": [0.032, 0.032, 1.968, 1.968], "texture": "#3"},
				"west": {"uv": [0.032, 0.032, 1.968, 1.968], "texture": "#3"},
				"up": {"uv": [0.032, 0.032, 1.968, 1.968], "texture": "#3"},
				"down": {"uv": [0.032, 0.032, 1.968, 1.968], "texture": "#3"}
			}
		},
		{
			"name": "hexadecagon",
			"from": [9.31, 4.88928, 9.365],
			"to": [9.66, 6.71072, 10.715],
			"rotation": {"angle": 0, "axis": "z", "origin": [6.935, 3.8, 9.89]},
			"faces": {
				"north": {"uv": [0.032, 0.032, 0.968, 14.82144], "texture": "#3"},
				"east": {"uv": [0.032, 0.032, 1.968, 1.968], "texture": "#3"},
				"west": {"uv": [0.032, 0.032, 1.968, 1.968], "texture": "#3"},
				"up": {"uv": [0.032, 0.032, 1.968, 1.968], "texture": "#3"},
				"down": {"uv": [0.032, 0.032, 1.968, 1.968], "texture": "#3"}
			}
		},
		{
			"name": "hexadecagon",
			"from": [9.11, 4.68928, 9.365],
			"to": [9.46, 6.41072, 10.715],
			"rotation": {"angle": 0, "axis": "z", "origin": [6.935, 3.8, 9.89]},
			"faces": {
				"north": {"uv": [0.032, 0.032, 0.968, 14.82144], "texture": "#3"},
				"east": {"uv": [0.032, 0.032, 1.968, 1.968], "texture": "#3"},
				"west": {"uv": [0.032, 0.032, 1.968, 1.968], "texture": "#3"},
				"up": {"uv": [0.032, 0.032, 1.968, 1.968], "texture": "#3"},
				"down": {"uv": [0.032, 0.032, 1.968, 1.968], "texture": "#3"}
			}
		},
		{
			"name": "hexadecagon",
			"from": [9.51, 5.08928, 9.365],
			"to": [9.86, 7.11072, 10.715],
			"rotation": {"angle": 0, "axis": "z", "origin": [6.935, 3.8, 9.89]},
			"faces": {
				"north": {"uv": [0.032, 0.032, 0.968, 14.82144], "texture": "#3"},
				"east": {"uv": [0.032, 0.032, 1.968, 1.968], "texture": "#3"},
				"west": {"uv": [0.032, 0.032, 1.968, 1.968], "texture": "#3"},
				"up": {"uv": [0.032, 0.032, 1.968, 1.968], "texture": "#3"},
				"down": {"uv": [0.032, 0.032, 1.968, 1.968], "texture": "#3"}
			}
		},
		{
			"name": "hexadecagon",
			"from": [9.81, 5.28928, 9.365],
			"to": [10.16, 7.51072, 10.715],
			"rotation": {"angle": 0, "axis": "z", "origin": [6.935, 3.8, 9.89]},
			"faces": {
				"north": {"uv": [0.032, 0.032, 0.968, 14.82144], "texture": "#3"},
				"east": {"uv": [0.032, 0.032, 1.968, 1.968], "texture": "#3"},
				"west": {"uv": [0.032, 0.032, 1.968, 1.968], "texture": "#3"},
				"up": {"uv": [0.032, 0.032, 1.968, 1.968], "texture": "#3"},
				"down": {"uv": [0.032, 0.032, 1.968, 1.968], "texture": "#3"}
			}
		},
		{
			"name": "hexadecagon",
			"from": [10.11, 5.68928, 9.365],
			"to": [10.46, 8.21072, 10.715],
			"rotation": {"angle": 0, "axis": "z", "origin": [6.935, 3.8, 9.89]},
			"faces": {
				"north": {"uv": [0.032, 0.032, 0.968, 14.82144], "texture": "#3"},
				"east": {"uv": [0.032, 0.032, 1.968, 1.968], "texture": "#3"},
				"west": {"uv": [0.032, 0.032, 1.968, 1.968], "texture": "#3"},
				"up": {"uv": [0.032, 0.032, 1.968, 1.968], "texture": "#3"},
				"down": {"uv": [0.032, 0.032, 1.968, 1.968], "texture": "#3"}
			}
		},
		{
			"name": "hexadecagon",
			"from": [10.41, 6.08928, 9.365],
			"to": [10.76, 9.71072, 10.715],
			"rotation": {"angle": 0, "axis": "z", "origin": [6.935, 3.8, 9.89]},
			"faces": {
				"north": {"uv": [0.032, 0.032, 0.968, 14.82144], "texture": "#3"},
				"east": {"uv": [0.032, 0.032, 1.968, 1.968], "texture": "#3"},
				"west": {"uv": [0.032, 0.032, 1.968, 1.968], "texture": "#3"},
				"up": {"uv": [0.032, 0.032, 1.968, 1.968], "texture": "#3"},
				"down": {"uv": [0.032, 0.032, 1.968, 1.968], "texture": "#3"}
			}
		},
		{
			"name": "hexadecagon",
			"from": [10.71, 6.28928, 9.365],
			"to": [10.96, 10.81072, 10.715],
			"rotation": {"angle": 0, "axis": "z", "origin": [6.935, 3.8, 9.89]},
			"faces": {
				"north": {"uv": [0.032, 0.032, 0.968, 14.82144], "texture": "#3"},
				"east": {"uv": [0.032, 0.032, 1.968, 1.968], "texture": "#3"},
				"west": {"uv": [0.032, 0.032, 1.968, 1.968], "texture": "#3"},
				"up": {"uv": [0.032, 0.032, 1.968, 1.968], "texture": "#3"},
				"down": {"uv": [0.032, 0.032, 1.968, 1.968], "texture": "#3"}
			}
		},
		{
			"name": "hexadecagon",
			"from": [10.91, 6.38928, 9.365],
			"to": [11.16, 11.81072, 10.715],
			"rotation": {"angle": 0, "axis": "z", "origin": [6.935, 3.8, 9.89]},
			"faces": {
				"north": {"uv": [0.032, 0.032, 0.968, 14.82144], "texture": "#3"},
				"east": {"uv": [0.032, 0.032, 1.968, 1.968], "texture": "#3"},
				"west": {"uv": [0.032, 0.032, 1.968, 1.968], "texture": "#3"},
				"up": {"uv": [0.032, 0.032, 1.968, 1.968], "texture": "#3"},
				"down": {"uv": [0.032, 0.032, 1.968, 1.968], "texture": "#3"}
			}
		},
		{
			"name": "hexadecagon",
			"from": [11.11, 6.48928, 9.365],
			"to": [11.36, 12.81072, 10.715],
			"rotation": {"angle": 0, "axis": "z", "origin": [6.935, 3.8, 9.89]},
			"faces": {
				"north": {"uv": [0.032, 0.032, 0.968, 14.82144], "texture": "#3"},
				"east": {"uv": [0.032, 0.032, 1.968, 1.968], "texture": "#3"},
				"west": {"uv": [0.032, 0.032, 1.968, 1.968], "texture": "#3"},
				"up": {"uv": [0.032, 0.032, 1.968, 1.968], "texture": "#3"},
				"down": {"uv": [0.032, 0.032, 1.968, 1.968], "texture": "#3"}
			}
		},
		{
			"name": "hexadecagon",
			"from": [11.31, 6.78928, 9.365],
			"to": [11.56, 13.21072, 10.715],
			"rotation": {"angle": 0, "axis": "z", "origin": [6.935, 3.8, 9.89]},
			"faces": {
				"north": {"uv": [0.032, 0.032, 0.968, 14.82144], "texture": "#3"},
				"east": {"uv": [0.032, 0.032, 1.968, 1.968], "texture": "#3"},
				"west": {"uv": [0.032, 0.032, 1.968, 1.968], "texture": "#3"},
				"up": {"uv": [0.032, 0.032, 1.968, 1.968], "texture": "#3"},
				"down": {"uv": [0.032, 0.032, 1.968, 1.968], "texture": "#3"}
			}
		},
		{
			"name": "hexadecagon",
			"from": [11.51, 6.98928, 9.365],
			"to": [11.76, 12.61072, 10.715],
			"rotation": {"angle": 0, "axis": "z", "origin": [6.935, 3.8, 9.89]},
			"faces": {
				"north": {"uv": [0.032, 0.032, 0.968, 14.82144], "texture": "#3"},
				"east": {"uv": [0.032, 0.032, 1.968, 1.968], "texture": "#3"},
				"up": {"uv": [0.032, 0.032, 1.968, 1.968], "texture": "#3"},
				"down": {"uv": [0.032, 0.032, 1.968, 1.968], "texture": "#3"}
			}
		},
		{
			"name": "hexadecagon",
			"from": [11.71, 7.18928, 9.365],
			"to": [11.96, 11.91072, 10.715],
			"rotation": {"angle": 0, "axis": "z", "origin": [6.935, 3.8, 9.89]},
			"faces": {
				"north": {"uv": [0.032, 0.032, 0.968, 14.82144], "texture": "#3"},
				"east": {"uv": [0.032, 0.032, 1.968, 1.968], "texture": "#3"},
				"up": {"uv": [0.032, 0.032, 1.968, 1.968], "texture": "#3"},
				"down": {"uv": [0.032, 0.032, 1.968, 1.968], "texture": "#3"}
			}
		},
		{
			"name": "hexadecagon",
			"from": [11.91, 7.68928, 9.365],
			"to": [12.16, 11.21072, 10.715],
			"rotation": {"angle": 0, "axis": "z", "origin": [6.935, 3.8, 9.89]},
			"faces": {
				"north": {"uv": [0.032, 0.032, 0.968, 14.82144], "texture": "#3"},
				"east": {"uv": [0.032, 0.032, 1.968, 1.968], "texture": "#3"},
				"up": {"uv": [0.032, 0.032, 1.968, 1.968], "texture": "#3"},
				"down": {"uv": [0.032, 0.032, 1.968, 1.968], "texture": "#3"}
			}
		},
		{
			"name": "hexadecagon",
			"from": [8.71, 4.38928, 9.365],
			"to": [9.06, 5.81072, 10.715],
			"rotation": {"angle": 0, "axis": "z", "origin": [6.935, 3.8, 9.89]},
			"faces": {
				"north": {"uv": [0.032, 0.032, 0.968, 14.82144], "texture": "#3"},
				"east": {"uv": [0.032, 0.032, 1.968, 1.968], "texture": "#3"},
				"west": {"uv": [0.032, 0.032, 1.968, 1.968], "texture": "#3"},
				"up": {"uv": [0.032, 0.032, 1.968, 1.968], "texture": "#3"},
				"down": {"uv": [0.032, 0.032, 1.968, 1.968], "texture": "#3"}
			}
		},
		{
			"name": "hexadecagon",
			"from": [8.51, 4.28928, 9.365],
			"to": [8.86, 5.51072, 10.715],
			"rotation": {"angle": 0, "axis": "z", "origin": [6.935, 3.8, 9.89]},
			"faces": {
				"north": {"uv": [0.032, 0.032, 0.968, 14.82144], "texture": "#3"},
				"east": {"uv": [0.032, 0.032, 1.968, 1.968], "texture": "#3"},
				"west": {"uv": [0.032, 0.032, 1.968, 1.968], "texture": "#3"},
				"up": {"uv": [0.032, 0.032, 1.968, 1.968], "texture": "#3"},
				"down": {"uv": [0.032, 0.032, 1.968, 1.968], "texture": "#3"}
			}
		},
		{
			"name": "hexadecagon",
			"from": [6.04, 6.48928, 9.365],
			"to": [6.29, 12.81072, 10.715],
			"rotation": {"angle": 0, "axis": "z", "origin": [9.065, 3.8, 9.89]},
			"faces": {
				"north": {"uv": [0.968, 0.032, 0.032, 14.82144], "texture": "#3"},
				"west": {"uv": [1.968, 0.032, 0.032, 1.968], "texture": "#3"},
				"up": {"uv": [1.968, 0.032, 0.032, 1.968], "texture": "#3"},
				"down": {"uv": [1.968, 0.032, 0.032, 1.968], "texture": "#3"}
			}
		},
		{
			"name": "hexadecagon",
			"from": [5.84, 6.88928, 9.365],
			"to": [6.09, 12.61072, 10.715],
			"rotation": {"angle": 0, "axis": "z", "origin": [9.065, 3.8, 9.89]},
			"faces": {
				"north": {"uv": [0.968, 0.032, 0.032, 14.82144], "texture": "#3"},
				"west": {"uv": [1.968, 0.032, 0.032, 1.968], "texture": "#3"},
				"up": {"uv": [1.968, 0.032, 0.032, 1.968], "texture": "#3"},
				"down": {"uv": [1.968, 0.032, 0.032, 1.968], "texture": "#3"}
			}
		},
		{
			"name": "hexadecagon",
			"from": [5.64, 7.28928, 9.365],
			"to": [5.89, 12.41072, 10.715],
			"rotation": {"angle": 0, "axis": "z", "origin": [9.065, 3.8, 9.89]},
			"faces": {
				"north": {"uv": [0.968, 0.032, 0.032, 14.82144], "texture": "#3"},
				"west": {"uv": [1.968, 0.032, 0.032, 1.968], "texture": "#3"},
				"up": {"uv": [1.968, 0.032, 0.032, 1.968], "texture": "#3"},
				"down": {"uv": [1.968, 0.032, 0.032, 1.968], "texture": "#3"}
			}
		},
		{
			"name": "hexadecagon",
			"from": [5.44, 7.58928, 9.365],
			"to": [5.69, 12.11072, 10.715],
			"rotation": {"angle": 0, "axis": "z", "origin": [9.065, 3.8, 9.89]},
			"faces": {
				"north": {"uv": [0.968, 0.032, 0.032, 14.82144], "texture": "#3"},
				"west": {"uv": [1.968, 0.032, 0.032, 1.968], "texture": "#3"},
				"up": {"uv": [1.968, 0.032, 0.032, 1.968], "texture": "#3"},
				"down": {"uv": [1.968, 0.032, 0.032, 1.968], "texture": "#3"}
			}
		},
		{
			"name": "hexadecagon",
			"from": [5.24, 7.98928, 9.365],
			"to": [5.49, 11.91072, 10.715],
			"rotation": {"angle": 0, "axis": "z", "origin": [9.065, 3.8, 9.89]},
			"faces": {
				"north": {"uv": [0.968, 0.032, 0.032, 14.82144], "texture": "#3"},
				"west": {"uv": [1.968, 0.032, 0.032, 1.968], "texture": "#3"},
				"up": {"uv": [1.968, 0.032, 0.032, 1.968], "texture": "#3"},
				"down": {"uv": [1.968, 0.032, 0.032, 1.968], "texture": "#3"}
			}
		},
		{
			"name": "hexadecagon",
			"from": [5.04, 8.28928, 9.365],
			"to": [5.29, 11.71072, 10.715],
			"rotation": {"angle": 0, "axis": "z", "origin": [9.065, 3.8, 9.89]},
			"faces": {
				"north": {"uv": [0.968, 0.032, 0.032, 14.82144], "texture": "#3"},
				"west": {"uv": [1.968, 0.032, 0.032, 1.968], "texture": "#3"},
				"up": {"uv": [1.968, 0.032, 0.032, 1.968], "texture": "#3"},
				"down": {"uv": [1.968, 0.032, 0.032, 1.968], "texture": "#3"}
			}
		},
		{
			"name": "hexadecagon",
			"from": [4.84, 8.58928, 9.365],
			"to": [5.09, 11.51072, 10.715],
			"rotation": {"angle": 0, "axis": "z", "origin": [9.065, 3.8, 9.89]},
			"faces": {
				"north": {"uv": [0.968, 0.032, 0.032, 14.82144], "texture": "#3"},
				"west": {"uv": [1.968, 0.032, 0.032, 1.968], "texture": "#3"},
				"up": {"uv": [1.968, 0.032, 0.032, 1.968], "texture": "#3"},
				"down": {"uv": [1.968, 0.032, 0.032, 1.968], "texture": "#3"}
			}
		},
		{
			"name": "hexadecagon",
			"from": [4.74, 8.88928, 9.365],
			"to": [4.89, 11.21072, 10.715],
			"rotation": {"angle": 0, "axis": "z", "origin": [9.065, 3.8, 9.89]},
			"faces": {
				"north": {"uv": [0.968, 0.032, 0.032, 14.82144], "texture": "#3"},
				"west": {"uv": [1.968, 0.032, 0.032, 1.968], "texture": "#3"},
				"up": {"uv": [1.968, 0.032, 0.032, 1.968], "texture": "#3"},
				"down": {"uv": [1.968, 0.032, 0.032, 1.968], "texture": "#3"}
			}
		},
		{
			"name": "hexadecagon",
			"from": [4.64, 9.28928, 9.365],
			"to": [4.79, 10.81072, 10.715],
			"rotation": {"angle": 0, "axis": "z", "origin": [9.065, 3.8, 9.89]},
			"faces": {
				"north": {"uv": [0.968, 0.032, 0.032, 14.82144], "texture": "#3"},
				"west": {"uv": [1.968, 0.032, 0.032, 1.968], "texture": "#3"},
				"up": {"uv": [1.968, 0.032, 0.032, 1.968], "texture": "#3"},
				"down": {"uv": [1.968, 0.032, 0.032, 1.968], "texture": "#3"}
			}
		},
		{
			"name": "hexadecagon",
			"from": [-3.59, 1.08928, 9.565],
			"to": [16.96, 15.91072, 10.715],
			"rotation": {"angle": 0, "axis": "z", "origin": [6.935, 3.8, 9.89]},
			"faces": {
				"north": {"uv": [0, 1, 15.936, 15.78944], "texture": "#2"},
				"east": {"uv": [0.032, 0.032, 1.968, 1.968], "texture": "#2", "cullface": "east"},
				"south": {"uv": [0.032, 0.032, 1.968, 1.968], "texture": "#2"},
				"west": {"uv": [0.032, 0.032, 1.968, 1.968], "texture": "#2", "cullface": "west"}
			}
		},
		{
			"name": "hexadecagon",
			"from": [-2.99, 1.08928, 9.765],
			"to": [-0.24, 15.91072, 10.615],
			"rotation": {"angle": 0, "axis": "z", "origin": [6.935, 3.8, 9.89]},
			"faces": {
				"north": {"uv": [0, 1, 2.75, 15.82144], "texture": "#2"},
				"east": {"uv": [0.032, 0.032, 1.968, 1.968], "texture": "#2", "cullface": "east"},
				"south": {"uv": [0.032, 0.032, 1.968, 1.968], "texture": "#2"},
				"west": {"uv": [0.032, 0.032, 1.968, 1.968], "texture": "#2", "cullface": "west"}
			}
		},
		{
			"name": "hexadecagon",
			"from": [2.71, -7.31072, 9.565],
			"to": [11.26, 1.11072, 10.715],
			"rotation": {"angle": 0, "axis": "z", "origin": [6.935, 3.8, 9.89]},
			"faces": {
				"north": {"uv": [1.032, 1.032, 9.55, 9.42144], "texture": "#2"},
				"south": {"uv": [0.032, 0.032, 1.968, 1.968], "texture": "#2"}
			}
		},
		{
			"name": "hexadecagon",
			"from": [2.71, 12.18928, 9.565],
			"to": [11.26, 20.61072, 10.715],
			"rotation": {"angle": 0, "axis": "z", "origin": [6.935, 3.8, 9.89]},
			"faces": {
				"north": {"uv": [1.032, 1.032, 9.55, 9.42144], "texture": "#2"},
				"east": {"uv": [0.032, 0.032, 1.968, 1.968], "texture": "#2", "cullface": "up"},
				"south": {"uv": [0.032, 0.032, 1.968, 1.968], "texture": "#2"},
				"west": {"uv": [0.032, 0.032, 1.968, 1.968], "texture": "#2", "cullface": "up"}
			}
		},
		{
			"name": "hexadecagon",
			"from": [7.41, -8.31072, 9.565],
			"to": [12.26, -5.78928, 10.715],
			"rotation": {"angle": -22.5, "axis": "z", "origin": [6.935, 3.8, 9.89]},
			"faces": {
				"north": {"uv": [1.032, 1.032, 5.85, 3.52144], "texture": "#2", "cullface": "down"},
				"south": {"uv": [0.032, 0.032, 1.968, 1.968], "texture": "#2", "cullface": "down"}
			}
		},
		{
			"name": "hexadecagon",
			"from": [2.41, 17.68928, 9.565],
			"to": [7.26, 20.21072, 10.715],
			"rotation": {"angle": -22.5, "axis": "z", "origin": [6.935, 3.8, 9.89]},
			"faces": {
				"north": {"uv": [1.032, 1.032, 5.85, 3.52144], "texture": "#2", "cullface": "up"},
				"south": {"uv": [0.032, 0.032, 1.968, 1.968], "texture": "#2", "cullface": "up"},
				"up": {"uv": [0.032, 0.032, 1.968, 1.968], "texture": "#2", "cullface": "up"}
			}
		},
		{
			"name": "hexadecagon",
			"from": [1.41, -8.31072, 9.565],
			"to": [6.26, -5.78928, 10.715],
			"rotation": {"angle": 22.5, "axis": "z", "origin": [6.935, 3.8, 9.89]},
			"faces": {
				"north": {"uv": [1.032, 1.032, 5.85, 3.52144], "texture": "#2", "cullface": "down"},
				"south": {"uv": [0.032, 0.032, 1.968, 1.968], "texture": "#2", "cullface": "down"}
			}
		},
		{
			"name": "hexadecagon",
			"from": [6.41, 17.68928, 9.565],
			"to": [11.26, 20.21072, 10.715],
			"rotation": {"angle": 22.5, "axis": "z", "origin": [6.935, 3.8, 9.89]},
			"faces": {
				"north": {"uv": [1.032, 1.032, 5.85, 3.52144], "texture": "#2", "cullface": "up"},
				"south": {"uv": [0.032, 0.032, 1.968, 1.968], "texture": "#2", "cullface": "up"},
				"up": {"uv": [0.032, 0.032, 1.968, 1.968], "texture": "#2", "cullface": "up"}
			}
		},
		{
			"name": "hexadecagon",
			"from": [11.51, -2.11072, 9.565],
			"to": [17.86, 4.71072, 10.715],
			"rotation": {"angle": -45, "axis": "z", "origin": [6.935, 3.8, 9.89]},
			"faces": {
				"north": {"uv": [1.032, 1.032, 7.35, 7.82144], "texture": "#2"},
				"south": {"uv": [0.032, 0.032, 1.968, 1.968], "texture": "#2"}
			}
		},
		{
			"name": "hexadecagon",
			"from": [-8.49, 3.88928, 9.565],
			"to": [-4.34, 10.71072, 10.715],
			"rotation": {"angle": -45, "axis": "z", "origin": [6.935, 3.8, 9.89]},
			"faces": {
				"north": {"uv": [1.032, 1.032, 5.15, 7.82144], "texture": "#2"},
				"south": {"uv": [0.032, 0.032, 1.968, 1.968], "texture": "#2"},
				"up": {"uv": [0.032, 0.032, 1.968, 1.968], "texture": "#2", "cullface": "up"},
				"down": {"uv": [0.032, 0.032, 1.968, 1.968], "texture": "#2", "cullface": "west"}
			}
		},
		{
			"name": "hexadecagon",
			"from": [0.02428, 14.475, 9.565],
			"to": [6.84572, 19.225, 10.715],
			"rotation": {"angle": -45, "axis": "z", "origin": [6.935, 3.8, 9.89]},
			"faces": {
				"north": {"uv": [1.032, 1.032, 5.75, 7.82144], "rotation": 270, "texture": "#2"},
				"east": {"uv": [0.032, 0.032, 1.968, 1.968], "rotation": 90, "texture": "#2", "cullface": "east"},
				"south": {"uv": [0.032, 0.032, 1.968, 1.968], "rotation": 90, "texture": "#2"},
				"west": {"uv": [0.032, 0.032, 1.968, 1.968], "rotation": 90, "texture": "#2", "cullface": "up"}
			}
		},
		{
			"name": "hexadecagon",
			"from": [6.51, -7.11072, 9.565],
			"to": [12.86, -0.28928, 10.715],
			"rotation": {"angle": -45, "axis": "z", "origin": [6.935, 3.8, 9.89]},
			"faces": {
				"north": {"uv": [1.032, 1.032, 7.35, 7.82144], "texture": "#2"},
				"south": {"uv": [0.032, 0.032, 1.968, 1.968], "texture": "#2"}
			}
		},
		{
			"name": "hexadecagon",
			"from": [-3.97572, 0.075, 9.565],
			"to": [2.54572, 5.225, 10.715],
			"rotation": {"angle": 22.5, "axis": "z", "origin": [6.935, 3.8, 9.89]},
			"faces": {
				"north": {"uv": [1.032, 1.032, 6.15, 7.52144], "rotation": 270, "texture": "#2"},
				"south": {"uv": [0.032, 0.032, 1.968, 1.968], "rotation": 90, "texture": "#2"},
				"up": {"uv": [0.032, 0.032, 1.968, 1.968], "rotation": 90, "texture": "#2", "cullface": "west"}
			}
		},
		{
			"name": "hexadecagon",
			"from": [11.32428, 0.375, 9.565],
			"to": [17.84572, 5.525, 10.715],
			"rotation": {"angle": -22.5, "axis": "z", "origin": [6.935, 3.8, 9.89]},
			"faces": {
				"north": {"uv": [1.032, 1.032, 6.15, 7.52144], "rotation": 90, "texture": "#2"},
				"south": {"uv": [0.032, 0.032, 1.968, 1.968], "rotation": 270, "texture": "#2"},
				"up": {"uv": [0.032, 0.032, 1.968, 1.968], "rotation": 270, "texture": "#2", "cullface": "east"}
			}
		}
	],
	"display": {
		"thirdperson_righthand": {
			"rotation": [90, -53, 0],
			"translation": [4, 0.75, 3.75],
			"scale": [0.6, 0.6, 0.6]
		},
		"thirdperson_lefthand": {
			"rotation": [90, -53, 0],
			"translation": [4, 0.75, 3.75],
			"scale": [0.6, 0.6, 0.6]
		},
		"firstperson_righthand": {
			"rotation": [13, 4, 4],
			"translation": [2.5, -1, 1.25],
			"scale": [0.6, 0.6, 0.6]
		},
		"firstperson_lefthand": {
			"rotation": [13, 4, 4],
			"translation": [2.5, -1, 1.25],
			"scale": [0.6, 0.6, 0.6]
		},
		"ground": {
			"rotation": [45, 0, 0],
			"translation": [0, 4.5, 0],
			"scale": [0.7, 0.7, 0.7]
		},
		"gui": {
			"rotation": [0, 162, 0],
			"translation": [-1, 3, 0],
			"scale": [0.6, 0.6, 0.6]
		},
		"head": {
			"rotation": [0, -180, 0],
			"translation": [0, -12, 5.25],
			"scale": [0.7, 0.7, 0.7]
		},
		"fixed": {
			"translation": [0.9, 4.25, -1.5]
		}
	},
	"groups": [
		{
			"name": "hexadecagon",
			"origin": [8, 8, 8],
			"color": 0,
			"children": [0,
				{
					"name": "group",
					"origin": [6.935, 3.8, 9.89],
					"color": 0,
					"children": [1, 2, 3, 4, 5, 6, 7, 8, 9, 10, 11, 12,
						{
							"name": "group",
							"origin": [6.935, 3.8, 9.89],
							"color": 0,
							"children": [13, 14, 15,
								{
									"name": "group",
									"origin": [6.935, 3.8, 9.89],
									"color": 0,
									"children": [16, 17, 18, 19, 20, 21, 22, 23, 24, 25, 26, 27]
								},
								{
									"name": "group",
									"origin": [6.935, 3.8, 9.89],
									"color": 0,
									"children": [28, 29, 30,
										{
											"name": "group",
											"origin": [9.065, 3.8, 9.89],
											"color": 0,
											"children": [31, 32,
												{
													"name": "group",
													"origin": [9.065, 3.8, 9.89],
													"color": 0,
													"children": [33, 34, 35, 36, 37, 38, 39, 40, 41, 42, 43, 44, 45, 46, 47]
												},
												{
													"name": "group",
													"origin": [9.065, 3.8, 9.89],
													"color": 0,
													"children": [48, 49, 50, 51, 52, 53, 54, 55]
												}, 56, 57, 58, 59, 60, 61, 62, 63, 64, 65, 66, 67, 68, 69, 70, 71, 72, 73, 74, 75]
										},
										{
											"name": "group",
											"origin": [9.065, 3.8, 9.89],
											"color": 0,
											"children": [76, 77, 78, 79, 80, 81, 82, 83, 84, 85, 86, 87, 88, 89, 90, 91, 92, 93, 94, 95, 96, 97]
										}, 98, 99, 100, 101, 102, 103, 104, 105, 106]
								}
							]
						}
					]
				}, 107, 108, 109, 110, 111, 112, 113, 114, 115, 116, 117, 118, 119, 120]
		}
	]
}