{"credit":"Credit:Ontvlambaar,Sammie_gaga","textures":{"texture":"block/iron_block","texture1":"block/light_blue_concrete","texture2":"block/blue_concrete"},"elements":[{"from":[4,6.5,8.5],"to":[4.5,7,9],"faces":{"north":{"uv":[11.5,1,12,1.5],"texture":"#texture2"},"east":{"uv":[8,1,8.5,1.5],"texture":"#texture2"},"south":{"uv":[4,1,4.5,1.5],"texture":"#texture2"},"west":{"uv":[7.5,1,8,1.5],"texture":"#texture2"},"up":{"uv":[4,7.5,4.5,8],"texture":"#texture2"},"down":{"uv":[4,8,4.5,8.5],"texture":"#texture2"}}},{"from":[4,14,8],"to":[11.5,14.5,8.5],"faces":{"north":{"uv":[4.5,9.5,12,10],"texture":"#texture1"},"east":{"uv":[8.5,9.5,9,10],"texture":"#texture1"},"south":{"uv":[4,9.5,11.5,10],"texture":"#texture1"},"west":{"uv":[7,9.5,7.5,10],"texture":"#texture1"},"up":{"uv":[4,7,11.5,7.5],"texture":"#texture1"},"down":{"uv":[4,8.5,11.5,9],"texture":"#texture1"}}},{"name":"hexadecagon","from":[5.81088,-0.7,7],"to":[9.78912,19.3,7.5],"rotation":{"angle":-45,"axis":"z","origin":[7.8,9.3,7.6]},"faces":{"north":{"uv":[0,0,1,1],"texture":"#texture1"},"east":{"uv":[0,0,1,1],"texture":"#texture1"},"south":{"uv":[0,0,1,1],"texture":"#texture1"},"west":{"uv":[0,0,1,1],"texture":"#texture1"},"up":{"uv":[0,0,1,1],"texture":"#texture1"},"down":{"uv":[0,0,1,1],"texture":"#texture1"}}},{"name":"hexadecagon","from":[5.81088,-0.7,7],"to":[9.78912,19.3,7.5],"rotation":{"angle":-22.5,"axis":"z","origin":[7.8,9.3,7.6]},"faces":{"north":{"uv":[0,0,1,1],"texture":"#texture1"},"east":{"uv":[0,0,1,1],"texture":"#texture1"},"south":{"uv":[0,0,1,1],"texture":"#texture1"},"west":{"uv":[0,0,1,1],"texture":"#texture1"},"up":{"uv":[0,0,1,1],"texture":"#texture1"},"down":{"uv":[0,0,1,1],"texture":"#texture1"}}},{"name":"hexadecagon","from":[5.81088,-0.7,7],"to":[9.78912,19.3,7.5],"rotation":{"angle":0,"axis":"z","origin":[7.8,9.3,7.6]},"faces":{"north":{"uv":[0,0,1,1],"texture":"#texture1"},"east":{"uv":[0,0,1,1],"texture":"#texture1"},"south":{"uv":[0,0,1,1],"texture":"#texture1"},"west":{"uv":[0,0,1,1],"texture":"#texture1"},"up":{"uv":[0,0,1,1],"texture":"#texture1"},"down":{"uv":[0,0,1,1],"texture":"#texture1"}}},{"name":"hexadecagon","from":[5.81088,-0.7,7],"to":[9.78912,19.3,7.5],"rotation":{"angle":22.5,"axis":"z","origin":[7.8,9.3,7.6]},"faces":{"north":{"uv":[0,0,1,1],"texture":"#texture1"},"east":{"uv":[0,0,1,1],"texture":"#texture1"},"south":{"uv":[0,0,1,1],"texture":"#texture1"},"west":{"uv":[0,0,1,1],"texture":"#texture1"},"up":{"uv":[0,0,1,1],"texture":"#texture1"},"down":{"uv":[0,0,1,1],"texture":"#texture1"}}},{"name":"hexadecagon","from":[5.81088,-0.7,7],"to":[9.78912,19.3,7.5],"rotation":{"angle":45,"axis":"z","origin":[7.8,9.3,7.6]},"faces":{"north":{"uv":[0,0,1,1],"texture":"#texture1"},"east":{"uv":[0,0,1,1],"texture":"#texture1"},"south":{"uv":[0,0,1,1],"texture":"#texture1"},"west":{"uv":[0,0,1,1],"texture":"#texture1"},"up":{"uv":[0,0,1,1],"texture":"#texture1"},"down":{"uv":[0,0,1,1],"texture":"#texture1"}}},{"name":"hexadecagon","from":[-2.2,7.31088,7],"to":[17.8,11.28912,7.5],"rotation":{"angle":-22.5,"axis":"z","origin":[7.8,9.3,7.6]},"faces":{"north":{"uv":[0,0,1,1],"texture":"#texture1"},"east":{"uv":[0,0,1,1],"texture":"#texture1"},"south":{"uv":[0,0,1,1],"texture":"#texture1"},"west":{"uv":[0,0,1,1],"texture":"#texture1"},"up":{"uv":[0,0,1,1],"texture":"#texture1"},"down":{"uv":[0,0,1,1],"texture":"#texture1"}}},{"name":"hexadecagon","from":[-2.2,7.31088,7],"to":[17.8,11.28912,7.5],"rotation":{"angle":0,"axis":"z","origin":[7.8,9.3,7.6]},"faces":{"north":{"uv":[0,0,1,1],"texture":"#texture1"},"east":{"uv":[0,0,1,1],"texture":"#texture1"},"south":{"uv":[0,0,1,1],"texture":"#texture1"},"west":{"uv":[0,0,1,1],"texture":"#texture1"},"up":{"uv":[0,0,1,1],"texture":"#texture1"},"down":{"uv":[0,0,1,1],"texture":"#texture1"}}},{"name":"hexadecagon","from":[-2.2,7.31088,7],"to":[17.8,11.28912,7.5],"rotation":{"angle":22.5,"axis":"z","origin":[7.8,9.3,7.6]},"faces":{"north":{"uv":[0,0,1,1],"texture":"#texture1"},"east":{"uv":[0,0,1,1],"texture":"#texture1"},"south":{"uv":[0,0,1,1],"texture":"#texture1"},"west":{"uv":[0,0,1,1],"texture":"#texture1"},"up":{"uv":[0,0,1,1],"texture":"#texture1"},"down":{"uv":[0,0,1,1],"texture":"#texture1"}}},{"name":"hexadecagon","from":[6.00924,0.7,7.5],"to":[9.39076,2.2,8],"rotation":{"angle":-45,"axis":"z","origin":[7.7,9.2,8]},"faces":{"north":{"uv":[0,0,1,1],"texture":"#texture"},"east":{"uv":[0,0,1,1],"texture":"#texture"},"south":{"uv":[0,0,1,1],"texture":"#texture"},"west":{"uv":[0,0,1,1],"texture":"#texture"},"up":{"uv":[0,0,1,1],"texture":"#texture"},"down":{"uv":[0,0,1,1],"texture":"#texture"}}},{"name":"hexadecagon","from":[6.00924,0.7,7.5],"to":[9.39076,2.2,8],"rotation":{"angle":-22.5,"axis":"z","origin":[7.7,9.2,8]},"faces":{"north":{"uv":[0,0,1,1],"texture":"#texture"},"east":{"uv":[0,0,1,1],"texture":"#texture"},"south":{"uv":[0,0,1,1],"texture":"#texture"},"west":{"uv":[0,0,1,1],"texture":"#texture"},"up":{"uv":[0,0,1,1],"texture":"#texture"},"down":{"uv":[0,0,1,1],"texture":"#texture"}}},{"name":"hexadecagon","from":[6.00924,0.7,7.5],"to":[9.39076,2.2,8],"rotation":{"angle":0,"axis":"z","origin":[7.7,9.2,8]},"faces":{"north":{"uv":[0,0,1,1],"texture":"#texture"},"east":{"uv":[0,0,1,1],"texture":"#texture"},"south":{"uv":[0,0,1,1],"texture":"#texture"},"west":{"uv":[0,0,1,1],"texture":"#texture"},"up":{"uv":[0,0,1,1],"texture":"#texture"},"down":{"uv":[0,0,1,1],"texture":"#texture"}}},{"name":"hexadecagon","from":[6.00924,0.7,7.5],"to":[9.39076,2.2,8],"rotation":{"angle":22.5,"axis":"z","origin":[7.7,9.2,8]},"faces":{"north":{"uv":[0,0,1,1],"texture":"#texture"},"east":{"uv":[0,0,1,1],"texture":"#texture"},"south":{"uv":[0,0,1,1],"texture":"#texture"},"west":{"uv":[0,0,1,1],"texture":"#texture"},"up":{"uv":[0,0,1,1],"texture":"#texture"},"down":{"uv":[0,0,1,1],"texture":"#texture"}}},{"name":"hexadecagon","from":[6.00924,0.7,7.5],"to":[9.39076,2.2,8],"rotation":{"angle":45,"axis":"z","origin":[7.7,9.2,8]},"faces":{"north":{"uv":[0,0,1,1],"texture":"#texture"},"east":{"uv":[0,0,1,1],"texture":"#texture"},"south":{"uv":[0,0,1,1],"texture":"#texture"},"west":{"uv":[0,0,1,1],"texture":"#texture"},"up":{"uv":[0,0,1,1],"texture":"#texture"},"down":{"uv":[0,0,1,1],"texture":"#texture"}}},{"name":"hexadecagon","from":[6.00924,16.2,7.5],"to":[9.39076,17.7,8],"rotation":{"angle":-45,"axis":"z","origin":[7.7,9.2,8]},"faces":{"north":{"uv":[0,0,1,1],"texture":"#texture"},"east":{"uv":[0,0,1,1],"texture":"#texture"},"south":{"uv":[0,0,1,1],"texture":"#texture"},"west":{"uv":[0,0,1,1],"texture":"#texture"},"up":{"uv":[0,0,1,1],"texture":"#texture"},"down":{"uv":[0,0,1,1],"texture":"#texture"}}},{"name":"hexadecagon","from":[6.00924,16.2,7.5],"to":[9.39076,17.7,8],"rotation":{"angle":-22.5,"axis":"z","origin":[7.7,9.2,8]},"faces":{"north":{"uv":[0,0,1,1],"texture":"#texture"},"east":{"uv":[0,0,1,1],"texture":"#texture"},"south":{"uv":[0,0,1,1],"texture":"#texture"},"west":{"uv":[0,0,1,1],"texture":"#texture"},"up":{"uv":[0,0,1,1],"texture":"#texture"},"down":{"uv":[0,0,1,1],"texture":"#texture"}}},{"name":"hexadecagon","from":[6.00924,16.2,7.5],"to":[9.39076,17.7,8],"rotation":{"angle":0,"axis":"z","origin":[7.7,9.2,8]},"faces":{"north":{"uv":[0,0,1,1],"texture":"#texture"},"east":{"uv":[0,0,1,1],"texture":"#texture"},"south":{"uv":[0,0,1,1],"texture":"#texture"},"west":{"uv":[0,0,1,1],"texture":"#texture"},"up":{"uv":[0,0,1,1],"texture":"#texture"},"down":{"uv":[0,0,1,1],"texture":"#texture"}}},{"name":"hexadecagon","from":[6.00924,16.2,7.5],"to":[9.39076,17.7,8],"rotation":{"angle":22.5,"axis":"z","origin":[7.7,9.2,8]},"faces":{"north":{"uv":[0,0,1,1],"texture":"#texture"},"east":{"uv":[0,0,1,1],"texture":"#texture"},"south":{"uv":[0,0,1,1],"texture":"#texture"},"west":{"uv":[0,0,1,1],"texture":"#texture"},"up":{"uv":[0,0,1,1],"texture":"#texture"},"down":{"uv":[0,0,1,1],"texture":"#texture"}}},{"name":"hexadecagon","from":[6.00924,16.2,7.5],"to":[9.39076,17.7,8],"rotation":{"angle":45,"axis":"z","origin":[7.7,9.2,8]},"faces":{"north":{"uv":[0,0,1,1],"texture":"#texture"},"east":{"uv":[0,0,1,1],"texture":"#texture"},"south":{"uv":[0,0,1,1],"texture":"#texture"},"west":{"uv":[0,0,1,1],"texture":"#texture"},"up":{"uv":[0,0,1,1],"texture":"#texture"},"down":{"uv":[0,0,1,1],"texture":"#texture"}}},{"name":"hexadecagon","from":[-0.8,7.50924,7.5],"to":[0.7,10.89076,8],"rotation":{"angle":-22.5,"axis":"z","origin":[7.7,9.2,8]},"faces":{"north":{"uv":[0,0,1,1],"texture":"#texture"},"east":{"uv":[0,0,1,1],"texture":"#texture"},"south":{"uv":[0,0,1,1],"texture":"#texture"},"west":{"uv":[0,0,1,1],"texture":"#texture"},"up":{"uv":[0,0,1,1],"texture":"#texture"},"down":{"uv":[0,0,1,1],"texture":"#texture"}}},{"name":"hexadecagon","from":[-0.8,7.50924,7.5],"to":[0.7,10.89076,8],"rotation":{"angle":0,"axis":"z","origin":[7.7,9.2,8]},"faces":{"north":{"uv":[0,0,1,1],"texture":"#texture"},"east":{"uv":[0,0,1,1],"texture":"#texture"},"south":{"uv":[0,0,1,1],"texture":"#texture"},"west":{"uv":[0,0,1,1],"texture":"#texture"},"up":{"uv":[0,0,1,1],"texture":"#texture"},"down":{"uv":[0,0,1,1],"texture":"#texture"}}},{"name":"hexadecagon","from":[-0.8,7.50924,7.5],"to":[0.7,10.89076,8],"rotation":{"angle":22.5,"axis":"z","origin":[7.7,9.2,8]},"faces":{"north":{"uv":[0,0,1,1],"texture":"#texture"},"east":{"uv":[0,0,1,1],"texture":"#texture"},"south":{"uv":[0,0,1,1],"texture":"#texture"},"west":{"uv":[0,0,1,1],"texture":"#texture"},"up":{"uv":[0,0,1,1],"texture":"#texture"},"down":{"uv":[0,0,1,1],"texture":"#texture"}}},{"name":"hexadecagon","from":[14.7,7.50924,7.5],"to":[16.2,10.89076,8],"rotation":{"angle":-22.5,"axis":"z","origin":[7.7,9.2,8]},"faces":{"north":{"uv":[0,0,1,1],"texture":"#texture"},"east":{"uv":[0,0,1,1],"texture":"#texture"},"south":{"uv":[0,0,1,1],"texture":"#texture"},"west":{"uv":[0,0,1,1],"texture":"#texture"},"up":{"uv":[0,0,1,1],"texture":"#texture"},"down":{"uv":[0,0,1,1],"texture":"#texture"}}},{"name":"hexadecagon","from":[14.7,7.50924,7.5],"to":[16.2,10.89076,8],"rotation":{"angle":0,"axis":"z","origin":[7.7,9.2,8]},"faces":{"north":{"uv":[0,0,1,1],"texture":"#texture"},"east":{"uv":[0,0,1,1],"texture":"#texture"},"south":{"uv":[0,0,1,1],"texture":"#texture"},"west":{"uv":[0,0,1,1],"texture":"#texture"},"up":{"uv":[0,0,1,1],"texture":"#texture"},"down":{"uv":[0,0,1,1],"texture":"#texture"}}},{"name":"hexadecagon","from":[14.7,7.50924,7.5],"to":[16.2,10.89076,8],"rotation":{"angle":22.5,"axis":"z","origin":[7.7,9.2,8]},"faces":{"north":{"uv":[0,0,1,1],"texture":"#texture"},"east":{"uv":[0,0,1,1],"texture":"#texture"},"south":{"uv":[0,0,1,1],"texture":"#texture"},"west":{"uv":[0,0,1,1],"texture":"#texture"},"up":{"uv":[0,0,1,1],"texture":"#texture"},"down":{"uv":[0,0,1,1],"texture":"#texture"}}},{"from":[7.5,13.5,8.5],"to":[8,14,9],"faces":{"north":{"uv":[8,10,8.5,10.5],"texture":"#texture"},"east":{"uv":[8,10,8.5,10.5],"texture":"#texture"},"south":{"uv":[7.5,10,8,10.5],"texture":"#texture"},"west":{"uv":[7.5,10,8,10.5],"texture":"#texture"},"up":{"uv":[7.5,7.5,8,8],"texture":"#texture"},"down":{"uv":[7.5,8,8,8.5],"texture":"#texture"}}},{"from":[7,12.5,8.5],"to":[8.5,13.5,9],"faces":{"north":{"uv":[7.5,10.5,9,11.5],"texture":"#texture"},"east":{"uv":[8,10.5,8.5,11.5],"texture":"#texture"},"south":{"uv":[7,10.5,8.5,11.5],"texture":"#texture"},"west":{"uv":[7.5,10.5,8,11.5],"texture":"#texture"},"up":{"uv":[7,7.5,8.5,8],"texture":"#texture"},"down":{"uv":[7,8,8.5,8.5],"texture":"#texture"}}},{"from":[6.5,11.5,8.5],"to":[9,12.5,9],"faces":{"north":{"uv":[7,11.5,9.5,12.5],"texture":"#texture"},"east":{"uv":[8,11.5,8.5,12.5],"texture":"#texture"},"south":{"uv":[6.5,11.5,9,12.5],"texture":"#texture"},"west":{"uv":[7.5,11.5,8,12.5],"texture":"#texture"},"up":{"uv":[6.5,7.5,9,8],"texture":"#texture"},"down":{"uv":[6.5,8,9,8.5],"texture":"#texture"}}},{"from":[4,10.5,8.5],"to":[11.5,11.5,9],"faces":{"north":{"uv":[4.5,4.5,12,5.5],"texture":"#texture"},"east":{"uv":[7,4.5,7.5,5.5],"texture":"#texture"},"south":{"uv":[4,4.5,11.5,5.5],"texture":"#texture"},"west":{"uv":[8.5,4.5,9,5.5],"texture":"#texture"},"up":{"uv":[4,8.5,11.5,9],"texture":"#texture"},"down":{"uv":[4,7,11.5,7.5],"texture":"#texture"}}},{"from":[5,9.5,8.5],"to":[10.5,10,9],"faces":{"north":{"uv":[5.5,14,11,14.5],"texture":"#texture"},"east":{"uv":[8,14,8.5,14.5],"texture":"#texture"},"south":{"uv":[5,14,10.5,14.5],"texture":"#texture"},"west":{"uv":[7.5,14,8,14.5],"texture":"#texture"},"up":{"uv":[5,7.5,10.5,8],"texture":"#texture"},"down":{"uv":[5,8,10.5,8.5],"texture":"#texture"}}},{"from":[4.5,10,8.5],"to":[11,10.5,9],"faces":{"north":{"uv":[5,13.5,11.5,14],"texture":"#texture"},"east":{"uv":[8,13.5,8.5,14],"texture":"#texture"},"south":{"uv":[4.5,13.5,11,14],"texture":"#texture"},"west":{"uv":[7.5,13.5,8,14],"texture":"#texture"},"up":{"uv":[4.5,7.5,11,8],"texture":"#texture"},"down":{"uv":[4.5,8,11,8.5],"texture":"#texture"}}},{"from":[5.5,9,8.5],"to":[10,9.5,9],"faces":{"north":{"uv":[6,14.5,10.5,15],"texture":"#texture"},"east":{"uv":[8,14.5,8.5,15],"texture":"#texture"},"south":{"uv":[5.5,14.5,10,15],"texture":"#texture"},"west":{"uv":[7.5,14.5,8,15],"texture":"#texture"},"up":{"uv":[5.5,7.5,10,8],"texture":"#texture"},"down":{"uv":[5.5,8,10,8.5],"texture":"#texture"}}},{"from":[5,8,8.5],"to":[10.5,9,9],"faces":{"north":{"uv":[5.5,15,11,16],"texture":"#texture"},"east":{"uv":[8,15,8.5,16],"texture":"#texture"},"south":{"uv":[5,15,10.5,16],"texture":"#texture"},"west":{"uv":[7.5,15,8,16],"texture":"#texture"},"up":{"uv":[5,7.5,10.5,8],"texture":"#texture"},"down":{"uv":[5,8,10.5,8.5],"texture":"#texture"}}},{"from":[8.5,7,8.5],"to":[11,7.5,9],"faces":{"north":{"uv":[5,0.5,7.5,1],"texture":"#texture"},"east":{"uv":[8,0.5,8.5,1],"texture":"#texture"},"south":{"uv":[8.5,0.5,11,1],"texture":"#texture"},"west":{"uv":[7.5,0.5,8,1],"texture":"#texture"},"up":{"uv":[8.5,7.5,11,8],"texture":"#texture"},"down":{"uv":[8.5,8,11,8.5],"texture":"#texture"}}},{"from":[8,7.5,8.5],"to":[11,8,9],"faces":{"north":{"uv":[5,0,8,0.5],"texture":"#texture"},"east":{"uv":[8,0,8.5,0.5],"texture":"#texture"},"south":{"uv":[8,0,11,0.5],"texture":"#texture"},"west":{"uv":[7.5,0,8,0.5],"texture":"#texture"},"up":{"uv":[8,7.5,11,8],"texture":"#texture"},"down":{"uv":[8,8,11,8.5],"texture":"#texture"}}},{"from":[4.5,7.5,8.5],"to":[7.5,8,9],"faces":{"north":{"uv":[8.5,0,11.5,0.5],"texture":"#texture"},"east":{"uv":[8,0,8.5,0.5],"texture":"#texture"},"south":{"uv":[4.5,0,7.5,0.5],"texture":"#texture"},"west":{"uv":[7.5,0,8,0.5],"texture":"#texture"},"up":{"uv":[4.5,7.5,7.5,8],"texture":"#texture"},"down":{"uv":[4.5,8,7.5,8.5],"texture":"#texture"}}},{"from":[4.5,7,8.5],"to":[7,7.5,9],"faces":{"north":{"uv":[9,0.5,11.5,1],"texture":"#texture"},"east":{"uv":[8,0.5,8.5,1],"texture":"#texture"},"south":{"uv":[4.5,0.5,7,1],"texture":"#texture"},"west":{"uv":[7.5,0.5,8,1],"texture":"#texture"},"up":{"uv":[4.5,7.5,7,8],"texture":"#texture"},"down":{"uv":[4.5,8,7,8.5],"texture":"#texture"}}},{"from":[4.5,6.5,8.5],"to":[6,7,9],"faces":{"north":{"uv":[10,1,11.5,1.5],"texture":"#texture"},"east":{"uv":[8,1,8.5,1.5],"texture":"#texture"},"south":{"uv":[4.5,1,6,1.5],"texture":"#texture"},"west":{"uv":[7.5,1,8,1.5],"texture":"#texture"},"up":{"uv":[4.5,7.5,6,8],"texture":"#texture"},"down":{"uv":[4.5,8,6,8.5],"texture":"#texture"}}},{"from":[4.5,6,8.5],"to":[5.5,6.5,9],"faces":{"north":{"uv":[10.5,1.5,11.5,2],"texture":"#texture"},"east":{"uv":[8,1.5,8.5,2],"texture":"#texture"},"south":{"uv":[4.5,1.5,5.5,2],"texture":"#texture"},"west":{"uv":[7.5,1.5,8,2],"texture":"#texture"},"up":{"uv":[4.5,7.5,5.5,8],"texture":"#texture"},"down":{"uv":[4.5,8,5.5,8.5],"texture":"#texture"}}},{"from":[10,6,8.5],"to":[11,6.5,9],"faces":{"north":{"uv":[5,1.5,6,2],"texture":"#texture"},"east":{"uv":[8,1.5,8.5,2],"texture":"#texture"},"south":{"uv":[10,1.5,11,2],"texture":"#texture"},"west":{"uv":[7.5,1.5,8,2],"texture":"#texture"},"up":{"uv":[10,7.5,11,8],"texture":"#texture"},"down":{"uv":[10,8,11,8.5],"texture":"#texture"}}},{"from":[9.5,6.5,8.5],"to":[11,7,9],"faces":{"north":{"uv":[5,1,6.5,1.5],"texture":"#texture"},"east":{"uv":[8,1,8.5,1.5],"texture":"#texture"},"south":{"uv":[9.5,1,11,1.5],"texture":"#texture"},"west":{"uv":[7.5,1,8,1.5],"texture":"#texture"},"up":{"uv":[9.5,7.5,11,8],"texture":"#texture"},"down":{"uv":[9.5,8,11,8.5],"texture":"#texture"}}},{"name":"hexadecagon","from":[6.70544,4.3,8.3],"to":[8.69456,14.3,8.8],"rotation":{"angle":-45,"axis":"z","origin":[7.7,9.3,8.8]},"faces":{"north":{"uv":[0,0,1,1],"texture":"#texture2"},"east":{"uv":[0,0,1,1],"texture":"#texture2"},"south":{"uv":[0,0,1,1],"texture":"#texture2"},"west":{"uv":[0,0,1,1],"texture":"#texture2"},"up":{"uv":[0,0,1,1],"texture":"#texture2"},"down":{"uv":[0,0,1,1],"texture":"#texture2"}}},{"name":"hexadecagon","from":[6.70544,4.3,8.3],"to":[8.69456,14.3,8.8],"rotation":{"angle":-22.5,"axis":"z","origin":[7.7,9.3,8.8]},"faces":{"north":{"uv":[0,0,1,1],"texture":"#texture2"},"east":{"uv":[0,0,1,1],"texture":"#texture2"},"south":{"uv":[0,0,1,1],"texture":"#texture2"},"west":{"uv":[0,0,1,1],"texture":"#texture2"},"up":{"uv":[0,0,1,1],"texture":"#texture2"},"down":{"uv":[0,0,1,1],"texture":"#texture2"}}},{"name":"hexadecagon","from":[6.70544,4.3,8.3],"to":[8.69456,14.3,8.8],"rotation":{"angle":0,"axis":"z","origin":[7.7,9.3,8.8]},"faces":{"north":{"uv":[0,0,1,1],"texture":"#texture2"},"east":{"uv":[0,0,1,1],"texture":"#texture2"},"south":{"uv":[0,0,1,1],"texture":"#texture2"},"west":{"uv":[0,0,1,1],"texture":"#texture2"},"up":{"uv":[0,0,1,1],"texture":"#texture2"},"down":{"uv":[0,0,1,1],"texture":"#texture2"}}},{"name":"hexadecagon","from":[6.70544,4.3,8.3],"to":[8.69456,14.3,8.8],"rotation":{"angle":22.5,"axis":"z","origin":[7.7,9.3,8.8]},"faces":{"north":{"uv":[0,0,1,1],"texture":"#texture2"},"east":{"uv":[0,0,1,1],"texture":"#texture2"},"south":{"uv":[0,0,1,1],"texture":"#texture2"},"west":{"uv":[0,0,1,1],"texture":"#texture2"},"up":{"uv":[0,0,1,1],"texture":"#texture2"},"down":{"uv":[0,0,1,1],"texture":"#texture2"}}},{"name":"hexadecagon","from":[6.70544,4.3,8.3],"to":[8.69456,14.3,8.8],"rotation":{"angle":45,"axis":"z","origin":[7.7,9.3,8.8]},"faces":{"north":{"uv":[0,0,1,1],"texture":"#texture2"},"east":{"uv":[0,0,1,1],"texture":"#texture2"},"south":{"uv":[0,0,1,1],"texture":"#texture2"},"west":{"uv":[0,0,1,1],"texture":"#texture2"},"up":{"uv":[0,0,1,1],"texture":"#texture2"},"down":{"uv":[0,0,1,1],"texture":"#texture2"}}},{"name":"hexadecagon","from":[2.7,8.30544,8.3],"to":[12.7,10.29456,8.8],"rotation":{"angle":-22.5,"axis":"z","origin":[7.7,9.3,8.8]},"faces":{"north":{"uv":[0,0,1,1],"texture":"#texture2"},"east":{"uv":[0,0,1,1],"texture":"#texture2"},"south":{"uv":[0,0,1,1],"texture":"#texture2"},"west":{"uv":[0,0,1,1],"texture":"#texture2"},"up":{"uv":[0,0,1,1],"texture":"#texture2"},"down":{"uv":[0,0,1,1],"texture":"#texture2"}}},{"name":"hexadecagon","from":[2.7,8.30544,8.3],"to":[12.7,10.29456,8.8],"rotation":{"angle":0,"axis":"z","origin":[7.7,9.3,8.8]},"faces":{"north":{"uv":[0,0,1,1],"texture":"#texture2"},"east":{"uv":[0,0,1,1],"texture":"#texture2"},"south":{"uv":[0,0,1,1],"texture":"#texture2"},"west":{"uv":[0,0,1,1],"texture":"#texture2"},"up":{"uv":[0,0,1,1],"texture":"#texture2"},"down":{"uv":[0,0,1,1],"texture":"#texture2"}}},{"name":"hexadecagon","from":[2.7,8.30544,8.3],"to":[12.7,10.29456,8.8],"rotation":{"angle":22.5,"axis":"z","origin":[7.7,9.3,8.8]},"faces":{"north":{"uv":[0,0,1,1],"texture":"#texture2"},"east":{"uv":[0,0,1,1],"texture":"#texture2"},"south":{"uv":[0,0,1,1],"texture":"#texture2"},"west":{"uv":[0,0,1,1],"texture":"#texture2"},"up":{"uv":[0,0,1,1],"texture":"#texture2"},"down":{"uv":[0,0,1,1],"texture":"#texture2"}}},{"name":"hexadecagon","from":[6.30761,2.1,7.5],"to":[9.09239,16.1,8.5],"rotation":{"angle":-45,"axis":"z","origin":[7.7,9.1,8]},"faces":{"north":{"uv":[0,0,1,1],"texture":"#texture1"},"east":{"uv":[0,0,1,1],"texture":"#texture1"},"south":{"uv":[0,0,1,1],"texture":"#texture1"},"west":{"uv":[0,0,1,1],"texture":"#texture1"},"up":{"uv":[0,0,1,1],"texture":"#texture1"},"down":{"uv":[0,0,1,1],"texture":"#texture1"}}},{"name":"hexadecagon","from":[6.30761,2.1,7.5],"to":[9.09239,16.1,8.5],"rotation":{"angle":-22.5,"axis":"z","origin":[7.7,9.1,8]},"faces":{"north":{"uv":[0,0,1,1],"texture":"#texture1"},"east":{"uv":[0,0,1,1],"texture":"#texture1"},"south":{"uv":[0,0,1,1],"texture":"#texture1"},"west":{"uv":[0,0,1,1],"texture":"#texture1"},"up":{"uv":[0,0,1,1],"texture":"#texture1"},"down":{"uv":[0,0,1,1],"texture":"#texture1"}}},{"name":"hexadecagon","from":[6.30761,2.1,7.5],"to":[9.09239,16.1,8.5],"rotation":{"angle":0,"axis":"z","origin":[7.7,9.1,8]},"faces":{"north":{"uv":[0,0,1,1],"texture":"#texture1"},"east":{"uv":[0,0,1,1],"texture":"#texture1"},"south":{"uv":[0,0,1,1],"texture":"#texture1"},"west":{"uv":[0,0,1,1],"texture":"#texture1"},"up":{"uv":[0,0,1,1],"texture":"#texture1"},"down":{"uv":[0,0,1,1],"texture":"#texture1"}}},{"name":"hexadecagon","from":[6.30761,2.1,7.5],"to":[9.09239,16.1,8.5],"rotation":{"angle":22.5,"axis":"z","origin":[7.7,9.1,8]},"faces":{"north":{"uv":[0,0,1,1],"texture":"#texture1"},"east":{"uv":[0,0,1,1],"texture":"#texture1"},"south":{"uv":[0,0,1,1],"texture":"#texture1"},"west":{"uv":[0,0,1,1],"texture":"#texture1"},"up":{"uv":[0,0,1,1],"texture":"#texture1"},"down":{"uv":[0,0,1,1],"texture":"#texture1"}}},{"name":"hexadecagon","from":[6.30761,2.1,7.5],"to":[9.09239,16.1,8.5],"rotation":{"angle":45,"axis":"z","origin":[7.7,9.1,8]},"faces":{"north":{"uv":[0,0,1,1],"texture":"#texture1"},"east":{"uv":[0,0,1,1],"texture":"#texture1"},"south":{"uv":[0,0,1,1],"texture":"#texture1"},"west":{"uv":[0,0,1,1],"texture":"#texture1"},"up":{"uv":[0,0,1,1],"texture":"#texture1"},"down":{"uv":[0,0,1,1],"texture":"#texture1"}}},{"name":"hexadecagon","from":[0.7,7.70761,7.5],"to":[14.7,10.49239,8.5],"rotation":{"angle":-22.5,"axis":"z","origin":[7.7,9.1,8]},"faces":{"north":{"uv":[0,0,1,1],"texture":"#texture1"},"east":{"uv":[0,0,1,1],"texture":"#texture1"},"south":{"uv":[0,0,1,1],"texture":"#texture1"},"west":{"uv":[0,0,1,1],"texture":"#texture1"},"up":{"uv":[0,0,1,1],"texture":"#texture1"},"down":{"uv":[0,0,1,1],"texture":"#texture1"}}},{"name":"hexadecagon","from":[0.7,7.70761,7.5],"to":[14.7,10.49239,8.5],"rotation":{"angle":0,"axis":"z","origin":[7.7,9.1,8]},"faces":{"north":{"uv":[0,0,1,1],"texture":"#texture1"},"east":{"uv":[0,0,1,1],"texture":"#texture1"},"south":{"uv":[0,0,1,1],"texture":"#texture1"},"west":{"uv":[0,0,1,1],"texture":"#texture1"},"up":{"uv":[0,0,1,1],"texture":"#texture1"},"down":{"uv":[0,0,1,1],"texture":"#texture1"}}},{"name":"hexadecagon","from":[0.7,7.70761,7.5],"to":[14.7,10.49239,8.5],"rotation":{"angle":22.5,"axis":"z","origin":[7.7,9.1,8]},"faces":{"north":{"uv":[0,0,1,1],"texture":"#texture1"},"east":{"uv":[0,0,1,1],"texture":"#texture1"},"south":{"uv":[0,0,1,1],"texture":"#texture1"},"west":{"uv":[0,0,1,1],"texture":"#texture1"},"up":{"uv":[0,0,1,1],"texture":"#texture1"},"down":{"uv":[0,0,1,1],"texture":"#texture1"}}}],"display":{"thirdperson_righthand":{"rotation":[90,116,-88],"translation":[4.1739,-2.478,5.5652],"scale":[0.8,0.8,0.8]},"thirdperson_lefthand":{"rotation":[90,116,-88],"translation":[4.1739,-2.478,5.5652],"scale":[0.8,0.8,0.8]},"firstperson_righthand":{"rotation":[0,-180,0],"translation":[0,-4.868,0]},"firstperson_lefthand":{"rotation":[0,-180,0],"translation":[0,-4.868,0]},"ground":{"translation":[0,4.1739,0]},"gui":{"rotation":[0,-25,0],"translation":[0,-1,0],"scale":[0.8,0.8,0.8]},"fixed":{"rotation":[0,-180,0],"translation":[-0.25,-1.25,0]}},"groups":[0,1,{"name":"hexadecagon","origin":[8,8,8],"children":[2,3,4,5,6,7,8,9]},{"name":"hexadecagon","origin":[8,8,8],"children":[10,11,12,13,14,15,16,17,18,19,20,21,22,23,24,25]},{"name":"star","origin":[8,8,8],"children":[26,27,28,29,30,31,32,33,34,35,36,37,38,39,40,41]},{"name":"hexadecagon","origin":[8,8,8],"children":[42,43,44,45,46,47,48,49]},{"name":"hexadecagon","origin":[8,8,8],"children":[50,51,52,53,54,55,56,57]}]}