{
	"credit": "Made with Blockbench",
	"textures": {
		"0": "autumn_festival:pickaxe",
		"1": "autumn_festival:eff03",
		"2": "autumn_festival:eff02",
		"3": "autumn_festival:pickaxe_1",
		"4": "autumn_festival:halberd",
		"5": "autumn_festival:clouds_eff",
		"particle": "autumn_festival:pickaxe"
	},
	"elements": [
		{
			"from": [7.08, 10.32454, 8.37952],
			"to": [8.92, 13.32454, 9.77952],
			"rotation": {"angle": 45, "axis": "x", "origin": [8, 11.91954, 7.55452]},
			"faces": {
				"north": {"uv": [1, 10, 0, 11.6], "texture": "#0"},
				"east": {"uv": [3.2, 11.2, 2.4, 12.8], "texture": "#0"},
				"south": {"uv": [3.4, 9.6, 2.4, 11.2], "texture": "#0"},
				"west": {"uv": [12, 3.2, 11.2, 4.8], "texture": "#0"},
				"up": {"uv": [13.4, 5.6, 12.4, 6.4], "texture": "#0"},
				"down": {"uv": [13.4, 7.2, 12.4, 6.4], "texture": "#0"}
			}
		},
		{
			"from": [7.08, 10.32454, 5.97952],
			"to": [8.92, 11.40454, 8.37952],
			"rotation": {"angle": 45, "axis": "x", "origin": [8, 11.91954, 7.55452]},
			"faces": {
				"north": {"uv": [11.4, 13.6, 10.4, 14.2], "texture": "#0"},
				"east": {"uv": [10.8, 12.4, 9.6, 13], "texture": "#0"},
				"south": {"uv": [9.4, 13.6, 8.4, 14.2], "texture": "#0"},
				"west": {"uv": [13.6, 12, 12.4, 12.6], "texture": "#0"},
				"up": {"uv": [12.2, 9.6, 11.2, 10.8], "texture": "#0"},
				"down": {"uv": [11.4, 12.4, 10.4, 11.2], "texture": "#0"}
			}
		},
		{
			"from": [7.4, 11.34881, 6.35526],
			"to": [8.6, 13.74881, 8.75526],
			"rotation": {"angle": 45, "axis": "x", "origin": [8, 11.91954, 7.55452]},
			"faces": {
				"north": {"uv": [13, 8, 12.4, 9.2], "texture": "#0"},
				"east": {"uv": [11.2, 0, 10, 1.2], "texture": "#0"},
				"south": {"uv": [8.6, 12.4, 8, 13.6], "texture": "#0"},
				"west": {"uv": [11.2, 1.2, 10, 2.4], "texture": "#0"},
				"up": {"uv": [9.4, 12.4, 8.8, 13.6], "texture": "#0"},
				"down": {"uv": [13, 10.4, 12.4, 9.2], "texture": "#0"}
			}
		},
		{
			"from": [7.24, 12.55761, 5.02604],
			"to": [8.76, 14.95761, 7.42604],
			"rotation": {"angle": 22.5, "axis": "x", "origin": [8, 14.55687, 5.17678]},
			"faces": {
				"north": {"uv": [12.8, 3.6, 12, 4.8], "rotation": 180, "texture": "#0"},
				"east": {"uv": [10, 2.4, 11.2, 3.6], "rotation": 270, "texture": "#0"},
				"south": {"uv": [12.8, 3.6, 12, 2.4], "texture": "#0"},
				"west": {"uv": [10, 3.6, 11.2, 4.8], "rotation": 90, "texture": "#0"},
				"up": {"uv": [8.4, 4.8, 9.2, 6], "rotation": 180, "texture": "#0"},
				"down": {"uv": [12, 1.2, 12.8, 2.4], "texture": "#0"}
			}
		},
		{
			"from": [7.4, 13.97182, 4.41183],
			"to": [8.6, 15.57182, 6.01183],
			"rotation": {"angle": 22.5, "axis": "x", "origin": [8, 14.55687, 5.17678]},
			"faces": {
				"north": {"uv": [14.6, 4.8, 14, 5.6], "rotation": 180, "texture": "#0"},
				"east": {"uv": [13.6, 7.2, 14.4, 8], "rotation": 270, "texture": "#0"},
				"south": {"uv": [5, 14.8, 4.4, 14], "texture": "#0"},
				"west": {"uv": [7.6, 13.6, 8.4, 14.4], "rotation": 90, "texture": "#0"},
				"up": {"uv": [14, 0, 14.6, 0.8], "rotation": 180, "texture": "#0"},
				"down": {"uv": [0.8, 14, 1.4, 14.8], "texture": "#0"}
			}
		},
		{
			"from": [7.28, 15.40614, 3.57751],
			"to": [8.72, 16.40614, 5.77751],
			"rotation": {"angle": 22.5, "axis": "x", "origin": [8, 14.55687, 5.17678]},
			"faces": {
				"north": {"uv": [0.8, 14, 0, 14.6], "rotation": 180, "texture": "#0"},
				"east": {"uv": [10.8, 12.4, 11.4, 13.6], "rotation": 270, "texture": "#0"},
				"south": {"uv": [14.4, 14.2, 13.6, 13.6], "texture": "#0"},
				"west": {"uv": [12.8, 1.2, 13.4, 2.4], "rotation": 90, "texture": "#0"},
				"up": {"uv": [6, 12, 6.8, 13.2], "rotation": 180, "texture": "#0"},
				"down": {"uv": [11.6, 12, 12.4, 13.2], "texture": "#0"}
			}
		},
		{
			"from": [7.28, 14.20614, 3.57751],
			"to": [8.72, 15.40614, 4.57751],
			"rotation": {"angle": 22.5, "axis": "x", "origin": [8, 14.55687, 5.17678]},
			"faces": {
				"north": {"uv": [14.8, 8, 14, 8.6], "rotation": 180, "texture": "#0"},
				"east": {"uv": [11.6, 14, 12.2, 14.6], "rotation": 270, "texture": "#0"},
				"south": {"uv": [7.6, 14.6, 6.8, 14], "texture": "#0"},
				"west": {"uv": [14.4, 1.6, 15, 2.2], "rotation": 90, "texture": "#0"},
				"up": {"uv": [5.2, 14, 6, 14.6], "rotation": 180, "texture": "#0"},
				"down": {"uv": [6, 14, 6.8, 14.6], "texture": "#0"}
			}
		},
		{
			"from": [7.08, 15.9902, 5.21917],
			"to": [8.92, 17.9102, 6.01917],
			"rotation": {"angle": 22.5, "axis": "x", "origin": [8, 17.2302, 6.01917]},
			"faces": {
				"north": {"uv": [13, 0, 12, 1], "texture": "#0"},
				"east": {"uv": [7.6, 6, 7.2, 7], "texture": "#0"},
				"south": {"uv": [12.6, 10.8, 11.6, 11.8], "texture": "#0"},
				"west": {"uv": [4.8, 8.4, 4.4, 9.4], "texture": "#0"},
				"up": {"uv": [15, 9.6, 14, 10], "texture": "#0"},
				"down": {"uv": [15, 10.4, 14, 10], "texture": "#0"}
			}
		},
		{
			"from": [7.08, 17.1102, 6.01917],
			"to": [8.92, 17.9102, 6.81917],
			"rotation": {"angle": 22.5, "axis": "x", "origin": [8, 17.2302, 6.01917]},
			"faces": {
				"north": {"uv": [15, 13.2, 14, 13.6], "texture": "#0"},
				"east": {"uv": [9.2, 9.2, 8.8, 9.6], "texture": "#0"},
				"south": {"uv": [15, 12.8, 14, 13.2], "texture": "#0"},
				"west": {"uv": [1.6, 10, 1.2, 10.4], "texture": "#0"},
				"up": {"uv": [15.4, 0.8, 14.4, 1.2], "texture": "#0"},
				"down": {"uv": [15.4, 1.6, 14.4, 1.2], "texture": "#0"}
			}
		},
		{
			"from": [7.2, 17.31865, 5.67174],
			"to": [8.8, 20.51865, 8.87174],
			"rotation": {"angle": 0, "axis": "x", "origin": [8, 23.35888, 9.28115]},
			"faces": {
				"north": {"uv": [5.2, 10.8, 6, 12.4], "texture": "#0"},
				"east": {"uv": [8.4, 0, 10, 1.6], "texture": "#0"},
				"south": {"uv": [10.8, 6.4, 11.6, 8], "texture": "#0"},
				"west": {"uv": [8.4, 1.6, 10, 3.2], "texture": "#0"},
				"up": {"uv": [8, 12.4, 7.2, 10.8], "texture": "#0"},
				"down": {"uv": [8.8, 10.8, 8, 12.4], "texture": "#0"}
			}
		},
		{
			"from": [6.8, 18.54707, 6.90016],
			"to": [9.2, 23.34707, 11.70016],
			"rotation": {"angle": 0, "axis": "x", "origin": [8, 23.35888, 9.28115]},
			"faces": {
				"north": {"uv": [7.2, 0, 8.4, 2.4], "texture": "#0"},
				"east": {"uv": [0, 4.8, 2.4, 7.2], "texture": "#0"},
				"south": {"uv": [2.4, 7.2, 3.6, 9.6], "texture": "#0"},
				"west": {"uv": [4.8, 0, 7.2, 2.4], "texture": "#0"},
				"up": {"uv": [8.4, 6, 7.2, 3.6], "texture": "#0"},
				"down": {"uv": [6, 7.2, 4.8, 9.6], "texture": "#0"}
			}
		},
		{
			"from": [7.36, 22.0455, 5.53694],
			"to": [8.64, 24.6855, 8.17694],
			"rotation": {"angle": 0, "axis": "x", "origin": [8, 23.35888, 9.28115]},
			"faces": {
				"north": {"uv": [12.4, 9.4, 11.6, 8], "rotation": 180, "texture": "#0"},
				"east": {"uv": [10.6, 4.8, 9.2, 6.2], "rotation": 270, "texture": "#0"},
				"south": {"uv": [12.4, 6.4, 11.6, 7.8], "texture": "#0"},
				"west": {"uv": [10.6, 6.4, 9.2, 7.8], "rotation": 90, "texture": "#0"},
				"up": {"uv": [1.6, 11.6, 0.8, 13], "rotation": 180, "texture": "#0"},
				"down": {"uv": [0.8, 11.6, 0, 13], "texture": "#0"}
			}
		},
		{
			"from": [7.2, 21.27844, 9.63154],
			"to": [8.8, 24.47844, 12.83154],
			"rotation": {"angle": 0, "axis": "x", "origin": [8, 23.35888, 9.28115]},
			"faces": {
				"north": {"uv": [8.8, 10.8, 9.6, 12.4], "texture": "#0"},
				"east": {"uv": [8.4, 3.2, 10, 4.8], "texture": "#0"},
				"south": {"uv": [9.6, 10.8, 10.4, 12.4], "texture": "#0"},
				"west": {"uv": [6, 8.8, 7.6, 10.4], "texture": "#0"},
				"up": {"uv": [12, 1.6, 11.2, 0], "texture": "#0"},
				"down": {"uv": [12, 1.6, 11.2, 3.2], "texture": "#0"}
			}
		},
		{
			"from": [8, 22.06535, 10.02432],
			"to": [8, 30.06535, 18.02432],
			"rotation": {"angle": -22.5, "axis": "x", "origin": [8, 26.06535, 14.02432]},
			"faces": {
				"east": {"uv": [0, 0, 16, 16], "texture": "#3"},
				"west": {"uv": [16, 0, 0, 16], "texture": "#3"}
			}
		},
		{
			"from": [7.925, 6.47731, 18.25642],
			"to": [8.075, 24.47731, 18.40642],
			"rotation": {"angle": 0, "axis": "x", "origin": [8, 17.22731, 19.33142]},
			"faces": {
				"north": {"uv": [15.8, 0, 15.95, 16], "texture": "#0"},
				"east": {"uv": [15.8, 0, 15.95, 16], "texture": "#0"},
				"south": {"uv": [15.8, 0, 15.95, 16], "texture": "#0"},
				"west": {"uv": [15.8, 0, 15.95, 16], "texture": "#0"},
				"up": {"uv": [15.8, 0, 15.95, 0.15], "texture": "#0"},
				"down": {"uv": [15.8, 0, 15.95, 0.15], "texture": "#0"}
			}
		},
		{
			"from": [7.925, -8.47731, 18.25642],
			"to": [8.075, 9.52269, 18.40642],
			"rotation": {"angle": 0, "axis": "x", "origin": [8, -1.22731, 19.33142]},
			"faces": {
				"north": {"uv": [15.8, 16, 15.95, 0], "texture": "#0"},
				"east": {"uv": [15.8, 16, 15.95, 0], "texture": "#0"},
				"south": {"uv": [15.8, 16, 15.95, 0], "texture": "#0"},
				"west": {"uv": [15.8, 16, 15.95, 0], "texture": "#0"},
				"up": {"uv": [15.8, 0.15, 15.95, 0], "texture": "#0"},
				"down": {"uv": [15.8, 0.15, 15.95, 0], "texture": "#0"}
			}
		},
		{
			"from": [7.08, 2.67546, 8.37952],
			"to": [8.92, 5.67546, 9.77952],
			"rotation": {"angle": -45, "axis": "x", "origin": [8, 4.08046, 7.55452]},
			"faces": {
				"north": {"uv": [1, 11.6, 0, 10], "texture": "#0"},
				"east": {"uv": [3.2, 12.8, 2.4, 11.2], "texture": "#0"},
				"south": {"uv": [3.4, 11.2, 2.4, 9.6], "texture": "#0"},
				"west": {"uv": [12, 4.8, 11.2, 3.2], "texture": "#0"},
				"up": {"uv": [13.4, 6.4, 12.4, 7.2], "texture": "#0"},
				"down": {"uv": [13.4, 6.4, 12.4, 5.6], "texture": "#0"}
			}
		},
		{
			"from": [7.08, 4.59546, 5.97952],
			"to": [8.92, 5.67546, 8.37952],
			"rotation": {"angle": -45, "axis": "x", "origin": [8, 4.08046, 7.55452]},
			"faces": {
				"north": {"uv": [11.4, 14.2, 10.4, 13.6], "texture": "#0"},
				"east": {"uv": [10.8, 13, 9.6, 12.4], "texture": "#0"},
				"south": {"uv": [9.4, 14.2, 8.4, 13.6], "texture": "#0"},
				"west": {"uv": [13.6, 12.6, 12.4, 12], "texture": "#0"},
				"up": {"uv": [11.4, 11.2, 10.4, 12.4], "texture": "#0"},
				"down": {"uv": [12.2, 10.8, 11.2, 9.6], "texture": "#0"}
			}
		},
		{
			"from": [7.4, 2.25119, 6.35526],
			"to": [8.6, 4.65119, 8.75526],
			"rotation": {"angle": -45, "axis": "x", "origin": [8, 4.08046, 7.55452]},
			"faces": {
				"north": {"uv": [13, 9.2, 12.4, 8], "texture": "#0"},
				"east": {"uv": [11.2, 1.2, 10, 0], "texture": "#0"},
				"south": {"uv": [8.6, 13.6, 8, 12.4], "texture": "#0"},
				"west": {"uv": [11.2, 2.4, 10, 1.2], "texture": "#0"},
				"up": {"uv": [13, 9.2, 12.4, 10.4], "texture": "#0"},
				"down": {"uv": [9.4, 13.6, 8.8, 12.4], "texture": "#0"}
			}
		},
		{
			"from": [7.24, 1.04239, 5.02604],
			"to": [8.76, 3.44239, 7.42604],
			"rotation": {"angle": -22.5, "axis": "x", "origin": [8, 1.44313, 5.17678]},
			"faces": {
				"north": {"uv": [12.8, 4.8, 12, 3.6], "rotation": 180, "texture": "#0"},
				"east": {"uv": [11.2, 2.4, 10, 3.6], "rotation": 270, "texture": "#0"},
				"south": {"uv": [12.8, 2.4, 12, 3.6], "texture": "#0"},
				"west": {"uv": [11.2, 3.6, 10, 4.8], "rotation": 90, "texture": "#0"},
				"up": {"uv": [12, 2.4, 12.8, 1.2], "texture": "#0"},
				"down": {"uv": [8.4, 6, 9.2, 4.8], "rotation": 180, "texture": "#0"}
			}
		},
		{
			"from": [7.4, 0.42818, 4.41183],
			"to": [8.6, 2.02818, 6.01183],
			"rotation": {"angle": -22.5, "axis": "x", "origin": [8, 1.44313, 5.17678]},
			"faces": {
				"north": {"uv": [14.6, 5.6, 14, 4.8], "rotation": 180, "texture": "#0"},
				"east": {"uv": [14.4, 7.2, 13.6, 8], "rotation": 270, "texture": "#0"},
				"south": {"uv": [5, 14, 4.4, 14.8], "texture": "#0"},
				"west": {"uv": [8.4, 13.6, 7.6, 14.4], "rotation": 90, "texture": "#0"},
				"up": {"uv": [0.8, 14.8, 1.4, 14], "texture": "#0"},
				"down": {"uv": [14, 0.8, 14.6, 0], "rotation": 180, "texture": "#0"}
			}
		},
		{
			"from": [7.28, -0.40614, 3.57751],
			"to": [8.72, 0.59386, 5.77751],
			"rotation": {"angle": -22.5, "axis": "x", "origin": [8, 1.44313, 5.17678]},
			"faces": {
				"north": {"uv": [0.8, 14.6, 0, 14], "rotation": 180, "texture": "#0"},
				"east": {"uv": [11.4, 12.4, 10.8, 13.6], "rotation": 270, "texture": "#0"},
				"south": {"uv": [14.4, 13.6, 13.6, 14.2], "texture": "#0"},
				"west": {"uv": [13.4, 1.2, 12.8, 2.4], "rotation": 90, "texture": "#0"},
				"up": {"uv": [11.6, 13.2, 12.4, 12], "texture": "#0"},
				"down": {"uv": [6, 13.2, 6.8, 12], "rotation": 180, "texture": "#0"}
			}
		},
		{
			"from": [7.28, 0.59386, 3.57751],
			"to": [8.72, 1.79386, 4.57751],
			"rotation": {"angle": -22.5, "axis": "x", "origin": [8, 1.44313, 5.17678]},
			"faces": {
				"north": {"uv": [14.8, 8.6, 14, 8], "rotation": 180, "texture": "#0"},
				"east": {"uv": [12.2, 14, 11.6, 14.6], "rotation": 270, "texture": "#0"},
				"south": {"uv": [7.6, 14, 6.8, 14.6], "texture": "#0"},
				"west": {"uv": [15, 1.6, 14.4, 2.2], "rotation": 90, "texture": "#0"},
				"up": {"uv": [6, 14.6, 6.8, 14], "texture": "#0"},
				"down": {"uv": [5.2, 14.6, 6, 14], "rotation": 180, "texture": "#0"}
			}
		},
		{
			"from": [7.08, -1.9102, 5.21917],
			"to": [8.92, 0.0098, 6.01917],
			"rotation": {"angle": -22.5, "axis": "x", "origin": [8, -1.2302, 6.01917]},
			"faces": {
				"north": {"uv": [13, 1, 12, 0], "texture": "#0"},
				"east": {"uv": [7.6, 7, 7.2, 6], "texture": "#0"},
				"south": {"uv": [12.6, 11.8, 11.6, 10.8], "texture": "#0"},
				"west": {"uv": [4.8, 9.4, 4.4, 8.4], "texture": "#0"},
				"up": {"uv": [15, 10, 14, 10.4], "texture": "#0"},
				"down": {"uv": [15, 10, 14, 9.6], "texture": "#0"}
			}
		},
		{
			"from": [7.08, -1.9102, 6.01917],
			"to": [8.92, -1.1102, 6.81917],
			"rotation": {"angle": -22.5, "axis": "x", "origin": [8, -1.2302, 6.01917]},
			"faces": {
				"north": {"uv": [15, 13.6, 14, 13.2], "texture": "#0"},
				"east": {"uv": [9.2, 9.6, 8.8, 9.2], "texture": "#0"},
				"south": {"uv": [15, 13.2, 14, 12.8], "texture": "#0"},
				"west": {"uv": [1.6, 10.4, 1.2, 10], "texture": "#0"},
				"up": {"uv": [15.4, 1.2, 14.4, 1.6], "texture": "#0"},
				"down": {"uv": [15.4, 1.2, 14.4, 0.8], "texture": "#0"}
			}
		},
		{
			"from": [7.2, -4.51865, 5.67174],
			"to": [8.8, -1.31865, 8.87174],
			"rotation": {"angle": 0, "axis": "x", "origin": [8, -7.35888, 9.28115]},
			"faces": {
				"north": {"uv": [5.2, 12.4, 6, 10.8], "texture": "#0"},
				"east": {"uv": [8.4, 1.6, 10, 0], "texture": "#0"},
				"south": {"uv": [10.8, 8, 11.6, 6.4], "texture": "#0"},
				"west": {"uv": [8.4, 3.2, 10, 1.6], "texture": "#0"},
				"up": {"uv": [8.8, 12.4, 8, 10.8], "texture": "#0"},
				"down": {"uv": [8, 10.8, 7.2, 12.4], "texture": "#0"}
			}
		},
		{
			"from": [6.8, -7.34707, 6.90016],
			"to": [9.2, -2.54707, 11.70016],
			"rotation": {"angle": 0, "axis": "x", "origin": [8, -7.35888, 9.28115]},
			"faces": {
				"north": {"uv": [7.2, 2.4, 8.4, 0], "texture": "#0"},
				"east": {"uv": [0, 7.2, 2.4, 4.8], "texture": "#0"},
				"south": {"uv": [2.4, 9.6, 3.6, 7.2], "texture": "#0"},
				"west": {"uv": [4.8, 2.4, 7.2, 0], "texture": "#0"},
				"up": {"uv": [6, 9.6, 4.8, 7.2], "texture": "#0"},
				"down": {"uv": [8.4, 3.6, 7.2, 6], "texture": "#0"}
			}
		},
		{
			"from": [7.36, -8.6855, 5.53694],
			"to": [8.64, -6.0455, 8.17694],
			"rotation": {"angle": 0, "axis": "x", "origin": [8, -7.35888, 9.28115]},
			"faces": {
				"north": {"uv": [12.4, 8, 11.6, 9.4], "rotation": 180, "texture": "#0"},
				"east": {"uv": [9.2, 4.8, 10.6, 6.2], "rotation": 270, "texture": "#0"},
				"south": {"uv": [12.4, 7.8, 11.6, 6.4], "texture": "#0"},
				"west": {"uv": [9.2, 6.4, 10.6, 7.8], "rotation": 90, "texture": "#0"},
				"up": {"uv": [0.8, 13, 0, 11.6], "texture": "#0"},
				"down": {"uv": [1.6, 13, 0.8, 11.6], "rotation": 180, "texture": "#0"}
			}
		},
		{
			"from": [7.2, -8.47844, 9.63154],
			"to": [8.8, -5.27844, 12.83154],
			"rotation": {"angle": 0, "axis": "x", "origin": [8, -7.35888, 9.28115]},
			"faces": {
				"north": {"uv": [8.8, 12.4, 9.6, 10.8], "texture": "#0"},
				"east": {"uv": [8.4, 4.8, 10, 3.2], "texture": "#0"},
				"south": {"uv": [9.6, 12.4, 10.4, 10.8], "texture": "#0"},
				"west": {"uv": [6, 10.4, 7.6, 8.8], "texture": "#0"},
				"up": {"uv": [12, 3.2, 11.2, 1.6], "texture": "#0"},
				"down": {"uv": [12, 0, 11.2, 1.6], "texture": "#0"}
			}
		},
		{
			"from": [8, -14.06535, 10.02432],
			"to": [8, -6.06535, 18.02432],
			"rotation": {"angle": 22.5, "axis": "x", "origin": [8, -10.06535, 14.02432]},
			"faces": {
				"east": {"uv": [16, 0, 0, 16], "rotation": 180, "texture": "#3"},
				"west": {"uv": [0, 0, 16, 16], "rotation": 180, "texture": "#3"}
			}
		},
		{
			"from": [7, 13.51947, 2.6],
			"to": [7, 19.91947, 9],
			"rotation": {"angle": 0, "axis": "y", "origin": [0.8, 16.71947, 6.6]},
			"faces": {
				"north": {"uv": [0, 0, 16, 16], "texture": "#5"},
				"east": {"uv": [0, 0, 16, 16], "texture": "#5"},
				"south": {"uv": [0, 0, 16, 16], "texture": "#5"},
				"west": {"uv": [0, 0, 16, 16], "texture": "#5"},
				"up": {"uv": [0, 0, 16, 16], "rotation": 180, "texture": "#5"},
				"down": {"uv": [0, 0, 16, 16], "rotation": 180, "texture": "#5"}
			}
		},
		{
			"from": [8, 15.36947, 9.38],
			"to": [8, 18.56947, 12.58],
			"rotation": {"angle": 0, "axis": "y", "origin": [8, 17.76947, 10.18]},
			"faces": {
				"north": {"uv": [0, 0, 16, 16], "texture": "#1"},
				"east": {"uv": [16, 0, 0, 16], "texture": "#1"},
				"south": {"uv": [0, 0, 16, 16], "texture": "#1"},
				"west": {"uv": [0, 0, 16, 16], "texture": "#1"},
				"up": {"uv": [0, 0, 16, 16], "rotation": 180, "texture": "#1"},
				"down": {"uv": [0, 0, 16, 16], "rotation": 180, "texture": "#1"}
			}
		},
		{
			"from": [8, -4.13053, 2.88],
			"to": [8, -0.93053, 6.08],
			"rotation": {"angle": 0, "axis": "y", "origin": [8, -1.73053, 3.68]},
			"faces": {
				"north": {"uv": [0, 0, 16, 16], "texture": "#1"},
				"east": {"uv": [16, 0, 0, 16], "texture": "#1"},
				"south": {"uv": [0, 0, 16, 16], "texture": "#1"},
				"west": {"uv": [0, 0, 16, 16], "texture": "#1"},
				"up": {"uv": [0, 0, 16, 16], "rotation": 180, "texture": "#1"},
				"down": {"uv": [0, 0, 16, 16], "rotation": 180, "texture": "#1"}
			}
		},
		{
			"from": [7, 7.71947, 5],
			"to": [7, 14.11947, 11.4],
			"rotation": {"angle": 0, "axis": "y", "origin": [7, 12.71947, 5.8]},
			"faces": {
				"north": {"uv": [0, 0, 16, 16], "texture": "#5"},
				"east": {"uv": [0, 0, 16, 16], "texture": "#5"},
				"south": {"uv": [0, 0, 16, 16], "texture": "#5"},
				"west": {"uv": [16, 0, 0, 16], "texture": "#5"},
				"up": {"uv": [0, 0, 16, 16], "texture": "#5"},
				"down": {"uv": [0, 0, 16, 16], "texture": "#5"}
			}
		},
		{
			"from": [9, 7.71947, 5],
			"to": [9, 14.11947, 11.4],
			"rotation": {"angle": 0, "axis": "y", "origin": [9, 12.71947, 5.8]},
			"faces": {
				"north": {"uv": [16, 0, 0, 16], "texture": "#5"},
				"east": {"uv": [0, 0, 16, 16], "texture": "#5"},
				"south": {"uv": [16, 0, 0, 16], "texture": "#5"},
				"west": {"uv": [2, 0, 0, 2.33333], "texture": "#5"},
				"up": {"uv": [16, 0, 0, 16], "texture": "#5"},
				"down": {"uv": [16, 0, 0, 16], "texture": "#5"}
			}
		},
		{
			"from": [9, 13.51947, 2.6],
			"to": [9, 19.91947, 9],
			"rotation": {"angle": 0, "axis": "y", "origin": [15.2, 16.71947, 6.6]},
			"faces": {
				"north": {"uv": [16, 0, 0, 16], "texture": "#5"},
				"east": {"uv": [16, 0, 0, 16], "texture": "#5"},
				"south": {"uv": [16, 0, 0, 16], "texture": "#5"},
				"west": {"uv": [2, 0, 0, 2.33333], "texture": "#5"},
				"up": {"uv": [16, 0, 0, 16], "rotation": 180, "texture": "#5"},
				"down": {"uv": [16, 0, 0, 16], "rotation": 180, "texture": "#5"}
			}
		},
		{
			"from": [9, -4.48053, 4.6],
			"to": [9, 1.91947, 11],
			"rotation": {"angle": 0, "axis": "y", "origin": [15.2, -1.28053, 8.6]},
			"faces": {
				"north": {"uv": [16, 0, 0, 16], "texture": "#5"},
				"east": {"uv": [16, 0, 0, 16], "texture": "#5"},
				"south": {"uv": [16, 0, 0, 16], "texture": "#5"},
				"west": {"uv": [2, 0, 0, 2.33333], "texture": "#5"},
				"up": {"uv": [16, 0, 0, 16], "rotation": 180, "texture": "#5"},
				"down": {"uv": [16, 0, 0, 16], "rotation": 180, "texture": "#5"}
			}
		},
		{
			"from": [7, -4.48053, 4.6],
			"to": [7, 1.91947, 11],
			"rotation": {"angle": 0, "axis": "y", "origin": [0.8, -1.28053, 8.6]},
			"faces": {
				"north": {"uv": [0, 0, 16, 16], "texture": "#5"},
				"east": {"uv": [0, 0, 16, 16], "texture": "#5"},
				"south": {"uv": [0, 0, 16, 16], "texture": "#5"},
				"west": {"uv": [0, 0, 16, 16], "texture": "#5"},
				"up": {"uv": [0, 0, 16, 16], "rotation": 180, "texture": "#5"},
				"down": {"uv": [0, 0, 16, 16], "rotation": 180, "texture": "#5"}
			}
		},
		{
			"from": [7.2, 9.4, 7.2],
			"to": [8.8, 10.2, 8.8],
			"rotation": {"angle": 0, "axis": "y", "origin": [8, 8.6, 8]},
			"faces": {
				"north": {"uv": [2.4, 14.4, 3.2, 14.8], "texture": "#0"},
				"east": {"uv": [14.4, 2.4, 15.2, 2.8], "texture": "#0"},
				"south": {"uv": [14.4, 2.8, 15.2, 3.2], "texture": "#0"},
				"west": {"uv": [14.4, 3.2, 15.2, 3.6], "texture": "#0"},
				"up": {"uv": [14.4, 4, 13.6, 3.2], "texture": "#0"},
				"down": {"uv": [14.4, 4, 13.6, 4.8], "texture": "#0"}
			}
		},
		{
			"from": [7.6, 0.6, 7.6],
			"to": [8.4, 13.4, 8.4],
			"rotation": {"angle": 0, "axis": "y", "origin": [8, 11.8, 8]},
			"faces": {
				"north": {"uv": [1.6, 8.4, 2, 14.8], "texture": "#0"},
				"east": {"uv": [2, 8.4, 2.4, 14.8], "texture": "#0"},
				"south": {"uv": [3.6, 8.4, 4, 14.8], "texture": "#0"},
				"west": {"uv": [4, 8.4, 4.4, 14.8], "texture": "#0"},
				"up": {"uv": [1.6, 10.8, 1.2, 10.4], "texture": "#0"},
				"down": {"uv": [7.6, 10.4, 7.2, 10.8], "texture": "#0"}
			}
		},
		{
			"from": [7.2, 5.8, 7.2],
			"to": [8.8, 6.6, 8.8],
			"rotation": {"angle": 0, "axis": "y", "origin": [8, 5, 8]},
			"faces": {
				"north": {"uv": [14.4, 3.6, 15.2, 4], "texture": "#0"},
				"east": {"uv": [14.4, 4, 15.2, 4.4], "texture": "#0"},
				"south": {"uv": [14.4, 4.4, 15.2, 4.8], "texture": "#0"},
				"west": {"uv": [14.4, 5.6, 15.2, 6], "texture": "#0"},
				"up": {"uv": [14.4, 6.4, 13.6, 5.6], "texture": "#0"},
				"down": {"uv": [14.4, 6.4, 13.6, 7.2], "texture": "#0"}
			}
		},
		{
			"from": [7.65379, 9.91459, -1.95246],
			"to": [8.34621, 10.57284, -1.29421],
			"rotation": {"angle": -22.5, "axis": "x", "origin": [8, 8, 6.5]},
			"faces": {
				"north": {"uv": [14, 7.8, 13.6, 7.2], "rotation": 180, "texture": "#4"},
				"east": {"uv": [13.6, 3.2, 14.2, 3.8], "texture": "#4"},
				"south": {"uv": [8.4, 14.2, 8, 13.6], "rotation": 180, "texture": "#4"},
				"west": {"uv": [13.6, 4, 14.2, 4.6], "texture": "#4"},
				"up": {"uv": [13.6, 8, 14, 8.6], "rotation": 180, "texture": "#4"},
				"down": {"uv": [8.8, 14.2, 9.2, 13.6], "rotation": 180, "texture": "#4"}
			}
		},
		{
			"from": [7.67087, 3.37703, -0.83061],
			"to": [8.32913, 4.03528, 0.15677],
			"rotation": {"angle": 22.5, "axis": "x", "origin": [8, 8, 6.5]},
			"faces": {
				"north": {"uv": [14.2, 5.4, 13.6, 4.8], "rotation": 180, "texture": "#4"},
				"east": {"uv": [5.6, 12.8, 6.2, 13.6], "rotation": 90, "texture": "#4"},
				"south": {"uv": [6.2, 13.6, 5.6, 14.2], "texture": "#4"},
				"west": {"uv": [12.8, 6.4, 13.4, 7.2], "rotation": 270, "texture": "#4"},
				"up": {"uv": [12.8, 5.6, 13.4, 6.4], "texture": "#4"},
				"down": {"uv": [12.8, 4.8, 13.4, 5.6], "rotation": 180, "texture": "#4"}
			}
		},
		{
			"from": [7.7367, 11.70982, -0.14911],
			"to": [8.2633, 12.36807, 0.3775],
			"rotation": {"angle": -45, "axis": "x", "origin": [8, 8, 6.5]},
			"faces": {
				"north": {"uv": [14, 9.4, 13.6, 8.8], "rotation": 180, "texture": "#4"},
				"east": {"uv": [13.6, 9.6, 14, 10.2], "texture": "#4"},
				"south": {"uv": [14, 11, 13.6, 10.4], "rotation": 180, "texture": "#4"},
				"west": {"uv": [13.6, 11.2, 14, 11.8], "texture": "#4"},
				"up": {"uv": [0, 14.4, 0.4, 14.8], "rotation": 180, "texture": "#4"},
				"down": {"uv": [14.4, 0.4, 14.8, 0], "rotation": 180, "texture": "#4"}
			}
		},
		{
			"from": [7.80252, 8.4163, -1.02257],
			"to": [8.19748, 9.07456, -0.62762],
			"rotation": {"angle": -22.5, "axis": "x", "origin": [8, 8, 6.5]},
			"faces": {
				"north": {"uv": [14, 12.6, 13.6, 12], "rotation": 180, "texture": "#4"},
				"east": {"uv": [12.8, 13.6, 13.2, 14.2], "texture": "#4"},
				"south": {"uv": [14, 13.4, 13.6, 12.8], "rotation": 180, "texture": "#4"},
				"west": {"uv": [13.6, 13.6, 14, 14.2], "texture": "#4"},
				"up": {"uv": [0.8, 14.4, 1.2, 14.8], "rotation": 180, "texture": "#4"},
				"down": {"uv": [14.4, 1.2, 14.8, 0.8], "rotation": 180, "texture": "#4"}
			}
		},
		{
			"from": [7.65379, 2.6436, 15.60125],
			"to": [8.34621, 3.30185, 16.2595],
			"rotation": {"angle": -22.5, "axis": "x", "origin": [8, 8, 6.5]},
			"faces": {
				"north": {"uv": [14, 7.8, 13.6, 7.2], "rotation": 180, "texture": "#4"},
				"east": {"uv": [13.6, 3.2, 14.2, 3.8], "texture": "#4"},
				"south": {"uv": [8.4, 14.2, 8, 13.6], "rotation": 180, "texture": "#4"},
				"west": {"uv": [13.6, 4, 14.2, 4.6], "texture": "#4"},
				"up": {"uv": [13.6, 8, 14, 8.6], "rotation": 180, "texture": "#4"},
				"down": {"uv": [8.8, 14.2, 9.2, 13.6], "rotation": 180, "texture": "#4"}
			}
		},
		{
			"from": [7.67087, 10.64801, 16.7231],
			"to": [8.32913, 11.30626, 17.71048],
			"rotation": {"angle": 22.5, "axis": "x", "origin": [8, 8, 6.5]},
			"faces": {
				"north": {"uv": [14.2, 5.4, 13.6, 4.8], "rotation": 180, "texture": "#4"},
				"east": {"uv": [5.6, 12.8, 6.2, 13.6], "rotation": 90, "texture": "#4"},
				"south": {"uv": [6.2, 13.6, 5.6, 14.2], "texture": "#4"},
				"west": {"uv": [12.8, 6.4, 13.4, 7.2], "rotation": 270, "texture": "#4"},
				"up": {"uv": [12.8, 5.6, 13.4, 6.4], "texture": "#4"},
				"down": {"uv": [12.8, 4.8, 13.4, 5.6], "rotation": 180, "texture": "#4"}
			}
		},
		{
			"from": [7.65379, 12.69815, 15.60125],
			"to": [8.34621, 13.3564, 16.2595],
			"rotation": {"angle": 22.5, "axis": "x", "origin": [8, 8, 6.5]},
			"faces": {
				"north": {"uv": [14, 7.2, 13.6, 7.8], "rotation": 180, "texture": "#4"},
				"east": {"uv": [13.6, 3.8, 14.2, 3.2], "texture": "#4"},
				"south": {"uv": [8.4, 13.6, 8, 14.2], "rotation": 180, "texture": "#4"},
				"west": {"uv": [13.6, 4.6, 14.2, 4], "texture": "#4"},
				"up": {"uv": [9.2, 14.2, 8.8, 13.6], "texture": "#4"},
				"down": {"uv": [14, 8, 13.6, 8.6], "texture": "#4"}
			}
		},
		{
			"from": [7.67087, 4.69374, 16.7231],
			"to": [8.32913, 5.35199, 17.71048],
			"rotation": {"angle": -22.5, "axis": "x", "origin": [8, 8, 6.5]},
			"faces": {
				"north": {"uv": [14.2, 4.8, 13.6, 5.4], "rotation": 180, "texture": "#4"},
				"east": {"uv": [6.2, 12.8, 5.6, 13.6], "rotation": 90, "texture": "#4"},
				"south": {"uv": [6.2, 14.2, 5.6, 13.6], "texture": "#4"},
				"west": {"uv": [13.4, 6.4, 12.8, 7.2], "rotation": 270, "texture": "#4"},
				"up": {"uv": [13.4, 4.8, 12.8, 5.6], "texture": "#4"},
				"down": {"uv": [13.4, 5.6, 12.8, 6.4], "rotation": 180, "texture": "#4"}
			}
		},
		{
			"from": [7.65379, 12.86784, 17.21804],
			"to": [8.34621, 14.02609, 17.87629],
			"rotation": {"angle": 22.5, "axis": "x", "origin": [8, 8, 6.5]},
			"faces": {
				"north": {"uv": [14, 7.2, 13.6, 7.8], "rotation": 180, "texture": "#4"},
				"east": {"uv": [13.6, 3.8, 14.2, 3.2], "texture": "#4"},
				"south": {"uv": [8.4, 13.6, 8, 14.2], "rotation": 180, "texture": "#4"},
				"west": {"uv": [13.6, 4.6, 14.2, 4], "texture": "#4"},
				"up": {"uv": [9.2, 14.2, 8.8, 13.6], "texture": "#4"},
				"down": {"uv": [14, 8, 13.6, 8.6], "texture": "#4"}
			}
		},
		{
			"from": [7.67087, 4.02404, 18.33989],
			"to": [8.32913, 4.68229, 19.32727],
			"rotation": {"angle": -22.5, "axis": "x", "origin": [8, 8, 6.5]},
			"faces": {
				"north": {"uv": [14.2, 4.8, 13.6, 5.4], "rotation": 180, "texture": "#4"},
				"east": {"uv": [6.2, 12.8, 5.6, 13.6], "rotation": 90, "texture": "#4"},
				"south": {"uv": [6.2, 14.2, 5.6, 13.6], "texture": "#4"},
				"west": {"uv": [13.4, 6.4, 12.8, 7.2], "rotation": 270, "texture": "#4"},
				"up": {"uv": [13.4, 4.8, 12.8, 5.6], "texture": "#4"},
				"down": {"uv": [13.4, 5.6, 12.8, 6.4], "rotation": 180, "texture": "#4"}
			}
		},
		{
			"from": [7.65379, 1.97391, 17.21804],
			"to": [8.34621, 3.13216, 17.87629],
			"rotation": {"angle": -22.5, "axis": "x", "origin": [8, 8, 6.5]},
			"faces": {
				"north": {"uv": [14, 7.8, 13.6, 7.2], "rotation": 180, "texture": "#4"},
				"east": {"uv": [13.6, 3.2, 14.2, 3.8], "texture": "#4"},
				"south": {"uv": [8.4, 14.2, 8, 13.6], "rotation": 180, "texture": "#4"},
				"west": {"uv": [13.6, 4, 14.2, 4.6], "texture": "#4"},
				"up": {"uv": [13.6, 8, 14, 8.6], "rotation": 180, "texture": "#4"},
				"down": {"uv": [8.8, 14.2, 9.2, 13.6], "rotation": 180, "texture": "#4"}
			}
		},
		{
			"from": [7.67087, 11.31771, 18.33989],
			"to": [8.32913, 11.97596, 19.32727],
			"rotation": {"angle": 22.5, "axis": "x", "origin": [8, 8, 6.5]},
			"faces": {
				"north": {"uv": [14.2, 5.4, 13.6, 4.8], "rotation": 180, "texture": "#4"},
				"east": {"uv": [5.6, 12.8, 6.2, 13.6], "rotation": 90, "texture": "#4"},
				"south": {"uv": [6.2, 13.6, 5.6, 14.2], "texture": "#4"},
				"west": {"uv": [12.8, 6.4, 13.4, 7.2], "rotation": 270, "texture": "#4"},
				"up": {"uv": [12.8, 5.6, 13.4, 6.4], "texture": "#4"},
				"down": {"uv": [12.8, 4.8, 13.4, 5.6], "rotation": 180, "texture": "#4"}
			}
		},
		{
			"from": [7.7367, 7.04792, 21.43525],
			"to": [8.2633, 7.57453, 22.0935],
			"rotation": {"angle": 0, "axis": "x", "origin": [8, 8, 6.5]},
			"faces": {
				"north": {"uv": [0, 14.4, 0.4, 14.8], "texture": "#4"},
				"east": {"uv": [13.6, 9.6, 14, 10.2], "rotation": 90, "texture": "#4"},
				"south": {"uv": [14.4, 0.4, 14.8, 0], "rotation": 180, "texture": "#4"},
				"west": {"uv": [13.6, 11.2, 14, 11.8], "rotation": 270, "texture": "#4"},
				"up": {"uv": [14, 11, 13.6, 10.4], "rotation": 180, "texture": "#4"},
				"down": {"uv": [14, 9.4, 13.6, 8.8], "texture": "#4"}
			}
		},
		{
			"from": [7.80252, 13.12786, 21.07922],
			"to": [8.19748, 13.52281, 21.73748],
			"rotation": {"angle": 22.5, "axis": "x", "origin": [8, 8, 6.5]},
			"faces": {
				"north": {"uv": [0.8, 14.4, 1.2, 14.8], "texture": "#4"},
				"east": {"uv": [12.8, 13.6, 13.2, 14.2], "rotation": 90, "texture": "#4"},
				"south": {"uv": [14.4, 1.2, 14.8, 0.8], "rotation": 180, "texture": "#4"},
				"west": {"uv": [13.6, 13.6, 14, 14.2], "rotation": 270, "texture": "#4"},
				"up": {"uv": [14, 13.4, 13.6, 12.8], "rotation": 180, "texture": "#4"},
				"down": {"uv": [14, 12.6, 13.6, 12], "texture": "#4"}
			}
		},
		{
			"from": [7.7367, 8.42547, 21.43525],
			"to": [8.2633, 8.95208, 22.0935],
			"rotation": {"angle": 0, "axis": "x", "origin": [8, 8, 6.5]},
			"faces": {
				"north": {"uv": [0, 14.8, 0.4, 14.4], "texture": "#4"},
				"east": {"uv": [14, 9.6, 13.6, 10.2], "rotation": 90, "texture": "#4"},
				"south": {"uv": [14.4, 0, 14.8, 0.4], "rotation": 180, "texture": "#4"},
				"west": {"uv": [14, 11.2, 13.6, 11.8], "rotation": 270, "texture": "#4"},
				"up": {"uv": [13.6, 9.4, 14, 8.8], "rotation": 180, "texture": "#4"},
				"down": {"uv": [13.6, 11, 14, 10.4], "texture": "#4"}
			}
		},
		{
			"from": [7.80252, 2.47719, 21.07922],
			"to": [8.19748, 2.87214, 21.73748],
			"rotation": {"angle": -22.5, "axis": "x", "origin": [8, 8, 6.5]},
			"faces": {
				"north": {"uv": [0.8, 14.8, 1.2, 14.4], "texture": "#4"},
				"east": {"uv": [13.2, 13.6, 12.8, 14.2], "rotation": 90, "texture": "#4"},
				"south": {"uv": [14.4, 0.8, 14.8, 1.2], "rotation": 180, "texture": "#4"},
				"west": {"uv": [14, 13.6, 13.6, 14.2], "rotation": 270, "texture": "#4"},
				"up": {"uv": [13.6, 12.6, 14, 12], "rotation": 180, "texture": "#4"},
				"down": {"uv": [13.6, 13.4, 14, 12.8], "texture": "#4"}
			}
		},
		{
			"from": [7.65379, 5.42716, -1.95246],
			"to": [8.34621, 6.08541, -1.29421],
			"rotation": {"angle": 22.5, "axis": "x", "origin": [8, 8, 6.5]},
			"faces": {
				"north": {"uv": [14, 7.2, 13.6, 7.8], "rotation": 180, "texture": "#4"},
				"east": {"uv": [13.6, 3.8, 14.2, 3.2], "texture": "#4"},
				"south": {"uv": [8.4, 13.6, 8, 14.2], "rotation": 180, "texture": "#4"},
				"west": {"uv": [13.6, 4.6, 14.2, 4], "texture": "#4"},
				"up": {"uv": [9.2, 14.2, 8.8, 13.6], "texture": "#4"},
				"down": {"uv": [14, 8, 13.6, 8.6], "texture": "#4"}
			}
		},
		{
			"from": [7.67087, 11.96472, -0.83061],
			"to": [8.32913, 12.62297, 0.15677],
			"rotation": {"angle": -22.5, "axis": "x", "origin": [8, 8, 6.5]},
			"faces": {
				"north": {"uv": [14.2, 4.8, 13.6, 5.4], "rotation": 180, "texture": "#4"},
				"east": {"uv": [6.2, 12.8, 5.6, 13.6], "rotation": 90, "texture": "#4"},
				"south": {"uv": [6.2, 14.2, 5.6, 13.6], "texture": "#4"},
				"west": {"uv": [13.4, 6.4, 12.8, 7.2], "rotation": 270, "texture": "#4"},
				"up": {"uv": [13.4, 4.8, 12.8, 5.6], "texture": "#4"},
				"down": {"uv": [13.4, 5.6, 12.8, 6.4], "rotation": 180, "texture": "#4"}
			}
		},
		{
			"from": [7.7367, 14.1225, 2.13193],
			"to": [8.2633, 14.64911, 2.79018],
			"rotation": {"angle": -45, "axis": "x", "origin": [8, 8, 6.5]},
			"faces": {
				"north": {"uv": [0.4, 14.4, 0, 14.8], "rotation": 180, "texture": "#4"},
				"east": {"uv": [13.6, 10.2, 14, 9.6], "rotation": 270, "texture": "#4"},
				"south": {"uv": [14.8, 0.4, 14.4, 0], "texture": "#4"},
				"west": {"uv": [13.6, 11.8, 14, 11.2], "rotation": 90, "texture": "#4"},
				"up": {"uv": [14, 8.8, 13.6, 9.4], "texture": "#4"},
				"down": {"uv": [14, 10.4, 13.6, 11], "rotation": 180, "texture": "#4"}
			}
		},
		{
			"from": [7.80252, 6.92544, -1.02257],
			"to": [8.19748, 7.5837, -0.62762],
			"rotation": {"angle": 22.5, "axis": "x", "origin": [8, 8, 6.5]},
			"faces": {
				"north": {"uv": [14, 12, 13.6, 12.6], "rotation": 180, "texture": "#4"},
				"east": {"uv": [12.8, 14.2, 13.2, 13.6], "texture": "#4"},
				"south": {"uv": [14, 12.8, 13.6, 13.4], "rotation": 180, "texture": "#4"},
				"west": {"uv": [13.6, 14.2, 14, 13.6], "texture": "#4"},
				"up": {"uv": [14.8, 1.2, 14.4, 0.8], "texture": "#4"},
				"down": {"uv": [1.2, 14.4, 0.8, 14.8], "texture": "#4"}
			}
		},
		{
			"from": [7.34175, 12.85001, -0.32477],
			"to": [8.65825, 14.82477, 1.64998],
			"rotation": {"angle": -45, "axis": "x", "origin": [8, 8, 6.5]},
			"faces": {
				"north": {"uv": [10.6, 4.8, 9.6, 3.2], "rotation": 180, "texture": "#4"},
				"east": {"uv": [6.4, 8.8, 8, 10.4], "rotation": 90, "texture": "#4"},
				"south": {"uv": [10.6, 4.8, 9.6, 6.4], "texture": "#4"},
				"west": {"uv": [8, 8.8, 9.6, 10.4], "rotation": 270, "texture": "#4"},
				"up": {"uv": [9.6, 1.6, 10.6, 3.2], "texture": "#4"},
				"down": {"uv": [9.6, 0, 10.6, 1.6], "rotation": 180, "texture": "#4"}
			}
		},
		{
			"from": [7.67087, 7.67087, -2.45144],
			"to": [8.32913, 8.32913, 20.83982],
			"rotation": {"angle": 0, "axis": "x", "origin": [8, 8, 6.5]},
			"faces": {
				"north": {"uv": [13.4, 9.4, 12.8, 8.8], "rotation": 180, "texture": "#4"},
				"east": {"uv": [15, 0, 15.6, 15.8], "rotation": 90, "texture": "#4"},
				"south": {"uv": [13.4, 12.8, 12.8, 13.4], "texture": "#4"},
				"west": {"uv": [15, 0, 15.6, 15.8], "rotation": 270, "texture": "#4"},
				"up": {"uv": [15, 0, 15.6, 15.8], "texture": "#4"},
				"down": {"uv": [15, 0, 15.6, 15.8], "rotation": 180, "texture": "#4"}
			}
		},
		{
			"from": [7.63796, -3.04282, 15.9117],
			"to": [8.36204, -1.72631, 16.56995],
			"rotation": {"angle": -45, "axis": "x", "origin": [8, 8, 6.5]},
			"faces": {
				"north": {"uv": [3.2, 12.8, 3.8, 13.8], "texture": "#4"},
				"east": {"uv": [12.8, 3.2, 13.4, 4.2], "texture": "#4"},
				"south": {"uv": [4, 12.8, 4.6, 13.8], "texture": "#4"},
				"west": {"uv": [4.8, 12.8, 5.4, 13.8], "texture": "#4"},
				"up": {"uv": [14.2, 2.2, 13.6, 1.6], "texture": "#4"},
				"down": {"uv": [14.2, 2.4, 13.6, 3], "texture": "#4"}
			}
		},
		{
			"from": [7.70379, 6.84663, 20.96353],
			"to": [8.29621, 7.50488, 21.62178],
			"rotation": {"angle": 0, "axis": "x", "origin": [8, 8, 6.5]},
			"faces": {
				"north": {"uv": [14, 8.6, 13.6, 8], "rotation": 180, "texture": "#4"},
				"east": {"uv": [13.6, 3.2, 14.2, 3.8], "rotation": 90, "texture": "#4"},
				"south": {"uv": [9.2, 13.6, 8.8, 14.2], "texture": "#4"},
				"west": {"uv": [13.6, 4, 14.2, 4.6], "rotation": 270, "texture": "#4"},
				"up": {"uv": [8, 13.6, 8.4, 14.2], "texture": "#4"},
				"down": {"uv": [13.6, 7.2, 14, 7.8], "rotation": 180, "texture": "#4"}
			}
		},
		{
			"from": [7.34175, 11.57663, 1.60686],
			"to": [8.65825, 12.89314, 2.92337],
			"rotation": {"angle": -45, "axis": "x", "origin": [8, 8, 6.5]},
			"faces": {
				"north": {"uv": [12.2, 4.2, 11.2, 3.2], "rotation": 180, "texture": "#4"},
				"east": {"uv": [10.4, 9.6, 11.4, 10.6], "rotation": 90, "texture": "#4"},
				"south": {"uv": [12.2, 4.8, 11.2, 5.8], "texture": "#4"},
				"west": {"uv": [11.2, 1.6, 12.2, 2.6], "rotation": 270, "texture": "#4"},
				"up": {"uv": [11.2, 0, 12.2, 1], "texture": "#4"},
				"down": {"uv": [7.2, 10.4, 8.2, 11.4], "rotation": 180, "texture": "#4"}
			}
		},
		{
			"from": [7.34175, -0.09063, 13.27412],
			"to": [8.65825, 1.22588, 14.59063],
			"rotation": {"angle": -45, "axis": "x", "origin": [8, 8, 6.5]},
			"faces": {
				"north": {"uv": [12.2, 4.2, 11.2, 3.2], "rotation": 180, "texture": "#4"},
				"east": {"uv": [10.4, 9.6, 11.4, 10.6], "rotation": 90, "texture": "#4"},
				"south": {"uv": [12.2, 4.8, 11.2, 5.8], "texture": "#4"},
				"west": {"uv": [11.2, 1.6, 12.2, 2.6], "rotation": 270, "texture": "#4"},
				"up": {"uv": [11.2, 0, 12.2, 1], "texture": "#4"},
				"down": {"uv": [7.2, 10.4, 8.2, 11.4], "rotation": 180, "texture": "#4"}
			}
		},
		{
			"from": [7.63796, -2.06995, 16.22631],
			"to": [8.36204, -1.4117, 17.54282],
			"rotation": {"angle": -45, "axis": "x", "origin": [8, 8, 6.5]},
			"faces": {
				"north": {"uv": [14.2, 1.6, 13.6, 2.2], "rotation": 180, "texture": "#4"},
				"east": {"uv": [13.4, 3.2, 12.8, 4.2], "rotation": 90, "texture": "#4"},
				"south": {"uv": [14.2, 3, 13.6, 2.4], "texture": "#4"},
				"west": {"uv": [5.4, 12.8, 4.8, 13.8], "rotation": 270, "texture": "#4"},
				"up": {"uv": [3.8, 12.8, 3.2, 13.8], "texture": "#4"},
				"down": {"uv": [4.6, 12.8, 4, 13.8], "rotation": 180, "texture": "#4"}
			}
		},
		{
			"from": [7.70379, 8.49512, 20.96353],
			"to": [8.29621, 9.15337, 21.62178],
			"rotation": {"angle": 0, "axis": "x", "origin": [8, 8, 6.5]},
			"faces": {
				"north": {"uv": [14, 8, 13.6, 8.6], "rotation": 180, "texture": "#4"},
				"east": {"uv": [14.2, 3.2, 13.6, 3.8], "rotation": 90, "texture": "#4"},
				"south": {"uv": [9.2, 14.2, 8.8, 13.6], "texture": "#4"},
				"west": {"uv": [14.2, 4, 13.6, 4.6], "rotation": 270, "texture": "#4"},
				"up": {"uv": [14, 7.2, 13.6, 7.8], "texture": "#4"},
				"down": {"uv": [8.4, 13.6, 8, 14.2], "rotation": 180, "texture": "#4"}
			}
		},
		{
			"from": [7.34175, -2.41345, 15.59694],
			"to": [8.65825, -1.09694, 16.91344],
			"rotation": {"angle": -45, "axis": "x", "origin": [8, 8, 6.5]},
			"faces": {
				"north": {"uv": [13, 10.6, 12, 9.6], "rotation": 180, "texture": "#4"},
				"east": {"uv": [11.2, 8, 12.2, 9], "rotation": 90, "texture": "#4"},
				"south": {"uv": [13, 11.2, 12, 12.2], "texture": "#4"},
				"west": {"uv": [7.2, 12, 8.2, 13], "rotation": 270, "texture": "#4"},
				"up": {"uv": [10.4, 11.2, 11.4, 12.2], "texture": "#4"},
				"down": {"uv": [11.2, 6.4, 12.2, 7.4], "rotation": 180, "texture": "#4"}
			}
		},
		{
			"from": [8, 6.35437, -12.19668],
			"to": [8, 9.64563, -0.4262],
			"rotation": {"angle": 0, "axis": "x", "origin": [8, 8, 6.5]},
			"faces": {
				"north": {"uv": [0, 2.6, 0, 0], "rotation": 180, "texture": "#4"},
				"east": {"uv": [0, 0, 2.6, 12.6], "rotation": 90, "texture": "#4"},
				"south": {"uv": [0, 0, 0, 2.6], "texture": "#4"},
				"west": {"uv": [3.2, 0, 5.8, 12.6], "rotation": 270, "texture": "#4"},
				"up": {"uv": [0, 0, 0, 12.6], "texture": "#4"},
				"down": {"uv": [0, 0, 0, 12.6], "rotation": 180, "texture": "#4"}
			}
		},
		{
			"from": [7.95, 6.35437, -12.19668],
			"to": [7.95, 9.64563, -0.4262],
			"rotation": {"angle": 0, "axis": "x", "origin": [8, 8, 6.5]},
			"faces": {
				"north": {"uv": [0, 2.6, 0, 0], "rotation": 180, "texture": "#2"},
				"east": {"uv": [6.425, 0, 3.2625, 15.75], "rotation": 90, "texture": "#2"},
				"south": {"uv": [0, 0, 0, 2.6], "texture": "#2"},
				"west": {"uv": [3.2625, 0, 6.425, 15.75], "rotation": 270, "texture": "#2"},
				"up": {"uv": [0, 0, 0, 12.6], "texture": "#2"},
				"down": {"uv": [0, 0, 0, 12.6], "rotation": 180, "texture": "#2"}
			}
		},
		{
			"from": [8.05, 6.35437, -12.19668],
			"to": [8.05, 9.64563, -0.4262],
			"rotation": {"angle": 0, "axis": "x", "origin": [8, 8, 6.5]},
			"faces": {
				"north": {"uv": [0, 2.6, 0, 0], "rotation": 180, "texture": "#2"},
				"east": {"uv": [6.425, 0, 3.2625, 15.75], "rotation": 90, "texture": "#2"},
				"south": {"uv": [0, 0, 0, 2.6], "texture": "#2"},
				"west": {"uv": [3.2625, 0, 6.425, 15.75], "rotation": 270, "texture": "#2"},
				"up": {"uv": [0, 0, 0, 12.6], "texture": "#2"},
				"down": {"uv": [0, 0, 0, 12.6], "rotation": 180, "texture": "#2"}
			}
		}
	],
	"gui_light": "front",
	"display": {
		"thirdperson_righthand": {
			"translation": [0, -1, 2],
			"scale": [0.55, 0.55, 0.55]
		},
		"thirdperson_lefthand": {
			"translation": [0, -1, 2],
			"scale": [0.55, 0.55, 0.55]
		},
		"firstperson_righthand": {
			"rotation": [21, 29, 0],
			"translation": [3.25, 7, -15.5],
			"scale": [0.9, 0.9, 0.9]
		},
		"firstperson_lefthand": {
			"rotation": [21, 29, 0],
			"translation": [3.25, 7, -15.5],
			"scale": [0.9, 0.9, 0.9]
		},
		"ground": {
			"rotation": [10, 0, 86],
			"translation": [0, 1.5, -2.75],
			"scale": [0.52812, 0.52812, 0.52812]
		},
		"gui": {
			"rotation": [-90, 135, 90],
			"translation": [-1.25, 1.25, -3.5],
			"scale": [0.35, 0.35, 0.35]
		},
		"head": {
			"scale": [0, 0, 0]
		},
		"fixed": {
			"rotation": [-90, -90, -90],
			"translation": [1.25, -0.25, -3.5],
			"scale": [1.25, 1.25, 1.25]
		}
	},
	"groups": [
		{
			"name": "bow",
			"origin": [7.5, -12.5, 16],
			"color": 0,
			"boneType": "",
			"children": [
				{
					"name": "group",
					"origin": [8, 21.35888, 9.28115],
					"color": 0,
					"boneType": "",
					"children": [0, 1, 2, 3, 4, 5, 6, 7, 8, 9, 10, 11, 12, 13, 14, 15]
				},
				{
					"name": "group",
					"origin": [8, 21.35888, 9.28115],
					"color": 0,
					"boneType": "",
					"children": [16, 17, 18, 19, 20, 21, 22, 23, 24, 25, 26, 27, 28, 29]
				},
				{
					"name": "eff",
					"origin": [17, 12.81568, 7.5],
					"color": 0,
					"boneType": "",
					"children": [30, 31, 32, 33, 34, 35, 36, 37]
				},
				38,
				39,
				40
			]
		},
		{
			"name": "arrow",
			"origin": [8, 12.44167, 8.54777],
			"color": 0,
			"boneType": "",
			"children": [
				{
					"name": "clouds",
					"origin": [8, 6.90816, 7.81553],
					"color": 0,
					"boneType": "",
					"children": [
						{
							"name": "group",
							"origin": [8, 12.07292, 6.3199],
							"color": 0,
							"boneType": "",
							"children": [41, 42, 43, 44, 45, 46, 47, 48, 49, 50, 51, 52, 53, 54, 55, 56]
						},
						{
							"name": "group",
							"origin": [8, 12.07292, 6.3199],
							"color": 0,
							"boneType": "",
							"children": [57, 58, 59, 60]
						}
					]
				},
				61,
				62,
				63,
				64,
				65,
				66,
				67,
				68,
				69,
				70,
				71,
				72
			]
		}
	]
}