{"credit":"MadewithBlockbench","textures":{"0":"autumn_festival:folding_fan","1":"autumn_festival:eff03","particle":"autumn_festival:folding_fan"},"elements":[{"from":[7,-3.43432,8],"to":[9,-1.43432,8],"rotation":{"angle":0,"axis":"y","origin":[8,-2.43432,8]},"faces":{"north":{"uv":[0,0,16,16],"texture":"#1"},"east":{"uv":[16,0,0,16],"texture":"#1"},"south":{"uv":[16,0,0,16],"texture":"#1"},"west":{"uv":[16,0,0,16],"texture":"#1"},"up":{"uv":[0,0,16,16],"rotation":270,"texture":"#1"},"down":{"uv":[0,16,16,0],"rotation":90,"texture":"#1"}}},{"from":[13.23452,6.52113,7.6],"to":[14.48452,7.77113,8.4],"rotation":{"angle":45,"axis":"z","origin":[8,1.28661,8]},"faces":{"north":{"uv":[5,6,6.25,7.25],"texture":"#0"},"east":{"uv":[7,4,7.75,5.25],"texture":"#0"},"south":{"uv":[7,2,8.25,3.25],"texture":"#0"},"west":{"uv":[7,6,7.75,7.25],"texture":"#0"},"up":{"uv":[9.25,0.75,8,0],"texture":"#0"},"down":{"uv":[9.25,1,8,1.75],"texture":"#0"}}},{"from":[7.75,7.94822,7.85],"to":[8.25,11.19822,8.15],"rotation":{"angle":0,"axis":"z","origin":[8,1.28661,8]},"faces":{"north":{"uv":[6,2,6.5,5.25],"texture":"#0"},"east":{"uv":[8,4,8.25,7.25],"texture":"#0"},"south":{"uv":[4,6,4.5,9.25],"texture":"#0"},"west":{"uv":[5,8,5.25,11.25],"texture":"#0"},"up":{"uv":[6.5,8.25,6,8],"texture":"#0"},"down":{"uv":[7.5,8,7,8.25],"texture":"#0"}}},{"from":[7,-1.5,8],"to":[9,12.5,8],"rotation":{"angle":0,"axis":"y","origin":[8,1.28661,8]},"faces":{"north":{"uv":[0,0,2,14],"texture":"#0"},"east":{"uv":[0,0,0,14],"texture":"#0"},"south":{"uv":[2,0,4,14],"texture":"#0"},"west":{"uv":[0,0,0,14],"texture":"#0"},"up":{"uv":[2,0,0,0],"texture":"#0"},"down":{"uv":[2,0,0,0],"texture":"#0"}}},{"from":[13.23452,6.52113,7.5],"to":[14.48452,7.77113,8.3],"rotation":{"angle":22.5,"axis":"z","origin":[8,1.28661,7.9]},"faces":{"north":{"uv":[5,6,6.25,7.25],"texture":"#0"},"east":{"uv":[7,4,7.75,5.25],"texture":"#0"},"south":{"uv":[7,2,8.25,3.25],"texture":"#0"},"west":{"uv":[7,6,7.75,7.25],"texture":"#0"},"up":{"uv":[9.25,0.75,8,0],"texture":"#0"},"down":{"uv":[9.25,1,8,1.75],"texture":"#0"}}},{"from":[7.75,7.94822,7.75],"to":[8.25,11.19822,8.05],"rotation":{"angle":-22.5,"axis":"z","origin":[8,1.28661,7.9]},"faces":{"north":{"uv":[6,2,6.5,5.25],"texture":"#0"},"east":{"uv":[8,4,8.25,7.25],"texture":"#0"},"south":{"uv":[4,6,4.5,9.25],"texture":"#0"},"west":{"uv":[5,8,5.25,11.25],"texture":"#0"},"up":{"uv":[6.5,8.25,6,8],"texture":"#0"},"down":{"uv":[7.5,8,7,8.25],"texture":"#0"}}},{"from":[7,-1.5,7.9],"to":[9,12.5,7.9],"rotation":{"angle":-22.5,"axis":"z","origin":[8,1.28661,7.9]},"faces":{"north":{"uv":[0,0,2,14],"texture":"#0"},"east":{"uv":[0,0,0,14],"texture":"#0"},"south":{"uv":[2,0,4,14],"texture":"#0"},"west":{"uv":[0,0,0,14],"texture":"#0"},"up":{"uv":[2,0,0,0],"texture":"#0"},"down":{"uv":[2,0,0,0],"texture":"#0"}}},{"from":[13.23452,6.52113,7.6],"to":[14.48452,7.77113,8.4],"rotation":{"angle":0,"axis":"z","origin":[8,1.28661,8]},"faces":{"north":{"uv":[5,6,6.25,7.25],"texture":"#0"},"east":{"uv":[7,4,7.75,5.25],"texture":"#0"},"south":{"uv":[7,2,8.25,3.25],"texture":"#0"},"west":{"uv":[7,6,7.75,7.25],"texture":"#0"},"up":{"uv":[9.25,0.75,8,0],"texture":"#0"},"down":{"uv":[9.25,1,8,1.75],"texture":"#0"}}},{"from":[7.75,7.94822,7.85],"to":[8.25,11.19822,8.15],"rotation":{"angle":-45,"axis":"z","origin":[8,1.28661,8]},"faces":{"north":{"uv":[6,2,6.5,5.25],"texture":"#0"},"east":{"uv":[8,4,8.25,7.25],"texture":"#0"},"south":{"uv":[4,6,4.5,9.25],"texture":"#0"},"west":{"uv":[5,8,5.25,11.25],"texture":"#0"},"up":{"uv":[6.5,8.25,6,8],"texture":"#0"},"down":{"uv":[7.5,8,7,8.25],"texture":"#0"}}},{"from":[7,-1.5,8],"to":[9,12.5,8],"rotation":{"angle":-45,"axis":"z","origin":[8,1.28661,8]},"faces":{"north":{"uv":[0,0,2,14],"texture":"#0"},"east":{"uv":[0,0,0,14],"texture":"#0"},"south":{"uv":[2,0,4,14],"texture":"#0"},"west":{"uv":[0,0,0,14],"texture":"#0"},"up":{"uv":[2,0,0,0],"texture":"#0"},"down":{"uv":[2,0,0,0],"texture":"#0"}}},{"from":[1.51548,6.52113,7.6],"to":[2.76548,7.77113,8.4],"rotation":{"angle":0,"axis":"z","origin":[8,1.28661,8]},"faces":{"north":{"uv":[6.25,6,5,7.25],"texture":"#0"},"east":{"uv":[7.75,6,7,7.25],"texture":"#0"},"south":{"uv":[8.25,2,7,3.25],"texture":"#0"},"west":{"uv":[7.75,4,7,5.25],"texture":"#0"},"up":{"uv":[8,0.75,9.25,0],"texture":"#0"},"down":{"uv":[8,1,9.25,1.75],"texture":"#0"}}},{"from":[7.75,7.94822,7.85],"to":[8.25,11.19822,8.15],"rotation":{"angle":45,"axis":"z","origin":[8,1.28661,8]},"faces":{"north":{"uv":[6.5,2,6,5.25],"texture":"#0"},"east":{"uv":[5.25,8,5,11.25],"texture":"#0"},"south":{"uv":[4.5,6,4,9.25],"texture":"#0"},"west":{"uv":[8.25,4,8,7.25],"texture":"#0"},"up":{"uv":[6,8.25,6.5,8],"texture":"#0"},"down":{"uv":[7,8,7.5,8.25],"texture":"#0"}}},{"from":[7,-1.5,8],"to":[9,12.5,8],"rotation":{"angle":45,"axis":"z","origin":[8,1.28661,8]},"faces":{"north":{"uv":[2,0,0,14],"texture":"#0"},"east":{"uv":[0,0,0,14],"texture":"#0"},"south":{"uv":[4,0,2,14],"texture":"#0"},"west":{"uv":[0,0,0,14],"texture":"#0"},"up":{"uv":[0,0,2,0],"texture":"#0"},"down":{"uv":[0,0,2,0],"texture":"#0"}}},{"from":[1.51548,6.52113,7.5],"to":[2.76548,7.77113,8.3],"rotation":{"angle":22.5,"axis":"z","origin":[8,1.28661,7.9]},"faces":{"north":{"uv":[6.25,6,5,7.25],"texture":"#0"},"east":{"uv":[7.75,6,7,7.25],"texture":"#0"},"south":{"uv":[8.25,2,7,3.25],"texture":"#0"},"west":{"uv":[7.75,4,7,5.25],"texture":"#0"},"up":{"uv":[8,0.75,9.25,0],"texture":"#0"},"down":{"uv":[8,1,9.25,1.75],"texture":"#0"}}},{"from":[-1.91161,1.03661,7.75],"to":[1.33839,1.53661,8.05],"rotation":{"angle":-22.5,"axis":"z","origin":[8,1.28661,7.9]},"faces":{"north":{"uv":[6.5,2,6,5.25],"rotation":90,"texture":"#0"},"east":{"uv":[7,8,7.5,8.25],"rotation":270,"texture":"#0"},"south":{"uv":[4.5,6,4,9.25],"rotation":270,"texture":"#0"},"west":{"uv":[6,8.25,6.5,8],"rotation":270,"texture":"#0"},"up":{"uv":[5.25,8,5,11.25],"rotation":270,"texture":"#0"},"down":{"uv":[8.25,4,8,7.25],"rotation":270,"texture":"#0"}}},{"from":[-3.21339,0.28661,7.9],"to":[10.78661,2.28661,7.9],"rotation":{"angle":-22.5,"axis":"z","origin":[8,1.28661,7.9]},"faces":{"north":{"uv":[2,0,0,14],"rotation":90,"texture":"#0"},"east":{"uv":[0,0,2,0],"rotation":270,"texture":"#0"},"south":{"uv":[4,0,2,14],"rotation":270,"texture":"#0"},"west":{"uv":[0,0,2,0],"rotation":270,"texture":"#0"},"up":{"uv":[0,0,0,14],"rotation":270,"texture":"#0"},"down":{"uv":[0,0,0,14],"rotation":270,"texture":"#0"}}},{"from":[1.51548,-5.19791,7.6],"to":[2.76548,-3.94791,8.4],"rotation":{"angle":-45,"axis":"z","origin":[8,1.28661,8]},"faces":{"north":{"uv":[6.25,6,5,7.25],"rotation":90,"texture":"#0"},"east":{"uv":[8,1,9.25,1.75],"rotation":270,"texture":"#0"},"south":{"uv":[8.25,2,7,3.25],"rotation":270,"texture":"#0"},"west":{"uv":[8,0.75,9.25,0],"rotation":270,"texture":"#0"},"up":{"uv":[7.75,6,7,7.25],"rotation":270,"texture":"#0"},"down":{"uv":[7.75,4,7,5.25],"rotation":270,"texture":"#0"}}},{"from":[-1.91161,1.03661,7.85],"to":[1.33839,1.53661,8.15],"rotation":{"angle":0,"axis":"z","origin":[8,1.28661,8]},"faces":{"north":{"uv":[6.5,2,6,5.25],"rotation":90,"texture":"#0"},"east":{"uv":[7,8,7.5,8.25],"rotation":270,"texture":"#0"},"south":{"uv":[4.5,6,4,9.25],"rotation":270,"texture":"#0"},"west":{"uv":[6,8.25,6.5,8],"rotation":270,"texture":"#0"},"up":{"uv":[5.25,8,5,11.25],"rotation":270,"texture":"#0"},"down":{"uv":[8.25,4,8,7.25],"rotation":270,"texture":"#0"}}},{"from":[-3.21339,0.28661,8],"to":[10.78661,2.28661,8],"rotation":{"angle":0,"axis":"z","origin":[8,1.28661,8]},"faces":{"north":{"uv":[2,0,0,14],"rotation":90,"texture":"#0"},"east":{"uv":[0,0,2,0],"rotation":270,"texture":"#0"},"south":{"uv":[4,0,2,14],"rotation":270,"texture":"#0"},"west":{"uv":[0,0,2,0],"rotation":270,"texture":"#0"},"up":{"uv":[0,0,0,14],"rotation":270,"texture":"#0"},"down":{"uv":[0,0,0,14],"rotation":270,"texture":"#0"}}},{"from":[13.23452,-5.19791,7.6],"to":[14.48452,-3.94791,8.4],"rotation":{"angle":45,"axis":"z","origin":[8,1.28661,8]},"faces":{"north":{"uv":[6.25,7.25,5,6],"rotation":90,"texture":"#0"},"east":{"uv":[8,0,9.25,0.75],"rotation":270,"texture":"#0"},"south":{"uv":[8.25,3.25,7,2],"rotation":270,"texture":"#0"},"west":{"uv":[8,1.75,9.25,1],"rotation":270,"texture":"#0"},"up":{"uv":[7.75,7.25,7,6],"rotation":270,"texture":"#0"},"down":{"uv":[7.75,5.25,7,4],"rotation":270,"texture":"#0"}}},{"from":[14.66161,1.03661,7.85],"to":[17.91161,1.53661,8.15],"rotation":{"angle":0,"axis":"z","origin":[8,1.28661,8]},"faces":{"north":{"uv":[6.5,5.25,6,2],"rotation":90,"texture":"#0"},"east":{"uv":[6,8,6.5,8.25],"rotation":270,"texture":"#0"},"south":{"uv":[4.5,9.25,4,6],"rotation":270,"texture":"#0"},"west":{"uv":[7,8.25,7.5,8],"rotation":270,"texture":"#0"},"up":{"uv":[5.25,11.25,5,8],"rotation":270,"texture":"#0"},"down":{"uv":[8.25,7.25,8,4],"rotation":270,"texture":"#0"}}},{"from":[5.21339,0.28661,8],"to":[19.21339,2.28661,8],"rotation":{"angle":0,"axis":"z","origin":[8,1.28661,8]},"faces":{"north":{"uv":[2,14,0,0],"rotation":90,"texture":"#0"},"east":{"uv":[0,0,2,0],"rotation":270,"texture":"#0"},"south":{"uv":[4,14,2,0],"rotation":270,"texture":"#0"},"west":{"uv":[0,0,2,0],"rotation":270,"texture":"#0"},"up":{"uv":[0,14,0,0],"rotation":270,"texture":"#0"},"down":{"uv":[0,14,0,0],"rotation":270,"texture":"#0"}}},{"from":[13.23452,6.52113,7.5],"to":[14.48452,7.77113,8.3],"rotation":{"angle":-22.5,"axis":"z","origin":[8,1.28661,7.9]},"faces":{"north":{"uv":[5,6,6.25,7.25],"texture":"#0"},"east":{"uv":[7,4,7.75,5.25],"texture":"#0"},"south":{"uv":[7,2,8.25,3.25],"texture":"#0"},"west":{"uv":[7,6,7.75,7.25],"texture":"#0"},"up":{"uv":[9.25,0.75,8,0],"texture":"#0"},"down":{"uv":[9.25,1,8,1.75],"texture":"#0"}}},{"from":[14.66161,1.03661,7.75],"to":[17.91161,1.53661,8.05],"rotation":{"angle":22.5,"axis":"z","origin":[8,1.28661,7.9]},"faces":{"north":{"uv":[6.5,5.25,6,2],"rotation":90,"texture":"#0"},"east":{"uv":[6,8,6.5,8.25],"rotation":270,"texture":"#0"},"south":{"uv":[4.5,9.25,4,6],"rotation":270,"texture":"#0"},"west":{"uv":[7,8.25,7.5,8],"rotation":270,"texture":"#0"},"up":{"uv":[5.25,11.25,5,8],"rotation":270,"texture":"#0"},"down":{"uv":[8.25,7.25,8,4],"rotation":270,"texture":"#0"}}},{"from":[5.21339,0.28661,7.9],"to":[19.21339,2.28661,7.9],"rotation":{"angle":22.5,"axis":"z","origin":[8,1.28661,7.9]},"faces":{"north":{"uv":[2,14,0,0],"rotation":90,"texture":"#0"},"east":{"uv":[0,0,2,0],"rotation":270,"texture":"#0"},"south":{"uv":[4,14,2,0],"rotation":270,"texture":"#0"},"west":{"uv":[0,0,2,0],"rotation":270,"texture":"#0"},"up":{"uv":[0,14,0,0],"rotation":270,"texture":"#0"},"down":{"uv":[0,14,0,0],"rotation":270,"texture":"#0"}}},{"from":[1.51548,6.52113,7.5],"to":[2.76548,7.77113,8.3],"rotation":{"angle":-22.5,"axis":"z","origin":[8,1.28661,7.9]},"faces":{"north":{"uv":[5,6,6.25,7.25],"rotation":90,"texture":"#0"},"east":{"uv":[9.25,1,8,1.75],"rotation":270,"texture":"#0"},"south":{"uv":[7,2,8.25,3.25],"rotation":270,"texture":"#0"},"west":{"uv":[9.25,0.75,8,0],"rotation":270,"texture":"#0"},"up":{"uv":[7,4,7.75,5.25],"rotation":270,"texture":"#0"},"down":{"uv":[7,6,7.75,7.25],"rotation":270,"texture":"#0"}}},{"from":[7.75,7.94822,7.75],"to":[8.25,11.19822,8.05],"rotation":{"angle":22.5,"axis":"z","origin":[8,1.28661,7.9]},"faces":{"north":{"uv":[6,2,6.5,5.25],"texture":"#0"},"east":{"uv":[8,4,8.25,7.25],"texture":"#0"},"south":{"uv":[4,6,4.5,9.25],"texture":"#0"},"west":{"uv":[5,8,5.25,11.25],"texture":"#0"},"up":{"uv":[6.5,8.25,6,8],"texture":"#0"},"down":{"uv":[7.5,8,7,8.25],"texture":"#0"}}},{"from":[7,-1.5,7.9],"to":[9,12.5,7.9],"rotation":{"angle":22.5,"axis":"z","origin":[8,1.28661,7.9]},"faces":{"north":{"uv":[0,0,2,14],"texture":"#0"},"east":{"uv":[0,0,0,14],"texture":"#0"},"south":{"uv":[2,0,4,14],"texture":"#0"},"west":{"uv":[0,0,0,14],"texture":"#0"},"up":{"uv":[2,0,0,0],"texture":"#0"},"down":{"uv":[2,0,0,0],"texture":"#0"}}},{"from":[7,0.29289,7.5],"to":[9,2.29289,8.5],"rotation":{"angle":45,"axis":"z","origin":[8,1.29289,8]},"faces":{"north":{"uv":[4,0,6,2],"texture":"#0"},"east":{"uv":[4,4,5,6],"texture":"#0"},"south":{"uv":[4,2,6,4],"texture":"#0"},"west":{"uv":[5,4,6,6],"texture":"#0"},"up":{"uv":[8,1,6,0],"texture":"#0"},"down":{"uv":[8,1,6,2],"texture":"#0"}}}],"gui_light":"front","display":{"thirdperson_righthand":{"rotation":[35,0,0],"translation":[0,6.25,4.75]},"thirdperson_lefthand":{"rotation":[35,0,0],"translation":[0,6.25,4.75]},"firstperson_righthand":{"rotation":[-16.92,-31.54,-8.75],"translation":[5,6.75,-2.5],"scale":[1.17773,1.17773,1.17773]},"firstperson_lefthand":{"rotation":[-16.92,-31.54,-8.75],"translation":[5,6.75,-2.5],"scale":[1.17773,1.17773,1.17773]},"ground":{"rotation":[-78,0,0],"translation":[0,0,-3.75],"scale":[1.09102,1.09102,1.09102]},"gui":{"translation":[0,1.25,0],"scale":[0.72188,0.72188,0.72188]},"head":{"translation":[0,15.25,0],"scale":[0,0,0]},"fixed":{"translation":[0,8,-2],"scale":[2.5,2.5,2.5]}},"groups":[{"name":"foldingfan","origin":[8.125,8.57322,8],"color":0,"boneType":"","children":[0,{"name":"group","origin":[8,7,8],"color":0,"boneType":"","children":[1,2,3]},{"name":"group","origin":[8,7,8],"color":0,"boneType":"","children":[4,5,6]},{"name":"group","origin":[8,7,8],"color":0,"boneType":"","children":[7,8,9]},{"name":"group","origin":[8,7,8],"color":0,"boneType":"","children":[10,11,12]},{"name":"group","origin":[8,7,8],"color":0,"boneType":"","children":[13,14,15]},{"name":"group","origin":[8,7,8],"color":0,"boneType":"","children":[16,17,18]},{"name":"group","origin":[8,7,8],"color":0,"boneType":"","children":[19,20,21]},{"name":"group","origin":[8,7,8],"color":0,"boneType":"","children":[22,23,24]},{"name":"group","origin":[8,7,8],"color":0,"boneType":"","children":[25,26,27]},28]}]}