{"credit":"MadewithBlockbench","textures":{"0":"autumn_festival:spear","1":"autumn_festival:clouds_eff","2":"autumn_festival:eff02_1","3":"autumn_festival:eff03","particle":"autumn_festival:spear"},"elements":[{"from":[7.25,12.11568,5.6699],"to":[7.25,17.88616,10.96116],"rotation":{"angle":0,"axis":"y","origin":[8,15.00092,8.31553]},"faces":{"north":{"uv":[16,0,0,16],"texture":"#1"},"east":{"uv":[0,0,16,16],"texture":"#1"},"south":{"uv":[16,0,0,16],"texture":"#1"},"west":{"uv":[16,0,0,16],"texture":"#1"},"up":{"uv":[0,0,16,16],"texture":"#1"},"down":{"uv":[0,16,16,0],"texture":"#1"}}},{"from":[8,11.16568,5.3199],"to":[8,13.16568,7.3199],"rotation":{"angle":0,"axis":"y","origin":[8,12.16568,6.3199]},"faces":{"north":{"uv":[16,0,0,16],"texture":"#3"},"east":{"uv":[0,0,16,16],"texture":"#3"},"south":{"uv":[16,0,0,16],"texture":"#3"},"west":{"uv":[16,0,0,16],"texture":"#3"},"up":{"uv":[0,0,16,16],"texture":"#3"},"down":{"uv":[0,16,16,0],"texture":"#3"}}},{"from":[7.25,14.11568,5.1699],"to":[7.25,18.88616,9.46116],"rotation":{"angle":0,"axis":"y","origin":[8,17.00092,7.81553]},"faces":{"north":{"uv":[0,0,16,16],"texture":"#1"},"east":{"uv":[16,0,0,16],"texture":"#1"},"south":{"uv":[0,0,16,16],"texture":"#1"},"west":{"uv":[0,0,16,16],"texture":"#1"},"up":{"uv":[16,0,0,16],"rotation":180,"texture":"#1"},"down":{"uv":[16,16,0,0],"rotation":180,"texture":"#1"}}},{"from":[8.75,12.11568,5.6699],"to":[8.75,17.88616,10.96116],"rotation":{"angle":0,"axis":"y","origin":[8,15.00092,8.31553]},"faces":{"north":{"uv":[0,0,16,16],"texture":"#1"},"east":{"uv":[0,0,16,16],"texture":"#1"},"south":{"uv":[0,0,16,16],"texture":"#1"},"west":{"uv":[16,0,0,16],"texture":"#1"},"up":{"uv":[16,0,0,16],"texture":"#1"},"down":{"uv":[16,16,0,0],"texture":"#1"}}},{"from":[8.75,14.11568,5.1699],"to":[8.75,18.88616,9.46116],"rotation":{"angle":0,"axis":"y","origin":[8,17.00092,7.81553]},"faces":{"north":{"uv":[16,0,0,16],"texture":"#1"},"east":{"uv":[16,0,0,16],"texture":"#1"},"south":{"uv":[16,0,0,16],"texture":"#1"},"west":{"uv":[0,0,16,16],"texture":"#1"},"up":{"uv":[0,0,16,16],"rotation":180,"texture":"#1"},"down":{"uv":[0,16,16,0],"rotation":180,"texture":"#1"}}},{"from":[7.34175,15.36071,7.17649],"to":[8.65825,17.33546,9.15125],"rotation":{"angle":-45,"axis":"x","origin":[8.32913,16.34808,8.16387]},"faces":{"north":{"uv":[9.6,0,10.6,1.6],"texture":"#0"},"east":{"uv":[6.4,8.8,8,10.4],"texture":"#0"},"south":{"uv":[9.6,1.6,10.6,3.2],"texture":"#0"},"west":{"uv":[8,8.8,9.6,10.4],"texture":"#0"},"up":{"uv":[10.6,4.8,9.6,3.2],"texture":"#0"},"down":{"uv":[10.6,4.8,9.6,6.4],"texture":"#0"}}},{"from":[7.67087,-9.24706,7.83474],"to":[8.32913,14.0442,8.493],"rotation":{"angle":0,"axis":"y","origin":[8,13.05682,8.16387]},"faces":{"north":{"uv":[15,0,15.6,15.8],"texture":"#0"},"east":{"uv":[15,0,15.6,15.8],"texture":"#0"},"south":{"uv":[15,0,15.6,15.8],"texture":"#0"},"west":{"uv":[15,0,15.6,15.8],"texture":"#0"},"up":{"uv":[13.4,9.4,12.8,8.8],"texture":"#0"},"down":{"uv":[13.4,12.8,12.8,13.4],"texture":"#0"}}},{"from":[7.70379,13.61868,7.46569],"to":[8.29621,14.93518,8.12394],"rotation":{"angle":-45,"axis":"x","origin":[7.96709,14.27693,7.79481]},"faces":{"north":{"uv":[11.2,12.8,11.6,13.8],"texture":"#0"},"east":{"uv":[12.8,1.6,13.4,2.6],"texture":"#0"},"south":{"uv":[12,12.8,12.4,13.8],"texture":"#0"},"west":{"uv":[2.4,12.8,3,13.8],"texture":"#0"},"up":{"uv":[14,7,13.6,6.4],"texture":"#0"},"down":{"uv":[7.6,13.6,7.2,14.2],"texture":"#0"}}},{"from":[7.67087,14.50966,7.09663],"to":[8.32913,15.99072,7.75488],"rotation":{"angle":0,"axis":"y","origin":[8,15.49703,7.42576]},"faces":{"north":{"uv":[0,12.8,0.6,14],"texture":"#0"},"east":{"uv":[12.8,0,13.4,1.2],"texture":"#0"},"south":{"uv":[0.8,12.8,1.4,14],"texture":"#0"},"west":{"uv":[1.6,12.8,2.2,14],"texture":"#0"},"up":{"uv":[14.2,0.6,13.6,0],"texture":"#0"},"down":{"uv":[14.2,0.8,13.6,1.4],"texture":"#0"}}},{"from":[7.63796,-10.6035,7.00023],"to":[8.36204,-9.28699,7.65848],"rotation":{"angle":45,"axis":"x","origin":[8.03291,-10.6035,7.32936]},"faces":{"north":{"uv":[3.2,12.8,3.8,13.8],"texture":"#0"},"east":{"uv":[12.8,3.2,13.4,4.2],"texture":"#0"},"south":{"uv":[4,12.8,4.6,13.8],"texture":"#0"},"west":{"uv":[4.8,12.8,5.4,13.8],"texture":"#0"},"up":{"uv":[14.2,2.2,13.6,1.6],"texture":"#0"},"down":{"uv":[14.2,2.4,13.6,3],"texture":"#0"}}},{"from":[7.70379,-11.02902,7.09663],"to":[8.29621,-10.37077,7.75488],"rotation":{"angle":0,"axis":"y","origin":[8.03291,-11.02902,7.42576]},"faces":{"north":{"uv":[13.6,7.2,14,7.8],"texture":"#0"},"east":{"uv":[13.6,3.2,14.2,3.8],"texture":"#0"},"south":{"uv":[8,13.6,8.4,14.2],"texture":"#0"},"west":{"uv":[13.6,4,14.2,4.6],"texture":"#0"},"up":{"uv":[14,8.6,13.6,8],"texture":"#0"},"down":{"uv":[9.2,13.6,8.8,14.2],"texture":"#0"}}},{"from":[7.67087,-11.68728,7.23296],"to":[8.32913,-10.6999,7.89121],"rotation":{"angle":-45,"axis":"x","origin":[8,-11.02902,7.56209]},"faces":{"north":{"uv":[12.8,4.8,13.4,5.6],"texture":"#0"},"east":{"uv":[5.6,12.8,6.2,13.6],"texture":"#0"},"south":{"uv":[12.8,5.6,13.4,6.4],"texture":"#0"},"west":{"uv":[12.8,6.4,13.4,7.2],"texture":"#0"},"up":{"uv":[14.2,5.4,13.6,4.8],"texture":"#0"},"down":{"uv":[6.2,13.6,5.6,14.2],"texture":"#0"}}},{"from":[7.34175,13.28721,7.83474],"to":[8.65825,14.60372,9.15125],"rotation":{"angle":-45,"axis":"x","origin":[8.32913,13.61634,8.16387]},"faces":{"north":{"uv":[7.2,10.4,8.2,11.4],"texture":"#0"},"east":{"uv":[10.4,9.6,11.4,10.6],"texture":"#0"},"south":{"uv":[11.2,0,12.2,1],"texture":"#0"},"west":{"uv":[11.2,1.6,12.2,2.6],"texture":"#0"},"up":{"uv":[12.2,4.2,11.2,3.2],"texture":"#0"},"down":{"uv":[12.2,4.8,11.2,5.8],"texture":"#0"}}},{"from":[7.34175,8.28721,7.83474],"to":[8.65825,9.60372,9.15125],"rotation":{"angle":-45,"axis":"x","origin":[8.32913,8.61634,8.16387]},"faces":{"north":{"uv":[7.2,10.4,8.2,11.4],"texture":"#0"},"east":{"uv":[10.4,9.6,11.4,10.6],"texture":"#0"},"south":{"uv":[11.2,0,12.2,1],"texture":"#0"},"west":{"uv":[11.2,1.6,12.2,2.6],"texture":"#0"},"up":{"uv":[12.2,4.2,11.2,3.2],"texture":"#0"},"down":{"uv":[12.2,4.8,11.2,5.8],"texture":"#0"}}},{"from":[7.34175,4.28721,7.83474],"to":[8.65825,5.60372,9.15125],"rotation":{"angle":-45,"axis":"x","origin":[8.32913,4.61634,8.16387]},"faces":{"north":{"uv":[7.2,10.4,8.2,11.4],"texture":"#0"},"east":{"uv":[10.4,9.6,11.4,10.6],"texture":"#0"},"south":{"uv":[11.2,0,12.2,1],"texture":"#0"},"west":{"uv":[11.2,1.6,12.2,2.6],"texture":"#0"},"up":{"uv":[12.2,4.2,11.2,3.2],"texture":"#0"},"down":{"uv":[12.2,4.8,11.2,5.8],"texture":"#0"}}},{"from":[7.7367,-11.95993,7.96639],"to":[8.2633,-11.30168,8.493],"rotation":{"angle":-22.5,"axis":"x","origin":[8,-11.95993,8.22969]},"faces":{"north":{"uv":[13.6,8.8,14,9.4],"texture":"#0"},"east":{"uv":[13.6,9.6,14,10.2],"texture":"#0"},"south":{"uv":[13.6,10.4,14,11],"texture":"#0"},"west":{"uv":[13.6,11.2,14,11.8],"texture":"#0"},"up":{"uv":[0.4,14.8,0,14.4],"texture":"#0"},"down":{"uv":[14.8,0,14.4,0.4],"texture":"#0"}}},{"from":[7.80252,-12.52731,8.02652],"to":[8.19748,-11.86906,8.42147],"rotation":{"angle":0,"axis":"y","origin":[8,-12.19818,8.224]},"faces":{"north":{"uv":[13.6,12,14,12.6],"texture":"#0"},"east":{"uv":[12.8,13.6,13.2,14.2],"texture":"#0"},"south":{"uv":[13.6,12.8,14,13.4],"texture":"#0"},"west":{"uv":[13.6,13.6,14,14.2],"texture":"#0"},"up":{"uv":[1.2,14.8,0.8,14.4],"texture":"#0"},"down":{"uv":[14.8,0.8,14.4,1.2],"texture":"#0"}}},{"from":[7.65379,13.87095,6.84489],"to":[8.34621,14.5292,7.50314],"rotation":{"angle":-22.5,"axis":"x","origin":[8.05,13.80096,6.42487]},"faces":{"north":{"uv":[8.8,14.2,9.2,13.6],"texture":"#0"},"east":{"uv":[13.6,3.2,14.2,3.8],"rotation":270,"texture":"#0"},"south":{"uv":[13.6,8,14,8.6],"rotation":180,"texture":"#0"},"west":{"uv":[13.6,4,14.2,4.6],"rotation":90,"texture":"#0"},"up":{"uv":[14,7.8,13.6,7.2],"texture":"#0"},"down":{"uv":[8.4,14.2,8,13.6],"rotation":180,"texture":"#0"}}},{"from":[7.67087,13.62552,6.20693],"to":[8.32913,14.6129,6.86518],"rotation":{"angle":22.5,"axis":"x","origin":[8,13.80096,6.42487]},"faces":{"north":{"uv":[12.8,4.8,13.4,5.6],"texture":"#0"},"east":{"uv":[5.6,12.8,6.2,13.6],"texture":"#0"},"south":{"uv":[12.8,5.6,13.4,6.4],"texture":"#0"},"west":{"uv":[12.8,6.4,13.4,7.2],"texture":"#0"},"up":{"uv":[14.2,5.4,13.6,4.8],"texture":"#0"},"down":{"uv":[6.2,13.6,5.6,14.2],"texture":"#0"}}},{"from":[7.7367,13.35916,5.79796],"to":[8.2633,13.88577,6.45621],"rotation":{"angle":-45,"axis":"x","origin":[8,13.80096,6.42487]},"faces":{"north":{"uv":[14.4,0.4,14.8,0],"texture":"#0"},"east":{"uv":[13.6,9.6,14,10.2],"rotation":270,"texture":"#0"},"south":{"uv":[0,14.4,0.4,14.8],"rotation":180,"texture":"#0"},"west":{"uv":[13.6,11.2,14,11.8],"rotation":90,"texture":"#0"},"up":{"uv":[14,9.4,13.6,8.8],"texture":"#0"},"down":{"uv":[14,11,13.6,10.4],"rotation":180,"texture":"#0"}}},{"from":[7.80252,13.20436,5.3466],"to":[8.19748,13.59931,6.00486],"rotation":{"angle":-22.5,"axis":"x","origin":[8,13.80096,6.42487]},"faces":{"north":{"uv":[14.4,1.2,14.8,0.8],"texture":"#0"},"east":{"uv":[12.8,13.6,13.2,14.2],"rotation":270,"texture":"#0"},"south":{"uv":[0.8,14.4,1.2,14.8],"rotation":180,"texture":"#0"},"west":{"uv":[13.6,13.6,14,14.2],"rotation":90,"texture":"#0"},"up":{"uv":[14,12.6,13.6,12],"texture":"#0"},"down":{"uv":[14,13.4,13.6,12.8],"rotation":180,"texture":"#0"}}},{"from":[7.34175,-10.49774,7.83474],"to":[8.65825,-9.18124,9.15125],"rotation":{"angle":-45,"axis":"x","origin":[8.32913,-10.16862,8.16387]},"faces":{"north":{"uv":[11.2,6.4,12.2,7.4],"texture":"#0"},"east":{"uv":[11.2,8,12.2,9],"texture":"#0"},"south":{"uv":[10.4,11.2,11.4,12.2],"texture":"#0"},"west":{"uv":[7.2,12,8.2,13],"texture":"#0"},"up":{"uv":[13,10.6,12,9.6],"texture":"#0"},"down":{"uv":[13,11.2,12,12.2],"texture":"#0"}}},{"from":[8,16.01896,6.51824],"to":[8,31.78944,9.8095],"rotation":{"angle":0,"axis":"y","origin":[7.34175,17.66459,8.16387]},"faces":{"north":{"uv":[0,0,0,12.6],"texture":"#0"},"east":{"uv":[0,0,2.6,12.6],"texture":"#0"},"south":{"uv":[0,0,0,12.6],"texture":"#0"},"west":{"uv":[3.2,0,5.8,12.6],"texture":"#0"},"up":{"uv":[0,2.6,0,0],"texture":"#0"},"down":{"uv":[0,0,0,2.6],"texture":"#0"}}},{"from":[7.95,16.01896,6.51824],"to":[7.95,31.78944,9.8095],"rotation":{"angle":0,"axis":"y","origin":[7.29175,17.66459,8.16387]},"faces":{"north":{"uv":[0,0,0,12.6],"texture":"#2"},"east":{"uv":[6.425,0,3.2625,15.75],"texture":"#2"},"south":{"uv":[0,0,0,12.6],"texture":"#2"},"west":{"uv":[3.2625,0,6.425,15.75],"texture":"#2"},"up":{"uv":[0,2.6,0,0],"texture":"#2"},"down":{"uv":[0,0,0,2.6],"texture":"#2"}}},{"from":[8.05,16.01896,6.51824],"to":[8.05,31.78944,9.8095],"rotation":{"angle":0,"axis":"y","origin":[7.29175,17.66459,8.16387]},"faces":{"north":{"uv":[0,0,0,12.6],"texture":"#2"},"east":{"uv":[6.425,0,3.2625,15.75],"texture":"#2"},"south":{"uv":[0,0,0,12.6],"texture":"#2"},"west":{"uv":[3.2625,0,6.425,15.75],"texture":"#2"},"up":{"uv":[0,2.6,0,0],"texture":"#2"},"down":{"uv":[0,0,0,2.6],"texture":"#2"}}}],"gui_light":"front","display":{"thirdperson_righthand":{"translation":[0,3.75,1.75]},"thirdperson_lefthand":{"translation":[0,3.75,1.75]},"firstperson_righthand":{"rotation":[-18.38,-2,-1.49],"translation":[4,0,0],"scale":[0.98438,0.98438,0.98438]},"firstperson_lefthand":{"rotation":[-18.38,-2,-1.49],"translation":[4,0,0],"scale":[0.98438,0.98438,0.98438]},"ground":{"rotation":[-45,0,-83],"translation":[0,1,0],"scale":[0.65,0.65,0.65]},"gui":{"rotation":[-90,45,90],"translation":[0,-0.25,0],"scale":[0.51641,0.51641,0.51641]},"head":{"scale":[0,0,0]},"fixed":{"rotation":[-90,90,90],"translation":[-0.25,0.25,-2],"scale":[1.75,1.75,1.75]}},"groups":[{"name":"spear","origin":[8,12.53443,8.54777],"color":0,"boneType":"","children":[{"name":"clouds","origin":[8,7.00092,7.81553],"color":0,"boneType":"","children":[0,1,2,3,4]},5,6,7,8,9,10,11,12,13,14,15,16,17,18,19,20,21,22,23,24]}]}