{
	"credit": "Made with Blockbench",
	"parent": "sac_a_dos",
	"texture_size": [64, 64],
	"textures": {
		"0": "cosmetic:custom/item/back2"
	},
	"elements": [
		{
			"from": [3, 3, 5],
			"to": [13, 15, 11],
			"rotation": {"angle": 0, "axis": "y", "origin": [4, 5, -3]},
			"faces": {
				"north": {"uv": [1.5, 4.5, 4, 7.5], "texture": "#0", "tintindex": 0},
				"east": {"uv": [0, 4.5, 1.5, 7.5], "texture": "#0", "tintindex": 0},
				"south": {"uv": [5.5, 4.5, 8, 7.5], "texture": "#0", "tintindex": 0},
				"west": {"uv": [4, 4.5, 5.5, 7.5], "texture": "#0", "tintindex": 0},
				"up": {"uv": [4, 4.5, 1.5, 3], "texture": "#0", "tintindex": 0},
				"down": {"uv": [6.5, 3, 4, 4.5], "texture": "#0", "tintindex": 0}
			}
		},
		{
			"from": [5, 16, 7],
			"to": [11, 17, 9],
			"rotation": {"angle": 0, "axis": "y", "origin": [4, 5, -3]},
			"faces": {
				"north": {"uv": [0.5, 14.25, 2, 14.5], "texture": "#0", "tintindex": 0},
				"east": {"uv": [0, 14.25, 0.5, 14.5], "texture": "#0", "tintindex": 0},
				"south": {"uv": [2.5, 14.25, 4, 14.5], "texture": "#0", "tintindex": 0},
				"west": {"uv": [2, 14.25, 2.5, 14.5], "texture": "#0", "tintindex": 0},
				"up": {"uv": [2, 14.25, 0.5, 13.75], "texture": "#0", "tintindex": 0},
				"down": {"uv": [3.5, 13.75, 2, 14.25], "texture": "#0", "tintindex": 0}
			}
		},
		{
			"from": [5, 15, 7],
			"to": [6, 16, 9],
			"rotation": {"angle": 0, "axis": "y", "origin": [4, 5, -3]},
			"faces": {
				"north": {"uv": [0.5, 15.25, 0.75, 15.5], "texture": "#0", "tintindex": 0},
				"east": {"uv": [0, 15.25, 0.5, 15.5], "texture": "#0", "tintindex": 0},
				"south": {"uv": [1.25, 15.25, 1.5, 15.5], "texture": "#0", "tintindex": 0},
				"west": {"uv": [0.75, 15.25, 1.25, 15.5], "texture": "#0", "tintindex": 0},
				"up": {"uv": [0.75, 15.25, 0.5, 14.75], "texture": "#0", "tintindex": 0},
				"down": {"uv": [1, 14.75, 0.75, 15.25], "texture": "#0", "tintindex": 0}
			}
		},
		{
			"from": [10, 15, 7],
			"to": [11, 16, 9],
			"shade": false,
			"rotation": {"angle": 0, "axis": "y", "origin": [-4, 5, -3]},
			"faces": {
				"north": {"uv": [0.75, 15.25, 0.5, 15.5], "texture": "#0", "tintindex": 0},
				"east": {"uv": [1.25, 15.25, 0.75, 15.5], "texture": "#0", "tintindex": 0},
				"south": {"uv": [1.5, 15.25, 1.25, 15.5], "texture": "#0", "tintindex": 0},
				"west": {"uv": [0.5, 15.25, 0, 15.5], "texture": "#0", "tintindex": 0},
				"up": {"uv": [0.5, 15.25, 0.75, 14.75], "texture": "#0", "tintindex": 0},
				"down": {"uv": [0.75, 14.75, 1, 15.25], "texture": "#0", "tintindex": 0}
			}
		},
		{
			"from": [11, 3, 14],
			"to": [13, 15, 15],
			"rotation": {"angle": 0, "axis": "y", "origin": [4, 5, -3]},
			"faces": {
				"north": {"uv": [0.25, 8.5, 0.75, 11.5], "texture": "#0", "tintindex": 0},
				"east": {"uv": [0, 8.5, 0.25, 11.5], "texture": "#0", "tintindex": 0},
				"south": {"uv": [1, 8.5, 1.5, 11.5], "texture": "#0", "tintindex": 0},
				"west": {"uv": [0.75, 8.5, 1, 11.5], "texture": "#0", "tintindex": 0},
				"up": {"uv": [0.75, 8.5, 0.25, 8.25], "texture": "#0", "tintindex": 0},
				"down": {"uv": [1.25, 8.25, 0.75, 8.5], "texture": "#0", "tintindex": 0}
			}
		},
		{
			"from": [3, 3, 14],
			"to": [5, 15, 15],
			"shade": false,
			"rotation": {"angle": 0, "axis": "y", "origin": [-4, 5, -3]},
			"faces": {
				"north": {"uv": [0.75, 8.5, 0.25, 11.5], "texture": "#0", "tintindex": 0},
				"east": {"uv": [1, 8.5, 0.75, 11.5], "texture": "#0", "tintindex": 0},
				"south": {"uv": [1.5, 8.5, 1, 11.5], "texture": "#0", "tintindex": 0},
				"west": {"uv": [0.25, 8.5, 0, 11.5], "texture": "#0", "tintindex": 0},
				"up": {"uv": [0.25, 8.5, 0.75, 8.25], "texture": "#0", "tintindex": 0},
				"down": {"uv": [0.75, 8.25, 1.25, 8.5], "texture": "#0", "tintindex": 0}
			}
		},
		{
			"from": [11, 14, 11],
			"to": [13, 15, 14],
			"rotation": {"angle": 0, "axis": "y", "origin": [4, 5, -3]},
			"faces": {
				"north": {"uv": [0.25, 13, 0.75, 13.25], "texture": "#0", "tintindex": 0},
				"east": {"uv": [0, 13, 0.25, 13.25], "texture": "#0", "tintindex": 0},
				"south": {"uv": [1, 13, 1.5, 13.25], "texture": "#0", "tintindex": 0},
				"west": {"uv": [0.75, 13, 1, 13.25], "texture": "#0", "tintindex": 0},
				"up": {"uv": [0.75, 13, 0.25, 12.75], "texture": "#0", "tintindex": 0},
				"down": {"uv": [1.25, 12.75, 0.75, 13], "texture": "#0", "tintindex": 0}
			}
		},
		{
			"from": [3, 14, 11],
			"to": [5, 15, 14],
			"shade": false,
			"rotation": {"angle": 0, "axis": "y", "origin": [-4, 5, -3]},
			"faces": {
				"north": {"uv": [0.75, 13, 0.25, 13.25], "texture": "#0", "tintindex": 0},
				"east": {"uv": [1, 13, 0.75, 13.25], "texture": "#0", "tintindex": 0},
				"south": {"uv": [1.5, 13, 1, 13.25], "texture": "#0", "tintindex": 0},
				"west": {"uv": [0.25, 13, 0, 13.25], "texture": "#0", "tintindex": 0},
				"up": {"uv": [0.25, 13, 0.75, 12.75], "texture": "#0", "tintindex": 0},
				"down": {"uv": [0.75, 12.75, 1.25, 13], "texture": "#0", "tintindex": 0}
			}
		},
		{
			"from": [11, 3, 11],
			"to": [13, 4, 14],
			"rotation": {"angle": 0, "axis": "y", "origin": [4, 5, -3]},
			"faces": {
				"north": {"uv": [0.25, 13, 0.75, 13.25], "texture": "#0", "tintindex": 0},
				"east": {"uv": [0, 13, 0.25, 13.25], "texture": "#0", "tintindex": 0},
				"south": {"uv": [1, 13, 1.5, 13.25], "texture": "#0", "tintindex": 0},
				"west": {"uv": [0.75, 13, 1, 13.25], "texture": "#0", "tintindex": 0},
				"up": {"uv": [0.75, 13, 0.25, 12.75], "texture": "#0", "tintindex": 0},
				"down": {"uv": [1.25, 12.75, 0.75, 13], "texture": "#0", "tintindex": 0}
			}
		},
		{
			"from": [3, 3, 11],
			"to": [5, 4, 14],
			"shade": false,
			"rotation": {"angle": 0, "axis": "y", "origin": [-4, 5, -3]},
			"faces": {
				"north": {"uv": [0.75, 13, 0.25, 13.25], "texture": "#0", "tintindex": 0},
				"east": {"uv": [1, 13, 0.75, 13.25], "texture": "#0", "tintindex": 0},
				"south": {"uv": [1.5, 13, 1, 13.25], "texture": "#0", "tintindex": 0},
				"west": {"uv": [0.25, 13, 0, 13.25], "texture": "#0", "tintindex": 0},
				"up": {"uv": [0.25, 13, 0.75, 12.75], "texture": "#0", "tintindex": 0},
				"down": {"uv": [0.75, 12.75, 1.25, 13], "texture": "#0", "tintindex": 0}
			}
		},
		{
			"from": [13, 3, 5],
			"to": [14, 9, 11],
			"rotation": {"angle": 0, "axis": "y", "origin": [4, 5, -3]},
			"faces": {
				"north": {"uv": [1.5, 1.5, 1.75, 3], "texture": "#0", "tintindex": 0},
				"east": {"uv": [0, 1.5, 1.5, 3], "texture": "#0", "tintindex": 0},
				"south": {"uv": [3.25, 1.5, 3.5, 3], "texture": "#0", "tintindex": 0},
				"west": {"uv": [1.75, 1.5, 3.25, 3], "texture": "#0", "tintindex": 0},
				"up": {"uv": [1.75, 1.5, 1.5, 0], "texture": "#0", "tintindex": 0},
				"down": {"uv": [2, 0, 1.75, 1.5], "texture": "#0", "tintindex": 0}
			}
		},
		{
			"from": [2, 3, 5],
			"to": [3, 9, 11],
			"shade": false,
			"rotation": {"angle": 0, "axis": "y", "origin": [-4, 5, -3]},
			"faces": {
				"north": {"uv": [1.75, 1.5, 1.5, 3], "texture": "#0", "tintindex": 0},
				"east": {"uv": [3.25, 1.5, 1.75, 3], "texture": "#0", "tintindex": 0},
				"south": {"uv": [3.5, 1.5, 3.25, 3], "texture": "#0", "tintindex": 0},
				"west": {"uv": [1.5, 1.5, 0, 3], "texture": "#0", "tintindex": 0},
				"up": {"uv": [1.5, 1.5, 1.75, 0], "texture": "#0", "tintindex": 0},
				"down": {"uv": [1.75, 0, 2, 1.5], "texture": "#0", "tintindex": 0}
			}
		},
		{
			"from": [5, 11, 4.75],
			"to": [6, 13, 5.75],
			"faces": {
				"north": {"uv": [0, 0, 0.25, 0.5], "texture": "#0"},
				"east": {"uv": [0, 0, 0.25, 0.5], "texture": "#0"},
				"south": {"uv": [0, 0, 0.25, 0.5], "texture": "#0"},
				"west": {"uv": [0, 0, 0.25, 0.5], "texture": "#0"},
				"up": {"uv": [0, 0, 0.25, 0.25], "texture": "#0"},
				"down": {"uv": [0, 0, 0.25, 0.25], "texture": "#0"}
			}
		},
		{
			"from": [1.9, 7.9, 6.9],
			"to": [3.1, 9.1, 9.1],
			"rotation": {"angle": 0, "axis": "y", "origin": [1.5, 9, 7.25]},
			"faces": {
				"north": {"uv": [0, 0, 0.25, 0.25], "rotation": 180, "texture": "#0"},
				"east": {"uv": [0, 0, 0.25, 0.5], "rotation": 270, "texture": "#0"},
				"south": {"uv": [0, 0, 0.25, 0.25], "texture": "#0"},
				"west": {"uv": [0, 0, 0.25, 0.5], "rotation": 90, "texture": "#0"},
				"up": {"uv": [0, 0, 0.25, 0.5], "rotation": 180, "texture": "#0"},
				"down": {"uv": [0, 0, 0.25, 0.5], "texture": "#0"}
			}
		},
		{
			"from": [2.9, 11.9, 13.9],
			"to": [5.1, 13.1, 15.1],
			"rotation": {"angle": 0, "axis": "y", "origin": [2.5, 12.5, 14]},
			"faces": {
				"north": {"uv": [0, 0, 0.25, 0.5], "rotation": 270, "texture": "#0"},
				"east": {"uv": [0, 0, 0.25, 0.25], "texture": "#0"},
				"south": {"uv": [0, 0, 0.25, 0.5], "rotation": 90, "texture": "#0"},
				"west": {"uv": [0, 0, 0.25, 0.25], "rotation": 180, "texture": "#0"},
				"up": {"uv": [0, 0, 0.25, 0.5], "rotation": 90, "texture": "#0"},
				"down": {"uv": [0, 0, 0.25, 0.5], "rotation": 90, "texture": "#0"}
			}
		},
		{
			"from": [10.9, 11.9, 13.9],
			"to": [13.1, 13.1, 15.1],
			"rotation": {"angle": 0, "axis": "y", "origin": [13.5, 12.5, 14]},
			"faces": {
				"north": {"uv": [0, 0.5, 0.25, 0], "rotation": 270, "texture": "#0"},
				"east": {"uv": [0.25, 0, 0, 0.25], "rotation": 180, "texture": "#0"},
				"south": {"uv": [0, 0.5, 0.25, 0], "rotation": 90, "texture": "#0"},
				"west": {"uv": [0.25, 0, 0, 0.25], "texture": "#0"},
				"up": {"uv": [0, 0.5, 0.25, 0], "rotation": 90, "texture": "#0"},
				"down": {"uv": [0, 0.5, 0.25, 0], "rotation": 90, "texture": "#0"}
			}
		},
		{
			"from": [12.9, 7.9, 6.9],
			"to": [14.1, 9.1, 9.1],
			"rotation": {"angle": 0, "axis": "y", "origin": [14.5, 9, 7.25]},
			"faces": {
				"north": {"uv": [0.25, 0, 0, 0.25], "rotation": 180, "texture": "#0"},
				"east": {"uv": [0, 0.5, 0.25, 0], "rotation": 90, "texture": "#0"},
				"south": {"uv": [0.25, 0, 0, 0.25], "texture": "#0"},
				"west": {"uv": [0, 0.5, 0.25, 0], "rotation": 270, "texture": "#0"},
				"up": {"uv": [0.25, 0, 0, 0.5], "rotation": 180, "texture": "#0"},
				"down": {"uv": [0.25, 0, 0, 0.5], "texture": "#0"}
			}
		},
		{
			"from": [10, 11, 4.75],
			"to": [11, 13, 5.75],
			"faces": {
				"north": {"uv": [0, 0, 0.25, 0.5], "texture": "#0"},
				"east": {"uv": [0, 0, 0.25, 0.5], "texture": "#0"},
				"south": {"uv": [0, 0, 0.25, 0.5], "texture": "#0"},
				"west": {"uv": [0, 0, 0.25, 0.5], "texture": "#0"},
				"up": {"uv": [0, 0, 0.25, 0.25], "texture": "#0"},
				"down": {"uv": [0, 0, 0.25, 0.25], "texture": "#0"}
			}
		},
		{
			"from": [7, 7, 4.75],
			"to": [9, 8, 5.75],
			"rotation": {"angle": 0, "axis": "y", "origin": [8.5, 7, 5.25]},
			"faces": {
				"north": {"uv": [0, 0, 0.25, 0.5], "rotation": 90, "texture": "#0"},
				"east": {"uv": [0, 0, 0.25, 0.25], "rotation": 270, "texture": "#0"},
				"south": {"uv": [0, 0, 0.25, 0.5], "rotation": 270, "texture": "#0"},
				"west": {"uv": [0, 0, 0.25, 0.25], "rotation": 270, "texture": "#0"},
				"up": {"uv": [0, 0, 0.25, 0.5], "rotation": 270, "texture": "#0"},
				"down": {"uv": [0, 0, 0.25, 0.5], "rotation": 270, "texture": "#0"}
			}
		}
	],
	"display": {
		"thirdperson_righthand": {
			"scale": [0.47, 0.47, 0.47]
		},
		"thirdperson_lefthand": {
			"scale": [0.47, 0.47, 0.47]
		},
		"firstperson_righthand": {
			"scale": [0.47, 0.47, 0.47]
		},
		"firstperson_lefthand": {
			"scale": [0.47, 0.47, 0.47]
		},
		"ground": {
			"scale": [0.34, 0.34, 0.34]
		},
		"gui": {
			"rotation": [19, 142, 0],
			"translation": [-0.75, -0.75, 0],
			"scale": [0.8, 0.8, 0.8]
		},
		"head": {
			"rotation": [0, -180, 0],
			"translation": [0, -56.75, 8.75],
			"scale": [1.35, 1.35, 1.35]
		},
		"fixed": {
			"translation": [0, -1.75, 0]
		}
	},
	"groups": [
		{
			"name": "bone",
			"origin": [0, 12.20833, 1.91667],
			"color": 0,
			"children": [0, 1, 2, 3, 4, 5, 6, 7, 8, 9, 10, 11, 12, 13, 14, 15, 16, 17, 18]
		}
	]
}