{"credit":"MadebyPolygonMC","texture_size":[4,4],"textures":{"1":"akiraset:animation_1","2":"akiraset:axe","particle":"akiraset:axe"},"elements":[{"from":[7.4,0,7],"to":[8.6,0.5,9],"rotation":{"angle":-22.5,"axis":"x","origin":[8,0.25,8]},"faces":{"north":{"uv":[7.2,12.8,8.2,13.2],"texture":"#2"},"east":{"uv":[12,4,13.6,4.4],"texture":"#2"},"south":{"uv":[12.8,7.2,13.8,7.6],"texture":"#2"},"west":{"uv":[12,4.8,13.6,5.2],"texture":"#2"},"up":{"uv":[9.8,3.2,8.8,1.6],"texture":"#2"},"down":{"uv":[9.8,3.2,8.8,4.8],"texture":"#2"}}},{"from":[7.5,0.2,7.5],"to":[8.5,1.2,8.5],"rotation":{"angle":0,"axis":"y","origin":[7.5,0,7.5]},"faces":{"north":{"uv":[8,9.6,8.8,10.4],"texture":"#2"},"east":{"uv":[4,10.4,4.8,11.2],"texture":"#2"},"south":{"uv":[12,5.6,12.8,6.4],"texture":"#2"},"west":{"uv":[12,6.4,12.8,7.2],"texture":"#2"},"up":{"uv":[12.8,8,12,7.2],"texture":"#2"},"down":{"uv":[8.8,12,8,12.8],"texture":"#2"}}},{"from":[7.5,2.2,7.5],"to":[8.5,2.7,8.5],"rotation":{"angle":0,"axis":"y","origin":[7.5,2,7.5]},"faces":{"north":{"uv":[12.8,8.8,13.6,9.2],"texture":"#2"},"east":{"uv":[9.6,12.8,10.4,13.2],"texture":"#2"},"south":{"uv":[12.8,9.6,13.6,10],"texture":"#2"},"west":{"uv":[10.4,12.8,11.2,13.2],"texture":"#2"},"up":{"uv":[12.8,8.8,12,8],"texture":"#2"},"down":{"uv":[9.6,12,8.8,12.8],"texture":"#2"}}},{"from":[7.5,4.7,7.5],"to":[8.5,5.2,8.5],"rotation":{"angle":0,"axis":"y","origin":[7.5,4.5,7.5]},"faces":{"north":{"uv":[12.8,10.4,13.6,10.8],"texture":"#2"},"east":{"uv":[11.2,12.8,12,13.2],"texture":"#2"},"south":{"uv":[12.8,11.2,13.6,11.6],"texture":"#2"},"west":{"uv":[12,12.8,12.8,13.2],"texture":"#2"},"up":{"uv":[12.8,9.6,12,8.8],"texture":"#2"},"down":{"uv":[10.4,12,9.6,12.8],"texture":"#2"}}},{"from":[7.5,15.2,7.5],"to":[8.5,16.2,8.5],"rotation":{"angle":0,"axis":"y","origin":[7.5,16.4,7.5]},"faces":{"north":{"uv":[12,9.6,12.8,10.4],"texture":"#2"},"east":{"uv":[10.4,12,11.2,12.8],"texture":"#2"},"south":{"uv":[12,10.4,12.8,11.2],"texture":"#2"},"west":{"uv":[11.2,12,12,12.8],"texture":"#2"},"up":{"uv":[12.8,12,12,11.2],"texture":"#2"},"down":{"uv":[12.8,12,12,12.8],"texture":"#2"}}},{"from":[7.55,7.2,7.55],"to":[8.45,8.2,8.45],"rotation":{"angle":0,"axis":"y","origin":[7.5,8.4,7.5]},"faces":{"north":{"uv":[5.6,12.8,6.4,13.6],"texture":"#2"},"east":{"uv":[12.8,5.6,13.6,6.4],"texture":"#2"},"south":{"uv":[6.4,12.8,7.2,13.6],"texture":"#2"},"west":{"uv":[12.8,6.4,13.6,7.2],"texture":"#2"}}},{"from":[7.6,1.2,7.6],"to":[8.4,6.2,8.4],"rotation":{"angle":0,"axis":"y","origin":[7.5,2.5,7.5]},"faces":{"north":{"uv":[1.6,8,2.2,12],"texture":"#2"},"east":{"uv":[8,1.6,8.6,5.6],"texture":"#2"},"south":{"uv":[2.4,8,3,12],"texture":"#2"},"west":{"uv":[3.2,8,3.8,12],"texture":"#2"},"up":{"uv":[13.4,8.6,12.8,8],"texture":"#2"},"down":{"uv":[9.4,12.8,8.8,13.4],"texture":"#2"}}},{"from":[7.425,15.8,7],"to":[8.575,17.8,9],"rotation":{"angle":-45,"axis":"x","origin":[8,16.8,8]},"faces":{"north":{"uv":[8.8,7.2,9.8,8.8],"texture":"#2"},"east":{"uv":[0,8,1.6,9.6],"texture":"#2"},"south":{"uv":[8.8,8.8,9.8,10.4],"texture":"#2"},"west":{"uv":[8,0,9.6,1.6],"texture":"#2"},"up":{"uv":[1,11.2,0,9.6],"texture":"#2"},"down":{"uv":[10.6,0,9.6,1.6],"texture":"#2"}}},{"from":[7.225,16.05,7.25],"to":[8.775,17.55,8.75],"rotation":{"angle":-45,"axis":"x","origin":[8,16.8,8]},"faces":{"north":{"uv":[10.4,1.6,11.6,2.8],"texture":"#2"},"east":{"uv":[10.4,3.2,11.6,4.4],"texture":"#2"},"south":{"uv":[10.4,4.8,11.6,6],"texture":"#2"},"west":{"uv":[10.4,6.4,11.6,7.6],"texture":"#2"},"up":{"uv":[9.2,11.6,8,10.4],"texture":"#2"},"down":{"uv":[11.6,8,10.4,9.2],"texture":"#2"}}},{"from":[7.5,6.05,7.25],"to":[8.5,7.55,8.75],"rotation":{"angle":-45,"axis":"x","origin":[8,6.8,8]},"faces":{"north":{"uv":[5.6,11.2,6.4,12.4],"texture":"#2"},"east":{"uv":[9.6,10.4,10.8,11.6],"texture":"#2"},"south":{"uv":[6.4,11.2,7.2,12.4],"texture":"#2"},"west":{"uv":[0,11.2,1.2,12.4],"texture":"#2"},"up":{"uv":[8,12.4,7.2,11.2],"texture":"#2"},"down":{"uv":[12,10.4,11.2,11.6],"texture":"#2"}}},{"from":[7.75,15.91612,4.71968],"to":[8.25,16.91612,5.71968],"rotation":{"angle":-45,"axis":"x","origin":[8,18.11066,3.37869]},"faces":{"north":{"uv":[12.8,12,13.2,12.8],"texture":"#2"},"east":{"uv":[0,12.8,0.8,13.6],"texture":"#2"},"south":{"uv":[12.8,12.8,13.2,13.6],"texture":"#2"},"west":{"uv":[12.8,0,13.6,0.8],"texture":"#2"},"up":{"uv":[0.4,14.4,0,13.6],"texture":"#2"},"down":{"uv":[14,0,13.6,0.8],"texture":"#2"}}},{"from":[7.75,13.09289,5.87868],"to":[8.25,14.09289,6.87868],"rotation":{"angle":-45,"axis":"x","origin":[7.75,13.09289,5.87868]},"faces":{"north":{"uv":[0.8,13.6,1.2,14.4],"texture":"#2"},"east":{"uv":[0.8,12.8,1.6,13.6],"texture":"#2"},"south":{"uv":[13.6,0.8,14,1.6],"texture":"#2"},"west":{"uv":[12.8,0.8,13.6,1.6],"texture":"#2"},"up":{"uv":[14,2.4,13.6,1.6],"texture":"#2"},"down":{"uv":[14,2.4,13.6,3.2],"texture":"#2"}}},{"from":[7.75,8.3753,10.01059],"to":[8.25,9.3753,12.01059],"rotation":{"angle":-45,"axis":"x","origin":[-0.575,7.24645,-1.37132]},"faces":{"north":{"uv":[13.6,3.2,14,4],"texture":"#2"},"east":{"uv":[8.8,4.8,10.4,5.6],"texture":"#2"},"south":{"uv":[13.6,4,14,4.8],"texture":"#2"},"west":{"uv":[10.4,9.6,12,10.4],"texture":"#2"},"up":{"uv":[13.2,3.2,12.8,1.6],"texture":"#2"},"down":{"uv":[4.4,12.8,4,14.4],"texture":"#2"}}},{"from":[7.75,19.45165,3.18414],"to":[8.25,20.45165,4.18414],"rotation":{"angle":-45,"axis":"x","origin":[8,18.11066,5.37869]},"faces":{"north":{"uv":[4.8,13.6,5.2,14.4],"texture":"#2"},"east":{"uv":[12.8,3.2,13.6,4],"texture":"#2"},"south":{"uv":[13.6,4.8,14,5.6],"texture":"#2"},"west":{"uv":[4.8,12.8,5.6,13.6],"texture":"#2"},"up":{"uv":[6,14.4,5.6,13.6],"texture":"#2"},"down":{"uv":[14,5.6,13.6,6.4],"texture":"#2"}}},{"from":[7.755,17.50711,2.87869],"to":[8.245,18.50711,5.87869],"rotation":{"angle":0,"axis":"x","origin":[8,18.11066,3.37869]},"faces":{"east":{"uv":[8,5.6,10.4,6.4],"texture":"#2"},"west":{"uv":[8,6.4,10.4,7.2],"texture":"#2"},"up":{"uv":[2,14.4,1.6,12],"texture":"#2"},"down":{"uv":[12.4,1.6,12,4],"texture":"#2"}}},{"from":[7.755,13.8,5.17157],"to":[8.245,16.8,6.17157],"rotation":{"angle":0,"axis":"x","origin":[-0.245,8.21421,-2.24264]},"faces":{"north":{"uv":[2.4,12,2.8,14.4],"texture":"#2"},"east":{"uv":[4,8,4.8,10.4],"texture":"#2"},"south":{"uv":[3.2,12,3.6,14.4],"texture":"#2"},"west":{"uv":[8,7.2,8.8,9.6],"texture":"#2"},"up":{"uv":[6.8,14.4,6.4,13.6],"texture":"#2"},"down":{"uv":[14,6.4,13.6,7.2],"texture":"#2"}}},{"from":[7.4,8.2,7.4],"to":[8.6,15.2,8.6],"rotation":{"angle":0,"axis":"y","origin":[7,8.6,7]},"faces":{"north":{"uv":[4.8,0,5.8,5.6],"texture":"#2"},"east":{"uv":[4.8,5.6,5.8,11.2],"texture":"#2"},"south":{"uv":[6.4,0,7.4,5.6],"texture":"#2"},"west":{"uv":[6.4,5.6,7.4,11.2],"texture":"#2"},"up":{"uv":[12.2,1,11.2,0],"texture":"#2"},"down":{"uv":[5,11.2,4,12.2],"texture":"#2"}}},{"from":[8,10,1],"to":[8,20,6.25],"rotation":{"angle":0,"axis":"y","origin":[8,16,0]},"faces":{"north":{"uv":[0,0,0,8],"texture":"#2"},"east":{"uv":[4.2,0,0,8],"texture":"#2"},"south":{"uv":[0,0,0,8],"texture":"#2"},"west":{"uv":[0,0,4.2,8],"texture":"#2"},"up":{"uv":[0,4.2,0,0],"texture":"#2"},"down":{"uv":[0,0,0,4.2],"texture":"#2"}}},{"from":[7.75,15.91612,10.28032],"to":[8.25,16.91612,11.28032],"rotation":{"angle":45,"axis":"x","origin":[8,18.11066,12.62131]},"faces":{"north":{"uv":[13.2,12.8,12.8,13.6],"texture":"#2"},"east":{"uv":[0.8,12.8,0,13.6],"texture":"#2"},"south":{"uv":[13.2,12,12.8,12.8],"texture":"#2"},"west":{"uv":[13.6,0,12.8,0.8],"texture":"#2"},"up":{"uv":[0.4,13.6,0,14.4],"texture":"#2"},"down":{"uv":[14,0.8,13.6,0],"texture":"#2"}}},{"from":[7.75,13.09289,9.12132],"to":[8.25,14.09289,10.12132],"rotation":{"angle":45,"axis":"x","origin":[7.75,13.09289,10.12132]},"faces":{"north":{"uv":[14,0.8,13.6,1.6],"texture":"#2"},"east":{"uv":[1.6,12.8,0.8,13.6],"texture":"#2"},"south":{"uv":[1.2,13.6,0.8,14.4],"texture":"#2"},"west":{"uv":[13.6,0.8,12.8,1.6],"texture":"#2"},"up":{"uv":[14,1.6,13.6,2.4],"texture":"#2"},"down":{"uv":[14,3.2,13.6,2.4],"texture":"#2"}}},{"from":[7.75,8.3753,3.98941],"to":[8.25,9.3753,5.98941],"rotation":{"angle":45,"axis":"x","origin":[-0.575,7.24645,17.37132]},"faces":{"north":{"uv":[14,4,13.6,4.8],"texture":"#2"},"east":{"uv":[10.4,4.8,8.8,5.6],"texture":"#2"},"south":{"uv":[14,3.2,13.6,4],"texture":"#2"},"west":{"uv":[12,9.6,10.4,10.4],"texture":"#2"},"up":{"uv":[13.2,1.6,12.8,3.2],"texture":"#2"},"down":{"uv":[4.4,14.4,4,12.8],"texture":"#2"}}},{"from":[7.75,19.45165,11.81586],"to":[8.25,20.45165,12.81586],"rotation":{"angle":45,"axis":"x","origin":[8,18.11066,10.62131]},"faces":{"north":{"uv":[14,4.8,13.6,5.6],"texture":"#2"},"east":{"uv":[13.6,3.2,12.8,4],"texture":"#2"},"south":{"uv":[5.2,13.6,4.8,14.4],"texture":"#2"},"west":{"uv":[5.6,12.8,4.8,13.6],"texture":"#2"},"up":{"uv":[6,13.6,5.6,14.4],"texture":"#2"},"down":{"uv":[14,6.4,13.6,5.6],"texture":"#2"}}},{"from":[7.755,17.50711,10.12131],"to":[8.245,18.50711,13.12131],"rotation":{"angle":0,"axis":"x","origin":[8,18.11066,12.62131]},"faces":{"east":{"uv":[10.4,5.6,8,6.4],"texture":"#2"},"west":{"uv":[10.4,6.4,8,7.2],"texture":"#2"},"up":{"uv":[2,12,1.6,14.4],"texture":"#2"},"down":{"uv":[12.4,4,12,1.6],"texture":"#2"}}},{"from":[7.755,13.8,9.82843],"to":[8.245,16.8,10.82843],"rotation":{"angle":0,"axis":"x","origin":[-0.245,8.21421,18.24264]},"faces":{"north":{"uv":[3.6,12,3.2,14.4],"texture":"#2"},"east":{"uv":[4.8,8,4,10.4],"texture":"#2"},"south":{"uv":[2.8,12,2.4,14.4],"texture":"#2"},"west":{"uv":[8.8,7.2,8,9.6],"texture":"#2"},"up":{"uv":[6.8,13.6,6.4,14.4],"texture":"#2"},"down":{"uv":[14,7.2,13.6,6.4],"texture":"#2"}}},{"from":[8,10,9.75],"to":[8,20,15],"rotation":{"angle":0,"axis":"y","origin":[8,16,16]},"faces":{"north":{"uv":[0,0,0,8],"texture":"#2"},"east":{"uv":[0,0,4.2,8],"texture":"#2"},"south":{"uv":[0,0,0,8],"texture":"#2"},"west":{"uv":[4.2,0,0,8],"texture":"#2"},"up":{"uv":[0,0,0,4.2],"texture":"#2"},"down":{"uv":[0,4.2,0,0],"texture":"#2"}}},{"from":[7,14.75,6],"to":[7,18.75,10],"rotation":{"angle":45,"axis":"x","origin":[7,16.75,8]},"faces":{"north":{"uv":[0,16,0,0],"rotation":180,"texture":"#1"},"south":{"uv":[0,0,0,16],"texture":"#1"},"west":{"uv":[0,0,16,16],"rotation":270,"texture":"#1"},"up":{"uv":[0,0,0,16],"texture":"#1"},"down":{"uv":[0,0,0,16],"rotation":180,"texture":"#1"}}},{"from":[9,14.75,6],"to":[9,18.75,10],"rotation":{"angle":45,"axis":"x","origin":[9,16.75,8]},"faces":{"north":{"uv":[0,16,0,0],"rotation":180,"texture":"#1"},"east":{"uv":[0,16,16,0],"rotation":270,"texture":"#1"},"south":{"uv":[0,0,0,16],"texture":"#1"},"up":{"uv":[0,0,0,16],"texture":"#1"},"down":{"uv":[0,0,0,16],"rotation":180,"texture":"#1"}}}],"gui_light":"front","display":{"thirdperson_righthand":{"translation":[0,1.75,1]},"thirdperson_lefthand":{"translation":[0,1.75,1]},"firstperson_righthand":{"rotation":[-10,0,0],"translation":[-0.5,2.5,1.25]},"firstperson_lefthand":{"rotation":[-10,0,0],"translation":[-0.5,2.5,1.25]},"ground":{"translation":[0,7.5,0]},"gui":{"rotation":[-90,45,90],"translation":[2.75,-2.75,0],"scale":[0.86914,0.86914,0.86914]},"head":{"scale":[0,0,0]},"fixed":{"rotation":[0,-90,0],"translation":[-0.25,-6,-1.5],"scale":[2.5,2.5,2.5]}}}