{"credit":"MadebyPolygonMC","texture_size":[8,8],"textures":{"1":"akiraset:chest_animation","2":"akiraset:chest","particle":"akiraset:chest"},"elements":[{"from":[7.20711,7.675,3.175],"to":[9.20711,9.675,4.325],"rotation":{"angle":-45,"axis":"z","origin":[8,8.88211,3.75]},"faces":{"north":{"uv":[12,9,13,10],"rotation":180,"texture":"#2"},"east":{"uv":[0,12.5,0.625,13.5],"rotation":180,"texture":"#2"},"south":{"uv":[9,12,10,13],"rotation":180,"texture":"#2"},"west":{"uv":[11.5,12,12.125,13],"rotation":180,"texture":"#2"},"up":{"uv":[2.625,12.5,2,13.5],"rotation":90,"texture":"#2"},"down":{"uv":[1.625,13.5,1,12.5],"rotation":270,"texture":"#2"}}},{"from":[7.25,7.83921,2.975],"to":[8.75,9.33921,4.525],"rotation":{"angle":45,"axis":"z","origin":[8,8.58921,3.75]},"faces":{"north":{"uv":[12.5,12,13.25,12.75],"rotation":270,"texture":"#2"},"east":{"uv":[13.75,1.75,13,1],"rotation":180,"texture":"#2"},"south":{"uv":[12.5,10,13.25,10.75],"rotation":90,"texture":"#2"},"west":{"uv":[13.75,2,13,2.75],"texture":"#2"},"up":{"uv":[12.5,11,13.25,11.75],"rotation":90,"texture":"#2"},"down":{"uv":[3,12.5,3.75,13.25],"rotation":90,"texture":"#2"}}},{"from":[7.20711,5.675,3.5],"to":[8.20711,6.675,4],"rotation":{"angle":-45,"axis":"z","origin":[8,8.88211,3.75]},"faces":{"north":{"uv":[13,7,13.5,7.5],"rotation":180,"texture":"#2"},"east":{"uv":[1,13.5,1.25,14],"rotation":180,"texture":"#2"},"south":{"uv":[7,13,7.5,13.5],"rotation":180,"texture":"#2"},"west":{"uv":[0.5,13.5,0.75,14],"rotation":180,"texture":"#2"},"up":{"uv":[2.25,13.5,2,14],"rotation":90,"texture":"#2"},"down":{"uv":[1.75,14,1.5,13.5],"rotation":270,"texture":"#2"}}},{"from":[4.79289,8.08922,3.5],"to":[5.79289,9.08922,4],"rotation":{"angle":-45,"axis":"z","origin":[8,8.88211,3.75]},"faces":{"north":{"uv":[13,7.5,13.5,8],"rotation":180,"texture":"#2"},"east":{"uv":[3,13.5,3.25,14],"rotation":180,"texture":"#2"},"south":{"uv":[7.5,13,8,13.5],"rotation":180,"texture":"#2"},"west":{"uv":[2.5,13.5,2.75,14],"rotation":180,"texture":"#2"},"up":{"uv":[13.75,4,13.5,4.5],"rotation":90,"texture":"#2"},"down":{"uv":[3.75,14,3.5,13.5],"rotation":270,"texture":"#2"}}},{"from":[6.20711,6.67501,3.5],"to":[8.20711,7.67501,4],"rotation":{"angle":-45,"axis":"z","origin":[8,8.88211,3.75]},"faces":{"north":{"uv":[13,3.5,14,4],"rotation":180,"texture":"#2"},"east":{"uv":[13.5,4.5,13.75,5],"rotation":180,"texture":"#2"},"south":{"uv":[13,3,14,3.5],"rotation":180,"texture":"#2"},"west":{"uv":[4.5,13.5,4.75,14],"rotation":180,"texture":"#2"},"up":{"uv":[13.25,8,13,9],"rotation":90,"texture":"#2"},"down":{"uv":[8.25,14,8,13],"rotation":270,"texture":"#2"}}},{"from":[5.17157,8.58921,3.505],"to":[6.17157,10.58921,3.995],"rotation":{"angle":0,"axis":"z","origin":[8,8.88211,3.75]},"faces":{"north":{"uv":[13,4,13.5,5],"rotation":180,"texture":"#2"},"east":{"uv":[9,13,9.25,14],"rotation":180,"texture":"#2"},"south":{"uv":[4,13,4.5,14],"rotation":180,"texture":"#2"},"west":{"uv":[8.5,13,8.75,14],"rotation":180,"texture":"#2"},"up":{"uv":[13.75,5.5,13.5,6],"rotation":90,"texture":"#2"},"down":{"uv":[5.25,14,5,13.5],"rotation":270,"texture":"#2"}}},{"from":[10.2071,8.67499,3.5],"to":[11.2071,9.67499,4],"rotation":{"angle":-45,"axis":"z","origin":[8,8.88211,3.75]},"faces":{"north":{"uv":[9.5,13,10,13.5],"rotation":270,"texture":"#2"},"east":{"uv":[6.75,14,6.5,13.5],"rotation":180,"texture":"#2"},"south":{"uv":[13,9,13.5,9.5],"rotation":90,"texture":"#2"},"west":{"uv":[13.75,6.5,13.5,7],"texture":"#2"},"up":{"uv":[13.5,6,13.75,6.5],"rotation":90,"texture":"#2"},"down":{"uv":[6,13.5,6.25,14],"rotation":90,"texture":"#2"}}},{"from":[7.79289,11.08921,3.5],"to":[8.79289,12.08921,4],"rotation":{"angle":-45,"axis":"z","origin":[8,8.88211,3.75]},"faces":{"north":{"uv":[11.5,13,12,13.5],"rotation":270,"texture":"#2"},"east":{"uv":[7.75,14,7.5,13.5],"rotation":180,"texture":"#2"},"south":{"uv":[13,9.5,13.5,10],"rotation":90,"texture":"#2"},"west":{"uv":[13.75,7.5,13.5,8],"texture":"#2"},"up":{"uv":[13.5,7,13.75,7.5],"rotation":90,"texture":"#2"},"down":{"uv":[7,13.5,7.25,14],"rotation":90,"texture":"#2"}}},{"from":[9.2071,8.67499,3.5],"to":[10.2071,10.67499,4],"rotation":{"angle":-45,"axis":"z","origin":[8,8.88211,3.75]},"faces":{"north":{"uv":[13,5,14,5.5],"rotation":270,"texture":"#2"},"east":{"uv":[12.25,14,12,13],"rotation":180,"texture":"#2"},"south":{"uv":[4.5,13,5.5,13.5],"rotation":90,"texture":"#2"},"west":{"uv":[12.75,13,12.5,14],"texture":"#2"},"up":{"uv":[13.5,8.5,13.75,9],"rotation":90,"texture":"#2"},"down":{"uv":[13.5,8,13.75,8.5],"rotation":90,"texture":"#2"}}},{"from":[9.82843,8.58921,3.505],"to":[10.82843,10.58921,3.995],"rotation":{"angle":0,"axis":"z","origin":[8,8.88211,3.75]},"faces":{"north":{"uv":[13,5.5,13.5,6.5],"rotation":180,"texture":"#2"},"east":{"uv":[0,13.5,0.25,14.5],"rotation":180,"texture":"#2"},"south":{"uv":[5.5,13,6,14],"rotation":180,"texture":"#2"},"west":{"uv":[13,13,13.25,14],"rotation":180,"texture":"#2"},"up":{"uv":[9.75,13.5,9.5,14],"rotation":90,"texture":"#2"},"down":{"uv":[13.75,9.5,13.5,9],"rotation":270,"texture":"#2"}}},{"from":[3,2.625,3],"to":[5,4.625,5],"rotation":{"angle":0,"axis":"y","origin":[0,2.625,0]},"faces":{"north":{"uv":[7,11,8,12],"texture":"#2"},"east":{"uv":[12,1,13,2],"texture":"#2"},"south":{"uv":[12,2,13,3],"texture":"#2"},"west":{"uv":[12,3,13,4],"texture":"#2"},"up":{"uv":[5,13,4,12],"texture":"#2"},"down":{"uv":[13,4,12,5],"texture":"#2"}}},{"from":[3,7.625,3],"to":[5,9.625,5],"rotation":{"angle":0,"axis":"y","origin":[0,2.625,0]},"faces":{"north":{"uv":[5,12,6,13],"texture":"#2"},"east":{"uv":[12,5,13,6],"texture":"#2"},"south":{"uv":[6,12,7,13],"texture":"#2"},"west":{"uv":[12,6,13,7],"texture":"#2"},"up":{"uv":[8,13,7,12],"texture":"#2"},"down":{"uv":[13,7,12,8],"texture":"#2"}}},{"from":[3,4.625,3],"to":[4,7.625,4],"rotation":{"angle":0,"axis":"y","origin":[0,2.625,0]},"faces":{"north":{"uv":[10,12,10.5,13.5],"texture":"#2"},"east":{"uv":[12,10,12.5,11.5],"texture":"#2"},"south":{"uv":[10.5,12,11,13.5],"texture":"#2"},"west":{"uv":[11,12,11.5,13.5],"texture":"#2"},"up":{"uv":[12.5,12,12,11.5],"texture":"#2"},"down":{"uv":[6.5,13,6,13.5],"texture":"#2"}}},{"from":[11,7.625,3],"to":[13,9.625,5],"rotation":{"angle":0,"axis":"y","origin":[16,2.625,0]},"faces":{"north":{"uv":[6,12,5,13],"texture":"#2"},"east":{"uv":[13,6,12,7],"texture":"#2"},"south":{"uv":[7,12,6,13],"texture":"#2"},"west":{"uv":[13,5,12,6],"texture":"#2"},"up":{"uv":[7,13,8,12],"texture":"#2"},"down":{"uv":[12,7,13,8],"texture":"#2"}}},{"from":[12,4.625,3],"to":[13,7.625,4],"rotation":{"angle":0,"axis":"y","origin":[16,2.625,0]},"faces":{"north":{"uv":[10.5,12,10,13.5],"texture":"#2"},"east":{"uv":[11.5,12,11,13.5],"texture":"#2"},"south":{"uv":[11,12,10.5,13.5],"texture":"#2"},"west":{"uv":[12.5,10,12,11.5],"texture":"#2"},"up":{"uv":[12,12,12.5,11.5],"texture":"#2"},"down":{"uv":[6,13,6.5,13.5],"texture":"#2"}}},{"from":[11,2.625,3],"to":[13,4.625,5],"rotation":{"angle":0,"axis":"y","origin":[16,2.625,0]},"faces":{"north":{"uv":[8,11,7,12],"texture":"#2"},"east":{"uv":[13,3,12,4],"texture":"#2"},"south":{"uv":[13,2,12,3],"texture":"#2"},"west":{"uv":[13,1,12,2],"texture":"#2"},"up":{"uv":[4,13,5,12],"texture":"#2"},"down":{"uv":[12,4,13,5],"texture":"#2"}}},{"from":[11,7.625,11],"to":[13,9.625,13],"rotation":{"angle":0,"axis":"y","origin":[16,2.625,16]},"faces":{"north":{"uv":[6,12,7,13],"texture":"#2"},"east":{"uv":[12,6,13,7],"texture":"#2"},"south":{"uv":[5,12,6,13],"texture":"#2"},"west":{"uv":[12,5,13,6],"texture":"#2"},"up":{"uv":[7,12,8,13],"texture":"#2"},"down":{"uv":[12,8,13,7],"texture":"#2"}}},{"from":[12,4.625,12],"to":[13,7.625,13],"rotation":{"angle":0,"axis":"y","origin":[16,2.625,16]},"faces":{"north":{"uv":[10.5,12,11,13.5],"texture":"#2"},"east":{"uv":[11,12,11.5,13.5],"texture":"#2"},"south":{"uv":[10,12,10.5,13.5],"texture":"#2"},"west":{"uv":[12,10,12.5,11.5],"texture":"#2"},"up":{"uv":[12,11.5,12.5,12],"texture":"#2"},"down":{"uv":[6,13.5,6.5,13],"texture":"#2"}}},{"from":[11,2.625,11],"to":[13,4.625,13],"rotation":{"angle":0,"axis":"y","origin":[16,2.625,16]},"faces":{"north":{"uv":[12,2,13,3],"texture":"#2"},"east":{"uv":[12,3,13,4],"texture":"#2"},"south":{"uv":[7,11,8,12],"texture":"#2"},"west":{"uv":[12,1,13,2],"texture":"#2"},"up":{"uv":[4,12,5,13],"texture":"#2"},"down":{"uv":[12,5,13,4],"texture":"#2"}}},{"from":[3,7.625,11],"to":[5,9.625,13],"rotation":{"angle":0,"axis":"y","origin":[0,2.625,16]},"faces":{"north":{"uv":[7,12,6,13],"texture":"#2"},"east":{"uv":[13,5,12,6],"texture":"#2"},"south":{"uv":[6,12,5,13],"texture":"#2"},"west":{"uv":[13,6,12,7],"texture":"#2"},"up":{"uv":[8,12,7,13],"texture":"#2"},"down":{"uv":[13,8,12,7],"texture":"#2"}}},{"from":[3,4.625,12],"to":[4,7.625,13],"rotation":{"angle":0,"axis":"y","origin":[0,2.625,16]},"faces":{"north":{"uv":[11,12,10.5,13.5],"texture":"#2"},"east":{"uv":[12.5,10,12,11.5],"texture":"#2"},"south":{"uv":[10.5,12,10,13.5],"texture":"#2"},"west":{"uv":[11.5,12,11,13.5],"texture":"#2"},"up":{"uv":[12.5,11.5,12,12],"texture":"#2"},"down":{"uv":[6.5,13.5,6,13],"texture":"#2"}}},{"from":[3,2.625,11],"to":[5,4.625,13],"rotation":{"angle":0,"axis":"y","origin":[0,2.625,16]},"faces":{"north":{"uv":[13,2,12,3],"texture":"#2"},"east":{"uv":[13,1,12,2],"texture":"#2"},"south":{"uv":[8,11,7,12],"texture":"#2"},"west":{"uv":[13,3,12,4],"texture":"#2"},"up":{"uv":[5,12,4,13],"texture":"#2"},"down":{"uv":[13,5,12,4],"texture":"#2"}}},{"from":[4,3.625,4],"to":[12,9.375,12],"rotation":{"angle":0,"axis":"y","origin":[16,2.625,0]},"faces":{"north":{"uv":[0,8,4,10.875],"texture":"#2"},"east":{"uv":[8,0,12,2.875],"texture":"#2"},"south":{"uv":[8,3,12,5.875],"texture":"#2"},"west":{"uv":[4,8,8,10.875],"texture":"#2"},"up":{"uv":[4,4,0,0],"texture":"#2"},"down":{"uv":[4,4,0,8],"texture":"#2"}}},{"from":[4,9.375,4],"to":[12,12.125,12],"rotation":{"angle":0,"axis":"y","origin":[16,2.625,0]},"faces":{"north":{"uv":[8,6,12,7.375],"texture":"#2"},"east":{"uv":[8,7.5,12,8.875],"texture":"#2"},"south":{"uv":[8,9,12,10.375],"texture":"#2"},"west":{"uv":[8,10.5,12,11.875],"texture":"#2"},"up":{"uv":[8,4,4,0],"texture":"#2"},"down":{"uv":[8,4,4,8],"texture":"#2"}}},{"from":[3,9.875,3],"to":[5,12.875,5],"rotation":{"angle":0,"axis":"y","origin":[0,2.625,0]},"faces":{"north":{"uv":[0,11,1,12.5],"texture":"#2"},"east":{"uv":[1,11,2,12.5],"texture":"#2"},"south":{"uv":[2,11,3,12.5],"texture":"#2"},"west":{"uv":[3,11,4,12.5],"texture":"#2"},"up":{"uv":[9,13,8,12],"texture":"#2"},"down":{"uv":[13,8,12,9],"texture":"#2"}}},{"from":[5,11.875,3],"to":[11,12.875,4],"rotation":{"angle":0,"axis":"z","origin":[6.5,12.375,3.5]},"faces":{"north":{"uv":[4,11,7,11.5],"texture":"#2"},"east":{"uv":[6.5,13,7,13.5],"texture":"#2"},"south":{"uv":[4,11.5,7,12],"texture":"#2"},"west":{"uv":[13,6.5,13.5,7],"texture":"#2"},"up":{"uv":[15,0.5,12,0],"texture":"#2"},"down":{"uv":[15,0.5,12,1],"texture":"#2"}}},{"from":[11,9.875,3],"to":[13,12.875,5],"rotation":{"angle":0,"axis":"y","origin":[16,2.625,0]},"faces":{"north":{"uv":[1,11,0,12.5],"texture":"#2"},"east":{"uv":[4,11,3,12.5],"texture":"#2"},"south":{"uv":[3,11,2,12.5],"texture":"#2"},"west":{"uv":[2,11,1,12.5],"texture":"#2"},"up":{"uv":[8,13,9,12],"texture":"#2"},"down":{"uv":[12,8,13,9],"texture":"#2"}}},{"from":[3,9.875,11],"to":[5,12.875,13],"rotation":{"angle":0,"axis":"y","origin":[0,2.625,16]},"faces":{"north":{"uv":[3,11,2,12.5],"texture":"#2"},"east":{"uv":[2,11,1,12.5],"texture":"#2"},"south":{"uv":[1,11,0,12.5],"texture":"#2"},"west":{"uv":[4,11,3,12.5],"texture":"#2"},"up":{"uv":[9,12,8,13],"texture":"#2"},"down":{"uv":[13,9,12,8],"texture":"#2"}}},{"from":[11,9.875,11],"to":[13,12.875,13],"rotation":{"angle":0,"axis":"y","origin":[16,2.625,16]},"faces":{"north":{"uv":[2,11,3,12.5],"texture":"#2"},"east":{"uv":[3,11,4,12.5],"texture":"#2"},"south":{"uv":[0,11,1,12.5],"texture":"#2"},"west":{"uv":[1,11,2,12.5],"texture":"#2"},"up":{"uv":[8,12,9,13],"texture":"#2"},"down":{"uv":[12,9,13,8],"texture":"#2"}}},{"from":[5,11.875,12],"to":[11,12.875,13],"rotation":{"angle":0,"axis":"z","origin":[6.5,12.375,12.5]},"faces":{"north":{"uv":[7,11.5,4,12],"texture":"#2"},"east":{"uv":[7,13,6.5,13.5],"texture":"#2"},"south":{"uv":[7,11,4,11.5],"texture":"#2"},"west":{"uv":[13.5,6.5,13,7],"texture":"#2"},"up":{"uv":[15,0,12,0.5],"texture":"#2"},"down":{"uv":[15,1,12,0.5],"texture":"#2"}}},{"from":[3,11.875,5],"to":[4,12.875,11],"rotation":{"angle":0,"axis":"y","origin":[3.5,18.375,8]},"faces":{"north":{"uv":[6.5,13,7,13.5],"texture":"#2"},"east":{"uv":[4,11.5,7,12],"texture":"#2"},"south":{"uv":[13,6.5,13.5,7],"texture":"#2"},"west":{"uv":[4,11,7,11.5],"texture":"#2"},"up":{"uv":[15,0.5,12,0],"rotation":270,"texture":"#2"},"down":{"uv":[15,0.5,12,1],"rotation":90,"texture":"#2"}}},{"from":[12,11.875,5],"to":[13,12.875,11],"rotation":{"angle":0,"axis":"y","origin":[12.5,18.375,8]},"faces":{"north":{"uv":[7,13,6.5,13.5],"texture":"#2"},"east":{"uv":[7,11,4,11.5],"texture":"#2"},"south":{"uv":[13.5,6.5,13,7],"texture":"#2"},"west":{"uv":[7,11.5,4,12],"texture":"#2"},"up":{"uv":[15,0,12,0.5],"rotation":270,"texture":"#2"},"down":{"uv":[15,1,12,0.5],"rotation":90,"texture":"#2"}}},{"from":[13,3.375,4],"to":[14.5,8.875,4],"rotation":{"angle":0,"axis":"y","origin":[13,2.875,4]},"faces":{"north":{"uv":[0,0,3,11],"texture":"#1"},"east":{"uv":[0,0,0,11],"texture":"#1"},"south":{"uv":[3,0,0,11],"texture":"#1"},"west":{"uv":[0,0,0,11],"texture":"#1"},"up":{"uv":[3,0,0,0],"texture":"#1"},"down":{"uv":[3,0,0,0],"texture":"#1"}}},{"from":[13,3.375,12],"to":[14.5,8.875,12],"rotation":{"angle":0,"axis":"y","origin":[13,2.875,12]},"faces":{"north":{"uv":[0,0,3,11],"texture":"#1"},"east":{"uv":[0,0,0,11],"texture":"#1"},"south":{"uv":[3,0,0,11],"texture":"#1"},"west":{"uv":[0,0,0,11],"texture":"#1"},"up":{"uv":[3,0,0,0],"texture":"#1"},"down":{"uv":[3,0,0,0],"texture":"#1"}}},{"from":[1.5,3.375,12],"to":[3,8.875,12],"rotation":{"angle":0,"axis":"y","origin":[3,2.875,12]},"faces":{"north":{"uv":[3,0,0,11],"texture":"#1"},"east":{"uv":[0,0,0,11],"texture":"#1"},"south":{"uv":[0,0,3,11],"texture":"#1"},"west":{"uv":[0,0,0,11],"texture":"#1"},"up":{"uv":[0,0,3,0],"texture":"#1"},"down":{"uv":[0,0,3,0],"texture":"#1"}}},{"from":[1.5,3.375,4],"to":[3,8.875,4],"rotation":{"angle":0,"axis":"y","origin":[3,2.875,4]},"faces":{"north":{"uv":[3,0,0,11],"texture":"#1"},"east":{"uv":[0,0,0,11],"texture":"#1"},"south":{"uv":[0,0,3,11],"texture":"#1"},"west":{"uv":[0,0,0,11],"texture":"#1"},"up":{"uv":[0,0,3,0],"texture":"#1"},"down":{"uv":[0,0,3,0],"texture":"#1"}}},{"from":[12,3.375,13],"to":[12,8.875,14.5],"rotation":{"angle":0,"axis":"y","origin":[8,6.125,8]},"faces":{"north":{"uv":[0,0,0,11],"texture":"#1"},"east":{"uv":[0,0,3,11],"texture":"#1"},"south":{"uv":[0,0,0,11],"texture":"#1"},"west":{"uv":[3,0,0,11],"texture":"#1"},"up":{"uv":[3,0,0,0],"rotation":90,"texture":"#1"},"down":{"uv":[3,0,0,0],"rotation":270,"texture":"#1"}}},{"from":[4,3.375,13],"to":[4,8.875,14.5],"rotation":{"angle":0,"axis":"y","origin":[8,6.125,8]},"faces":{"north":{"uv":[0,0,0,11],"texture":"#1"},"east":{"uv":[0,0,3,11],"texture":"#1"},"south":{"uv":[0,0,0,11],"texture":"#1"},"west":{"uv":[3,0,0,11],"texture":"#1"},"up":{"uv":[3,0,0,0],"rotation":90,"texture":"#1"},"down":{"uv":[3,0,0,0],"rotation":270,"texture":"#1"}}},{"from":[12,3.375,1.5],"to":[12,8.875,3],"rotation":{"angle":0,"axis":"y","origin":[8,6.125,8]},"faces":{"north":{"uv":[0,0,0,11],"texture":"#1"},"east":{"uv":[3,0,0,11],"texture":"#1"},"south":{"uv":[0,0,0,11],"texture":"#1"},"west":{"uv":[0,0,3,11],"texture":"#1"},"up":{"uv":[0,0,3,0],"rotation":90,"texture":"#1"},"down":{"uv":[0,0,3,0],"rotation":270,"texture":"#1"}}},{"from":[4,3.375,1.5],"to":[4,8.875,3],"rotation":{"angle":0,"axis":"y","origin":[8,6.125,8]},"faces":{"north":{"uv":[0,0,0,11],"texture":"#1"},"east":{"uv":[3,0,0,11],"texture":"#1"},"south":{"uv":[0,0,0,11],"texture":"#1"},"west":{"uv":[0,0,3,11],"texture":"#1"},"up":{"uv":[0,0,3,0],"rotation":90,"texture":"#1"},"down":{"uv":[0,0,3,0],"rotation":270,"texture":"#1"}}}],"gui_light":"front","display":{"thirdperson_righthand":{"rotation":[67.25,0,0],"translation":[0,1.75,1.25],"scale":[0.52539,0.52539,0.52539]},"thirdperson_lefthand":{"rotation":[67.25,0,0],"translation":[0,1.75,1.25],"scale":[0.52539,0.52539,0.52539]},"firstperson_righthand":{"rotation":[-10,180,0],"translation":[-9,2.25,-1.75]},"firstperson_lefthand":{"rotation":[-10,180,0],"translation":[-9,2.25,-1.75]},"ground":{"translation":[0,7.5,0]},"gui":{"rotation":[0,135,0],"translation":[0,0.25,0],"scale":[1.16602,1.16602,1.16602]},"head":{"translation":[0,-28.5,0],"scale":[2.75391,2.75391,2.75391]},"fixed":{"rotation":[-90,0,0],"translation":[0,0,-16],"scale":[3.23047,3.23047,3.23047]}},"groups":[{"name":"group","origin":[16,0,0],"color":0,"children":[0,1,2,3,4,5,6,7,8,9,10,11,12,13,14,15,16,17,18,19,20,21,22]},{"name":"group","origin":[12.5,15.75,8],"color":0,"children":[23,24,25,26,27,28,29,30,31]},32,33,34,35,36,37,38,39]}