{"credit":"MadebyPolygonMC","texture_size":[24,24],"textures":{"0":"akiraset:greatsword","1":"akiraset:chest_animation","particle":"akiraset:greatsword"},"elements":[{"from":[7.4,0,7],"to":[8.6,0.5,9],"rotation":{"angle":-22.5,"axis":"x","origin":[8,0.25,8]},"faces":{"north":{"uv":[10.66667,8,11.5,8.33333],"texture":"#0"},"east":{"uv":[5.33333,10,6.66667,10.33333],"texture":"#0"},"south":{"uv":[8.66667,10.66667,9.5,11],"texture":"#0"},"west":{"uv":[10,6,11.33333,6.33333],"texture":"#0"},"up":{"uv":[8.16667,5.33333,7.33333,4],"texture":"#0"},"down":{"uv":[8.16667,5.33333,7.33333,6.66667],"texture":"#0"}}},{"from":[7.5,0.2,7.5],"to":[8.5,1.2,8.5],"rotation":{"angle":0,"axis":"y","origin":[7.5,0,7.5]},"faces":{"north":{"uv":[6.66667,10,7.33333,10.66667],"texture":"#0"},"east":{"uv":[10,6.66667,10.66667,7.33333],"texture":"#0"},"south":{"uv":[7.33333,10,8,10.66667],"texture":"#0"},"west":{"uv":[10,7.33333,10.66667,8],"texture":"#0"},"up":{"uv":[8.66667,10.66667,8,10],"texture":"#0"},"down":{"uv":[10.66667,8,10,8.66667],"texture":"#0"}}},{"from":[7.5,2.2,7.5],"to":[8.5,2.7,8.5],"rotation":{"angle":0,"axis":"y","origin":[7.5,2,7.5]},"faces":{"north":{"uv":[10,10.66667,10.66667,11],"texture":"#0"},"east":{"uv":[10.66667,10,11.33333,10.33333],"texture":"#0"},"south":{"uv":[10.66667,10.66667,11.33333,11],"texture":"#0"},"west":{"uv":[11.33333,0,12,0.33333],"texture":"#0"},"up":{"uv":[10.66667,9.33333,10,8.66667],"texture":"#0"},"down":{"uv":[10.66667,9.33333,10,10],"texture":"#0"}}},{"from":[7.5,4.7,7.5],"to":[8.5,5.2,8.5],"rotation":{"angle":0,"axis":"y","origin":[7.5,4.5,7.5]},"faces":{"north":{"uv":[11.33333,0.66667,12,1],"texture":"#0"},"east":{"uv":[11.33333,1.33333,12,1.66667],"texture":"#0"},"south":{"uv":[11.33333,2,12,2.33333],"texture":"#0"},"west":{"uv":[11.33333,2.66667,12,3],"texture":"#0"},"up":{"uv":[10.66667,10.66667,10,10],"texture":"#0"},"down":{"uv":[11.33333,0,10.66667,0.66667],"texture":"#0"}}},{"from":[7.5,6.2,7.5],"to":[8.5,7.2,8.5],"rotation":{"angle":0,"axis":"y","origin":[7.5,7.4,7.5]},"faces":{"north":{"uv":[10.66667,0.66667,11.33333,1.33333],"texture":"#0"},"east":{"uv":[10.66667,1.33333,11.33333,2],"texture":"#0"},"south":{"uv":[10.66667,2,11.33333,2.66667],"texture":"#0"},"west":{"uv":[10.66667,2.66667,11.33333,3.33333],"texture":"#0"},"up":{"uv":[11.33333,4,10.66667,3.33333],"texture":"#0"},"down":{"uv":[11.33333,4,10.66667,4.66667],"texture":"#0"}}},{"from":[7.6,1.2,7.6],"to":[8.4,6.2,8.4],"rotation":{"angle":0,"axis":"y","origin":[7.5,2.5,7.5]},"faces":{"north":{"uv":[6,2.66667,6.5,6],"texture":"#0"},"east":{"uv":[6,2.66667,6.5,6],"texture":"#0"},"south":{"uv":[6,2.66667,6.5,6],"texture":"#0"},"west":{"uv":[6,2.66667,6.5,6],"texture":"#0"},"up":{"uv":[11.16667,9.16667,10.66667,8.66667],"texture":"#0"},"down":{"uv":[11.16667,9.33333,10.66667,9.83333],"texture":"#0"}}},{"from":[7.425,6.8,7],"to":[8.575,8.8,9],"rotation":{"angle":-45,"axis":"x","origin":[8,7.8,8]},"faces":{"north":{"uv":[7.33333,6.66667,8.16667,8],"texture":"#0"},"east":{"uv":[6,0,7.33333,1.33333],"texture":"#0"},"south":{"uv":[8,0,8.83333,1.33333],"texture":"#0"},"west":{"uv":[6,1.33333,7.33333,2.66667],"texture":"#0"},"up":{"uv":[8.83333,2.66667,8,1.33333],"texture":"#0"},"down":{"uv":[8.83333,2.66667,8,4],"texture":"#0"}}},{"from":[7.225,7.05,7.25],"to":[8.775,8.55,8.75],"rotation":{"angle":-45,"axis":"x","origin":[8,7.8,8]},"faces":{"north":{"uv":[8.66667,5.33333,9.66667,6.33333],"texture":"#0"},"east":{"uv":[8.66667,6.66667,9.66667,7.66667],"texture":"#0"},"south":{"uv":[8.66667,8,9.66667,9],"texture":"#0"},"west":{"uv":[9.33333,0,10.33333,1],"texture":"#0"},"up":{"uv":[10.33333,2.33333,9.33333,1.33333],"texture":"#0"},"down":{"uv":[10.33333,2.66667,9.33333,3.66667],"texture":"#0"}}},{"from":[7.5,8.25,8.5],"to":[8.5,9.75,10],"rotation":{"angle":-45,"axis":"x","origin":[8,9,9.25]},"faces":{"north":{"uv":[8.66667,9.33333,9.33333,10.33333],"texture":"#0"},"east":{"uv":[7.33333,8,8.33333,9],"texture":"#0"},"south":{"uv":[9.33333,9.33333,10,10.33333],"texture":"#0"},"west":{"uv":[8.66667,4,9.66667,5],"texture":"#0"},"up":{"uv":[4,11,3.33333,10],"texture":"#0"},"down":{"uv":[4.66667,10,4,11],"texture":"#0"}}},{"from":[7.75,9.35355,8.54289],"to":[8.25,10.35355,9.54289],"rotation":{"angle":-45,"axis":"x","origin":[7.75,9.35355,8.54289]},"faces":{"north":{"uv":[3.33333,11.33333,3.66667,12],"texture":"#0"},"east":{"uv":[10.66667,4.66667,11.33333,5.33333],"texture":"#0"},"south":{"uv":[11.33333,3.33333,11.66667,4],"texture":"#0"},"west":{"uv":[5.33333,10.66667,6,11.33333],"texture":"#0"},"up":{"uv":[4.33333,12,4,11.33333],"texture":"#0"},"down":{"uv":[11.66667,4,11.33333,4.66667],"texture":"#0"}}},{"from":[7.75,4.09289,5.87868],"to":[8.25,5.09289,6.87868],"rotation":{"angle":-45,"axis":"x","origin":[7.75,4.09289,5.87868]},"faces":{"north":{"uv":[11.33333,8.66667,11.66667,9.33333],"texture":"#0"},"east":{"uv":[7.33333,10.66667,8,11.33333],"texture":"#0"},"south":{"uv":[9.33333,11.33333,9.66667,12],"texture":"#0"},"west":{"uv":[8,10.66667,8.66667,11.33333],"texture":"#0"},"up":{"uv":[11.66667,10,11.33333,9.33333],"texture":"#0"},"down":{"uv":[10.33333,11.33333,10,12],"texture":"#0"}}},{"from":[7.75,-0.6247,10.01059],"to":[8.25,0.3753,12.01059],"rotation":{"angle":-45,"axis":"x","origin":[-0.575,-1.75355,-1.37132]},"faces":{"north":{"uv":[7.33333,11.33333,7.66667,12],"texture":"#0"},"east":{"uv":[6,9.33333,7.33333,10],"texture":"#0"},"south":{"uv":[11.33333,7.33333,11.66667,8],"texture":"#0"},"west":{"uv":[7.33333,9.33333,8.66667,10],"texture":"#0"},"up":{"uv":[7,12,6.66667,10.66667],"texture":"#0"},"down":{"uv":[11,6.66667,10.66667,8],"texture":"#0"}}},{"from":[7.75,24.35355,8.54289],"to":[8.25,25.35355,9.54289],"rotation":{"angle":-45,"axis":"x","origin":[7.75,24.35355,8.54289]},"faces":{"north":{"uv":[11.33333,5.33333,11.66667,6],"texture":"#0"},"east":{"uv":[10.66667,5.33333,11.33333,6],"texture":"#0"},"south":{"uv":[6,11.33333,6.33333,12],"texture":"#0"},"west":{"uv":[6,10.66667,6.66667,11.33333],"texture":"#0"},"up":{"uv":[11.66667,6.66667,11.33333,6],"texture":"#0"},"down":{"uv":[11.66667,6.66667,11.33333,7.33333],"texture":"#0"}}},{"from":[7.755,10.06066,7.83579],"to":[8.245,25.06066,8.83579],"rotation":{"angle":0,"axis":"x","origin":[-0.245,0.47487,-1.57843]},"faces":{"north":{"uv":[4.66667,0,5,10],"texture":"#0"},"east":{"uv":[3.33333,0,4,10],"texture":"#0"},"south":{"uv":[5.33333,0,5.66667,10],"texture":"#0"},"west":{"uv":[4,0,4.66667,10],"texture":"#0"},"up":{"uv":[11.66667,5.33333,11.33333,4.66667],"texture":"#0"},"down":{"uv":[5.66667,11.33333,5.33333,12],"texture":"#0"}}},{"from":[7.755,4.8,5.17157],"to":[8.245,7.8,6.17157],"rotation":{"angle":0,"axis":"x","origin":[-0.245,-0.78579,-2.24264]},"faces":{"north":{"uv":[10,4,10.33333,6],"texture":"#0"},"east":{"uv":[7.33333,0,8,2],"texture":"#0"},"south":{"uv":[4.66667,10,5,12],"texture":"#0"},"west":{"uv":[7.33333,2,8,4],"texture":"#0"},"up":{"uv":[8.33333,12,8,11.33333],"texture":"#0"},"down":{"uv":[9,11.33333,8.66667,12],"texture":"#0"}}},{"from":[8,7.75,5.25],"to":[8,31.75,9.75],"rotation":{"angle":0,"axis":"y","origin":[6,7.75,5.75]},"faces":{"north":{"uv":[0,0,0,16],"texture":"#0"},"east":{"uv":[3,0,0,16],"texture":"#0"},"south":{"uv":[0,0,0,16],"texture":"#0"},"west":{"uv":[0,0,3,16],"texture":"#0"},"up":{"uv":[0,3,0,0],"texture":"#0"},"down":{"uv":[0,0,0,3],"texture":"#0"}}},{"from":[7.85,8.275,5.65],"to":[7.85,13.775,7.15],"rotation":{"angle":22.5,"axis":"x","origin":[7.85,11.025,6.4]},"faces":{"north":{"uv":[0,0,0,3.66667],"texture":"#1"},"south":{"uv":[0,0,0,3.66667],"texture":"#1"},"west":{"uv":[0,0,2.99583,11.00417],"texture":"#1"},"up":{"uv":[1,0,0,0],"rotation":270,"texture":"#1"},"down":{"uv":[1,0,0,0],"rotation":90,"texture":"#1"}}},{"from":[8.15,8.275,5.65],"to":[8.15,13.775,7.15],"rotation":{"angle":22.5,"axis":"x","origin":[8.15,11.025,6.4]},"faces":{"north":{"uv":[0,0,0,3.66667],"texture":"#1"},"east":{"uv":[2.99583,0,0,11.00417],"texture":"#1"},"south":{"uv":[0,0,0,3.66667],"texture":"#1"},"up":{"uv":[1,0,0,0],"rotation":270,"texture":"#1"},"down":{"uv":[1,0,0,0],"rotation":90,"texture":"#1"}}}],"gui_light":"front","display":{"thirdperson_righthand":{"translation":[0,1.5,1]},"thirdperson_lefthand":{"translation":[0,1.5,1]},"firstperson_righthand":{"rotation":[-10,0,0],"translation":[-0.5,1.75,1.25]},"firstperson_lefthand":{"rotation":[-10,0,0],"translation":[-0.5,1.75,1.25]},"ground":{"translation":[0,7.5,0]},"gui":{"rotation":[-90,45,90],"translation":[3.75,-4,0],"scale":[0.73242,0.73242,0.73242]},"head":{"scale":[0,0,0]},"fixed":{"rotation":[0,-90,0],"translation":[-1,-18,-1.5],"scale":[2.5,2.5,2.5]}}}