{"credit":"MadebyPolygonMC","texture_size":[20,20],"textures":{"1":"akiraset:pickaxe","2":"akiraset:animation_1","3":"akiraset:chest_animation","particle":"akiraset:animation_1"},"elements":[{"from":[7.4,0,7],"to":[8.6,0.5,9],"rotation":{"angle":-22.5,"axis":"x","origin":[8,0.25,8]},"faces":{"north":{"uv":[4.8,12.8,5.8,13.2],"texture":"#1"},"east":{"uv":[11.2,4,12.8,4.4],"texture":"#1"},"south":{"uv":[12.8,5.6,13.8,6],"texture":"#1"},"west":{"uv":[11.2,9.6,12.8,10],"texture":"#1"},"up":{"uv":[9,1.6,8,0],"texture":"#1"},"down":{"uv":[9,1.6,8,3.2],"texture":"#1"}}},{"from":[7.5,0.2,7.5],"to":[8.5,1.2,8.5],"rotation":{"angle":0,"axis":"y","origin":[7.5,0,7.5]},"faces":{"north":{"uv":[8.8,8,9.6,8.8],"texture":"#1"},"east":{"uv":[10.4,11.2,11.2,12],"texture":"#1"},"south":{"uv":[11.2,10.4,12,11.2],"texture":"#1"},"west":{"uv":[11.2,11.2,12,12],"texture":"#1"},"up":{"uv":[3.2,12.8,2.4,12],"texture":"#1"},"down":{"uv":[4,12,3.2,12.8],"texture":"#1"}}},{"from":[7.5,2.2,7.5],"to":[8.5,2.7,8.5],"rotation":{"angle":0,"axis":"y","origin":[7.5,2,7.5]},"faces":{"north":{"uv":[7.2,12.8,8,13.2],"texture":"#1"},"east":{"uv":[12.8,7.2,13.6,7.6],"texture":"#1"},"south":{"uv":[8,12.8,8.8,13.2],"texture":"#1"},"west":{"uv":[12.8,8,13.6,8.4],"texture":"#1"},"up":{"uv":[4.8,12.8,4,12],"texture":"#1"},"down":{"uv":[5.6,12,4.8,12.8],"texture":"#1"}}},{"from":[7.5,4.7,7.5],"to":[8.5,5.2,8.5],"rotation":{"angle":0,"axis":"y","origin":[7.5,4.5,7.5]},"faces":{"north":{"uv":[8.8,12.8,9.6,13.2],"texture":"#1"},"east":{"uv":[12.8,8.8,13.6,9.2],"texture":"#1"},"south":{"uv":[9.6,12.8,10.4,13.2],"texture":"#1"},"west":{"uv":[12.8,9.6,13.6,10],"texture":"#1"},"up":{"uv":[12.8,5.6,12,4.8],"texture":"#1"},"down":{"uv":[6.4,12,5.6,12.8],"texture":"#1"}}},{"from":[7.5,15.2,7.5],"to":[8.5,16.2,8.5],"rotation":{"angle":0,"axis":"y","origin":[7.5,16.4,7.5]},"faces":{"north":{"uv":[12,5.6,12.8,6.4],"texture":"#1"},"east":{"uv":[6.4,12,7.2,12.8],"texture":"#1"},"south":{"uv":[12,6.4,12.8,7.2],"texture":"#1"},"west":{"uv":[7.2,12,8,12.8],"texture":"#1"},"up":{"uv":[12.8,8,12,7.2],"texture":"#1"},"down":{"uv":[12.8,8,12,8.8],"texture":"#1"}}},{"from":[7.55,7.2,7.55],"to":[8.45,8.2,8.45],"rotation":{"angle":0,"axis":"y","origin":[7.5,8.4,7.5]},"faces":{"north":{"uv":[12,8.8,12.8,9.6],"texture":"#1"},"east":{"uv":[10.4,12,11.2,12.8],"texture":"#1"},"south":{"uv":[12,10.4,12.8,11.2],"texture":"#1"},"west":{"uv":[11.2,12,12,12.8],"texture":"#1"}}},{"from":[7.6,1.2,7.6],"to":[8.4,6.2,8.4],"rotation":{"angle":0,"axis":"y","origin":[7.5,2.5,7.5]},"faces":{"north":{"uv":[8,4.8,8.6,8.8],"texture":"#1"},"east":{"uv":[6.4,8,7,12],"texture":"#1"},"south":{"uv":[7.2,8,7.8,12],"texture":"#1"},"west":{"uv":[0,8.8,0.6,12.8],"texture":"#1"},"up":{"uv":[7,13.4,6.4,12.8],"texture":"#1"},"down":{"uv":[13.4,6.4,12.8,7],"texture":"#1"}}},{"from":[7.425,15.8,7],"to":[8.575,17.8,9],"rotation":{"angle":-45,"axis":"x","origin":[8,16.8,8]},"faces":{"north":{"uv":[2.4,8.8,3.4,10.4],"texture":"#1"},"east":{"uv":[6.4,4.8,8,6.4],"texture":"#1"},"south":{"uv":[4,8.8,5,10.4],"texture":"#1"},"west":{"uv":[6.4,6.4,8,8],"texture":"#1"},"up":{"uv":[9.8,6.4,8.8,4.8],"texture":"#1"},"down":{"uv":[9.8,6.4,8.8,8],"texture":"#1"}}},{"from":[7.225,16.05,7.25],"to":[8.775,17.55,8.75],"rotation":{"angle":-45,"axis":"x","origin":[8,16.8,8]},"faces":{"north":{"uv":[8,8.8,9.2,10],"texture":"#1"},"east":{"uv":[9.6,0,10.8,1.2],"texture":"#1"},"south":{"uv":[9.6,1.6,10.8,2.8],"texture":"#1"},"west":{"uv":[9.6,8,10.8,9.2],"texture":"#1"},"up":{"uv":[10.8,10.8,9.6,9.6],"texture":"#1"},"down":{"uv":[3.6,10.4,2.4,11.6],"texture":"#1"}}},{"from":[7.5,6.05,7.25],"to":[8.5,7.55,8.75],"rotation":{"angle":-45,"axis":"x","origin":[8,6.8,8]},"faces":{"north":{"uv":[8,11.2,8.8,12.4],"texture":"#1"},"east":{"uv":[4,10.4,5.2,11.6],"texture":"#1"},"south":{"uv":[11.2,8,12,9.2],"texture":"#1"},"west":{"uv":[10.4,4.8,11.6,6],"texture":"#1"},"up":{"uv":[9.6,12.4,8.8,11.2],"texture":"#1"},"down":{"uv":[10.4,11.2,9.6,12.4],"texture":"#1"}}},{"from":[7.75,15.91612,4.71968],"to":[8.25,16.91612,5.71968],"rotation":{"angle":-45,"axis":"x","origin":[8,18.11066,3.37869]},"faces":{"north":{"uv":[10.4,12.8,10.8,13.6],"texture":"#1"},"east":{"uv":[12,11.2,12.8,12],"texture":"#1"},"south":{"uv":[12.8,10.4,13.2,11.2],"texture":"#1"},"west":{"uv":[12,12,12.8,12.8],"texture":"#1"},"up":{"uv":[11.6,13.6,11.2,12.8],"texture":"#1"},"down":{"uv":[13.2,11.2,12.8,12],"texture":"#1"}}},{"from":[7.75,14.09289,5.87868],"to":[8.25,15.09289,6.87868],"rotation":{"angle":-45,"axis":"x","origin":[7.75,14.09289,5.87868]},"faces":{"north":{"uv":[12,12.8,12.4,13.6],"texture":"#1"},"east":{"uv":[0,12.8,0.8,13.6],"texture":"#1"},"south":{"uv":[12.8,12,13.2,12.8],"texture":"#1"},"west":{"uv":[12.8,0,13.6,0.8],"texture":"#1"},"up":{"uv":[13.2,13.6,12.8,12.8],"texture":"#1"},"down":{"uv":[0.4,13.6,0,14.4],"texture":"#1"}}},{"from":[7.75,8.3753,10.01059],"to":[8.25,9.3753,12.01059],"rotation":{"angle":-45,"axis":"x","origin":[-0.575,7.24645,-1.37132]},"faces":{"north":{"uv":[13.6,0,14,0.8],"texture":"#1"},"east":{"uv":[10.4,6.4,12,7.2],"texture":"#1"},"south":{"uv":[0.8,13.6,1.2,14.4],"texture":"#1"},"west":{"uv":[10.4,7.2,12,8],"texture":"#1"},"up":{"uv":[13.2,2.4,12.8,0.8],"texture":"#1"},"down":{"uv":[2.8,12.8,2.4,14.4],"texture":"#1"}}},{"from":[7.75,17.3,-1.12131],"to":[8.25,18.3,0.87869],"rotation":{"angle":-45,"axis":"x","origin":[8,17.8,0.37869]},"faces":{"north":{"uv":[13.6,0.8,14,1.6],"texture":"#1"},"east":{"uv":[8,10.4,9.6,11.2],"texture":"#1"},"south":{"uv":[1.6,13.6,2,14.4],"texture":"#1"},"west":{"uv":[11.2,0,12.8,0.8],"texture":"#1"},"up":{"uv":[13.2,4,12.8,2.4],"texture":"#1"},"down":{"uv":[3.6,12.8,3.2,14.4],"texture":"#1"}}},{"from":[7.755,17.50711,0.37869],"to":[8.245,18.50711,5.87869],"rotation":{"angle":0,"axis":"x","origin":[8,18.11066,3.37869]},"faces":{"east":{"uv":[6.4,3.2,10.8,4],"texture":"#1"},"west":{"uv":[6.4,4,10.8,4.8],"texture":"#1"},"up":{"uv":[1.2,13.2,0.8,8.8],"texture":"#1"},"down":{"uv":[2,8.8,1.6,13.2],"texture":"#1"}}},{"from":[7.755,14.8,5.17157],"to":[8.245,16.8,6.17157],"rotation":{"angle":0,"axis":"x","origin":[-0.245,8.21421,-2.24264]},"faces":{"north":{"uv":[4,12.8,4.4,14.4],"texture":"#1"},"east":{"uv":[5.6,8.8,6.4,10.4],"texture":"#1"},"south":{"uv":[12.8,4,13.2,5.6],"texture":"#1"},"west":{"uv":[5.6,10.4,6.4,12],"texture":"#1"},"up":{"uv":[14,2.4,13.6,1.6],"texture":"#1"},"down":{"uv":[14,2.4,13.6,3.2],"texture":"#1"}}},{"from":[7.4,8.2,7.4],"to":[8.6,15.2,8.6],"rotation":{"angle":0,"axis":"y","origin":[7,8.6,7]},"faces":{"north":{"uv":[0,3.2,1,8.8],"texture":"#1"},"east":{"uv":[1.6,3.2,2.6,8.8],"texture":"#1"},"south":{"uv":[3.2,3.2,4.2,8.8],"texture":"#1"},"west":{"uv":[4.8,3.2,5.8,8.8],"texture":"#1"},"up":{"uv":[12.2,1.8,11.2,0.8],"texture":"#1"},"down":{"uv":[12.2,2.4,11.2,3.4],"texture":"#1"}}},{"from":[8,14.5,-3],"to":[8,18.5,7],"rotation":{"angle":0,"axis":"y","origin":[8,14.5,0]},"faces":{"north":{"uv":[0,0,0,3.2],"texture":"#1"},"east":{"uv":[8,0,0,3.2],"texture":"#1"},"south":{"uv":[0,0,0,3.2],"texture":"#1"},"west":{"uv":[0,0,8,3.2],"texture":"#1"},"up":{"uv":[0,8,0,0],"texture":"#1"},"down":{"uv":[0,0,0,8],"texture":"#1"}}},{"from":[7.75,15.91612,10.28032],"to":[8.25,16.91612,11.28032],"rotation":{"angle":45,"axis":"x","origin":[8,18.11066,12.62131]},"faces":{"north":{"uv":[13.2,10.4,12.8,11.2],"texture":"#1"},"east":{"uv":[12.8,11.2,12,12],"texture":"#1"},"south":{"uv":[10.8,12.8,10.4,13.6],"texture":"#1"},"west":{"uv":[12.8,12,12,12.8],"texture":"#1"},"up":{"uv":[11.6,12.8,11.2,13.6],"texture":"#1"},"down":{"uv":[13.2,12,12.8,11.2],"texture":"#1"}}},{"from":[7.75,14.09289,9.12132],"to":[8.25,15.09289,10.12132],"rotation":{"angle":45,"axis":"x","origin":[7.75,14.09289,10.12132]},"faces":{"north":{"uv":[13.2,12,12.8,12.8],"texture":"#1"},"east":{"uv":[0.8,12.8,0,13.6],"texture":"#1"},"south":{"uv":[12.4,12.8,12,13.6],"texture":"#1"},"west":{"uv":[13.6,0,12.8,0.8],"texture":"#1"},"up":{"uv":[13.2,12.8,12.8,13.6],"texture":"#1"},"down":{"uv":[0.4,14.4,0,13.6],"texture":"#1"}}},{"from":[7.75,8.3753,3.98941],"to":[8.25,9.3753,5.98941],"rotation":{"angle":45,"axis":"x","origin":[-0.575,7.24645,17.37132]},"faces":{"north":{"uv":[1.2,13.6,0.8,14.4],"texture":"#1"},"east":{"uv":[12,6.4,10.4,7.2],"texture":"#1"},"south":{"uv":[14,0,13.6,0.8],"texture":"#1"},"west":{"uv":[12,7.2,10.4,8],"texture":"#1"},"up":{"uv":[13.2,0.8,12.8,2.4],"texture":"#1"},"down":{"uv":[2.8,14.4,2.4,12.8],"texture":"#1"}}},{"from":[7.75,17.3,15.12131],"to":[8.25,18.3,17.12131],"rotation":{"angle":45,"axis":"x","origin":[8,17.8,15.62131]},"faces":{"north":{"uv":[2,13.6,1.6,14.4],"texture":"#1"},"east":{"uv":[9.6,10.4,8,11.2],"texture":"#1"},"south":{"uv":[14,0.8,13.6,1.6],"texture":"#1"},"west":{"uv":[12.8,0,11.2,0.8],"texture":"#1"},"up":{"uv":[13.2,2.4,12.8,4],"texture":"#1"},"down":{"uv":[3.6,14.4,3.2,12.8],"texture":"#1"}}},{"from":[7.755,17.50711,10.12131],"to":[8.245,18.50711,15.62131],"rotation":{"angle":0,"axis":"x","origin":[8,18.11066,12.62131]},"faces":{"east":{"uv":[10.8,3.2,6.4,4],"texture":"#1"},"west":{"uv":[10.8,4,6.4,4.8],"texture":"#1"},"up":{"uv":[1.2,8.8,0.8,13.2],"texture":"#1"},"down":{"uv":[2,13.2,1.6,8.8],"texture":"#1"}}},{"from":[7.755,14.8,9.82843],"to":[8.245,16.8,10.82843],"rotation":{"angle":0,"axis":"x","origin":[-0.245,8.21421,18.24264]},"faces":{"north":{"uv":[13.2,4,12.8,5.6],"texture":"#1"},"east":{"uv":[6.4,8.8,5.6,10.4],"texture":"#1"},"south":{"uv":[4.4,12.8,4,14.4],"texture":"#1"},"west":{"uv":[6.4,10.4,5.6,12],"texture":"#1"},"up":{"uv":[14,1.6,13.6,2.4],"texture":"#1"},"down":{"uv":[14,3.2,13.6,2.4],"texture":"#1"}}},{"from":[8,14.5,9],"to":[8,18.5,19],"rotation":{"angle":0,"axis":"y","origin":[8,14.5,16]},"faces":{"north":{"uv":[0,0,0,3.2],"texture":"#1"},"east":{"uv":[0,0,8,3.2],"texture":"#1"},"south":{"uv":[0,0,0,3.2],"texture":"#1"},"west":{"uv":[8,0,0,3.2],"texture":"#1"},"up":{"uv":[0,0,0,8],"texture":"#1"},"down":{"uv":[0,8,0,0],"texture":"#1"}}},{"from":[7,14.75,6],"to":[7,18.75,10],"rotation":{"angle":45,"axis":"x","origin":[7,16.75,8]},"faces":{"north":{"uv":[0,3.2,0,0],"rotation":180,"texture":"#missing"},"south":{"uv":[0,0,0,3.2],"texture":"#missing"},"west":{"uv":[0,0,16,16],"rotation":270,"texture":"#2"},"up":{"uv":[0,0,0,3.2],"texture":"#missing"},"down":{"uv":[0,0,0,3.2],"rotation":180,"texture":"#missing"}}},{"from":[9,14.75,6],"to":[9,18.75,10],"rotation":{"angle":45,"axis":"x","origin":[9,16.75,8]},"faces":{"north":{"uv":[0,3.2,0,0],"rotation":180,"texture":"#missing"},"east":{"uv":[0,16,16,0],"rotation":270,"texture":"#2"},"south":{"uv":[0,0,0,3.2],"texture":"#missing"},"up":{"uv":[0,0,0,3.2],"texture":"#missing"},"down":{"uv":[0,0,0,3.2],"rotation":180,"texture":"#missing"}}},{"from":[8,18.5,5.25],"to":[8,20,10.75],"rotation":{"angle":0,"axis":"y","origin":[8,19.25,8]},"faces":{"north":{"uv":[0,0,1.2,0],"rotation":90,"texture":"#3"},"east":{"uv":[0,0,3,11],"rotation":90,"texture":"#3"},"south":{"uv":[0,0,1.2,0],"rotation":90,"texture":"#3"},"west":{"uv":[3,0,0,11],"rotation":270,"texture":"#3"},"up":{"uv":[0,0,0,4.4],"texture":"#3"},"down":{"uv":[0,0,0,4.4],"rotation":180,"texture":"#3"}}}],"gui_light":"front","display":{"thirdperson_righthand":{"translation":[0,1.75,1]},"thirdperson_lefthand":{"translation":[0,1.75,1]},"firstperson_righthand":{"rotation":[-10,0,0],"translation":[-0.5,2.5,1.25]},"firstperson_lefthand":{"rotation":[-10,0,0],"translation":[-0.5,2.5,1.25]},"ground":{"translation":[0,7.5,0]},"gui":{"rotation":[-90,45,90],"translation":[2.75,-2.75,0],"scale":[0.86914,0.86914,0.86914]},"head":{"scale":[0,0,0]},"fixed":{"rotation":[0,-90,0],"translation":[-0.25,-6,-1.5],"scale":[2.5,2.5,2.5]}}}