{"credit":"MadebyPolygonMC","texture_size":[20,20],"textures":{"1":"akiraset:animation_1","2":"akiraset:spear","particle":"akiraset:spear"},"elements":[{"from":[7.4,0,7],"to":[8.6,0.5,9],"rotation":{"angle":-22.5,"axis":"x","origin":[8,0.25,8]},"faces":{"north":{"uv":[12.8,11.2,13.8,11.6],"texture":"#2"},"east":{"uv":[11.2,5.6,12.8,6],"texture":"#2"},"south":{"uv":[12,12.8,13,13.2],"texture":"#2"},"west":{"uv":[3.2,12,4.8,12.4],"texture":"#2"},"up":{"uv":[9,5.6,8,4],"texture":"#2"},"down":{"uv":[9,5.6,8,7.2],"texture":"#2"}}},{"from":[7.5,0.2,7.5],"to":[8.5,1.2,8.5],"rotation":{"angle":0,"axis":"y","origin":[7.5,0,7.5]},"faces":{"north":{"uv":[8,7.2,8.8,8],"texture":"#2"},"east":{"uv":[8.8,3.2,9.6,4],"texture":"#2"},"south":{"uv":[9.6,6.4,10.4,7.2],"texture":"#2"},"west":{"uv":[3.2,10.4,4,11.2],"texture":"#2"},"up":{"uv":[12.8,4.8,12,4],"texture":"#2"},"down":{"uv":[12.8,4.8,12,5.6],"texture":"#2"}}},{"from":[7.5,2.2,7.5],"to":[8.5,2.7,8.5],"rotation":{"angle":0,"axis":"y","origin":[7.5,2,7.5]},"faces":{"north":{"uv":[13.6,0.8,14.4,1.2],"texture":"#2"},"east":{"uv":[1.6,13.6,2.4,14],"texture":"#2"},"south":{"uv":[13.6,1.6,14.4,2],"texture":"#2"},"west":{"uv":[2.4,13.6,3.2,14],"texture":"#2"},"up":{"uv":[12.8,7.2,12,6.4],"texture":"#2"},"down":{"uv":[12.8,7.2,12,8],"texture":"#2"}}},{"from":[7.5,4.7,7.5],"to":[8.5,5.2,8.5],"rotation":{"angle":0,"axis":"y","origin":[7.5,4.5,7.5]},"faces":{"north":{"uv":[13.6,2.4,14.4,2.8],"texture":"#2"},"east":{"uv":[3.2,13.6,4,14],"texture":"#2"},"south":{"uv":[13.6,3.2,14.4,3.6],"texture":"#2"},"west":{"uv":[4,13.6,4.8,14],"texture":"#2"},"up":{"uv":[12.8,8.8,12,8],"texture":"#2"},"down":{"uv":[9.6,12,8.8,12.8],"texture":"#2"}}},{"from":[7.5,22.2,7.5],"to":[8.5,23.2,8.5],"rotation":{"angle":0,"axis":"y","origin":[7.5,23.4,7.5]},"faces":{"north":{"uv":[12,8.8,12.8,9.6],"texture":"#2"},"east":{"uv":[9.6,12,10.4,12.8],"texture":"#2"},"south":{"uv":[12,9.6,12.8,10.4],"texture":"#2"},"west":{"uv":[12,10.4,12.8,11.2],"texture":"#2"},"up":{"uv":[12.8,12,12,11.2],"texture":"#2"},"down":{"uv":[12.8,12,12,12.8],"texture":"#2"}}},{"from":[7.55,7.2,7.55],"to":[8.45,8.2,8.45],"rotation":{"angle":0,"axis":"y","origin":[7.5,8.4,7.5]},"faces":{"north":{"uv":[12.8,0,13.6,0.8],"texture":"#2"},"east":{"uv":[12.8,0.8,13.6,1.6],"texture":"#2"},"south":{"uv":[12.8,1.6,13.6,2.4],"texture":"#2"},"west":{"uv":[12.8,2.4,13.6,3.2],"texture":"#2"},"up":{"uv":[4,13.6,3.2,12.8],"texture":"#2"},"down":{"uv":[13.6,3.2,12.8,4],"texture":"#2"}}},{"from":[7.55,14.2,7.55],"to":[8.45,15.2,8.45],"rotation":{"angle":0,"axis":"y","origin":[7.5,15.4,7.5]},"faces":{"north":{"uv":[12.8,8.8,13.6,9.6],"texture":"#2"},"east":{"uv":[9.6,12.8,10.4,13.6],"texture":"#2"},"south":{"uv":[12.8,9.6,13.6,10.4],"texture":"#2"},"west":{"uv":[10.4,12.8,11.2,13.6],"texture":"#2"},"up":{"uv":[13.6,11.2,12.8,10.4],"texture":"#2"},"down":{"uv":[12,12.8,11.2,13.6],"texture":"#2"}}},{"from":[7.6,1.2,7.6],"to":[8.4,6.2,8.4],"rotation":{"angle":0,"axis":"y","origin":[7.5,2.5,7.5]},"faces":{"north":{"uv":[3.2,6.4,3.8,10.4],"texture":"#2"},"east":{"uv":[7.2,0,7.8,4],"texture":"#2"},"south":{"uv":[7.2,4,7.8,8],"texture":"#2"},"west":{"uv":[0,8,0.6,12],"texture":"#2"},"up":{"uv":[13.4,12.6,12.8,12],"texture":"#2"},"down":{"uv":[0.6,13.6,0,14.2],"texture":"#2"}}},{"from":[7.5,11.7,7.5],"to":[8.5,12.2,8.5],"rotation":{"angle":0,"axis":"y","origin":[7.5,11.5,7.5]},"faces":{"north":{"uv":[13.6,12,14.4,12.4],"texture":"#2"},"east":{"uv":[12.8,13.6,13.6,14],"texture":"#2"},"south":{"uv":[13.6,12.8,14.4,13.2],"texture":"#2"},"west":{"uv":[13.6,13.6,14.4,14],"texture":"#2"},"up":{"uv":[13.6,8.8,12.8,8],"texture":"#2"},"down":{"uv":[9.6,12.8,8.8,13.6],"texture":"#2"}}},{"from":[7.6,8.2,7.6],"to":[8.4,13.2,8.4],"rotation":{"angle":0,"axis":"y","origin":[7.5,9.5,7.5]},"faces":{"north":{"uv":[8,0,8.6,4],"texture":"#2"},"east":{"uv":[0.8,8,1.4,12],"texture":"#2"},"south":{"uv":[1.6,8,2.2,12],"texture":"#2"},"west":{"uv":[2.4,8,3,12],"texture":"#2"},"up":{"uv":[14.2,0.6,13.6,0],"texture":"#2"},"down":{"uv":[1.4,13.6,0.8,14.2],"texture":"#2"}}},{"from":[7.5,9.2,7.5],"to":[8.5,9.7,8.5],"rotation":{"angle":0,"axis":"y","origin":[7.5,9,7.5]},"faces":{"north":{"uv":[10.4,13.6,11.2,14],"texture":"#2"},"east":{"uv":[13.6,10.4,14.4,10.8],"texture":"#2"},"south":{"uv":[11.2,13.6,12,14],"texture":"#2"},"west":{"uv":[12,13.6,12.8,14],"texture":"#2"},"up":{"uv":[13.6,8,12.8,7.2],"texture":"#2"},"down":{"uv":[8.8,12.8,8,13.6],"texture":"#2"}}},{"from":[7.425,22.8,7],"to":[8.575,24.8,9],"rotation":{"angle":-45,"axis":"x","origin":[8,23.8,8]},"faces":{"north":{"uv":[7.2,8,8.2,9.6],"texture":"#2"},"east":{"uv":[0,6.4,1.6,8],"texture":"#2"},"south":{"uv":[8.8,0,9.8,1.6],"texture":"#2"},"west":{"uv":[1.6,6.4,3.2,8],"texture":"#2"},"up":{"uv":[9.8,3.2,8.8,1.6],"texture":"#2"},"down":{"uv":[9.8,7.2,8.8,8.8],"texture":"#2"}}},{"from":[7.225,23.05,7.25],"to":[8.775,24.55,8.75],"rotation":{"angle":-45,"axis":"x","origin":[8,23.8,8]},"faces":{"north":{"uv":[8.8,8.8,10,10],"texture":"#2"},"east":{"uv":[9.6,3.2,10.8,4.4],"texture":"#2"},"south":{"uv":[9.6,4.8,10.8,6],"texture":"#2"},"west":{"uv":[7.2,9.6,8.4,10.8],"texture":"#2"},"up":{"uv":[11.6,1.2,10.4,0],"texture":"#2"},"down":{"uv":[11.6,1.6,10.4,2.8],"texture":"#2"}}},{"from":[7.5,6.05,7.25],"to":[8.5,7.55,8.75],"rotation":{"angle":-45,"axis":"x","origin":[8,6.8,8]},"faces":{"north":{"uv":[10.4,11.2,11.2,12.4],"texture":"#2"},"east":{"uv":[10.4,6.4,11.6,7.6],"texture":"#2"},"south":{"uv":[11.2,11.2,12,12.4],"texture":"#2"},"west":{"uv":[10.4,8,11.6,9.2],"texture":"#2"},"up":{"uv":[0.8,13.2,0,12],"texture":"#2"},"down":{"uv":[12.8,0,12,1.2],"texture":"#2"}}},{"from":[7.5,13.05,7.25],"to":[8.5,14.55,8.75],"rotation":{"angle":-45,"axis":"x","origin":[8,13.8,8]},"faces":{"north":{"uv":[0.8,12,1.6,13.2],"texture":"#2"},"east":{"uv":[8.8,10.4,10,11.6],"texture":"#2"},"south":{"uv":[1.6,12,2.4,13.2],"texture":"#2"},"west":{"uv":[10.4,9.6,11.6,10.8],"texture":"#2"},"up":{"uv":[12.8,2.8,12,1.6],"texture":"#2"},"down":{"uv":[3.2,12,2.4,13.2],"texture":"#2"}}},{"from":[7.75,22.91612,4.71968],"to":[8.25,23.91612,5.71968],"rotation":{"angle":-45,"axis":"x","origin":[8,25.11066,3.37869]},"faces":{"north":{"uv":[13.6,4,14,4.8],"texture":"#2"},"east":{"uv":[4,12.8,4.8,13.6],"texture":"#2"},"south":{"uv":[4.8,13.6,5.2,14.4],"texture":"#2"},"west":{"uv":[12.8,4,13.6,4.8],"texture":"#2"},"up":{"uv":[14,5.6,13.6,4.8],"texture":"#2"},"down":{"uv":[14,5.6,13.6,6.4],"texture":"#2"}}},{"from":[7.75,21.09289,5.87868],"to":[8.25,22.09289,6.87868],"rotation":{"angle":-45,"axis":"x","origin":[7.75,21.09289,5.87868]},"faces":{"north":{"uv":[13.6,6.4,14,7.2],"texture":"#2"},"east":{"uv":[4.8,12.8,5.6,13.6],"texture":"#2"},"south":{"uv":[13.6,7.2,14,8],"texture":"#2"},"west":{"uv":[12.8,4.8,13.6,5.6],"texture":"#2"},"up":{"uv":[8.4,14.4,8,13.6],"texture":"#2"},"down":{"uv":[14,8,13.6,8.8],"texture":"#2"}}},{"from":[7.75,15.3753,10.01059],"to":[8.25,16.3753,12.01059],"rotation":{"angle":-45,"axis":"x","origin":[-0.575,14.24645,-1.37132]},"faces":{"north":{"uv":[8.8,13.6,9.2,14.4],"texture":"#2"},"east":{"uv":[3.2,11.2,4.8,12],"texture":"#2"},"south":{"uv":[13.6,8.8,14,9.6],"texture":"#2"},"west":{"uv":[11.2,3.2,12.8,4],"texture":"#2"},"up":{"uv":[6,14.4,5.6,12.8],"texture":"#2"},"down":{"uv":[13.2,5.6,12.8,7.2],"texture":"#2"}}},{"from":[7.755,21.8,5.17157],"to":[8.245,23.8,6.17157],"rotation":{"angle":0,"axis":"x","origin":[-0.245,15.21421,-2.24264]},"faces":{"north":{"uv":[6.4,12.8,6.8,14.4],"texture":"#2"},"east":{"uv":[11.2,4,12,5.6],"texture":"#2"},"south":{"uv":[7.2,12.8,7.6,14.4],"texture":"#2"},"west":{"uv":[4.8,11.2,5.6,12.8],"texture":"#2"},"up":{"uv":[10,14.4,9.6,13.6],"texture":"#2"},"down":{"uv":[14,9.6,13.6,10.4],"texture":"#2"}}},{"from":[7.75,22.91612,10.28032],"to":[8.25,23.91612,11.28032],"rotation":{"angle":45,"axis":"x","origin":[8,25.11066,12.62131]},"faces":{"north":{"uv":[5.2,13.6,4.8,14.4],"texture":"#2"},"east":{"uv":[4.8,12.8,4,13.6],"texture":"#2"},"south":{"uv":[14,4,13.6,4.8],"texture":"#2"},"west":{"uv":[13.6,4,12.8,4.8],"texture":"#2"},"up":{"uv":[14,4.8,13.6,5.6],"texture":"#2"},"down":{"uv":[14,6.4,13.6,5.6],"texture":"#2"}}},{"from":[7.75,15.3753,3.98941],"to":[8.25,16.3753,5.98941],"rotation":{"angle":45,"axis":"x","origin":[-0.575,14.24645,17.37132]},"faces":{"north":{"uv":[14,8.8,13.6,9.6],"texture":"#2"},"east":{"uv":[4.8,11.2,3.2,12],"texture":"#2"},"south":{"uv":[9.2,13.6,8.8,14.4],"texture":"#2"},"west":{"uv":[12.8,3.2,11.2,4],"texture":"#2"},"up":{"uv":[6,12.8,5.6,14.4],"texture":"#2"},"down":{"uv":[13.2,7.2,12.8,5.6],"texture":"#2"}}},{"from":[7.755,21.8,9.82843],"to":[8.245,23.8,10.82843],"rotation":{"angle":0,"axis":"x","origin":[-0.245,15.21421,18.24264]},"faces":{"north":{"uv":[7.6,12.8,7.2,14.4],"texture":"#2"},"east":{"uv":[12,4,11.2,5.6],"texture":"#2"},"south":{"uv":[6.8,12.8,6.4,14.4],"texture":"#2"},"west":{"uv":[5.6,11.2,4.8,12.8],"texture":"#2"},"up":{"uv":[10,13.6,9.6,14.4],"texture":"#2"},"down":{"uv":[14,10.4,13.6,9.6],"texture":"#2"}}},{"from":[7.75,21.09289,9.12132],"to":[8.25,22.09289,10.12132],"rotation":{"angle":45,"axis":"x","origin":[7.75,21.09289,10.12132]},"faces":{"north":{"uv":[14,7.2,13.6,8],"texture":"#2"},"east":{"uv":[5.6,12.8,4.8,13.6],"texture":"#2"},"south":{"uv":[14,6.4,13.6,7.2],"texture":"#2"},"west":{"uv":[13.6,4.8,12.8,5.6],"texture":"#2"},"up":{"uv":[8.4,13.6,8,14.4],"texture":"#2"},"down":{"uv":[14,8.8,13.6,8],"texture":"#2"}}},{"from":[7.4,15.2,7.4],"to":[8.6,22.2,8.6],"rotation":{"angle":0,"axis":"y","origin":[7,15.6,7]},"faces":{"north":{"uv":[4,0,5,5.6],"texture":"#2"},"east":{"uv":[5.6,0,6.6,5.6],"texture":"#2"},"south":{"uv":[4,5.6,5,11.2],"texture":"#2"},"west":{"uv":[5.6,5.6,6.6,11.2],"texture":"#2"},"up":{"uv":[6.6,12.2,5.6,11.2],"texture":"#2"},"down":{"uv":[8.2,11.2,7.2,12.2],"texture":"#2"}}},{"from":[8,24.5,5.875],"to":[8,32,10.125],"rotation":{"angle":0,"axis":"y","origin":[8,24.5,5.875]},"faces":{"north":{"uv":[0,0,0,6],"texture":"#2"},"east":{"uv":[3.4,0,0,6],"texture":"#2"},"south":{"uv":[0,0,0,6],"texture":"#2"},"west":{"uv":[0,0,3.4,6],"texture":"#2"},"up":{"uv":[0,3.4,0,0],"texture":"#2"},"down":{"uv":[0,0,0,3.4],"texture":"#2"}}},{"from":[7,21.75,6],"to":[7,25.75,10],"rotation":{"angle":45,"axis":"x","origin":[7,23.75,8]},"faces":{"north":{"uv":[0,3.2,0,0],"rotation":180,"texture":"#1"},"south":{"uv":[0,0,0,3.2],"texture":"#1"},"west":{"uv":[0,0,16,16],"rotation":270,"texture":"#1"},"up":{"uv":[0,0,0,3.2],"texture":"#1"},"down":{"uv":[0,0,0,3.2],"rotation":180,"texture":"#1"}}},{"from":[9,21.75,6],"to":[9,25.75,10],"rotation":{"angle":45,"axis":"x","origin":[9,23.75,8]},"faces":{"north":{"uv":[0,3.2,0,0],"rotation":180,"texture":"#1"},"east":{"uv":[0,16,16,0],"rotation":270,"texture":"#1"},"south":{"uv":[0,0,0,3.2],"texture":"#1"},"up":{"uv":[0,0,0,3.2],"texture":"#1"},"down":{"uv":[0,0,0,3.2],"rotation":180,"texture":"#1"}}}],"gui_light":"front","display":{"thirdperson_righthand":{"translation":[0,-5,1]},"thirdperson_lefthand":{"translation":[0,-5,1]},"firstperson_righthand":{"rotation":[-10,0,0],"translation":[-0.5,-5.25,1.25]},"firstperson_lefthand":{"rotation":[-10,0,0],"translation":[-0.5,-5.25,1.25]},"ground":{"translation":[0,7.5,0]},"gui":{"rotation":[-90,45,90],"translation":[4.25,-4.25,0],"scale":[0.74219,0.74219,0.74219]},"head":{"scale":[0,0,0]},"fixed":{"rotation":[0,-90,0],"translation":[-0.25,-15.5,-1.5],"scale":[2.5,2.5,2.5]}}}