{"credit":"MadebyPolygonMC","texture_size":[12,12],"textures":{"1":"akiraset:staff","3":"akiraset:staff_animation"},"elements":[{"from":[7.4,0,7],"to":[8.6,0.5,9],"rotation":{"angle":-22.5,"axis":"x","origin":[8,0.25,8]},"faces":{"north":{"uv":[12,3.2,13,3.6],"texture":"#1"},"east":{"uv":[10.4,7.2,12,7.6],"texture":"#1"},"south":{"uv":[12,4,13,4.4],"texture":"#1"},"west":{"uv":[8,10.4,9.6,10.8],"texture":"#1"},"up":{"uv":[1.8,8.8,0.8,7.2],"texture":"#1"},"down":{"uv":[8.2,1.6,7.2,3.2],"texture":"#1"}}},{"from":[7.5,0.2,7.5],"to":[8.5,1.2,8.5],"rotation":{"angle":0,"axis":"y","origin":[7.5,0,7.5]},"faces":{"north":{"uv":[2.4,8.8,3.2,9.6],"texture":"#1"},"east":{"uv":[6.4,8.8,7.2,9.6],"texture":"#1"},"south":{"uv":[0,9.6,0.8,10.4],"texture":"#1"},"west":{"uv":[10.4,8,11.2,8.8],"texture":"#1"},"up":{"uv":[11.2,9.6,10.4,8.8],"texture":"#1"},"down":{"uv":[10.4,10.4,9.6,11.2],"texture":"#1"}}},{"from":[7.5,2.2,7.5],"to":[8.5,2.7,8.5],"rotation":{"angle":0,"axis":"y","origin":[7.5,2,7.5]},"faces":{"north":{"uv":[12,5.6,12.8,6],"texture":"#1"},"east":{"uv":[12,6.4,12.8,6.8],"texture":"#1"},"south":{"uv":[12,7.2,12.8,7.6],"texture":"#1"},"west":{"uv":[8,12,8.8,12.4],"texture":"#1"},"up":{"uv":[11.2,10.4,10.4,9.6],"texture":"#1"},"down":{"uv":[11.2,10.4,10.4,11.2],"texture":"#1"}}},{"from":[7.5,4.7,7.5],"to":[8.5,5.2,8.5],"rotation":{"angle":0,"axis":"y","origin":[7.5,4.5,7.5]},"faces":{"north":{"uv":[12,8,12.8,8.4],"texture":"#1"},"east":{"uv":[8.8,12,9.6,12.4],"texture":"#1"},"south":{"uv":[12,8.8,12.8,9.2],"texture":"#1"},"west":{"uv":[9.6,12,10.4,12.4],"texture":"#1"},"up":{"uv":[12,2.4,11.2,1.6],"texture":"#1"},"down":{"uv":[3.2,11.2,2.4,12],"texture":"#1"}}},{"from":[7.5,15.2,7.5],"to":[8.5,16.2,8.5],"rotation":{"angle":0,"axis":"y","origin":[7.5,16.4,7.5]},"faces":{"north":{"uv":[11.2,2.4,12,3.2],"texture":"#1"},"east":{"uv":[3.2,11.2,4,12],"texture":"#1"},"south":{"uv":[11.2,3.2,12,4],"texture":"#1"},"west":{"uv":[11.2,4,12,4.8],"texture":"#1"},"up":{"uv":[12,5.6,11.2,4.8],"texture":"#1"},"down":{"uv":[12,5.6,11.2,6.4],"texture":"#1"}}},{"from":[7.55,7.2,7.55],"to":[8.45,8.2,8.45],"rotation":{"angle":0,"axis":"y","origin":[7.5,8.4,7.5]},"faces":{"north":{"uv":[11.2,6.4,12,7.2],"texture":"#1"},"east":{"uv":[8,11.2,8.8,12],"texture":"#1"},"south":{"uv":[11.2,8,12,8.8],"texture":"#1"},"west":{"uv":[8.8,11.2,9.6,12],"texture":"#1"}}},{"from":[7.6,1.2,7.6],"to":[8.4,6.2,8.4],"rotation":{"angle":0,"axis":"y","origin":[7.5,2.5,7.5]},"faces":{"north":{"uv":[3.2,5.6,3.8,9.6],"texture":"#1"},"east":{"uv":[4,5.6,4.6,9.6],"texture":"#1"},"south":{"uv":[4.8,5.6,5.4,9.6],"texture":"#1"},"west":{"uv":[5.6,5.6,6.2,9.6],"texture":"#1"},"up":{"uv":[3.8,12.6,3.2,12],"texture":"#1"},"down":{"uv":[12.6,4.8,12,5.4],"texture":"#1"}}},{"from":[7.425,15.8,7],"to":[8.575,17.8,9],"rotation":{"angle":-45,"axis":"x","origin":[8,16.8,8]},"faces":{"north":{"uv":[7.2,3.2,8.2,4.8],"texture":"#1"},"east":{"uv":[0,5.6,1.6,7.2],"texture":"#1"},"south":{"uv":[7.2,4.8,8.2,6.4],"texture":"#1"},"west":{"uv":[1.6,5.6,3.2,7.2],"texture":"#1"},"up":{"uv":[8.2,8,7.2,6.4],"texture":"#1"},"down":{"uv":[8.2,8,7.2,9.6],"texture":"#1"}}},{"from":[7.225,16.05,7.25],"to":[8.775,17.55,8.75],"rotation":{"angle":-45,"axis":"x","origin":[8,16.8,8]},"faces":{"north":{"uv":[8.8,0,10,1.2],"texture":"#1"},"east":{"uv":[0.8,8.8,2,10],"texture":"#1"},"south":{"uv":[8.8,1.6,10,2.8],"texture":"#1"},"west":{"uv":[8.8,3.2,10,4.4],"texture":"#1"},"up":{"uv":[10,6,8.8,4.8],"texture":"#1"},"down":{"uv":[10,6.4,8.8,7.6],"texture":"#1"}}},{"from":[7.5,6.05,7.25],"to":[8.5,7.55,8.75],"rotation":{"angle":-45,"axis":"x","origin":[8,6.8,8]},"faces":{"north":{"uv":[2.4,7.2,3.2,8.4],"texture":"#1"},"east":{"uv":[8.8,8,10,9.2],"texture":"#1"},"south":{"uv":[1.6,10.4,2.4,11.6],"texture":"#1"},"west":{"uv":[2.4,9.6,3.6,10.8],"texture":"#1"},"up":{"uv":[11.2,2.8,10.4,1.6],"texture":"#1"},"down":{"uv":[11.2,3.2,10.4,4.4],"texture":"#1"}}},{"from":[7.75,15.91612,4.71968],"to":[8.25,16.91612,5.71968],"rotation":{"angle":-45,"axis":"x","origin":[8,18.11066,3.37869]},"faces":{"north":{"uv":[12,9.6,12.4,10.4],"texture":"#1"},"east":{"uv":[11.2,8.8,12,9.6],"texture":"#1"},"south":{"uv":[10.4,12,10.8,12.8],"texture":"#1"},"west":{"uv":[9.6,11.2,10.4,12],"texture":"#1"},"up":{"uv":[12.4,11.2,12,10.4],"texture":"#1"},"down":{"uv":[11.6,12,11.2,12.8],"texture":"#1"}}},{"from":[7.75,13.09289,5.87868],"to":[8.25,14.09289,6.87868],"rotation":{"angle":-45,"axis":"x","origin":[7.75,13.09289,5.87868]},"faces":{"north":{"uv":[12,11.2,12.4,12],"texture":"#1"},"east":{"uv":[11.2,9.6,12,10.4],"texture":"#1"},"south":{"uv":[12,12,12.4,12.8],"texture":"#1"},"west":{"uv":[10.4,11.2,11.2,12],"texture":"#1"},"up":{"uv":[13.2,0.8,12.8,0],"texture":"#1"},"down":{"uv":[1.2,12.8,0.8,13.6],"texture":"#1"}}},{"from":[7.75,8.3753,10.01059],"to":[8.25,9.3753,12.01059],"rotation":{"angle":-45,"axis":"x","origin":[-0.575,7.24645,-1.37132]},"faces":{"north":{"uv":[12.8,0.8,13.2,1.6],"texture":"#1"},"east":{"uv":[4,9.6,5.6,10.4],"texture":"#1"},"south":{"uv":[12.8,1.6,13.2,2.4],"texture":"#1"},"west":{"uv":[5.6,9.6,7.2,10.4],"texture":"#1"},"up":{"uv":[11.6,12,11.2,10.4],"texture":"#1"},"down":{"uv":[0.4,12,0,13.6],"texture":"#1"}}},{"from":[7.75,19.45165,3.18414],"to":[8.25,20.45165,4.18414],"rotation":{"angle":-45,"axis":"x","origin":[8,18.11066,5.37869]},"faces":{"north":{"uv":[2.4,12.8,2.8,13.6],"texture":"#1"},"east":{"uv":[12,0,12.8,0.8],"texture":"#1"},"south":{"uv":[12.8,2.4,13.2,3.2],"texture":"#1"},"west":{"uv":[0.8,12,1.6,12.8],"texture":"#1"},"up":{"uv":[3.6,13.6,3.2,12.8],"texture":"#1"},"down":{"uv":[4.4,12.8,4,13.6],"texture":"#1"}}},{"from":[7.755,17.50711,2.87869],"to":[8.245,18.50711,5.87869],"rotation":{"angle":0,"axis":"x","origin":[8,18.11066,3.37869]},"faces":{"east":{"uv":[6.4,0,8.8,0.8],"texture":"#1"},"west":{"uv":[6.4,0.8,8.8,1.6],"texture":"#1"},"up":{"uv":[4.4,12.8,4,10.4],"texture":"#1"},"down":{"uv":[5.2,10.4,4.8,12.8],"texture":"#1"}}},{"from":[7.755,13.8,5.17157],"to":[8.245,16.8,6.17157],"rotation":{"angle":0,"axis":"x","origin":[-0.245,8.21421,-2.24264]},"faces":{"north":{"uv":[10.4,4.8,10.8,7.2],"texture":"#1"},"east":{"uv":[6.4,1.6,7.2,4],"texture":"#1"},"south":{"uv":[5.6,10.4,6,12.8],"texture":"#1"},"west":{"uv":[6.4,4,7.2,6.4],"texture":"#1"},"up":{"uv":[5.2,13.6,4.8,12.8],"texture":"#1"},"down":{"uv":[13.2,4.8,12.8,5.6],"texture":"#1"}}},{"from":[7.75,21.62843,6.58579],"to":[8.25,22.62843,7.58579],"rotation":{"angle":45,"axis":"x","origin":[7.75,22.62843,6.58579]},"faces":{"north":{"uv":[7.2,12.8,7.6,13.6],"texture":"#1"},"east":{"uv":[2.4,12,3.2,12.8],"texture":"#1"},"south":{"uv":[12.8,7.2,13.2,8],"texture":"#1"},"west":{"uv":[12,2.4,12.8,3.2],"texture":"#1"},"up":{"uv":[8.4,13.6,8,12.8],"texture":"#1"},"down":{"uv":[13.2,8,12.8,8.8],"texture":"#1"}}},{"from":[7.75,26.34602,10.7177],"to":[8.25,27.34602,12.7177],"rotation":{"angle":45,"axis":"x","origin":[-0.575,28.47487,-0.66421]},"faces":{"north":{"uv":[6.4,12.8,6.8,13.6],"texture":"#1"},"east":{"uv":[7.2,9.6,8.8,10.4],"texture":"#1"},"south":{"uv":[12.8,6.4,13.2,7.2],"texture":"#1"},"west":{"uv":[8.8,9.6,10.4,10.4],"texture":"#1"},"up":{"uv":[12.4,2.4,12,0.8],"texture":"#1"},"down":{"uv":[2,12,1.6,13.6],"texture":"#1"}}},{"from":[7.755,18.92132,5.87868],"to":[8.245,21.92132,6.87868],"rotation":{"angle":0,"axis":"x","origin":[-0.245,27.50711,-1.53553]},"faces":{"north":{"uv":[6.4,10.4,6.8,12.8],"texture":"#1"},"east":{"uv":[6.4,6.4,7.2,8.8],"texture":"#1"},"south":{"uv":[7.2,10.4,7.6,12.8],"texture":"#1"},"west":{"uv":[0,7.2,0.8,9.6],"texture":"#1"},"up":{"uv":[6,13.6,5.6,12.8],"texture":"#1"},"down":{"uv":[13.2,5.6,12.8,6.4],"texture":"#1"}}},{"from":[7.755,17.50711,10.12131],"to":[8.245,18.50711,13.12131],"rotation":{"angle":0,"axis":"x","origin":[8,18.11066,12.62131]},"faces":{"east":{"uv":[8.8,0,6.4,0.8],"texture":"#1"},"west":{"uv":[8.8,0.8,6.4,1.6],"texture":"#1"},"up":{"uv":[4.4,10.4,4,12.8],"texture":"#1"},"down":{"uv":[5.2,12.8,4.8,10.4],"texture":"#1"}}},{"from":[7.75,19.45165,11.81586],"to":[8.25,20.45165,12.81586],"rotation":{"angle":45,"axis":"x","origin":[8,18.11066,10.62131]},"faces":{"north":{"uv":[13.2,2.4,12.8,3.2],"texture":"#1"},"east":{"uv":[12.8,0,12,0.8],"texture":"#1"},"south":{"uv":[2.8,12.8,2.4,13.6],"texture":"#1"},"west":{"uv":[1.6,12,0.8,12.8],"texture":"#1"},"up":{"uv":[3.6,12.8,3.2,13.6],"texture":"#1"},"down":{"uv":[4.4,13.6,4,12.8],"texture":"#1"}}},{"from":[7.75,15.91612,10.28032],"to":[8.25,16.91612,11.28032],"rotation":{"angle":45,"axis":"x","origin":[8,18.11066,12.62131]},"faces":{"north":{"uv":[10.8,12,10.4,12.8],"texture":"#1"},"east":{"uv":[12,8.8,11.2,9.6],"texture":"#1"},"south":{"uv":[12.4,9.6,12,10.4],"texture":"#1"},"west":{"uv":[10.4,11.2,9.6,12],"texture":"#1"},"up":{"uv":[12.4,10.4,12,11.2],"texture":"#1"},"down":{"uv":[11.6,12.8,11.2,12],"texture":"#1"}}},{"from":[7.75,8.3753,3.98941],"to":[8.25,9.3753,5.98941],"rotation":{"angle":45,"axis":"x","origin":[-0.575,7.24645,17.37132]},"faces":{"north":{"uv":[13.2,1.6,12.8,2.4],"texture":"#1"},"east":{"uv":[5.6,9.6,4,10.4],"texture":"#1"},"south":{"uv":[13.2,0.8,12.8,1.6],"texture":"#1"},"west":{"uv":[7.2,9.6,5.6,10.4],"texture":"#1"},"up":{"uv":[11.6,10.4,11.2,12],"texture":"#1"},"down":{"uv":[0.4,13.6,0,12],"texture":"#1"}}},{"from":[7.755,13.8,9.82843],"to":[8.245,16.8,10.82843],"rotation":{"angle":0,"axis":"x","origin":[-0.245,8.21421,18.24264]},"faces":{"north":{"uv":[6,10.4,5.6,12.8],"texture":"#1"},"east":{"uv":[7.2,1.6,6.4,4],"texture":"#1"},"south":{"uv":[10.8,4.8,10.4,7.2],"texture":"#1"},"west":{"uv":[7.2,4,6.4,6.4],"texture":"#1"},"up":{"uv":[5.2,12.8,4.8,13.6],"texture":"#1"},"down":{"uv":[13.2,5.6,12.8,4.8],"texture":"#1"}}},{"from":[7.75,13.09289,9.12132],"to":[8.25,14.09289,10.12132],"rotation":{"angle":45,"axis":"x","origin":[7.75,13.09289,10.12132]},"faces":{"north":{"uv":[12.4,12,12,12.8],"texture":"#1"},"east":{"uv":[12,9.6,11.2,10.4],"texture":"#1"},"south":{"uv":[12.4,11.2,12,12],"texture":"#1"},"west":{"uv":[11.2,11.2,10.4,12],"texture":"#1"},"up":{"uv":[13.2,0,12.8,0.8],"texture":"#1"},"down":{"uv":[1.2,13.6,0.8,12.8],"texture":"#1"}}},{"from":[7.75,26.34602,3.2823],"to":[8.25,27.34602,5.2823],"rotation":{"angle":-45,"axis":"x","origin":[-0.575,28.47487,16.66421]},"faces":{"north":{"uv":[13.2,6.4,12.8,7.2],"texture":"#1"},"east":{"uv":[8.8,9.6,7.2,10.4],"texture":"#1"},"south":{"uv":[6.8,12.8,6.4,13.6],"texture":"#1"},"west":{"uv":[10.4,9.6,8.8,10.4],"texture":"#1"},"up":{"uv":[12.4,0.8,12,2.4],"texture":"#1"},"down":{"uv":[2,13.6,1.6,12],"texture":"#1"}}},{"from":[7.755,18.92132,9.12132],"to":[8.245,21.92132,10.12132],"rotation":{"angle":0,"axis":"x","origin":[-0.245,27.50711,17.53553]},"faces":{"north":{"uv":[7.6,10.4,7.2,12.8],"texture":"#1"},"east":{"uv":[7.2,6.4,6.4,8.8],"texture":"#1"},"south":{"uv":[6.8,10.4,6.4,12.8],"texture":"#1"},"west":{"uv":[0.8,7.2,0,9.6],"texture":"#1"},"up":{"uv":[6,12.8,5.6,13.6],"texture":"#1"},"down":{"uv":[13.2,6.4,12.8,5.6],"texture":"#1"}}},{"from":[7.75,21.62843,8.41421],"to":[8.25,22.62843,9.41421],"rotation":{"angle":-45,"axis":"x","origin":[7.75,22.62843,9.41421]},"faces":{"north":{"uv":[13.2,7.2,12.8,8],"texture":"#1"},"east":{"uv":[3.2,12,2.4,12.8],"texture":"#1"},"south":{"uv":[7.6,12.8,7.2,13.6],"texture":"#1"},"west":{"uv":[12.8,2.4,12,3.2],"texture":"#1"},"up":{"uv":[8.4,12.8,8,13.6],"texture":"#1"},"down":{"uv":[13.2,8.8,12.8,8],"texture":"#1"}}},{"from":[7.4,8.2,7.4],"to":[8.6,15.2,8.6],"rotation":{"angle":0,"axis":"y","origin":[7,8.6,7]},"faces":{"north":{"uv":[0,0,1,5.6],"texture":"#1"},"east":{"uv":[1.6,0,2.6,5.6],"texture":"#1"},"south":{"uv":[3.2,0,4.2,5.6],"texture":"#1"},"west":{"uv":[4.8,0,5.8,5.6],"texture":"#1"},"up":{"uv":[1,11.4,0,10.4],"texture":"#1"},"down":{"uv":[11.4,0,10.4,1],"texture":"#1"}}},{"from":[7,19.3,7],"to":[9,21.3,9],"rotation":{"angle":-45,"axis":"x","origin":[8,20.3,8]},"faces":{"north":{"uv":[5.66667,0,8.33333,2.66667],"texture":"#3"},"east":{"uv":[5.66667,0,8.33333,2.66667],"texture":"#3"},"south":{"uv":[5.66667,0,8.33333,2.66667],"texture":"#3"},"west":{"uv":[5.66667,0,8.33333,2.66667],"texture":"#3"},"up":{"uv":[5.66667,0,8.33333,2.66667],"texture":"#3"},"down":{"uv":[5.66667,0,8.33333,2.66667],"texture":"#3"}}},{"from":[8,13.25,2.75],"to":[8,22.25,6.75],"rotation":{"angle":0,"axis":"y","origin":[8,13.25,2.75]},"faces":{"north":{"uv":[0,0,0,12],"texture":"#3"},"east":{"uv":[5.33333,0,0,12],"texture":"#3"},"south":{"uv":[0,0,0,12],"texture":"#3"},"west":{"uv":[0,0,5.33333,12],"texture":"#3"},"up":{"uv":[0,5.33333,0,0],"texture":"#3"},"down":{"uv":[0,0,0,5.33333],"texture":"#3"}}},{"from":[8,13.25,9.25],"to":[8,22.25,13.25],"rotation":{"angle":0,"axis":"y","origin":[8,13.25,13.25]},"faces":{"north":{"uv":[0,0,0,12],"texture":"#3"},"east":{"uv":[0,0,5.33333,12],"texture":"#3"},"south":{"uv":[0,0,0,12],"texture":"#3"},"west":{"uv":[5.33333,0,0,12],"texture":"#3"},"up":{"uv":[0,0,0,5.33333],"texture":"#3"},"down":{"uv":[0,5.33333,0,0],"texture":"#3"}}}],"gui_light":"front","display":{"thirdperson_righthand":{"translation":[0,1.75,1]},"thirdperson_lefthand":{"translation":[0,1.75,1]},"firstperson_righthand":{"rotation":[-10,0,0],"translation":[-0.5,2.5,1.25]},"firstperson_lefthand":{"rotation":[-10,0,0],"translation":[-0.5,2.5,1.25]},"ground":{"translation":[0,7.5,0]},"gui":{"rotation":[-90,45,90],"translation":[2.25,-2.25,0],"scale":[0.86914,0.86914,0.86914]},"head":{"scale":[0,0,0]},"fixed":{"rotation":[0,-90,0],"translation":[-0.25,-6,-1.5],"scale":[2.5,2.5,2.5]}}}