{"credit":"MadewithBlockbench","texture_size":[24,24],"textures":{"0":"arsenalset:arsenalset/arsenal_wings1","1":"arsenalset:arsenalset/arsenal_wings2","particle":"arsenalset:arsenalset/arsenal_wings1"},"elements":[{"from":[7.70963,6.85061,11.48949],"to":[9.02963,8.17061,12.35449],"rotation":{"angle":45,"axis":"z","origin":[11,8,12]},"faces":{"north":{"uv":[8.282,2.532,9.74867,3.99867],"rotation":180,"texture":"#0"},"east":{"uv":[8.282,2.532,8.49867,3.99867],"rotation":180,"texture":"#0"},"south":{"uv":[9.74867,2.532,8.282,3.99867],"rotation":180,"texture":"#0"},"west":{"uv":[8.282,2.532,8.49867,3.99867],"rotation":180,"texture":"#0"},"up":{"uv":[8.282,2.532,8.49867,3.99867],"rotation":270,"texture":"#0"},"down":{"uv":[8.282,2.532,8.49867,3.99867],"rotation":90,"texture":"#0"}}},{"from":[9.56068,5.79545,11.53801],"to":[10.64068,10.05545,12.61801],"rotation":{"angle":-45,"axis":"z","origin":[11,8,12]},"faces":{"north":{"uv":[11.782,0.02133,12.982,4.73333],"rotation":180,"texture":"#0"},"east":{"uv":[12.982,4.73333,12.932,0.02133],"texture":"#0"},"south":{"uv":[12.982,0.02133,11.782,4.73333],"rotation":180,"texture":"#0"},"west":{"uv":[11.857,4.73333,11.957,0.02133],"texture":"#0"},"up":{"uv":[0.032,0.032,0.968,1],"rotation":90,"texture":"#0"},"down":{"uv":[0.032,0.032,0.968,1],"rotation":270,"texture":"#0"}}},{"from":[9.44068,9.89045,11.41801],"to":[10.76068,10.55045,12.73801],"rotation":{"angle":-45,"axis":"z","origin":[11,8,12]},"faces":{"north":{"uv":[4.80075,2.782,6.22992,3.49033],"rotation":180,"texture":"#0"},"east":{"uv":[6.22992,3.49033,4.80075,2.782],"texture":"#0"},"south":{"uv":[4.80075,2.782,6.22992,3.49033],"rotation":180,"texture":"#0"},"west":{"uv":[6.22992,3.49033,4.80075,2.782],"texture":"#0"},"up":{"uv":[6.532,4.282,7.95492,5.70492],"rotation":90,"texture":"#0"},"down":{"uv":[6.532,2.532,7.99867,3.99867],"rotation":270,"texture":"#0"}}},{"from":[9.44068,5.36468,11.41801],"to":[10.76068,6.02468,12.73801],"rotation":{"angle":-45,"axis":"z","origin":[11,8,12]},"faces":{"north":{"uv":[4.80075,3.49033,6.22992,2.782],"rotation":180,"texture":"#0"},"east":{"uv":[6.22992,2.782,4.80075,3.49033],"texture":"#0"},"south":{"uv":[4.80075,3.49033,6.22992,2.782],"rotation":180,"texture":"#0"},"west":{"uv":[6.22992,2.782,4.80075,3.49033],"texture":"#0"},"up":{"uv":[6.532,3.99867,7.99867,2.532],"rotation":90,"texture":"#0"},"down":{"uv":[6.532,5.70492,7.95492,4.282],"rotation":270,"texture":"#0"}}},{"from":[11.15273,6.61042,11.75085],"to":[11.80707,9.99115,12.40518],"rotation":{"angle":-45,"axis":"z","origin":[11,8,12]},"faces":{"north":{"uv":[0.02133,5.03837,0.64533,1.35467],"texture":"#0"},"east":{"uv":[0.17704,5.03837,0.02133,1.35467],"texture":"#0"},"south":{"uv":[0.64533,5.03837,0.02133,1.35467],"texture":"#0"},"west":{"uv":[0.64533,5.03837,0.5,1.35467],"texture":"#0"},"up":{"uv":[0.032,0.032,0.968,0.968],"rotation":90,"texture":"#0"},"down":{"uv":[0.032,0.032,0.968,0.968],"rotation":270,"texture":"#0"}}},{"from":[11.04368,6.24174,11.64179],"to":[11.91612,7.11418,12.51424],"rotation":{"angle":-45,"axis":"z","origin":[11,8,12]},"faces":{"north":{"uv":[1.98264,0.02133,1.032,0.96939],"texture":"#0"},"east":{"uv":[1.98889,0.02133,1.0445,0.96939],"texture":"#0"},"south":{"uv":[1.98264,0.02133,1.032,0.96939],"texture":"#0"},"west":{"uv":[1.98264,0.02133,1.032,0.96939],"texture":"#0"},"up":{"uv":[1.05075,0.98814,1.98264,0.03125],"rotation":90,"texture":"#0"},"down":{"uv":[0.032,0.968,0.968,0.032],"rotation":270,"texture":"#0"}}},{"from":[9.70501,6.02633,11.53273],"to":[10.4684,6.78972,12.62329],"rotation":{"angle":0,"axis":"y","origin":[11,8,12]},"faces":{"north":{"uv":[0.032,0.968,0.968,0.032],"rotation":180,"texture":"#0"},"east":{"uv":[0.968,0.032,0.032,0.25],"rotation":90,"texture":"#0"},"south":{"uv":[0.032,0.032,0.968,0.968],"texture":"#0"},"west":{"uv":[0.968,0.75,0.032,0.968],"rotation":90,"texture":"#0"},"up":{"uv":[0.032,0.25,0.968,0.032],"texture":"#0"},"down":{"uv":[0.032,0.968,0.968,0.75],"texture":"#0"}}},{"from":[11.04368,9.83906,11.64179],"to":[11.91612,10.7115,12.51424],"rotation":{"angle":-45,"axis":"z","origin":[11,8,12]},"faces":{"north":{"uv":[1.98264,0.96939,1.032,0.02133],"texture":"#0"},"east":{"uv":[1.98889,0.96939,1.0445,0.02133],"texture":"#0"},"south":{"uv":[1.98264,0.96939,1.032,0.02133],"texture":"#0"},"west":{"uv":[1.98264,0.96939,1.032,0.02133],"texture":"#0"},"up":{"uv":[0.032,0.032,0.968,0.968],"rotation":90,"texture":"#0"},"down":{"uv":[1.05075,0.03125,1.98264,0.98814],"rotation":270,"texture":"#0"}}},{"from":[12.88432,9.20564,11.53273],"to":[13.64772,9.96903,12.62329],"rotation":{"angle":0,"axis":"y","origin":[11,8,12]},"faces":{"north":{"uv":[0.968,0.968,0.032,0.032],"rotation":270,"texture":"#0"},"east":{"uv":[0.968,0.968,0.032,0.75],"rotation":270,"texture":"#0"},"south":{"uv":[0.968,0.032,0.032,0.968],"rotation":270,"texture":"#0"},"west":{"uv":[0.968,0.25,0.032,0.032],"rotation":270,"texture":"#0"},"up":{"uv":[0.032,0.75,0.968,0.968],"rotation":180,"texture":"#0"},"down":{"uv":[0.032,0.032,0.968,0.25],"rotation":180,"texture":"#0"}}},{"from":[16.50253,9.13622,11.69414],"to":[17.27029,9.90398,12.46189],"rotation":{"angle":0,"axis":"y","origin":[14.88416,9.94241,12.00936]},"faces":{"north":{"uv":[1.98264,0.96939,1.032,0.02133],"rotation":270,"texture":"#0"},"east":{"uv":[0.032,0.032,0.968,0.968],"rotation":180,"texture":"#0"},"south":{"uv":[1.98264,0.96939,1.032,0.02133],"rotation":90,"texture":"#0"},"west":{"uv":[1.05075,0.03125,1.98264,0.98814],"texture":"#0"},"up":{"uv":[1.98264,0.96939,1.032,0.02133],"rotation":90,"texture":"#0"},"down":{"uv":[1.98889,0.96939,1.0445,0.02133],"rotation":90,"texture":"#0"}}},{"from":[13.66133,9.23219,11.79011],"to":[16.63638,9.80801,12.36592],"rotation":{"angle":0,"axis":"y","origin":[14.88416,9.94241,12.00936]},"faces":{"north":{"uv":[0.02133,5.03837,0.64533,1.35467],"rotation":270,"texture":"#0"},"east":{"uv":[0.032,0.032,0.968,0.968],"rotation":180,"texture":"#0"},"south":{"uv":[0.64533,5.03837,0.02133,1.35467],"rotation":90,"texture":"#0"},"west":{"uv":[0.032,0.032,0.968,0.968],"texture":"#0"},"up":{"uv":[0.64533,5.03837,0.5,1.35467],"rotation":90,"texture":"#0"},"down":{"uv":[0.17704,5.03837,0.02133,1.35467],"rotation":90,"texture":"#0"}}},{"from":[13.33689,9.13622,11.69414],"to":[14.10464,9.90398,12.46189],"rotation":{"angle":0,"axis":"y","origin":[14.88416,9.94241,12.00936]},"faces":{"north":{"uv":[1.98264,0.02133,1.032,0.96939],"rotation":270,"texture":"#0"},"east":{"uv":[1.05075,0.98814,1.98264,0.03125],"rotation":180,"texture":"#0"},"south":{"uv":[1.98264,0.02133,1.032,0.96939],"rotation":90,"texture":"#0"},"west":{"uv":[0.032,0.968,0.968,0.032],"texture":"#0"},"up":{"uv":[1.98264,0.02133,1.032,0.96939],"rotation":90,"texture":"#0"},"down":{"uv":[1.98889,0.02133,1.0445,0.96939],"rotation":90,"texture":"#0"}}},{"from":[16.54237,11.00338,11.59817],"to":[17.21415,11.67516,12.55786],"rotation":{"angle":-45,"axis":"z","origin":[14.88416,9.94241,12.00936]},"faces":{"north":{"uv":[0.968,0.968,0.032,0.032],"rotation":270,"texture":"#0"},"east":{"uv":[0.968,0.968,0.032,0.75],"rotation":270,"texture":"#0"},"south":{"uv":[0.968,0.032,0.032,0.968],"rotation":270,"texture":"#0"},"west":{"uv":[0.968,0.25,0.032,0.032],"rotation":270,"texture":"#0"},"up":{"uv":[0.032,0.75,0.968,0.968],"rotation":180,"texture":"#0"},"down":{"uv":[0.032,0.032,0.968,0.25],"rotation":180,"texture":"#0"}}},{"from":[20.40253,10.03622,11.69414],"to":[21.17029,10.80398,12.46189],"rotation":{"angle":22.5,"axis":"z","origin":[19.40135,10.4201,12.07801]},"faces":{"north":{"uv":[1.98264,0.96939,1.032,0.02133],"rotation":270,"texture":"#0"},"east":{"uv":[0.032,0.032,0.968,0.968],"rotation":180,"texture":"#0"},"south":{"uv":[1.98264,0.96939,1.032,0.02133],"rotation":90,"texture":"#0"},"west":{"uv":[1.05075,0.03125,1.98264,0.98814],"texture":"#0"},"up":{"uv":[1.98264,0.96939,1.032,0.02133],"rotation":90,"texture":"#0"},"down":{"uv":[1.98889,0.96939,1.0445,0.02133],"rotation":90,"texture":"#0"}}},{"from":[17.56133,10.13219,11.79011],"to":[20.53638,10.70801,12.36592],"rotation":{"angle":22.5,"axis":"z","origin":[19.40135,10.4201,12.07801]},"faces":{"north":{"uv":[0.02133,5.03837,0.64533,1.35467],"rotation":270,"texture":"#0"},"east":{"uv":[0.032,0.032,0.968,0.968],"rotation":180,"texture":"#0"},"south":{"uv":[0.64533,5.03837,0.02133,1.35467],"rotation":90,"texture":"#0"},"west":{"uv":[0.032,0.032,0.968,0.968],"texture":"#0"},"up":{"uv":[0.64533,5.03837,0.5,1.35467],"rotation":90,"texture":"#0"},"down":{"uv":[0.17704,5.03837,0.02133,1.35467],"rotation":90,"texture":"#0"}}},{"from":[17.23689,10.03622,11.69414],"to":[18.00464,10.80398,12.46189],"rotation":{"angle":22.5,"axis":"z","origin":[19.40135,10.4201,12.07801]},"faces":{"north":{"uv":[1.98264,0.02133,1.032,0.96939],"rotation":270,"texture":"#0"},"east":{"uv":[1.05075,0.98814,1.98264,0.03125],"rotation":180,"texture":"#0"},"south":{"uv":[1.98264,0.02133,1.032,0.96939],"rotation":90,"texture":"#0"},"west":{"uv":[0.032,0.968,0.968,0.032],"texture":"#0"},"up":{"uv":[1.98264,0.02133,1.032,0.96939],"rotation":90,"texture":"#0"},"down":{"uv":[1.98889,0.02133,1.0445,0.96939],"rotation":90,"texture":"#0"}}},{"from":[20.32452,11.34327,11.59817],"to":[20.9963,12.01505,12.55786],"rotation":{"angle":-22.5,"axis":"z","origin":[19.40135,10.4201,12.07801]},"faces":{"north":{"uv":[0.968,0.968,0.032,0.032],"rotation":270,"texture":"#0"},"east":{"uv":[0.968,0.968,0.032,0.75],"rotation":270,"texture":"#0"},"south":{"uv":[0.968,0.032,0.032,0.968],"rotation":270,"texture":"#0"},"west":{"uv":[0.968,0.25,0.032,0.032],"rotation":270,"texture":"#0"},"up":{"uv":[0.032,0.75,0.968,0.968],"rotation":180,"texture":"#0"},"down":{"uv":[0.032,0.032,0.968,0.25],"rotation":180,"texture":"#0"}}},{"from":[11.53811,6.15291,11.53273],"to":[12.30151,6.9163,12.62329],"rotation":{"angle":22.5,"axis":"z","origin":[14.26655,1.05476,12.07801]},"faces":{"north":{"uv":[0.032,0.968,0.968,0.032],"rotation":90,"texture":"#0"},"east":{"uv":[0.032,0.25,0.968,0.032],"rotation":90,"texture":"#0"},"south":{"uv":[0.032,0.032,0.968,0.968],"rotation":90,"texture":"#0"},"west":{"uv":[0.032,0.968,0.968,0.75],"rotation":90,"texture":"#0"},"up":{"uv":[0.968,0.75,0.032,0.968],"rotation":180,"texture":"#0"},"down":{"uv":[0.968,0.032,0.032,0.25],"rotation":180,"texture":"#0"}}},{"from":[9.11423,2.94303,11.75085],"to":[12.49497,3.59737,12.40518],"rotation":{"angle":-22.5,"axis":"z","origin":[14.26655,1.05476,12.07801]},"faces":{"north":{"uv":[0.02133,5.03837,0.64533,1.35467],"rotation":270,"texture":"#0"},"east":{"uv":[0.032,0.032,0.968,0.968],"rotation":180,"texture":"#0"},"south":{"uv":[0.64533,5.03837,0.02133,1.35467],"rotation":90,"texture":"#0"},"west":{"uv":[0.032,0.032,0.968,0.968],"texture":"#0"},"up":{"uv":[0.64533,5.03837,0.5,1.35467],"rotation":90,"texture":"#0"},"down":{"uv":[0.17704,5.03837,0.02133,1.35467],"rotation":90,"texture":"#0"}}},{"from":[12.34287,2.83398,11.64179],"to":[13.21532,3.70642,12.51424],"rotation":{"angle":-22.5,"axis":"z","origin":[14.26655,1.05476,12.07801]},"faces":{"north":{"uv":[1.98264,0.96939,1.032,0.02133],"rotation":270,"texture":"#0"},"east":{"uv":[0.032,0.032,0.968,0.968],"rotation":180,"texture":"#0"},"south":{"uv":[1.98264,0.96939,1.032,0.02133],"rotation":90,"texture":"#0"},"west":{"uv":[1.05075,0.03125,1.98264,0.98814],"texture":"#0"},"up":{"uv":[1.98264,0.96939,1.032,0.02133],"rotation":90,"texture":"#0"},"down":{"uv":[1.98889,0.96939,1.0445,0.02133],"rotation":90,"texture":"#0"}}},{"from":[8.74555,2.83398,11.64179],"to":[9.618,3.70642,12.51424],"rotation":{"angle":-22.5,"axis":"z","origin":[14.26655,1.05476,12.07801]},"faces":{"north":{"uv":[1.98264,0.02133,1.032,0.96939],"rotation":270,"texture":"#0"},"east":{"uv":[1.05075,0.98814,1.98264,0.03125],"rotation":180,"texture":"#0"},"south":{"uv":[1.98264,0.02133,1.032,0.96939],"rotation":90,"texture":"#0"},"west":{"uv":[0.032,0.968,0.968,0.032],"texture":"#0"},"up":{"uv":[1.98264,0.02133,1.032,0.96939],"rotation":90,"texture":"#0"},"down":{"uv":[1.98889,0.02133,1.0445,0.96939],"rotation":90,"texture":"#0"}}},{"from":[14.71743,2.97359,11.53273],"to":[15.48082,3.73698,12.62329],"rotation":{"angle":22.5,"axis":"z","origin":[14.26655,1.05476,12.07801]},"faces":{"north":{"uv":[0.968,0.968,0.032,0.032],"rotation":180,"texture":"#0"},"east":{"uv":[0.032,0.75,0.968,0.968],"rotation":270,"texture":"#0"},"south":{"uv":[0.968,0.032,0.032,0.968],"texture":"#0"},"west":{"uv":[0.032,0.032,0.968,0.25],"rotation":270,"texture":"#0"},"up":{"uv":[0.968,0.25,0.032,0.032],"texture":"#0"},"down":{"uv":[0.968,0.968,0.032,0.75],"texture":"#0"}}},{"from":[14.64801,2.51666,11.69414],"to":[15.41576,3.28442,12.46189],"rotation":{"angle":22.5,"axis":"z","origin":[14.26655,1.05476,12.07801]},"faces":{"north":{"uv":[1.98264,0.02133,1.032,0.96939],"rotation":180,"texture":"#0"},"east":{"uv":[1.98264,0.02133,1.032,0.96939],"rotation":180,"texture":"#0"},"south":{"uv":[1.98264,0.02133,1.032,0.96939],"rotation":180,"texture":"#0"},"west":{"uv":[1.98889,0.02133,1.0445,0.96939],"rotation":180,"texture":"#0"},"up":{"uv":[0.032,0.968,0.968,0.032],"rotation":90,"texture":"#0"},"down":{"uv":[1.05075,0.98814,1.98264,0.03125],"rotation":270,"texture":"#0"}}},{"from":[14.74398,-0.01507,11.79011],"to":[15.31979,2.95998,12.36592],"rotation":{"angle":22.5,"axis":"z","origin":[14.26655,1.05476,12.07801]},"faces":{"north":{"uv":[0.02133,5.03837,0.64533,1.35467],"rotation":180,"texture":"#0"},"east":{"uv":[0.64533,5.03837,0.5,1.35467],"rotation":180,"texture":"#0"},"south":{"uv":[0.64533,5.03837,0.02133,1.35467],"rotation":180,"texture":"#0"},"west":{"uv":[0.17704,5.03837,0.02133,1.35467],"rotation":180,"texture":"#0"},"up":{"uv":[0.032,0.032,0.968,0.968],"rotation":90,"texture":"#0"},"down":{"uv":[0.032,0.032,0.968,0.968],"rotation":270,"texture":"#0"}}},{"from":[14.64801,-0.64898,11.69414],"to":[15.41576,0.11878,12.46189],"rotation":{"angle":22.5,"axis":"z","origin":[14.26655,1.05476,12.07801]},"faces":{"north":{"uv":[1.98264,0.96939,1.032,0.02133],"rotation":180,"texture":"#0"},"east":{"uv":[1.98264,0.96939,1.032,0.02133],"rotation":180,"texture":"#0"},"south":{"uv":[1.98264,0.96939,1.032,0.02133],"rotation":180,"texture":"#0"},"west":{"uv":[1.98889,0.96939,1.0445,0.02133],"rotation":180,"texture":"#0"},"up":{"uv":[1.05075,0.03125,1.98264,0.98814],"rotation":90,"texture":"#0"},"down":{"uv":[0.032,0.032,0.968,0.968],"rotation":270,"texture":"#0"}}},{"from":[15.68479,0.04709,11.59817],"to":[16.35657,0.71887,12.55786],"rotation":{"angle":-22.5,"axis":"z","origin":[14.26655,1.05476,12.07801]},"faces":{"north":{"uv":[0.968,0.968,0.032,0.032],"rotation":180,"texture":"#0"},"east":{"uv":[0.032,0.75,0.968,0.968],"rotation":270,"texture":"#0"},"south":{"uv":[0.968,0.032,0.032,0.968],"texture":"#0"},"west":{"uv":[0.032,0.032,0.968,0.25],"rotation":270,"texture":"#0"},"up":{"uv":[0.968,0.25,0.032,0.032],"texture":"#0"},"down":{"uv":[0.968,0.968,0.032,0.75],"texture":"#0"}}},{"from":[16.28228,0.74194,11.69414],"to":[17.05003,1.5097,12.46189],"rotation":{"angle":-45,"axis":"z","origin":[14.26655,1.05476,12.07801]},"faces":{"north":{"uv":[1.98264,0.02133,1.032,0.96939],"rotation":270,"texture":"#0"},"east":{"uv":[1.05075,0.98814,1.98264,0.03125],"rotation":180,"texture":"#0"},"south":{"uv":[1.98264,0.02133,1.032,0.96939],"rotation":90,"texture":"#0"},"west":{"uv":[0.032,0.968,0.968,0.032],"texture":"#0"},"up":{"uv":[1.98264,0.02133,1.032,0.96939],"rotation":90,"texture":"#0"},"down":{"uv":[1.98889,0.02133,1.0445,0.96939],"rotation":90,"texture":"#0"}}},{"from":[16.60672,0.83791,11.79011],"to":[19.58177,1.41373,12.36592],"rotation":{"angle":-45,"axis":"z","origin":[14.26655,1.05476,12.07801]},"faces":{"north":{"uv":[0.02133,5.03837,0.64533,1.35467],"rotation":270,"texture":"#0"},"east":{"uv":[0.032,0.032,0.968,0.968],"rotation":180,"texture":"#0"},"south":{"uv":[0.64533,5.03837,0.02133,1.35467],"rotation":90,"texture":"#0"},"west":{"uv":[0.032,0.032,0.968,0.968],"texture":"#0"},"up":{"uv":[0.64533,5.03837,0.5,1.35467],"rotation":90,"texture":"#0"},"down":{"uv":[0.17704,5.03837,0.02133,1.35467],"rotation":90,"texture":"#0"}}},{"from":[19.44792,0.74194,11.69414],"to":[20.21568,1.5097,12.46189],"rotation":{"angle":-45,"axis":"z","origin":[14.26655,1.05476,12.07801]},"faces":{"north":{"uv":[1.98264,0.96939,1.032,0.02133],"rotation":270,"texture":"#0"},"east":{"uv":[0.032,0.032,0.968,0.968],"rotation":180,"texture":"#0"},"south":{"uv":[1.98264,0.96939,1.032,0.02133],"rotation":90,"texture":"#0"},"west":{"uv":[1.05075,0.03125,1.98264,0.98814],"texture":"#0"},"up":{"uv":[1.98264,0.96939,1.032,0.02133],"rotation":90,"texture":"#0"},"down":{"uv":[1.98889,0.96939,1.0445,0.02133],"rotation":90,"texture":"#0"}}},{"from":[18.1958,-3.44579,11.59817],"to":[18.86759,-2.774,12.55786],"rotation":{"angle":0,"axis":"y","origin":[14.26655,1.05476,12.07801]},"faces":{"north":{"uv":[0.968,0.968,0.032,0.032],"rotation":180,"texture":"#0"},"east":{"uv":[0.032,0.75,0.968,0.968],"rotation":270,"texture":"#0"},"south":{"uv":[0.968,0.032,0.032,0.968],"texture":"#0"},"west":{"uv":[0.032,0.032,0.968,0.25],"rotation":270,"texture":"#0"},"up":{"uv":[0.968,0.25,0.032,0.032],"texture":"#0"},"down":{"uv":[0.968,0.968,0.032,0.75],"texture":"#0"}}},{"from":[8.15,-3.275,12],"to":[24.5,15.125,12],"rotation":{"angle":0,"axis":"y","origin":[8,8,8]},"faces":{"north":{"uv":[0,0,10.9,12.26667],"texture":"#1"},"east":{"uv":[0,0,0,12.26667],"texture":"#1"},"south":{"uv":[10.9,0,0,12.26667],"texture":"#1"},"west":{"uv":[0,0,0,12.26667],"texture":"#1"},"up":{"uv":[0,0,10.9,0],"texture":"#1"},"down":{"uv":[0,0,10.9,0],"texture":"#1"}}},{"from":[8.8,10.9,12],"to":[10.8,15.9,14],"rotation":{"angle":45,"axis":"x","origin":[8,8,8]},"faces":{"north":{"uv":[1.75,6.5,1.83333,9.83333],"texture":"#0"},"east":{"uv":[3.08333,6.5,1.75,9.83333],"texture":"#0"},"south":{"uv":[2.84375,6.5,3.08333,9.83333],"texture":"#0"},"west":{"uv":[1.75,6.5,3.08333,9.83333],"texture":"#0"},"up":{"uv":[7,6.25,7.16667,6.51667],"texture":"#0"},"down":{"uv":[7,6.25,7.16667,6.51667],"texture":"#0"}}},{"from":[8.9,6,13.2],"to":[10.7,9.2,14.4],"rotation":{"angle":22.5,"axis":"x","origin":[8,8,8]},"faces":{"north":{"uv":[0.75,6.5,0.96875,8.63333],"texture":"#0"},"east":{"uv":[1.55,6.5,0.75,8.63333],"texture":"#0"},"south":{"uv":[1.25,6.5,1.55,8.63333],"texture":"#0"},"west":{"uv":[0.75,6.5,1.55,8.63333],"texture":"#0"},"up":{"uv":[0,0,1.2,0.8],"texture":"#0"},"down":{"uv":[7,6.25,7.16667,6.51667],"texture":"#0"}}},{"from":[8.825,9.3435,15.85378],"to":[10.75,12.3435,17.77878],"rotation":{"angle":0,"axis":"y","origin":[9.8,11.8435,16.82878]},"faces":{"north":{"uv":[3.75,6.5,3.93333,8.5],"texture":"#0"},"east":{"uv":[5.03333,6.5,3.75,8.5],"texture":"#0"},"south":{"uv":[4.8,6.5,5.03333,8.5],"texture":"#0"},"west":{"uv":[3.75,6.5,5.03333,8.5],"texture":"#0"},"up":{"uv":[7,6.25,7.16667,6.51667],"texture":"#0"},"down":{"uv":[0,0,1.28333,1.28333],"texture":"#0"}}},{"from":[10.65749,14.40509,11.92878],"to":[12.48249,16.30509,16.92878],"rotation":{"angle":-22.5,"axis":"y","origin":[10.68249,13.68009,16.82878]},"faces":{"north":{"uv":[4.8,6.5,5.03333,8.5],"texture":"#0"},"east":{"uv":[8.5,9.58333,8.77292,6.25],"rotation":270,"texture":"#0"},"south":{"uv":[7,6.25,7.16667,6.51667],"texture":"#0"},"west":{"uv":[8.5,6.25,8.77292,9.58333],"rotation":270,"texture":"#0"},"up":{"uv":[8.5,6.25,9.67292,9.58333],"texture":"#0"},"down":{"uv":[8.5,9.58333,9.67292,6.25],"texture":"#0"}}},{"from":[12.42062,14.60509,9.3906],"to":[14.14562,16.23009,12.9906],"rotation":{"angle":0,"axis":"y","origin":[12.42062,13.68009,12.8906]},"faces":{"north":{"uv":[4.8,6.5,4.95833,6.75],"texture":"#0"},"east":{"uv":[10.25,8.9,10.4,6.5],"rotation":270,"texture":"#0"},"south":{"uv":[0,0,1.08333,1.15],"rotation":90,"texture":"#0"},"west":{"uv":[10.25,6.5,10.4,8.9],"rotation":270,"texture":"#0"},"up":{"uv":[10.25,6.5,11.4,8.9],"texture":"#0"},"down":{"uv":[10.25,8.9,11.4,6.5],"texture":"#0"}}},{"from":[12.64562,15.88009,7.7156],"to":[13.92062,16.63009,9.6156],"rotation":{"angle":22.5,"axis":"x","origin":[13.28312,15.91759,8.4406]},"faces":{"north":{"uv":[1.8,10.25,1.94167,10.75],"texture":"#0"},"east":{"uv":[3.06667,10.25,1.8,10.75],"texture":"#0"},"south":{"uv":[4.8,6.5,4.95833,6.75],"texture":"#0"},"west":{"uv":[1.8,10.25,3.06667,10.75],"texture":"#0"},"up":{"uv":[1.8,10.25,3.09375,10.44167],"rotation":90,"texture":"#0"},"down":{"uv":[3.3,10.25,4.15,11.51667],"texture":"#0"}}},{"from":[12.64562,14.71991,7.7156],"to":[13.92062,15.46991,9.6156],"rotation":{"angle":0,"axis":"y","origin":[13.28312,0.08241,8.4406]},"faces":{"north":{"uv":[1.8,10.75,1.94167,10.25],"texture":"#0"},"east":{"uv":[3.06667,10.75,1.8,10.25],"texture":"#0"},"south":{"uv":[4.8,6.75,4.95833,6.5],"texture":"#0"},"west":{"uv":[1.8,10.75,3.06667,10.25],"texture":"#0"},"up":{"uv":[3.3,11.51667,4.15,10.25],"texture":"#0"},"down":{"uv":[3.09375,10.25,1.8,10.44167],"rotation":90,"texture":"#0"}}},{"from":[9.73249,11.18009,15.90378],"to":[11.63249,16.18009,17.72878],"rotation":{"angle":-22.5,"axis":"z","origin":[10.68249,13.68009,16.82878]},"faces":{"north":{"uv":[5.5,6.25,5.71667,9.58333],"texture":"#0"},"east":{"uv":[6.71667,6.25,5.5,9.58333],"texture":"#0"},"south":{"uv":[6.525,6.25,6.71667,9.58333],"texture":"#0"},"west":{"uv":[5.5,6.25,6.71667,9.58333],"texture":"#0"},"up":{"uv":[7,6.25,8.26667,7.46667],"texture":"#0"},"down":{"uv":[0,0,1.26667,1.21667],"texture":"#0"}}},{"from":[9.68073,0.97458,16.73152],"to":[10.10677,4.03012,17.15755],"rotation":{"angle":45,"axis":"x","origin":[7.99375,7.25512,18.41077]},"faces":{"north":{"uv":[0.02133,5.35467,0.13336,8.2664],"texture":"#0"},"east":{"uv":[0.48961,5.35467,0.02133,8.2664],"texture":"#0"},"south":{"uv":[0.3875,5.35467,0.47711,8.2664],"texture":"#0"},"west":{"uv":[0.02133,5.35467,0.48961,8.2664],"texture":"#0"},"up":{"uv":[0.02133,5.35467,0.4949,5.432],"rotation":90,"texture":"#0"},"down":{"uv":[0.02133,8.25467,0.4949,8.2695],"rotation":270,"texture":"#0"}}},{"from":[9.52315,3.14173,15.9564],"to":[10.26435,3.59033,17.2976],"rotation":{"angle":45,"axis":"x","origin":[7.99375,7.25512,18.41077]},"faces":{"north":{"uv":[0.032,0.032,0.968,5.968],"texture":"#0"},"east":{"uv":[2.17613,4.032,1.35467,4.33107],"texture":"#0"},"south":{"uv":[2.032,4.032,2.17613,4.33107],"texture":"#0"},"west":{"uv":[1.35467,4.032,2.17613,4.33107],"texture":"#0"},"up":{"uv":[1.35467,4.032,2.17482,4.17613],"rotation":90,"texture":"#0"},"down":{"uv":[1.35467,4.032,2.17482,4.17613],"rotation":270,"texture":"#0"}}},{"from":[9.52315,4.14173,15.9564],"to":[10.26435,4.59033,17.2976],"rotation":{"angle":45,"axis":"x","origin":[7.99375,7.25512,18.41077]},"faces":{"north":{"uv":[0.032,0.032,0.968,5.968],"texture":"#0"},"east":{"uv":[2.17613,4.032,1.35467,4.33107],"texture":"#0"},"south":{"uv":[2.032,4.032,2.17613,4.33107],"texture":"#0"},"west":{"uv":[1.35467,4.032,2.17613,4.33107],"texture":"#0"},"up":{"uv":[1.35467,4.032,2.17482,4.17613],"rotation":90,"texture":"#0"},"down":{"uv":[1.35467,4.032,2.17482,4.17613],"rotation":270,"texture":"#0"}}},{"from":[12.07315,15.56101,14.24083],"to":[12.81435,16.90221,14.68943],"rotation":{"angle":-22.5,"axis":"y","origin":[12.44375,16.23161,14.96513]},"faces":{"north":{"uv":[1.35467,4.032,2.17482,4.17613],"rotation":270,"texture":"#0"},"east":{"uv":[2.17613,4.032,1.35467,4.33107],"rotation":90,"texture":"#0"},"south":{"uv":[1.35467,4.032,2.17482,4.17613],"rotation":270,"texture":"#0"},"west":{"uv":[1.35467,4.032,2.17613,4.33107],"rotation":270,"texture":"#0"},"up":{"uv":[2.032,4.032,2.17613,4.33107],"texture":"#0"},"down":{"uv":[0.032,0.032,0.968,5.968],"rotation":180,"texture":"#0"}}},{"from":[12.07315,15.56101,15.24083],"to":[12.81435,16.90221,15.68943],"rotation":{"angle":-22.5,"axis":"y","origin":[12.44375,16.23161,14.96513]},"faces":{"north":{"uv":[1.35467,4.032,2.17482,4.17613],"rotation":270,"texture":"#0"},"east":{"uv":[2.17613,4.032,1.35467,4.33107],"rotation":90,"texture":"#0"},"south":{"uv":[1.35467,4.032,2.17482,4.17613],"rotation":270,"texture":"#0"},"west":{"uv":[1.35467,4.032,2.17613,4.33107],"rotation":270,"texture":"#0"},"up":{"uv":[2.032,4.032,2.17613,4.33107],"texture":"#0"},"down":{"uv":[0.032,0.032,0.968,5.968],"rotation":180,"texture":"#0"}}},{"from":[9.68073,4.03012,16.73152],"to":[10.10677,7.08566,17.15755],"rotation":{"angle":45,"axis":"x","origin":[7.99375,7.25512,18.41077]},"faces":{"north":{"uv":[0.02133,5.35467,0.13336,8.2664],"texture":"#0"},"east":{"uv":[0.48961,5.35467,0.02133,8.2664],"texture":"#0"},"south":{"uv":[0.3875,5.35467,0.47711,8.2664],"texture":"#0"},"west":{"uv":[0.02133,5.35467,0.48961,8.2664],"texture":"#0"},"up":{"uv":[0.02133,5.35467,0.4949,5.432],"rotation":90,"texture":"#0"},"down":{"uv":[0.02133,8.25467,0.4949,8.2695],"rotation":270,"texture":"#0"}}},{"from":[9.68073,7.08403,16.73543],"to":[10.10677,10.13957,17.16147],"rotation":{"angle":45,"axis":"x","origin":[7.99375,7.25903,18.41468]},"faces":{"north":{"uv":[0.02133,5.35467,0.13336,8.2664],"texture":"#0"},"east":{"uv":[0.48961,5.35467,0.02133,8.2664],"texture":"#0"},"south":{"uv":[0.3875,5.35467,0.47711,8.2664],"texture":"#0"},"west":{"uv":[0.02133,5.35467,0.48961,8.2664],"texture":"#0"},"up":{"uv":[0.02133,5.35467,0.4949,5.432],"rotation":90,"texture":"#0"},"down":{"uv":[0.02133,8.25467,0.4949,8.2695],"rotation":270,"texture":"#0"}}},{"from":[9.70573,9.57679,19.19011],"to":[10.08177,12.98233,19.61615],"rotation":{"angle":-22.5,"axis":"x","origin":[7.99375,9.75179,18.06936]},"faces":{"north":{"uv":[0.02133,5.35467,0.13336,8.2664],"texture":"#0"},"east":{"uv":[0.48961,5.35467,0.02133,8.2664],"texture":"#0"},"south":{"uv":[0.3875,5.35467,0.47711,8.2664],"texture":"#0"},"west":{"uv":[0.02133,5.35467,0.48961,8.2664],"texture":"#0"},"up":{"uv":[0.02133,5.35467,0.4949,5.432],"rotation":90,"texture":"#0"},"down":{"uv":[0.02133,8.25467,0.4949,8.2695],"rotation":270,"texture":"#0"}}},{"from":[9.70573,13.16531,17.86853],"to":[10.08177,16.77085,18.29456],"rotation":{"angle":0,"axis":"y","origin":[7.99375,13.34031,16.74778]},"faces":{"north":{"uv":[0.02133,5.35467,0.13336,8.2664],"texture":"#0"},"east":{"uv":[0.48961,5.35467,0.02133,8.2664],"texture":"#0"},"south":{"uv":[0.3875,5.35467,0.47711,8.2664],"texture":"#0"},"west":{"uv":[0.02133,5.35467,0.48961,8.2664],"texture":"#0"},"up":{"uv":[0.02133,5.35467,0.4949,5.432],"rotation":90,"texture":"#0"},"down":{"uv":[0.02133,8.25467,0.4949,8.2695],"rotation":270,"texture":"#0"}}},{"from":[10.33091,16.34482,13.30369],"to":[10.70694,16.77085,16.70923],"rotation":{"angle":-45,"axis":"y","origin":[8.61892,15.22406,16.53423]},"faces":{"north":{"uv":[0.02133,5.35467,0.4949,5.432],"rotation":270,"texture":"#0"},"east":{"uv":[0.48961,5.35467,0.02133,8.2664],"rotation":90,"texture":"#0"},"south":{"uv":[0.02133,8.25467,0.4949,8.2695],"rotation":270,"texture":"#0"},"west":{"uv":[0.02133,5.35467,0.48961,8.2664],"rotation":270,"texture":"#0"},"up":{"uv":[0.3875,5.35467,0.47711,8.2664],"texture":"#0"},"down":{"uv":[0.02133,5.35467,0.13336,8.2664],"rotation":180,"texture":"#0"}}},{"from":[12.22959,16.34482,11.53508],"to":[12.60562,16.77085,14.94062],"rotation":{"angle":-22.5,"axis":"y","origin":[10.5176,15.22406,14.76562]},"faces":{"north":{"uv":[0.02133,5.35467,0.4949,5.432],"rotation":270,"texture":"#0"},"east":{"uv":[0.48961,5.35467,0.02133,8.2664],"rotation":90,"texture":"#0"},"south":{"uv":[0.02133,8.25467,0.4949,8.2695],"rotation":270,"texture":"#0"},"west":{"uv":[0.02133,5.35467,0.48961,8.2664],"rotation":270,"texture":"#0"},"up":{"uv":[0.3875,5.35467,0.47711,8.2664],"texture":"#0"},"down":{"uv":[0.02133,5.35467,0.13336,8.2664],"rotation":180,"texture":"#0"}}},{"from":[13.30692,16.14482,10.8745],"to":[13.68295,16.57085,13.08004],"rotation":{"angle":-22.5,"axis":"x","origin":[11.59493,15.22406,12.40504]},"faces":{"north":{"uv":[0.02133,5.35467,0.4949,5.432],"rotation":270,"texture":"#0"},"east":{"uv":[0.48961,5.35467,0.02133,8.2664],"rotation":90,"texture":"#0"},"south":{"uv":[0.02133,8.25467,0.4949,8.2695],"rotation":270,"texture":"#0"},"west":{"uv":[0.02133,5.35467,0.48961,8.2664],"rotation":270,"texture":"#0"},"up":{"uv":[0.3875,5.35467,0.47711,8.2664],"texture":"#0"},"down":{"uv":[0.02133,5.35467,0.13336,8.2664],"rotation":180,"texture":"#0"}}},{"from":[6.97037,6.85061,11.48949],"to":[8.29037,8.17061,12.35449],"rotation":{"angle":-45,"axis":"z","origin":[5,8,12]},"faces":{"north":{"uv":[9.74867,2.532,8.282,3.99867],"rotation":180,"texture":"#0"},"east":{"uv":[8.49867,2.532,8.282,3.99867],"rotation":180,"texture":"#0"},"south":{"uv":[8.282,2.532,9.74867,3.99867],"rotation":180,"texture":"#0"},"west":{"uv":[8.49867,2.532,8.282,3.99867],"rotation":180,"texture":"#0"},"up":{"uv":[8.282,3.99867,8.49867,2.532],"rotation":270,"texture":"#0"},"down":{"uv":[8.282,3.99867,8.49867,2.532],"rotation":90,"texture":"#0"}}},{"from":[5.23932,5.36468,11.41801],"to":[6.55932,6.02468,12.73801],"rotation":{"angle":45,"axis":"z","origin":[5,8,12]},"faces":{"north":{"uv":[6.22992,3.49033,4.80075,2.782],"rotation":180,"texture":"#0"},"east":{"uv":[4.80075,2.782,6.22992,3.49033],"texture":"#0"},"south":{"uv":[6.22992,3.49033,4.80075,2.782],"rotation":180,"texture":"#0"},"west":{"uv":[4.80075,2.782,6.22992,3.49033],"texture":"#0"},"up":{"uv":[6.532,2.532,7.99867,3.99867],"rotation":90,"texture":"#0"},"down":{"uv":[6.532,4.282,7.95492,5.70492],"rotation":270,"texture":"#0"}}},{"from":[5.23932,9.89045,11.41801],"to":[6.55932,10.55045,12.73801],"rotation":{"angle":45,"axis":"z","origin":[5,8,12]},"faces":{"north":{"uv":[6.22992,2.782,4.80075,3.49033],"rotation":180,"texture":"#0"},"east":{"uv":[4.80075,3.49033,6.22992,2.782],"texture":"#0"},"south":{"uv":[6.22992,2.782,4.80075,3.49033],"rotation":180,"texture":"#0"},"west":{"uv":[4.80075,3.49033,6.22992,2.782],"texture":"#0"},"up":{"uv":[6.532,5.70492,7.95492,4.282],"rotation":90,"texture":"#0"},"down":{"uv":[6.532,3.99867,7.99867,2.532],"rotation":270,"texture":"#0"}}},{"from":[5.35932,5.79545,11.53801],"to":[6.43932,10.05545,12.61801],"rotation":{"angle":45,"axis":"z","origin":[5,8,12]},"faces":{"north":{"uv":[12.982,0.02133,11.782,4.73333],"rotation":180,"texture":"#0"},"east":{"uv":[11.957,4.73333,11.857,0.02133],"texture":"#0"},"south":{"uv":[11.782,0.02133,12.982,4.73333],"rotation":180,"texture":"#0"},"west":{"uv":[12.932,4.73333,12.982,0.02133],"texture":"#0"},"up":{"uv":[0.032,1,0.968,0.032],"rotation":90,"texture":"#0"},"down":{"uv":[0.032,1,0.968,0.032],"rotation":270,"texture":"#0"}}},{"from":[2.35228,9.20564,11.53273],"to":[3.11568,9.96903,12.62329],"rotation":{"angle":0,"axis":"y","origin":[5,8,12]},"faces":{"north":{"uv":[0.968,0.032,0.032,0.968],"rotation":270,"texture":"#0"},"east":{"uv":[0.968,0.032,0.032,0.25],"rotation":270,"texture":"#0"},"south":{"uv":[0.968,0.968,0.032,0.032],"rotation":270,"texture":"#0"},"west":{"uv":[0.968,0.75,0.032,0.968],"rotation":270,"texture":"#0"},"up":{"uv":[0.968,0.75,0.032,0.968],"rotation":180,"texture":"#0"},"down":{"uv":[0.968,0.032,0.032,0.25],"rotation":180,"texture":"#0"}}},{"from":[4.08388,9.83906,11.64179],"to":[4.95632,10.7115,12.51424],"rotation":{"angle":45,"axis":"z","origin":[5,8,12]},"faces":{"north":{"uv":[1.032,0.96939,1.98264,0.02133],"texture":"#0"},"east":{"uv":[1.032,0.96939,1.98264,0.02133],"texture":"#0"},"south":{"uv":[1.032,0.96939,1.98264,0.02133],"texture":"#0"},"west":{"uv":[1.0445,0.96939,1.98889,0.02133],"texture":"#0"},"up":{"uv":[0.032,0.968,0.968,0.032],"rotation":90,"texture":"#0"},"down":{"uv":[1.05075,0.98814,1.98264,0.03125],"rotation":270,"texture":"#0"}}},{"from":[5.5316,6.02633,11.53273],"to":[6.29499,6.78972,12.62329],"rotation":{"angle":0,"axis":"y","origin":[5,8,12]},"faces":{"north":{"uv":[0.968,0.968,0.032,0.032],"rotation":180,"texture":"#0"},"east":{"uv":[0.968,0.968,0.032,0.75],"rotation":90,"texture":"#0"},"south":{"uv":[0.968,0.032,0.032,0.968],"texture":"#0"},"west":{"uv":[0.968,0.25,0.032,0.032],"rotation":90,"texture":"#0"},"up":{"uv":[0.968,0.25,0.032,0.032],"texture":"#0"},"down":{"uv":[0.968,0.968,0.032,0.75],"texture":"#0"}}},{"from":[4.08388,6.24174,11.64179],"to":[4.95632,7.11418,12.51424],"rotation":{"angle":45,"axis":"z","origin":[5,8,12]},"faces":{"north":{"uv":[1.032,0.02133,1.98264,0.96939],"texture":"#0"},"east":{"uv":[1.032,0.02133,1.98264,0.96939],"texture":"#0"},"south":{"uv":[1.032,0.02133,1.98264,0.96939],"texture":"#0"},"west":{"uv":[1.0445,0.02133,1.98889,0.96939],"texture":"#0"},"up":{"uv":[1.05075,0.03125,1.98264,0.98814],"rotation":90,"texture":"#0"},"down":{"uv":[0.032,0.032,0.968,0.968],"rotation":270,"texture":"#0"}}},{"from":[4.19293,6.61042,11.75085],"to":[4.84727,9.99115,12.40518],"rotation":{"angle":45,"axis":"z","origin":[5,8,12]},"faces":{"north":{"uv":[0.64533,5.03837,0.02133,1.35467],"texture":"#0"},"east":{"uv":[0.5,5.03837,0.64533,1.35467],"texture":"#0"},"south":{"uv":[0.02133,5.03837,0.64533,1.35467],"texture":"#0"},"west":{"uv":[0.02133,5.03837,0.17704,1.35467],"texture":"#0"},"up":{"uv":[0.032,0.968,0.968,0.032],"rotation":90,"texture":"#0"},"down":{"uv":[0.032,0.968,0.968,0.032],"rotation":270,"texture":"#0"}}},{"from":[-1.21415,11.00338,11.59817],"to":[-0.54237,11.67516,12.55786],"rotation":{"angle":45,"axis":"z","origin":[1.11584,9.94241,12.00936]},"faces":{"north":{"uv":[0.968,0.032,0.032,0.968],"rotation":270,"texture":"#0"},"east":{"uv":[0.968,0.032,0.032,0.25],"rotation":270,"texture":"#0"},"south":{"uv":[0.968,0.968,0.032,0.032],"rotation":270,"texture":"#0"},"west":{"uv":[0.968,0.75,0.032,0.968],"rotation":270,"texture":"#0"},"up":{"uv":[0.968,0.75,0.032,0.968],"rotation":180,"texture":"#0"},"down":{"uv":[0.968,0.032,0.032,0.25],"rotation":180,"texture":"#0"}}},{"from":[1.89536,9.13622,11.69414],"to":[2.66311,9.90398,12.46189],"rotation":{"angle":0,"axis":"y","origin":[1.11584,9.94241,12.00936]},"faces":{"north":{"uv":[1.98264,0.96939,1.032,0.02133],"rotation":270,"texture":"#0"},"east":{"uv":[0.968,0.968,0.032,0.032],"texture":"#0"},"south":{"uv":[1.98264,0.96939,1.032,0.02133],"rotation":90,"texture":"#0"},"west":{"uv":[1.98264,0.98814,1.05075,0.03125],"rotation":180,"texture":"#0"},"up":{"uv":[1.98264,0.96939,1.032,0.02133],"rotation":90,"texture":"#0"},"down":{"uv":[1.98889,0.96939,1.0445,0.02133],"rotation":90,"texture":"#0"}}},{"from":[-0.63638,9.23219,11.79011],"to":[2.33867,9.80801,12.36592],"rotation":{"angle":0,"axis":"y","origin":[1.11584,9.94241,12.00936]},"faces":{"north":{"uv":[0.02133,1.35467,0.64533,5.03837],"rotation":270,"texture":"#0"},"east":{"uv":[0.968,0.032,0.032,0.968],"texture":"#0"},"south":{"uv":[0.64533,1.35467,0.02133,5.03837],"rotation":90,"texture":"#0"},"west":{"uv":[0.968,0.032,0.032,0.968],"rotation":180,"texture":"#0"},"up":{"uv":[0.64533,1.35467,0.5,5.03837],"rotation":90,"texture":"#0"},"down":{"uv":[0.17704,1.35467,0.02133,5.03837],"rotation":90,"texture":"#0"}}},{"from":[-1.27029,9.13622,11.69414],"to":[-0.50253,9.90398,12.46189],"rotation":{"angle":0,"axis":"y","origin":[1.11584,9.94241,12.00936]},"faces":{"north":{"uv":[1.98264,0.02133,1.032,0.96939],"rotation":270,"texture":"#0"},"east":{"uv":[1.98264,0.03125,1.05075,0.98814],"texture":"#0"},"south":{"uv":[1.98264,0.02133,1.032,0.96939],"rotation":90,"texture":"#0"},"west":{"uv":[0.968,0.032,0.032,0.968],"rotation":180,"texture":"#0"},"up":{"uv":[1.98264,0.02133,1.032,0.96939],"rotation":90,"texture":"#0"},"down":{"uv":[1.98889,0.02133,1.0445,0.96939],"rotation":90,"texture":"#0"}}},{"from":[-4.9963,11.34327,11.59817],"to":[-4.32452,12.01505,12.55786],"rotation":{"angle":22.5,"axis":"z","origin":[-3.40135,10.4201,12.07801]},"faces":{"north":{"uv":[0.968,0.032,0.032,0.968],"rotation":270,"texture":"#0"},"east":{"uv":[0.968,0.032,0.032,0.25],"rotation":270,"texture":"#0"},"south":{"uv":[0.968,0.968,0.032,0.032],"rotation":270,"texture":"#0"},"west":{"uv":[0.968,0.75,0.032,0.968],"rotation":270,"texture":"#0"},"up":{"uv":[0.968,0.75,0.032,0.968],"rotation":180,"texture":"#0"},"down":{"uv":[0.968,0.032,0.032,0.25],"rotation":180,"texture":"#0"}}},{"from":[-2.00464,10.03622,11.69414],"to":[-1.23689,10.80398,12.46189],"rotation":{"angle":-22.5,"axis":"z","origin":[-3.40135,10.4201,12.07801]},"faces":{"north":{"uv":[1.98264,0.96939,1.032,0.02133],"rotation":270,"texture":"#0"},"east":{"uv":[0.968,0.968,0.032,0.032],"texture":"#0"},"south":{"uv":[1.98264,0.96939,1.032,0.02133],"rotation":90,"texture":"#0"},"west":{"uv":[1.98264,0.98814,1.05075,0.03125],"rotation":180,"texture":"#0"},"up":{"uv":[1.98264,0.96939,1.032,0.02133],"rotation":90,"texture":"#0"},"down":{"uv":[1.98889,0.96939,1.0445,0.02133],"rotation":90,"texture":"#0"}}},{"from":[-4.53638,10.13219,11.79011],"to":[-1.56133,10.70801,12.36592],"rotation":{"angle":-22.5,"axis":"z","origin":[-3.40135,10.4201,12.07801]},"faces":{"north":{"uv":[0.02133,1.35467,0.64533,5.03837],"rotation":270,"texture":"#0"},"east":{"uv":[0.968,0.032,0.032,0.968],"texture":"#0"},"south":{"uv":[0.64533,1.35467,0.02133,5.03837],"rotation":90,"texture":"#0"},"west":{"uv":[0.968,0.032,0.032,0.968],"rotation":180,"texture":"#0"},"up":{"uv":[0.64533,1.35467,0.5,5.03837],"rotation":90,"texture":"#0"},"down":{"uv":[0.17704,1.35467,0.02133,5.03837],"rotation":90,"texture":"#0"}}},{"from":[-5.17029,10.03622,11.69414],"to":[-4.40253,10.80398,12.46189],"rotation":{"angle":-22.5,"axis":"z","origin":[-3.40135,10.4201,12.07801]},"faces":{"north":{"uv":[1.98264,0.02133,1.032,0.96939],"rotation":270,"texture":"#0"},"east":{"uv":[1.98264,0.03125,1.05075,0.98814],"texture":"#0"},"south":{"uv":[1.98264,0.02133,1.032,0.96939],"rotation":90,"texture":"#0"},"west":{"uv":[0.968,0.032,0.032,0.968],"rotation":180,"texture":"#0"},"up":{"uv":[1.98264,0.02133,1.032,0.96939],"rotation":90,"texture":"#0"},"down":{"uv":[1.98889,0.02133,1.0445,0.96939],"rotation":90,"texture":"#0"}}},{"from":[-8.5,-3.275,12],"to":[7.85,15.125,12],"rotation":{"angle":0,"axis":"y","origin":[8,8,8]},"faces":{"north":{"uv":[10.9,0,0,12.26667],"texture":"#1"},"east":{"uv":[0,0,0,12.26667],"texture":"#1"},"south":{"uv":[0,0,10.9,12.26667],"texture":"#1"},"west":{"uv":[0,0,0,12.26667],"texture":"#1"},"up":{"uv":[10.9,0,0,0],"texture":"#1"},"down":{"uv":[10.9,0,0,0],"texture":"#1"}}},{"from":[-2.86759,-3.44579,11.59817],"to":[-2.1958,-2.774,12.55786],"rotation":{"angle":0,"axis":"y","origin":[1.73345,1.05476,12.07801]},"faces":{"north":{"uv":[0.032,0.968,0.968,0.032],"rotation":180,"texture":"#0"},"east":{"uv":[0.032,0.25,0.968,0.032],"rotation":270,"texture":"#0"},"south":{"uv":[0.032,0.032,0.968,0.968],"texture":"#0"},"west":{"uv":[0.032,0.968,0.968,0.75],"rotation":270,"texture":"#0"},"up":{"uv":[0.032,0.25,0.968,0.032],"texture":"#0"},"down":{"uv":[0.032,0.968,0.968,0.75],"texture":"#0"}}},{"from":[-4.21568,0.74194,11.69414],"to":[-3.44792,1.5097,12.46189],"rotation":{"angle":45,"axis":"z","origin":[1.73345,1.05476,12.07801]},"faces":{"north":{"uv":[1.98264,0.02133,1.032,0.96939],"rotation":270,"texture":"#0"},"east":{"uv":[1.98264,0.03125,1.05075,0.98814],"texture":"#0"},"south":{"uv":[1.98264,0.02133,1.032,0.96939],"rotation":90,"texture":"#0"},"west":{"uv":[0.968,0.032,0.032,0.968],"rotation":180,"texture":"#0"},"up":{"uv":[1.98264,0.02133,1.032,0.96939],"rotation":90,"texture":"#0"},"down":{"uv":[1.98889,0.02133,1.0445,0.96939],"rotation":90,"texture":"#0"}}},{"from":[-3.58177,0.83791,11.79011],"to":[-0.60672,1.41373,12.36592],"rotation":{"angle":45,"axis":"z","origin":[1.73345,1.05476,12.07801]},"faces":{"north":{"uv":[0.02133,1.35467,0.64533,5.03837],"rotation":270,"texture":"#0"},"east":{"uv":[0.968,0.032,0.032,0.968],"texture":"#0"},"south":{"uv":[0.64533,1.35467,0.02133,5.03837],"rotation":90,"texture":"#0"},"west":{"uv":[0.968,0.032,0.032,0.968],"rotation":180,"texture":"#0"},"up":{"uv":[0.64533,1.35467,0.5,5.03837],"rotation":90,"texture":"#0"},"down":{"uv":[0.17704,1.35467,0.02133,5.03837],"rotation":90,"texture":"#0"}}},{"from":[-1.05003,0.74194,11.69414],"to":[-0.28228,1.5097,12.46189],"rotation":{"angle":45,"axis":"z","origin":[1.73345,1.05476,12.07801]},"faces":{"north":{"uv":[1.98264,0.96939,1.032,0.02133],"rotation":270,"texture":"#0"},"east":{"uv":[0.968,0.968,0.032,0.032],"texture":"#0"},"south":{"uv":[1.98264,0.96939,1.032,0.02133],"rotation":90,"texture":"#0"},"west":{"uv":[1.98264,0.98814,1.05075,0.03125],"rotation":180,"texture":"#0"},"up":{"uv":[1.98264,0.96939,1.032,0.02133],"rotation":90,"texture":"#0"},"down":{"uv":[1.98889,0.96939,1.0445,0.02133],"rotation":90,"texture":"#0"}}},{"from":[-0.35657,0.04709,11.59817],"to":[0.31521,0.71887,12.55786],"rotation":{"angle":22.5,"axis":"z","origin":[1.73345,1.05476,12.07801]},"faces":{"north":{"uv":[0.032,0.968,0.968,0.032],"rotation":180,"texture":"#0"},"east":{"uv":[0.032,0.25,0.968,0.032],"rotation":270,"texture":"#0"},"south":{"uv":[0.032,0.032,0.968,0.968],"texture":"#0"},"west":{"uv":[0.032,0.968,0.968,0.75],"rotation":270,"texture":"#0"},"up":{"uv":[0.032,0.25,0.968,0.032],"texture":"#0"},"down":{"uv":[0.032,0.968,0.968,0.75],"texture":"#0"}}},{"from":[0.58424,-0.64898,11.69414],"to":[1.35199,0.11878,12.46189],"rotation":{"angle":-22.5,"axis":"z","origin":[1.73345,1.05476,12.07801]},"faces":{"north":{"uv":[1.032,0.96939,1.98264,0.02133],"rotation":180,"texture":"#0"},"east":{"uv":[1.0445,0.96939,1.98889,0.02133],"rotation":180,"texture":"#0"},"south":{"uv":[1.032,0.96939,1.98264,0.02133],"rotation":180,"texture":"#0"},"west":{"uv":[1.032,0.96939,1.98264,0.02133],"rotation":180,"texture":"#0"},"up":{"uv":[1.05075,0.98814,1.98264,0.03125],"rotation":90,"texture":"#0"},"down":{"uv":[0.032,0.968,0.968,0.032],"rotation":270,"texture":"#0"}}},{"from":[0.68021,-0.01507,11.79011],"to":[1.25602,2.95998,12.36592],"rotation":{"angle":-22.5,"axis":"z","origin":[1.73345,1.05476,12.07801]},"faces":{"north":{"uv":[0.64533,5.03837,0.02133,1.35467],"rotation":180,"texture":"#0"},"east":{"uv":[0.02133,5.03837,0.17704,1.35467],"rotation":180,"texture":"#0"},"south":{"uv":[0.02133,5.03837,0.64533,1.35467],"rotation":180,"texture":"#0"},"west":{"uv":[0.5,5.03837,0.64533,1.35467],"rotation":180,"texture":"#0"},"up":{"uv":[0.032,0.968,0.968,0.032],"rotation":90,"texture":"#0"},"down":{"uv":[0.032,0.968,0.968,0.032],"rotation":270,"texture":"#0"}}},{"from":[0.58424,2.51666,11.69414],"to":[1.35199,3.28442,12.46189],"rotation":{"angle":-22.5,"axis":"z","origin":[1.73345,1.05476,12.07801]},"faces":{"north":{"uv":[1.032,0.02133,1.98264,0.96939],"rotation":180,"texture":"#0"},"east":{"uv":[1.0445,0.02133,1.98889,0.96939],"rotation":180,"texture":"#0"},"south":{"uv":[1.032,0.02133,1.98264,0.96939],"rotation":180,"texture":"#0"},"west":{"uv":[1.032,0.02133,1.98264,0.96939],"rotation":180,"texture":"#0"},"up":{"uv":[0.032,0.032,0.968,0.968],"rotation":90,"texture":"#0"},"down":{"uv":[1.05075,0.03125,1.98264,0.98814],"rotation":270,"texture":"#0"}}},{"from":[0.51918,2.97359,11.53273],"to":[1.28257,3.73698,12.62329],"rotation":{"angle":-22.5,"axis":"z","origin":[1.73345,1.05476,12.07801]},"faces":{"north":{"uv":[0.032,0.968,0.968,0.032],"rotation":180,"texture":"#0"},"east":{"uv":[0.032,0.25,0.968,0.032],"rotation":270,"texture":"#0"},"south":{"uv":[0.032,0.032,0.968,0.968],"texture":"#0"},"west":{"uv":[0.032,0.968,0.968,0.75],"rotation":270,"texture":"#0"},"up":{"uv":[0.032,0.25,0.968,0.032],"texture":"#0"},"down":{"uv":[0.032,0.968,0.968,0.75],"texture":"#0"}}},{"from":[6.382,2.83398,11.64179],"to":[7.25445,3.70642,12.51424],"rotation":{"angle":22.5,"axis":"z","origin":[1.73345,1.05476,12.07801]},"faces":{"north":{"uv":[1.98264,0.96939,1.032,0.02133],"rotation":270,"texture":"#0"},"east":{"uv":[0.968,0.968,0.032,0.032],"texture":"#0"},"south":{"uv":[1.98264,0.96939,1.032,0.02133],"rotation":90,"texture":"#0"},"west":{"uv":[1.98264,0.98814,1.05075,0.03125],"rotation":180,"texture":"#0"},"up":{"uv":[1.98264,0.96939,1.032,0.02133],"rotation":90,"texture":"#0"},"down":{"uv":[1.98889,0.96939,1.0445,0.02133],"rotation":90,"texture":"#0"}}},{"from":[2.78468,2.83398,11.64179],"to":[3.65713,3.70642,12.51424],"rotation":{"angle":22.5,"axis":"z","origin":[1.73345,1.05476,12.07801]},"faces":{"north":{"uv":[1.98264,0.02133,1.032,0.96939],"rotation":270,"texture":"#0"},"east":{"uv":[1.98264,0.03125,1.05075,0.98814],"texture":"#0"},"south":{"uv":[1.98264,0.02133,1.032,0.96939],"rotation":90,"texture":"#0"},"west":{"uv":[0.968,0.032,0.032,0.968],"rotation":180,"texture":"#0"},"up":{"uv":[1.98264,0.02133,1.032,0.96939],"rotation":90,"texture":"#0"},"down":{"uv":[1.98889,0.02133,1.0445,0.96939],"rotation":90,"texture":"#0"}}},{"from":[3.50503,2.94303,11.75085],"to":[6.88577,3.59737,12.40518],"rotation":{"angle":22.5,"axis":"z","origin":[1.73345,1.05476,12.07801]},"faces":{"north":{"uv":[0.02133,1.35467,0.64533,5.03837],"rotation":270,"texture":"#0"},"east":{"uv":[0.968,0.032,0.032,0.968],"texture":"#0"},"south":{"uv":[0.64533,1.35467,0.02133,5.03837],"rotation":90,"texture":"#0"},"west":{"uv":[0.968,0.032,0.032,0.968],"rotation":180,"texture":"#0"},"up":{"uv":[0.64533,1.35467,0.5,5.03837],"rotation":90,"texture":"#0"},"down":{"uv":[0.17704,1.35467,0.02133,5.03837],"rotation":90,"texture":"#0"}}},{"from":[3.69849,6.15291,11.53273],"to":[4.46189,6.9163,12.62329],"rotation":{"angle":-22.5,"axis":"z","origin":[1.73345,1.05476,12.07801]},"faces":{"north":{"uv":[0.032,0.032,0.968,0.968],"rotation":90,"texture":"#0"},"east":{"uv":[0.032,0.75,0.968,0.968],"rotation":90,"texture":"#0"},"south":{"uv":[0.032,0.968,0.968,0.032],"rotation":90,"texture":"#0"},"west":{"uv":[0.032,0.032,0.968,0.25],"rotation":90,"texture":"#0"},"up":{"uv":[0.032,0.75,0.968,0.968],"rotation":180,"texture":"#0"},"down":{"uv":[0.032,0.032,0.968,0.25],"rotation":180,"texture":"#0"}}},{"from":[5.2,10.9,12],"to":[7.2,15.9,14],"rotation":{"angle":45,"axis":"x","origin":[8,8,8]},"faces":{"north":{"uv":[1.83333,6.5,1.75,9.83333],"texture":"#0"},"east":{"uv":[3.08333,6.5,1.75,9.83333],"texture":"#0"},"south":{"uv":[3.08333,6.5,2.84375,9.83333],"texture":"#0"},"west":{"uv":[1.75,6.5,3.08333,9.83333],"texture":"#0"},"up":{"uv":[7.16667,6.25,7,6.51667],"texture":"#0"},"down":{"uv":[7.16667,6.25,7,6.51667],"texture":"#0"}}},{"from":[5.25,9.3435,15.85378],"to":[7.175,12.3435,17.77878],"rotation":{"angle":0,"axis":"y","origin":[6.2,11.8435,16.82878]},"faces":{"north":{"uv":[3.93333,6.5,3.75,8.5],"texture":"#0"},"east":{"uv":[5.03333,6.5,3.75,8.5],"texture":"#0"},"south":{"uv":[5.03333,6.5,4.8,8.5],"texture":"#0"},"west":{"uv":[3.75,6.5,5.03333,8.5],"texture":"#0"},"up":{"uv":[7.16667,6.25,7,6.51667],"texture":"#0"},"down":{"uv":[1.28333,0,0,1.28333],"texture":"#0"}}},{"from":[3.51751,14.40509,11.92878],"to":[5.34251,16.30509,16.92878],"rotation":{"angle":22.5,"axis":"y","origin":[5.31751,13.68009,16.82878]},"faces":{"north":{"uv":[5.03333,6.5,4.8,8.5],"texture":"#0"},"east":{"uv":[8.5,9.58333,8.77292,6.25],"rotation":270,"texture":"#0"},"south":{"uv":[7.16667,6.25,7,6.51667],"texture":"#0"},"west":{"uv":[8.5,6.25,8.77292,9.58333],"rotation":270,"texture":"#0"},"up":{"uv":[9.67292,6.25,8.5,9.58333],"texture":"#0"},"down":{"uv":[9.67292,9.58333,8.5,6.25],"texture":"#0"}}},{"from":[4.36751,11.18009,15.90378],"to":[6.26751,16.18009,17.72878],"rotation":{"angle":22.5,"axis":"z","origin":[5.31751,13.68009,16.82878]},"faces":{"north":{"uv":[5.71667,6.25,5.5,9.58333],"texture":"#0"},"east":{"uv":[6.71667,6.25,5.5,9.58333],"texture":"#0"},"south":{"uv":[6.71667,6.25,6.525,9.58333],"texture":"#0"},"west":{"uv":[5.5,6.25,6.71667,9.58333],"texture":"#0"},"up":{"uv":[8.26667,6.25,7,7.46667],"texture":"#0"},"down":{"uv":[1.26667,0,0,1.21667],"texture":"#0"}}},{"from":[1.85438,14.60509,9.3906],"to":[3.57938,16.23009,12.9906],"rotation":{"angle":0,"axis":"y","origin":[3.57938,13.68009,12.8906]},"faces":{"north":{"uv":[4.95833,6.5,4.8,6.75],"texture":"#0"},"east":{"uv":[10.25,8.9,10.4,6.5],"rotation":270,"texture":"#0"},"south":{"uv":[0,1.15,1.08333,0],"rotation":90,"texture":"#0"},"west":{"uv":[10.25,6.5,10.4,8.9],"rotation":270,"texture":"#0"},"up":{"uv":[11.4,6.5,10.25,8.9],"texture":"#0"},"down":{"uv":[11.4,8.9,10.25,6.5],"texture":"#0"}}},{"from":[5.3,6,13.2],"to":[7.1,9.2,14.4],"rotation":{"angle":22.5,"axis":"x","origin":[8,8,8]},"faces":{"north":{"uv":[0.96875,6.5,0.75,8.63333],"texture":"#0"},"east":{"uv":[1.55,6.5,0.75,8.63333],"texture":"#0"},"south":{"uv":[1.55,6.5,1.25,8.63333],"texture":"#0"},"west":{"uv":[0.75,6.5,1.55,8.63333],"texture":"#0"},"up":{"uv":[1.2,0,0,0.8],"texture":"#0"},"down":{"uv":[7.16667,6.25,7,6.51667],"texture":"#0"}}},{"from":[5.89323,0.97458,16.73152],"to":[6.31927,4.03012,17.15755],"rotation":{"angle":45,"axis":"x","origin":[8.00625,7.25512,18.41077]},"faces":{"north":{"uv":[0.13336,5.35467,0.02133,8.2664],"texture":"#0"},"east":{"uv":[0.48961,5.35467,0.02133,8.2664],"texture":"#0"},"south":{"uv":[0.47711,5.35467,0.3875,8.2664],"texture":"#0"},"west":{"uv":[0.02133,5.35467,0.48961,8.2664],"texture":"#0"},"up":{"uv":[0.02133,5.432,0.4949,5.35467],"rotation":90,"texture":"#0"},"down":{"uv":[0.02133,8.2695,0.4949,8.25467],"rotation":270,"texture":"#0"}}},{"from":[5.73565,3.14173,15.9564],"to":[6.47685,3.59033,17.2976],"rotation":{"angle":45,"axis":"x","origin":[8.00625,7.25512,18.41077]},"faces":{"north":{"uv":[0.968,0.032,0.032,5.968],"texture":"#0"},"east":{"uv":[2.17613,4.032,1.35467,4.33107],"texture":"#0"},"south":{"uv":[2.17613,4.032,2.032,4.33107],"texture":"#0"},"west":{"uv":[1.35467,4.032,2.17613,4.33107],"texture":"#0"},"up":{"uv":[1.35467,4.17613,2.17482,4.032],"rotation":90,"texture":"#0"},"down":{"uv":[1.35467,4.17613,2.17482,4.032],"rotation":270,"texture":"#0"}}},{"from":[5.73565,4.14173,15.9564],"to":[6.47685,4.59033,17.2976],"rotation":{"angle":45,"axis":"x","origin":[8.00625,7.25512,18.41077]},"faces":{"north":{"uv":[0.968,0.032,0.032,5.968],"texture":"#0"},"east":{"uv":[2.17613,4.032,1.35467,4.33107],"texture":"#0"},"south":{"uv":[2.17613,4.032,2.032,4.33107],"texture":"#0"},"west":{"uv":[1.35467,4.032,2.17613,4.33107],"texture":"#0"},"up":{"uv":[1.35467,4.17613,2.17482,4.032],"rotation":90,"texture":"#0"},"down":{"uv":[1.35467,4.17613,2.17482,4.032],"rotation":270,"texture":"#0"}}},{"from":[5.89323,4.03012,16.73152],"to":[6.31927,7.08566,17.15755],"rotation":{"angle":45,"axis":"x","origin":[8.00625,7.25512,18.41077]},"faces":{"north":{"uv":[0.13336,5.35467,0.02133,8.2664],"texture":"#0"},"east":{"uv":[0.48961,5.35467,0.02133,8.2664],"texture":"#0"},"south":{"uv":[0.47711,5.35467,0.3875,8.2664],"texture":"#0"},"west":{"uv":[0.02133,5.35467,0.48961,8.2664],"texture":"#0"},"up":{"uv":[0.02133,5.432,0.4949,5.35467],"rotation":90,"texture":"#0"},"down":{"uv":[0.02133,8.2695,0.4949,8.25467],"rotation":270,"texture":"#0"}}},{"from":[5.89323,7.08403,16.73543],"to":[6.31927,10.13957,17.16147],"rotation":{"angle":45,"axis":"x","origin":[8.00625,7.25903,18.41468]},"faces":{"north":{"uv":[0.13336,5.35467,0.02133,8.2664],"texture":"#0"},"east":{"uv":[0.48961,5.35467,0.02133,8.2664],"texture":"#0"},"south":{"uv":[0.47711,5.35467,0.3875,8.2664],"texture":"#0"},"west":{"uv":[0.02133,5.35467,0.48961,8.2664],"texture":"#0"},"up":{"uv":[0.02133,5.432,0.4949,5.35467],"rotation":90,"texture":"#0"},"down":{"uv":[0.02133,8.2695,0.4949,8.25467],"rotation":270,"texture":"#0"}}},{"from":[5.91823,9.57679,19.19011],"to":[6.29427,12.98233,19.61615],"rotation":{"angle":-22.5,"axis":"x","origin":[8.00625,9.75179,18.06936]},"faces":{"north":{"uv":[0.13336,5.35467,0.02133,8.2664],"texture":"#0"},"east":{"uv":[0.48961,5.35467,0.02133,8.2664],"texture":"#0"},"south":{"uv":[0.47711,5.35467,0.3875,8.2664],"texture":"#0"},"west":{"uv":[0.02133,5.35467,0.48961,8.2664],"texture":"#0"},"up":{"uv":[0.02133,5.432,0.4949,5.35467],"rotation":90,"texture":"#0"},"down":{"uv":[0.02133,8.2695,0.4949,8.25467],"rotation":270,"texture":"#0"}}},{"from":[5.91823,13.16531,17.86853],"to":[6.29427,16.77085,18.29456],"rotation":{"angle":0,"axis":"y","origin":[8.00625,13.34031,16.74778]},"faces":{"north":{"uv":[0.13336,5.35467,0.02133,8.2664],"texture":"#0"},"east":{"uv":[0.48961,5.35467,0.02133,8.2664],"texture":"#0"},"south":{"uv":[0.47711,5.35467,0.3875,8.2664],"texture":"#0"},"west":{"uv":[0.02133,5.35467,0.48961,8.2664],"texture":"#0"},"up":{"uv":[0.02133,5.432,0.4949,5.35467],"rotation":90,"texture":"#0"},"down":{"uv":[0.02133,8.2695,0.4949,8.25467],"rotation":270,"texture":"#0"}}},{"from":[5.29306,16.34482,13.30369],"to":[5.66909,16.77085,16.70923],"rotation":{"angle":45,"axis":"y","origin":[7.38108,15.22406,16.53423]},"faces":{"north":{"uv":[0.02133,5.432,0.4949,5.35467],"rotation":270,"texture":"#0"},"east":{"uv":[0.02133,8.2664,0.48961,5.35467],"rotation":270,"texture":"#0"},"south":{"uv":[0.02133,8.2695,0.4949,8.25467],"rotation":270,"texture":"#0"},"west":{"uv":[0.48961,8.2664,0.02133,5.35467],"rotation":90,"texture":"#0"},"up":{"uv":[0.47711,5.35467,0.3875,8.2664],"texture":"#0"},"down":{"uv":[0.13336,5.35467,0.02133,8.2664],"rotation":180,"texture":"#0"}}},{"from":[3.39438,16.34482,11.53508],"to":[3.77041,16.77085,14.94062],"rotation":{"angle":22.5,"axis":"y","origin":[5.4824,15.22406,14.76562]},"faces":{"north":{"uv":[0.02133,5.432,0.4949,5.35467],"rotation":270,"texture":"#0"},"east":{"uv":[0.02133,8.2664,0.48961,5.35467],"rotation":270,"texture":"#0"},"south":{"uv":[0.02133,8.2695,0.4949,8.25467],"rotation":270,"texture":"#0"},"west":{"uv":[0.48961,8.2664,0.02133,5.35467],"rotation":90,"texture":"#0"},"up":{"uv":[0.47711,5.35467,0.3875,8.2664],"texture":"#0"},"down":{"uv":[0.13336,5.35467,0.02133,8.2664],"rotation":180,"texture":"#0"}}},{"from":[2.31705,16.14482,10.8745],"to":[2.69308,16.57085,13.08004],"rotation":{"angle":-22.5,"axis":"x","origin":[4.40507,15.22406,12.40504]},"faces":{"north":{"uv":[0.02133,5.432,0.4949,5.35467],"rotation":270,"texture":"#0"},"east":{"uv":[0.02133,8.2664,0.48961,5.35467],"rotation":270,"texture":"#0"},"south":{"uv":[0.02133,8.2695,0.4949,8.25467],"rotation":270,"texture":"#0"},"west":{"uv":[0.48961,8.2664,0.02133,5.35467],"rotation":90,"texture":"#0"},"up":{"uv":[0.47711,5.35467,0.3875,8.2664],"texture":"#0"},"down":{"uv":[0.13336,5.35467,0.02133,8.2664],"rotation":180,"texture":"#0"}}},{"from":[3.18565,15.56101,15.24083],"to":[3.92685,16.90221,15.68943],"rotation":{"angle":22.5,"axis":"y","origin":[3.55625,16.23161,14.96513]},"faces":{"north":{"uv":[1.35467,4.17613,2.17482,4.032],"rotation":270,"texture":"#0"},"east":{"uv":[1.35467,4.33107,2.17613,4.032],"rotation":270,"texture":"#0"},"south":{"uv":[1.35467,4.17613,2.17482,4.032],"rotation":270,"texture":"#0"},"west":{"uv":[2.17613,4.33107,1.35467,4.032],"rotation":90,"texture":"#0"},"up":{"uv":[2.17613,4.032,2.032,4.33107],"texture":"#0"},"down":{"uv":[0.968,0.032,0.032,5.968],"rotation":180,"texture":"#0"}}},{"from":[3.18565,15.56101,14.24083],"to":[3.92685,16.90221,14.68943],"rotation":{"angle":22.5,"axis":"y","origin":[3.55625,16.23161,14.96513]},"faces":{"north":{"uv":[1.35467,4.17613,2.17482,4.032],"rotation":270,"texture":"#0"},"east":{"uv":[1.35467,4.33107,2.17613,4.032],"rotation":270,"texture":"#0"},"south":{"uv":[1.35467,4.17613,2.17482,4.032],"rotation":270,"texture":"#0"},"west":{"uv":[2.17613,4.33107,1.35467,4.032],"rotation":90,"texture":"#0"},"up":{"uv":[2.17613,4.032,2.032,4.33107],"texture":"#0"},"down":{"uv":[0.968,0.032,0.032,5.968],"rotation":180,"texture":"#0"}}},{"from":[2.07938,15.88009,7.7156],"to":[3.35438,16.63009,9.6156],"rotation":{"angle":22.5,"axis":"x","origin":[2.71688,15.91759,8.4406]},"faces":{"north":{"uv":[1.94167,10.25,1.8,10.75],"texture":"#0"},"east":{"uv":[3.06667,10.25,1.8,10.75],"texture":"#0"},"south":{"uv":[4.95833,6.5,4.8,6.75],"texture":"#0"},"west":{"uv":[1.8,10.25,3.06667,10.75],"texture":"#0"},"up":{"uv":[1.8,10.44167,3.09375,10.25],"rotation":90,"texture":"#0"},"down":{"uv":[4.15,10.25,3.3,11.51667],"texture":"#0"}}},{"from":[2.07938,14.71991,7.7156],"to":[3.35438,15.46991,9.6156],"rotation":{"angle":0,"axis":"y","origin":[2.71688,0.08241,8.4406]},"faces":{"north":{"uv":[1.94167,10.75,1.8,10.25],"texture":"#0"},"east":{"uv":[3.06667,10.75,1.8,10.25],"texture":"#0"},"south":{"uv":[4.95833,6.75,4.8,6.5],"texture":"#0"},"west":{"uv":[1.8,10.75,3.06667,10.25],"texture":"#0"},"up":{"uv":[4.15,11.51667,3.3,10.25],"texture":"#0"},"down":{"uv":[3.09375,10.44167,1.8,10.25],"rotation":90,"texture":"#0"}}},{"from":[10.65749,-6.90509,11.92878],"to":[12.48249,-5.00509,16.92878],"rotation":{"angle":-22.5,"axis":"y","origin":[10.68249,-4.28009,16.82878]},"faces":{"north":{"uv":[4.8,8.5,5.03333,6.5],"texture":"#0"},"east":{"uv":[8.77292,9.58333,8.5,6.25],"rotation":270,"texture":"#0"},"south":{"uv":[7,6.51667,7.16667,6.25],"texture":"#0"},"west":{"uv":[8.77292,6.25,8.5,9.58333],"rotation":270,"texture":"#0"},"up":{"uv":[8.5,6.25,9.67292,9.58333],"texture":"#0"},"down":{"uv":[8.5,9.58333,9.67292,6.25],"texture":"#0"}}},{"from":[9.73249,-6.78009,15.90378],"to":[11.63249,-1.78009,17.72878],"rotation":{"angle":22.5,"axis":"z","origin":[10.68249,-4.28009,16.82878]},"faces":{"north":{"uv":[5.5,9.58333,5.71667,6.25],"texture":"#0"},"east":{"uv":[6.71667,9.58333,5.5,6.25],"texture":"#0"},"south":{"uv":[6.525,9.58333,6.71667,6.25],"texture":"#0"},"west":{"uv":[5.5,9.58333,6.71667,6.25],"texture":"#0"},"up":{"uv":[0,1.21667,1.26667,0],"texture":"#0"},"down":{"uv":[7,7.46667,8.26667,6.25],"texture":"#0"}}},{"from":[12.42062,-6.83009,9.3906],"to":[14.14562,-5.20509,12.9906],"rotation":{"angle":0,"axis":"y","origin":[12.42062,-4.28009,12.8906]},"faces":{"north":{"uv":[4.8,6.75,4.95833,6.5],"texture":"#0"},"east":{"uv":[10.4,8.9,10.25,6.5],"rotation":270,"texture":"#0"},"south":{"uv":[1.08333,0,0,1.15],"rotation":90,"texture":"#0"},"west":{"uv":[10.4,6.5,10.25,8.9],"rotation":270,"texture":"#0"},"up":{"uv":[10.25,6.5,11.4,8.9],"texture":"#0"},"down":{"uv":[10.25,8.9,11.4,6.5],"texture":"#0"}}},{"from":[9.70573,-7.37085,17.86853],"to":[10.08177,-3.76531,18.29456],"rotation":{"angle":0,"axis":"y","origin":[7.99375,-3.94031,16.74778]},"faces":{"north":{"uv":[0.02133,8.2664,0.13336,5.35467],"texture":"#0"},"east":{"uv":[0.48961,8.2664,0.02133,5.35467],"texture":"#0"},"south":{"uv":[0.3875,8.2664,0.47711,5.35467],"texture":"#0"},"west":{"uv":[0.02133,8.2664,0.48961,5.35467],"texture":"#0"},"up":{"uv":[0.4949,8.25467,0.02133,8.2695],"rotation":270,"texture":"#0"},"down":{"uv":[0.4949,5.35467,0.02133,5.432],"rotation":90,"texture":"#0"}}},{"from":[10.33091,-7.37085,13.30369],"to":[10.70694,-6.94482,16.70923],"rotation":{"angle":-45,"axis":"y","origin":[8.61892,-5.82406,16.53423]},"faces":{"north":{"uv":[0.4949,5.35467,0.02133,5.432],"rotation":270,"texture":"#0"},"east":{"uv":[0.02133,5.35467,0.48961,8.2664],"rotation":90,"texture":"#0"},"south":{"uv":[0.4949,8.25467,0.02133,8.2695],"rotation":270,"texture":"#0"},"west":{"uv":[0.48961,5.35467,0.02133,8.2664],"rotation":270,"texture":"#0"},"up":{"uv":[0.02133,8.2664,0.13336,5.35467],"rotation":180,"texture":"#0"},"down":{"uv":[0.3875,8.2664,0.47711,5.35467],"texture":"#0"}}},{"from":[12.22959,-7.37085,11.53508],"to":[12.60562,-6.94482,14.94062],"rotation":{"angle":-22.5,"axis":"y","origin":[10.5176,-5.82406,14.76562]},"faces":{"north":{"uv":[0.4949,5.35467,0.02133,5.432],"rotation":270,"texture":"#0"},"east":{"uv":[0.02133,5.35467,0.48961,8.2664],"rotation":90,"texture":"#0"},"south":{"uv":[0.4949,8.25467,0.02133,8.2695],"rotation":270,"texture":"#0"},"west":{"uv":[0.48961,5.35467,0.02133,8.2664],"rotation":270,"texture":"#0"},"up":{"uv":[0.02133,8.2664,0.13336,5.35467],"rotation":180,"texture":"#0"},"down":{"uv":[0.3875,8.2664,0.47711,5.35467],"texture":"#0"}}},{"from":[13.30692,-7.17085,10.8745],"to":[13.68295,-6.74482,13.08004],"rotation":{"angle":22.5,"axis":"x","origin":[11.59493,-5.82406,12.40504]},"faces":{"north":{"uv":[0.4949,5.35467,0.02133,5.432],"rotation":270,"texture":"#0"},"east":{"uv":[0.02133,5.35467,0.48961,8.2664],"rotation":90,"texture":"#0"},"south":{"uv":[0.4949,8.25467,0.02133,8.2695],"rotation":270,"texture":"#0"},"west":{"uv":[0.48961,5.35467,0.02133,8.2664],"rotation":270,"texture":"#0"},"up":{"uv":[0.02133,8.2664,0.13336,5.35467],"rotation":180,"texture":"#0"},"down":{"uv":[0.3875,8.2664,0.47711,5.35467],"texture":"#0"}}},{"from":[12.07315,-7.50221,15.24083],"to":[12.81435,-6.16101,15.68943],"rotation":{"angle":-22.5,"axis":"y","origin":[12.44375,-6.83161,14.96513]},"faces":{"north":{"uv":[2.17482,4.032,1.35467,4.17613],"rotation":270,"texture":"#0"},"east":{"uv":[1.35467,4.032,2.17613,4.33107],"rotation":90,"texture":"#0"},"south":{"uv":[2.17482,4.032,1.35467,4.17613],"rotation":270,"texture":"#0"},"west":{"uv":[2.17613,4.032,1.35467,4.33107],"rotation":270,"texture":"#0"},"up":{"uv":[0.032,5.968,0.968,0.032],"rotation":180,"texture":"#0"},"down":{"uv":[2.032,4.33107,2.17613,4.032],"texture":"#0"}}},{"from":[12.07315,-7.50221,14.24083],"to":[12.81435,-6.16101,14.68943],"rotation":{"angle":-22.5,"axis":"y","origin":[12.44375,-6.83161,14.96513]},"faces":{"north":{"uv":[2.17482,4.032,1.35467,4.17613],"rotation":270,"texture":"#0"},"east":{"uv":[1.35467,4.032,2.17613,4.33107],"rotation":90,"texture":"#0"},"south":{"uv":[2.17482,4.032,1.35467,4.17613],"rotation":270,"texture":"#0"},"west":{"uv":[2.17613,4.032,1.35467,4.33107],"rotation":270,"texture":"#0"},"up":{"uv":[0.032,5.968,0.968,0.032],"rotation":180,"texture":"#0"},"down":{"uv":[2.032,4.33107,2.17613,4.032],"texture":"#0"}}},{"from":[12.64562,-7.23009,7.7156],"to":[13.92062,-6.48009,9.6156],"rotation":{"angle":-22.5,"axis":"x","origin":[13.28312,-6.51759,8.4406]},"faces":{"north":{"uv":[1.8,10.75,1.94167,10.25],"texture":"#0"},"east":{"uv":[3.06667,10.75,1.8,10.25],"texture":"#0"},"south":{"uv":[4.8,6.75,4.95833,6.5],"texture":"#0"},"west":{"uv":[1.8,10.75,3.06667,10.25],"texture":"#0"},"up":{"uv":[3.3,11.51667,4.15,10.25],"texture":"#0"},"down":{"uv":[3.09375,10.25,1.8,10.44167],"rotation":90,"texture":"#0"}}},{"from":[12.64562,-6.06991,7.7156],"to":[13.92062,-5.31991,9.6156],"rotation":{"angle":0,"axis":"y","origin":[13.28312,9.31759,8.4406]},"faces":{"north":{"uv":[1.8,10.25,1.94167,10.75],"texture":"#0"},"east":{"uv":[3.06667,10.25,1.8,10.75],"texture":"#0"},"south":{"uv":[4.8,6.5,4.95833,6.75],"texture":"#0"},"west":{"uv":[1.8,10.25,3.06667,10.75],"texture":"#0"},"up":{"uv":[1.8,10.25,3.09375,10.44167],"rotation":90,"texture":"#0"},"down":{"uv":[3.3,10.25,4.15,11.51667],"texture":"#0"}}},{"from":[2.07938,-6.06991,7.7156],"to":[3.35438,-5.31991,9.6156],"rotation":{"angle":0,"axis":"y","origin":[2.71688,9.31759,8.4406]},"faces":{"north":{"uv":[1.94167,10.25,1.8,10.75],"texture":"#0"},"east":{"uv":[3.06667,10.25,1.8,10.75],"texture":"#0"},"south":{"uv":[4.95833,6.5,4.8,6.75],"texture":"#0"},"west":{"uv":[1.8,10.25,3.06667,10.75],"texture":"#0"},"up":{"uv":[1.8,10.44167,3.09375,10.25],"rotation":90,"texture":"#0"},"down":{"uv":[4.15,10.25,3.3,11.51667],"texture":"#0"}}},{"from":[2.07938,-7.23009,7.7156],"to":[3.35438,-6.48009,9.6156],"rotation":{"angle":-22.5,"axis":"x","origin":[2.71688,-6.51759,8.4406]},"faces":{"north":{"uv":[1.94167,10.75,1.8,10.25],"texture":"#0"},"east":{"uv":[3.06667,10.75,1.8,10.25],"texture":"#0"},"south":{"uv":[4.95833,6.75,4.8,6.5],"texture":"#0"},"west":{"uv":[1.8,10.75,3.06667,10.25],"texture":"#0"},"up":{"uv":[4.15,11.51667,3.3,10.25],"texture":"#0"},"down":{"uv":[3.09375,10.44167,1.8,10.25],"rotation":90,"texture":"#0"}}},{"from":[3.18565,-7.50221,14.24083],"to":[3.92685,-6.16101,14.68943],"rotation":{"angle":22.5,"axis":"y","origin":[3.55625,-6.83161,14.96513]},"faces":{"north":{"uv":[2.17482,4.17613,1.35467,4.032],"rotation":270,"texture":"#0"},"east":{"uv":[2.17613,4.33107,1.35467,4.032],"rotation":270,"texture":"#0"},"south":{"uv":[2.17482,4.17613,1.35467,4.032],"rotation":270,"texture":"#0"},"west":{"uv":[1.35467,4.33107,2.17613,4.032],"rotation":90,"texture":"#0"},"up":{"uv":[0.968,5.968,0.032,0.032],"rotation":180,"texture":"#0"},"down":{"uv":[2.17613,4.33107,2.032,4.032],"texture":"#0"}}},{"from":[3.18565,-7.50221,15.24083],"to":[3.92685,-6.16101,15.68943],"rotation":{"angle":22.5,"axis":"y","origin":[3.55625,-6.83161,14.96513]},"faces":{"north":{"uv":[2.17482,4.17613,1.35467,4.032],"rotation":270,"texture":"#0"},"east":{"uv":[2.17613,4.33107,1.35467,4.032],"rotation":270,"texture":"#0"},"south":{"uv":[2.17482,4.17613,1.35467,4.032],"rotation":270,"texture":"#0"},"west":{"uv":[1.35467,4.33107,2.17613,4.032],"rotation":90,"texture":"#0"},"up":{"uv":[0.968,5.968,0.032,0.032],"rotation":180,"texture":"#0"},"down":{"uv":[2.17613,4.33107,2.032,4.032],"texture":"#0"}}},{"from":[2.31705,-7.17085,10.8745],"to":[2.69308,-6.74482,13.08004],"rotation":{"angle":22.5,"axis":"x","origin":[4.40507,-5.82406,12.40504]},"faces":{"north":{"uv":[0.4949,5.432,0.02133,5.35467],"rotation":270,"texture":"#0"},"east":{"uv":[0.48961,8.2664,0.02133,5.35467],"rotation":270,"texture":"#0"},"south":{"uv":[0.4949,8.2695,0.02133,8.25467],"rotation":270,"texture":"#0"},"west":{"uv":[0.02133,8.2664,0.48961,5.35467],"rotation":90,"texture":"#0"},"up":{"uv":[0.13336,8.2664,0.02133,5.35467],"rotation":180,"texture":"#0"},"down":{"uv":[0.47711,8.2664,0.3875,5.35467],"texture":"#0"}}},{"from":[3.39438,-7.37085,11.53508],"to":[3.77041,-6.94482,14.94062],"rotation":{"angle":22.5,"axis":"y","origin":[5.4824,-5.82406,14.76562]},"faces":{"north":{"uv":[0.4949,5.432,0.02133,5.35467],"rotation":270,"texture":"#0"},"east":{"uv":[0.48961,8.2664,0.02133,5.35467],"rotation":270,"texture":"#0"},"south":{"uv":[0.4949,8.2695,0.02133,8.25467],"rotation":270,"texture":"#0"},"west":{"uv":[0.02133,8.2664,0.48961,5.35467],"rotation":90,"texture":"#0"},"up":{"uv":[0.13336,8.2664,0.02133,5.35467],"rotation":180,"texture":"#0"},"down":{"uv":[0.47711,8.2664,0.3875,5.35467],"texture":"#0"}}},{"from":[5.29306,-7.37085,13.30369],"to":[5.66909,-6.94482,16.70923],"rotation":{"angle":45,"axis":"y","origin":[7.38108,-5.82406,16.53423]},"faces":{"north":{"uv":[0.4949,5.432,0.02133,5.35467],"rotation":270,"texture":"#0"},"east":{"uv":[0.48961,8.2664,0.02133,5.35467],"rotation":270,"texture":"#0"},"south":{"uv":[0.4949,8.2695,0.02133,8.25467],"rotation":270,"texture":"#0"},"west":{"uv":[0.02133,8.2664,0.48961,5.35467],"rotation":90,"texture":"#0"},"up":{"uv":[0.13336,8.2664,0.02133,5.35467],"rotation":180,"texture":"#0"},"down":{"uv":[0.47711,8.2664,0.3875,5.35467],"texture":"#0"}}},{"from":[5.91823,-7.37085,17.86853],"to":[6.29427,-3.76531,18.29456],"rotation":{"angle":0,"axis":"y","origin":[8.00625,-3.94031,16.74778]},"faces":{"north":{"uv":[0.13336,8.2664,0.02133,5.35467],"texture":"#0"},"east":{"uv":[0.48961,8.2664,0.02133,5.35467],"texture":"#0"},"south":{"uv":[0.47711,8.2664,0.3875,5.35467],"texture":"#0"},"west":{"uv":[0.02133,8.2664,0.48961,5.35467],"texture":"#0"},"up":{"uv":[0.4949,8.2695,0.02133,8.25467],"rotation":270,"texture":"#0"},"down":{"uv":[0.4949,5.432,0.02133,5.35467],"rotation":90,"texture":"#0"}}},{"from":[1.85438,-6.83009,9.3906],"to":[3.57938,-5.20509,12.9906],"rotation":{"angle":0,"axis":"y","origin":[3.57938,-4.28009,12.8906]},"faces":{"north":{"uv":[4.95833,6.75,4.8,6.5],"texture":"#0"},"east":{"uv":[10.4,8.9,10.25,6.5],"rotation":270,"texture":"#0"},"south":{"uv":[1.08333,1.15,0,0],"rotation":90,"texture":"#0"},"west":{"uv":[10.4,6.5,10.25,8.9],"rotation":270,"texture":"#0"},"up":{"uv":[11.4,6.5,10.25,8.9],"texture":"#0"},"down":{"uv":[11.4,8.9,10.25,6.5],"texture":"#0"}}},{"from":[4.36751,-6.78009,15.90378],"to":[6.26751,-1.78009,17.72878],"rotation":{"angle":-22.5,"axis":"z","origin":[5.31751,-4.28009,16.82878]},"faces":{"north":{"uv":[5.71667,9.58333,5.5,6.25],"texture":"#0"},"east":{"uv":[6.71667,9.58333,5.5,6.25],"texture":"#0"},"south":{"uv":[6.71667,9.58333,6.525,6.25],"texture":"#0"},"west":{"uv":[5.5,9.58333,6.71667,6.25],"texture":"#0"},"up":{"uv":[1.26667,1.21667,0,0],"texture":"#0"},"down":{"uv":[8.26667,7.46667,7,6.25],"texture":"#0"}}},{"from":[3.51751,-6.90509,11.92878],"to":[5.34251,-5.00509,16.92878],"rotation":{"angle":22.5,"axis":"y","origin":[5.31751,-4.28009,16.82878]},"faces":{"north":{"uv":[5.03333,8.5,4.8,6.5],"texture":"#0"},"east":{"uv":[8.77292,9.58333,8.5,6.25],"rotation":270,"texture":"#0"},"south":{"uv":[7.16667,6.51667,7,6.25],"texture":"#0"},"west":{"uv":[8.77292,6.25,8.5,9.58333],"rotation":270,"texture":"#0"},"up":{"uv":[9.67292,6.25,8.5,9.58333],"texture":"#0"},"down":{"uv":[9.67292,9.58333,8.5,6.25],"texture":"#0"}}},{"from":[5.25,-2.9435,15.85378],"to":[7.175,0.0565,17.77878],"rotation":{"angle":0,"axis":"y","origin":[6.2,-2.4435,16.82878]},"faces":{"north":{"uv":[3.93333,8.5,3.75,6.5],"texture":"#0"},"east":{"uv":[5.03333,8.5,3.75,6.5],"texture":"#0"},"south":{"uv":[5.03333,8.5,4.8,6.5],"texture":"#0"},"west":{"uv":[3.75,8.5,5.03333,6.5],"texture":"#0"},"up":{"uv":[1.28333,1.28333,0,0],"texture":"#0"},"down":{"uv":[7.16667,6.51667,7,6.25],"texture":"#0"}}},{"from":[5.2,-6.5,12],"to":[7.2,-1.5,14],"rotation":{"angle":-45,"axis":"x","origin":[8,1.4,8]},"faces":{"north":{"uv":[1.83333,9.83333,1.75,6.5],"texture":"#0"},"east":{"uv":[3.08333,9.83333,1.75,6.5],"texture":"#0"},"south":{"uv":[3.08333,9.83333,2.84375,6.5],"texture":"#0"},"west":{"uv":[1.75,9.83333,3.08333,6.5],"texture":"#0"},"up":{"uv":[7.16667,6.51667,7,6.25],"texture":"#0"},"down":{"uv":[7.16667,6.51667,7,6.25],"texture":"#0"}}},{"from":[5.3,0.2,13.2],"to":[7.1,3.4,14.4],"rotation":{"angle":-22.5,"axis":"x","origin":[8,1.4,8]},"faces":{"north":{"uv":[0.96875,8.63333,0.75,6.5],"texture":"#0"},"east":{"uv":[1.55,8.63333,0.75,6.5],"texture":"#0"},"south":{"uv":[1.55,8.63333,1.25,6.5],"texture":"#0"},"west":{"uv":[0.75,8.63333,1.55,6.5],"texture":"#0"},"up":{"uv":[7.16667,6.51667,7,6.25],"texture":"#0"},"down":{"uv":[1.2,0.8,0,0],"texture":"#0"}}},{"from":[8.9,0.2,13.2],"to":[10.7,3.4,14.4],"rotation":{"angle":-22.5,"axis":"x","origin":[8,1.4,8]},"faces":{"north":{"uv":[0.75,8.63333,0.96875,6.5],"texture":"#0"},"east":{"uv":[1.55,8.63333,0.75,6.5],"texture":"#0"},"south":{"uv":[1.25,8.63333,1.55,6.5],"texture":"#0"},"west":{"uv":[0.75,8.63333,1.55,6.5],"texture":"#0"},"up":{"uv":[7,6.51667,7.16667,6.25],"texture":"#0"},"down":{"uv":[0,0.8,1.2,0],"texture":"#0"}}},{"from":[8.8,-6.5,12],"to":[10.8,-1.5,14],"rotation":{"angle":-45,"axis":"x","origin":[8,1.4,8]},"faces":{"north":{"uv":[1.75,9.83333,1.83333,6.5],"texture":"#0"},"east":{"uv":[3.08333,9.83333,1.75,6.5],"texture":"#0"},"south":{"uv":[2.84375,9.83333,3.08333,6.5],"texture":"#0"},"west":{"uv":[1.75,9.83333,3.08333,6.5],"texture":"#0"},"up":{"uv":[7,6.51667,7.16667,6.25],"texture":"#0"},"down":{"uv":[7,6.51667,7.16667,6.25],"texture":"#0"}}},{"from":[8.825,-2.9435,15.85378],"to":[10.75,0.0565,17.77878],"rotation":{"angle":0,"axis":"y","origin":[9.8,-2.4435,16.82878]},"faces":{"north":{"uv":[3.75,8.5,3.93333,6.5],"texture":"#0"},"east":{"uv":[5.03333,8.5,3.75,6.5],"texture":"#0"},"south":{"uv":[4.8,8.5,5.03333,6.5],"texture":"#0"},"west":{"uv":[3.75,8.5,5.03333,6.5],"texture":"#0"},"up":{"uv":[0,1.28333,1.28333,0],"texture":"#0"},"down":{"uv":[7,6.51667,7.16667,6.25],"texture":"#0"}}},{"from":[9.52315,5.80967,15.9564],"to":[10.26435,6.25827,17.2976],"rotation":{"angle":-45,"axis":"x","origin":[7.99375,2.14488,18.41077]},"faces":{"north":{"uv":[0.032,5.968,0.968,0.032],"texture":"#0"},"east":{"uv":[2.17613,4.33107,1.35467,4.032],"texture":"#0"},"south":{"uv":[2.032,4.33107,2.17613,4.032],"texture":"#0"},"west":{"uv":[1.35467,4.33107,2.17613,4.032],"texture":"#0"},"up":{"uv":[2.17482,4.032,1.35467,4.17613],"rotation":270,"texture":"#0"},"down":{"uv":[2.17482,4.032,1.35467,4.17613],"rotation":90,"texture":"#0"}}},{"from":[9.52315,4.80967,15.9564],"to":[10.26435,5.25827,17.2976],"rotation":{"angle":-45,"axis":"x","origin":[7.99375,2.14488,18.41077]},"faces":{"north":{"uv":[0.032,5.968,0.968,0.032],"texture":"#0"},"east":{"uv":[2.17613,4.33107,1.35467,4.032],"texture":"#0"},"south":{"uv":[2.032,4.33107,2.17613,4.032],"texture":"#0"},"west":{"uv":[1.35467,4.33107,2.17613,4.032],"texture":"#0"},"up":{"uv":[2.17482,4.032,1.35467,4.17613],"rotation":270,"texture":"#0"},"down":{"uv":[2.17482,4.032,1.35467,4.17613],"rotation":90,"texture":"#0"}}},{"from":[9.68073,2.31434,16.73152],"to":[10.10677,5.36988,17.15755],"rotation":{"angle":-45,"axis":"x","origin":[7.99375,2.14488,18.41077]},"faces":{"north":{"uv":[0.02133,8.2664,0.13336,5.35467],"texture":"#0"},"east":{"uv":[0.48961,8.2664,0.02133,5.35467],"texture":"#0"},"south":{"uv":[0.3875,8.2664,0.47711,5.35467],"texture":"#0"},"west":{"uv":[0.02133,8.2664,0.48961,5.35467],"texture":"#0"},"up":{"uv":[0.4949,8.25467,0.02133,8.2695],"rotation":270,"texture":"#0"},"down":{"uv":[0.4949,5.35467,0.02133,5.432],"rotation":90,"texture":"#0"}}},{"from":[9.68073,5.36988,16.73152],"to":[10.10677,8.42542,17.15755],"rotation":{"angle":-45,"axis":"x","origin":[7.99375,2.14488,18.41077]},"faces":{"north":{"uv":[0.02133,8.2664,0.13336,5.35467],"texture":"#0"},"east":{"uv":[0.48961,8.2664,0.02133,5.35467],"texture":"#0"},"south":{"uv":[0.3875,8.2664,0.47711,5.35467],"texture":"#0"},"west":{"uv":[0.02133,8.2664,0.48961,5.35467],"texture":"#0"},"up":{"uv":[0.4949,8.25467,0.02133,8.2695],"rotation":270,"texture":"#0"},"down":{"uv":[0.4949,5.35467,0.02133,5.432],"rotation":90,"texture":"#0"}}},{"from":[9.68073,-0.73957,16.73543],"to":[10.10677,2.31597,17.16147],"rotation":{"angle":-45,"axis":"x","origin":[7.99375,2.14097,18.41468]},"faces":{"north":{"uv":[0.02133,8.2664,0.13336,5.35467],"texture":"#0"},"east":{"uv":[0.48961,8.2664,0.02133,5.35467],"texture":"#0"},"south":{"uv":[0.3875,8.2664,0.47711,5.35467],"texture":"#0"},"west":{"uv":[0.02133,8.2664,0.48961,5.35467],"texture":"#0"},"up":{"uv":[0.4949,8.25467,0.02133,8.2695],"rotation":270,"texture":"#0"},"down":{"uv":[0.4949,5.35467,0.02133,5.432],"rotation":90,"texture":"#0"}}},{"from":[9.70573,-3.58233,19.19011],"to":[10.08177,-0.17679,19.61615],"rotation":{"angle":22.5,"axis":"x","origin":[7.99375,-0.35179,18.06936]},"faces":{"north":{"uv":[0.02133,8.2664,0.13336,5.35467],"texture":"#0"},"east":{"uv":[0.48961,8.2664,0.02133,5.35467],"texture":"#0"},"south":{"uv":[0.3875,8.2664,0.47711,5.35467],"texture":"#0"},"west":{"uv":[0.02133,8.2664,0.48961,5.35467],"texture":"#0"},"up":{"uv":[0.4949,8.25467,0.02133,8.2695],"rotation":270,"texture":"#0"},"down":{"uv":[0.4949,5.35467,0.02133,5.432],"rotation":90,"texture":"#0"}}},{"from":[5.91823,-3.58233,19.19011],"to":[6.29427,-0.17679,19.61615],"rotation":{"angle":22.5,"axis":"x","origin":[8.00625,-0.35179,18.06936]},"faces":{"north":{"uv":[0.13336,8.2664,0.02133,5.35467],"texture":"#0"},"east":{"uv":[0.48961,8.2664,0.02133,5.35467],"texture":"#0"},"south":{"uv":[0.47711,8.2664,0.3875,5.35467],"texture":"#0"},"west":{"uv":[0.02133,8.2664,0.48961,5.35467],"texture":"#0"},"up":{"uv":[0.4949,8.2695,0.02133,8.25467],"rotation":270,"texture":"#0"},"down":{"uv":[0.4949,5.432,0.02133,5.35467],"rotation":90,"texture":"#0"}}},{"from":[5.89323,-0.73957,16.73543],"to":[6.31927,2.31597,17.16147],"rotation":{"angle":-45,"axis":"x","origin":[8.00625,2.14097,18.41468]},"faces":{"north":{"uv":[0.13336,8.2664,0.02133,5.35467],"texture":"#0"},"east":{"uv":[0.48961,8.2664,0.02133,5.35467],"texture":"#0"},"south":{"uv":[0.47711,8.2664,0.3875,5.35467],"texture":"#0"},"west":{"uv":[0.02133,8.2664,0.48961,5.35467],"texture":"#0"},"up":{"uv":[0.4949,8.2695,0.02133,8.25467],"rotation":270,"texture":"#0"},"down":{"uv":[0.4949,5.432,0.02133,5.35467],"rotation":90,"texture":"#0"}}},{"from":[5.89323,2.31434,16.73152],"to":[6.31927,5.36988,17.15755],"rotation":{"angle":-45,"axis":"x","origin":[8.00625,2.14488,18.41077]},"faces":{"north":{"uv":[0.13336,8.2664,0.02133,5.35467],"texture":"#0"},"east":{"uv":[0.48961,8.2664,0.02133,5.35467],"texture":"#0"},"south":{"uv":[0.47711,8.2664,0.3875,5.35467],"texture":"#0"},"west":{"uv":[0.02133,8.2664,0.48961,5.35467],"texture":"#0"},"up":{"uv":[0.4949,8.2695,0.02133,8.25467],"rotation":270,"texture":"#0"},"down":{"uv":[0.4949,5.432,0.02133,5.35467],"rotation":90,"texture":"#0"}}},{"from":[5.73565,4.80967,15.9564],"to":[6.47685,5.25827,17.2976],"rotation":{"angle":-45,"axis":"x","origin":[8.00625,2.14488,18.41077]},"faces":{"north":{"uv":[0.968,5.968,0.032,0.032],"texture":"#0"},"east":{"uv":[2.17613,4.33107,1.35467,4.032],"texture":"#0"},"south":{"uv":[2.17613,4.33107,2.032,4.032],"texture":"#0"},"west":{"uv":[1.35467,4.33107,2.17613,4.032],"texture":"#0"},"up":{"uv":[2.17482,4.17613,1.35467,4.032],"rotation":270,"texture":"#0"},"down":{"uv":[2.17482,4.17613,1.35467,4.032],"rotation":90,"texture":"#0"}}},{"from":[5.73565,5.80967,15.9564],"to":[6.47685,6.25827,17.2976],"rotation":{"angle":-45,"axis":"x","origin":[8.00625,2.14488,18.41077]},"faces":{"north":{"uv":[0.968,5.968,0.032,0.032],"texture":"#0"},"east":{"uv":[2.17613,4.33107,1.35467,4.032],"texture":"#0"},"south":{"uv":[2.17613,4.33107,2.032,4.032],"texture":"#0"},"west":{"uv":[1.35467,4.33107,2.17613,4.032],"texture":"#0"},"up":{"uv":[2.17482,4.17613,1.35467,4.032],"rotation":270,"texture":"#0"},"down":{"uv":[2.17482,4.17613,1.35467,4.032],"rotation":90,"texture":"#0"}}},{"from":[5.89323,5.36988,16.73152],"to":[6.31927,8.42542,17.15755],"rotation":{"angle":-45,"axis":"x","origin":[8.00625,2.14488,18.41077]},"faces":{"north":{"uv":[0.13336,8.2664,0.02133,5.35467],"texture":"#0"},"east":{"uv":[0.48961,8.2664,0.02133,5.35467],"texture":"#0"},"south":{"uv":[0.47711,8.2664,0.3875,5.35467],"texture":"#0"},"west":{"uv":[0.02133,8.2664,0.48961,5.35467],"texture":"#0"},"up":{"uv":[0.4949,8.2695,0.02133,8.25467],"rotation":270,"texture":"#0"},"down":{"uv":[0.4949,5.432,0.02133,5.35467],"rotation":90,"texture":"#0"}}}],"gui_light":"front","display":{"thirdperson_righthand":{"scale":[0.5207,0.5207,0.5207]},"thirdperson_lefthand":{"rotation":[67.5,0,0],"translation":[-6,-0.25,8.25],"scale":[1.53,1.53,1.56]},"firstperson_righthand":{"rotation":[21,14,0],"translation":[-2,7.25,0.5],"scale":[0.64609,0.64609,0.64609]},"firstperson_lefthand":{"rotation":[21,14,0],"translation":[-2,7.25,0.5],"scale":[0,0,0]},"ground":{"rotation":[0,0,42],"translation":[0,5.25,0],"scale":[0.41,0.4,0.4]},"gui":{"rotation":[-82.43,-46.02,-90.6],"translation":[0.5,0.75,0],"scale":[0.6,0.6,0.6]},"fixed":{"translation":[0,9.75,-19.25],"scale":[1.96484,1.96484,1.96484]}},"groups":[0,1,2,3,4,5,6,7,8,9,10,11,12,13,14,15,16,17,18,19,20,21,22,23,24,25,26,27,28,29,{"name":"group","origin":[8.02013,13.82502,10.54987],"color":0,"nbt":"{}","armAnimationEnabled":false,"children":[]},30,31,32,33,34,35,36,37,38,39,40,41,42,43,44,45,46,47,48,49,50,51,52,53,54,55,56,57,58,59,60,61,62,63,64,65,66,67,68,69,70,71,72,73,74,75,76,77,78,79,80,81,82,83,84,85,86,87,88,89,90,91,92,93,94,95,96,97,98,99,100,101,{"name":"group","origin":[8.00625,2.14488,18.41077],"color":0,"nbt":"{}","armAnimationEnabled":false,"children":[102,103,104,105,106,107,108,109,110,111,112,113,114,115,116,117,118,119,120,121,122,123,124,125,126,127,128,129,130,131,132,133,134,135,136,137,138,139,140,141]}]}