{"credit":"MadewithBlockbench","texture_size":[24,24],"textures":{"0":"arsenalset:arsenalset/arsenal_bow1","particle":"arsenalset:arsenalset/arsenal_bow1"},"elements":[{"from":[7.26671,8.65662,5.29951],"to":[8.72079,9.38366,6.75359],"rotation":{"angle":0,"axis":"y","origin":[8,8,8]},"faces":{"north":{"uv":[2.50139,0.02133,2.282,0.48469],"texture":"#0"},"east":{"uv":[3.25139,0.02133,2.282,0.48469],"texture":"#0"},"south":{"uv":[3.25139,0.02133,3.032,0.48469],"texture":"#0"},"west":{"uv":[2.282,0.02133,3.25139,0.48469],"texture":"#0"},"up":{"uv":[3.24794,0.02133,2.282,0.21939],"rotation":270,"texture":"#0"},"down":{"uv":[3.24794,0.25,2.282,0.46939],"rotation":90,"texture":"#0"}}},{"from":[7.26671,7.71525,5.29951],"to":[8.72079,8.44229,6.75359],"rotation":{"angle":0,"axis":"y","origin":[8,8,8]},"faces":{"north":{"uv":[2.50139,0.48469,2.282,0.02133],"texture":"#0"},"east":{"uv":[3.25139,0.48469,2.282,0.02133],"texture":"#0"},"south":{"uv":[3.25139,0.48469,3.032,0.02133],"texture":"#0"},"west":{"uv":[2.282,0.48469,3.25139,0.02133],"texture":"#0"},"up":{"uv":[2.282,0.25,3.24794,0.46939],"rotation":90,"texture":"#0"},"down":{"uv":[2.282,0.02133,3.24794,0.21939],"rotation":270,"texture":"#0"}}},{"from":[7.08495,8.61783,3.31897],"to":[8.90255,9.89015,4.59129],"rotation":{"angle":45,"axis":"x","origin":[8,8,8]},"faces":{"north":{"uv":[0.968,0.968,0.032,0.75],"rotation":270,"texture":"#0"},"east":{"uv":[0.968,0.032,0.032,0.968],"rotation":270,"texture":"#0"},"south":{"uv":[0.968,0.25,0.032,0.032],"rotation":270,"texture":"#0"},"west":{"uv":[0.968,0.968,0.032,0.032],"rotation":270,"texture":"#0"},"up":{"uv":[0.032,0.75,0.968,0.968],"rotation":90,"texture":"#0"},"down":{"uv":[0.032,0.032,0.968,0.25],"rotation":270,"texture":"#0"}}},{"from":[7.26671,10.27073,5.29951],"to":[8.72079,11.72481,6.75359],"rotation":{"angle":0,"axis":"y","origin":[8,8,8]},"faces":{"north":{"uv":[1.98889,0.96939,1.0445,0.02133],"texture":"#0"},"east":{"uv":[1.98264,0.96939,1.032,0.02133],"texture":"#0"},"south":{"uv":[1.98264,0.96939,1.032,0.02133],"texture":"#0"},"west":{"uv":[1.98264,0.96939,1.032,0.02133],"texture":"#0"},"up":{"uv":[0.032,0.032,0.968,0.968],"texture":"#0"},"down":{"uv":[1.05075,0.03125,1.98264,0.98814],"texture":"#0"}}},{"from":[7.44847,4.88966,5.48127],"to":[8.53903,10.52422,6.57183],"rotation":{"angle":0,"axis":"y","origin":[8,8,8]},"faces":{"north":{"uv":[0.17704,5.03837,0.02133,1.35467],"texture":"#0"},"east":{"uv":[0.64533,5.03837,0.02133,1.35467],"texture":"#0"},"south":{"uv":[0.64533,5.03837,0.5,1.35467],"texture":"#0"},"west":{"uv":[0.02133,5.03837,0.64533,1.35467],"texture":"#0"},"up":{"uv":[0.032,0.032,0.968,0.968],"texture":"#0"},"down":{"uv":[0.032,0.032,0.968,0.968],"texture":"#0"}}},{"from":[7.38495,14.75555,3.91515],"to":[8.60255,15.12787,4.28747],"rotation":{"angle":-22.5,"axis":"x","origin":[8.03039,16.06135,10.54004]},"faces":{"north":{"uv":[1.032,2.032,1.18021,2.15521],"rotation":90,"texture":"#0"},"east":{"uv":[1.18021,2.15521,1.032,2.032],"rotation":180,"texture":"#0"},"south":{"uv":[1.032,2.032,1.18021,2.15521],"rotation":270,"texture":"#0"},"west":{"uv":[1.18021,2.15521,1.032,2.032],"texture":"#0"},"up":{"uv":[1.18021,2.15521,1.032,2.032],"rotation":90,"texture":"#0"},"down":{"uv":[1.18021,2.15521,1.032,2.032],"rotation":270,"texture":"#0"}}},{"from":[7.38495,14.08055,10.71515],"to":[8.60255,14.45287,11.08747],"rotation":{"angle":-22.5,"axis":"x","origin":[8.03039,16.06135,10.54004]},"faces":{"north":{"uv":[1.032,2.032,1.18021,2.15521],"rotation":90,"texture":"#0"},"east":{"uv":[1.18021,2.15521,1.032,2.032],"rotation":180,"texture":"#0"},"south":{"uv":[1.032,2.032,1.18021,2.15521],"rotation":270,"texture":"#0"},"west":{"uv":[1.18021,2.15521,1.032,2.032],"texture":"#0"},"up":{"uv":[1.18021,2.15521,1.032,2.032],"rotation":90,"texture":"#0"},"down":{"uv":[1.18021,2.15521,1.032,2.032],"rotation":270,"texture":"#0"}}},{"from":[7.38495,15.42532,15.64738],"to":[8.60255,15.79764,16.0197],"rotation":{"angle":-45,"axis":"x","origin":[7.99375,16.31148,15.83354]},"faces":{"north":{"uv":[1.032,2.032,1.18021,2.15521],"rotation":90,"texture":"#0"},"east":{"uv":[1.18021,2.15521,1.032,2.032],"rotation":180,"texture":"#0"},"south":{"uv":[1.032,2.032,1.18021,2.15521],"rotation":270,"texture":"#0"},"west":{"uv":[1.18021,2.15521,1.032,2.032],"texture":"#0"},"up":{"uv":[1.18021,2.15521,1.032,2.032],"rotation":90,"texture":"#0"},"down":{"uv":[1.18021,2.15521,1.032,2.032],"rotation":270,"texture":"#0"}}},{"from":[7.49391,9.61223,9.27881],"to":[8.49359,17.27727,10.00585],"rotation":{"angle":22.5,"axis":"x","origin":[8.03039,16.06135,10.54004]},"faces":{"north":{"uv":[11.24336,0.02133,4.75,0.24719],"rotation":270,"texture":"#0"},"east":{"uv":[11.24336,0.47219,4.75,0.02133],"rotation":270,"texture":"#0"},"south":{"uv":[11.24336,0.02133,4.75,0.24719],"rotation":270,"texture":"#0"},"west":{"uv":[11.24336,0.02133,4.75,0.47219],"rotation":270,"texture":"#0"},"up":{"uv":[0.032,0.968,0.968,0.032],"rotation":180,"texture":"#0"},"down":{"uv":[11,0.47219,11.24336,0.02133],"rotation":270,"texture":"#0"}}},{"from":[7.54391,19.58286,7.48885],"to":[8.54359,20.3099,15.15389],"rotation":{"angle":45,"axis":"x","origin":[8.03039,16.06135,10.54004]},"faces":{"north":{"uv":[0.032,0.968,0.968,0.032],"texture":"#0"},"east":{"uv":[11.24336,0.47219,4.75,0.02133],"texture":"#0"},"south":{"uv":[11,0.47219,11.24336,0.02133],"rotation":270,"texture":"#0"},"west":{"uv":[11.24336,0.02133,4.75,0.47219],"rotation":180,"texture":"#0"},"up":{"uv":[11.24336,0.02133,4.75,0.24719],"rotation":270,"texture":"#0"},"down":{"uv":[11.24336,0.02133,4.75,0.24719],"rotation":90,"texture":"#0"}}},{"from":[7.84391,14.48286,12.18885],"to":[8.34359,14.8099,16.45389],"rotation":{"angle":0,"axis":"y","origin":[8.03039,16.06135,10.54004]},"faces":{"north":{"uv":[0.032,0.968,0.968,0.032],"texture":"#0"},"east":{"uv":[7.22586,5.86469,0.75,5.77133],"rotation":180,"texture":"#0"},"south":{"uv":[11,0.47219,11.24336,0.02133],"rotation":270,"texture":"#0"},"west":{"uv":[0.75,5.86469,7.22586,5.77133],"rotation":180,"texture":"#0"},"up":{"uv":[7.22461,5.79008,0.75,5.77219],"rotation":90,"texture":"#0"},"down":{"uv":[7.22461,5.79008,0.75,5.77219],"rotation":270,"texture":"#0"}}},{"from":[7.84391,1.1901,12.18885],"to":[8.34359,1.51714,16.45389],"rotation":{"angle":0,"axis":"y","origin":[8.03039,-0.06135,10.54004]},"faces":{"north":{"uv":[0.032,0.032,0.968,0.968],"texture":"#0"},"east":{"uv":[7.22586,5.77133,0.75,5.86469],"rotation":180,"texture":"#0"},"south":{"uv":[11.24336,0.47219,11,0.02133],"rotation":270,"texture":"#0"},"west":{"uv":[0.75,5.77133,7.22586,5.86469],"rotation":180,"texture":"#0"},"up":{"uv":[0.75,5.79008,7.22461,5.77219],"rotation":270,"texture":"#0"},"down":{"uv":[0.75,5.79008,7.22461,5.77219],"rotation":90,"texture":"#0"}}},{"from":[7.84391,20.63781,9.5262],"to":[8.34359,20.96485,13.79124],"rotation":{"angle":45,"axis":"x","origin":[8.03039,16.06135,10.54004]},"faces":{"north":{"uv":[11,0.47219,11.24336,0.02133],"rotation":90,"texture":"#0"},"east":{"uv":[7.22586,5.86469,0.75,5.77133],"texture":"#0"},"south":{"uv":[0.032,0.968,0.968,0.032],"rotation":180,"texture":"#0"},"west":{"uv":[0.75,5.86469,7.22586,5.77133],"texture":"#0"},"up":{"uv":[7.22461,5.79008,0.75,5.77219],"rotation":270,"texture":"#0"},"down":{"uv":[7.22461,5.79008,0.75,5.77219],"rotation":90,"texture":"#0"}}},{"from":[7.84391,-4.96485,9.5262],"to":[8.34359,-4.63781,13.79124],"rotation":{"angle":-45,"axis":"x","origin":[8.03039,-0.06135,10.54004]},"faces":{"north":{"uv":[11.24336,0.47219,11,0.02133],"rotation":90,"texture":"#0"},"east":{"uv":[7.22586,5.77133,0.75,5.86469],"texture":"#0"},"south":{"uv":[0.032,0.032,0.968,0.968],"rotation":180,"texture":"#0"},"west":{"uv":[0.75,5.77133,7.22586,5.86469],"texture":"#0"},"up":{"uv":[0.75,5.79008,7.22461,5.77219],"rotation":90,"texture":"#0"},"down":{"uv":[0.75,5.79008,7.22461,5.77219],"rotation":270,"texture":"#0"}}},{"from":[7.84391,7.79981,12.0165],"to":[8.34359,13.06485,12.34354],"rotation":{"angle":0,"axis":"y","origin":[8.03039,-0.06135,10.54004]},"faces":{"north":{"uv":[0.75,5.79008,7.22461,5.77219],"rotation":270,"texture":"#0"},"east":{"uv":[0.75,5.86469,7.22586,5.77133],"rotation":270,"texture":"#0"},"south":{"uv":[0.75,5.79008,7.22461,5.77219],"rotation":270,"texture":"#0"},"west":{"uv":[7.22586,5.86469,0.75,5.77133],"rotation":90,"texture":"#0"},"up":{"uv":[7.22586,5.86469,7,5.77133],"rotation":90,"texture":"#0"},"down":{"uv":[0.97586,5.86469,0.75,5.77133],"rotation":90,"texture":"#0"}}},{"from":[7.84391,2.93515,12.0165],"to":[8.34359,8.20019,12.34354],"rotation":{"angle":0,"axis":"y","origin":[8.03039,16.06135,10.54004]},"faces":{"north":{"uv":[7.22461,5.79008,0.75,5.77219],"rotation":270,"texture":"#0"},"east":{"uv":[7.22586,5.86469,0.75,5.77133],"rotation":270,"texture":"#0"},"south":{"uv":[7.22461,5.79008,0.75,5.77219],"rotation":270,"texture":"#0"},"west":{"uv":[0.75,5.86469,7.22586,5.77133],"rotation":90,"texture":"#0"},"up":{"uv":[0.75,5.86469,0.97586,5.77133],"rotation":90,"texture":"#0"},"down":{"uv":[7,5.86469,7.22586,5.77133],"rotation":90,"texture":"#0"}}},{"from":[7.59391,10.27639,6.42665],"to":[8.39359,11.00343,9.84169],"rotation":{"angle":22.5,"axis":"x","origin":[8.03039,16.06135,10.54004]},"faces":{"north":{"uv":[3.35467,2.74169,3.44203,2.257],"texture":"#0"},"east":{"uv":[3.44203,2.74169,1.032,2.257],"texture":"#0"},"south":{"uv":[0.968,0.032,0.032,0.968],"rotation":180,"texture":"#0"},"west":{"uv":[1.032,2.74169,3.44203,2.257],"texture":"#0"},"up":{"uv":[1.032,2.64533,3.44169,2.507],"rotation":90,"texture":"#0"},"down":{"uv":[1.032,2.46703,3.44169,2.307],"rotation":270,"texture":"#0"}}},{"from":[7.69391,9.83239,6.37065],"to":[8.31859,14.99743,7.09769],"rotation":{"angle":22.5,"axis":"x","origin":[8.03039,16.06135,10.54004]},"faces":{"north":{"uv":[3.97867,3.032,1.032,3.19169],"rotation":270,"texture":"#0"},"east":{"uv":[3.97867,3.49169,1.032,3.032],"rotation":270,"texture":"#0"},"south":{"uv":[3.97867,3.35467,1.032,3.49169],"rotation":270,"texture":"#0"},"west":{"uv":[3.97867,3.032,1.032,3.49169],"rotation":270,"texture":"#0"},"up":{"uv":[1.24169,3.032,1.032,3.49203],"texture":"#0"},"down":{"uv":[3.99169,3.032,3.782,3.49203],"rotation":180,"texture":"#0"}}},{"from":[7.64391,17.73197,6.65549],"to":[8.36859,21.07201,7.38253],"rotation":{"angle":-22.5,"axis":"x","origin":[8.03039,16.06135,10.54004]},"faces":{"north":{"uv":[1.032,3.49169,3.97867,3.35467],"rotation":270,"texture":"#0"},"east":{"uv":[1.032,3.032,3.97867,3.49169],"rotation":270,"texture":"#0"},"south":{"uv":[1.032,3.19169,3.97867,3.032],"rotation":270,"texture":"#0"},"west":{"uv":[1.032,3.49169,3.97867,3.032],"rotation":270,"texture":"#0"},"up":{"uv":[3.782,3.49203,3.99169,3.032],"texture":"#0"},"down":{"uv":[1.032,3.49203,1.24169,3.032],"rotation":180,"texture":"#0"}}},{"from":[7.44847,16.80461,10.32781],"to":[8.53903,19.75821,11.37293],"rotation":{"angle":-22.5,"axis":"x","origin":[8.03039,16.06135,10.54004]},"faces":{"north":{"uv":[6.75107,0.782,4.782,0.97875],"rotation":270,"texture":"#0"},"east":{"uv":[6.75107,1.47875,4.782,0.782],"rotation":270,"texture":"#0"},"south":{"uv":[6.75107,1.35467,4.782,1.47875],"rotation":270,"texture":"#0"},"west":{"uv":[6.75107,0.782,4.782,1.47875],"rotation":270,"texture":"#0"},"up":{"uv":[4.782,1.47875,4.95107,0.782],"rotation":270,"texture":"#0"},"down":{"uv":[4.782,1.47875,4.95107,0.782],"rotation":270,"texture":"#0"}}},{"from":[7.44847,13.90461,10.32781],"to":[8.53903,16.85821,11.37293],"rotation":{"angle":-22.5,"axis":"x","origin":[8.03039,16.06135,10.54004]},"faces":{"north":{"uv":[6.75107,1.35467,4.782,1.47875],"rotation":90,"texture":"#0"},"east":{"uv":[6.75107,1.47875,4.782,0.782],"rotation":90,"texture":"#0"},"south":{"uv":[6.75107,0.782,4.782,0.97875],"rotation":90,"texture":"#0"},"west":{"uv":[6.75107,0.782,4.782,1.47875],"rotation":90,"texture":"#0"},"up":{"uv":[4.782,1.47875,4.95107,0.782],"rotation":270,"texture":"#0"},"down":{"uv":[4.782,1.47875,4.95107,0.782],"rotation":270,"texture":"#0"}}},{"from":[7.72315,20.95362,6.0176],"to":[8.26435,21.49482,13.0662],"rotation":{"angle":-22.5,"axis":"x","origin":[8.03039,16.06135,10.54004]},"faces":{"north":{"uv":[0.02133,10.85467,0.4949,10.932],"rotation":270,"texture":"#0"},"east":{"uv":[0.02133,10.85467,0.49205,15.93315],"rotation":270,"texture":"#0"},"south":{"uv":[0.4949,10.85467,0.02133,10.932],"rotation":90,"texture":"#0"},"west":{"uv":[0.49205,10.85467,0.02133,15.93315],"rotation":90,"texture":"#0"},"up":{"uv":[0.44205,10.85467,0.25,15.93315],"rotation":180,"texture":"#0"},"down":{"uv":[0.19205,10.85467,0.02133,15.93315],"texture":"#0"}}},{"from":[7.74815,12.30196,4.28255],"to":[8.23935,19.35056,4.82375],"rotation":{"angle":0,"axis":"y","origin":[8.03039,16.06135,10.54004]},"faces":{"north":{"uv":[0.19205,10.85467,0.02133,15.93315],"rotation":180,"texture":"#0"},"east":{"uv":[0.02133,10.85467,0.49205,15.93315],"rotation":180,"texture":"#0"},"south":{"uv":[0.44205,10.85467,0.25,15.93315],"rotation":180,"texture":"#0"},"west":{"uv":[0.49205,10.85467,0.02133,15.93315],"rotation":180,"texture":"#0"},"up":{"uv":[0.02133,10.85467,0.4949,10.932],"rotation":90,"texture":"#0"},"down":{"uv":[0.4949,10.85467,0.02133,10.932],"rotation":90,"texture":"#0"}}},{"from":[7.62315,20.25362,11.1176],"to":[8.36435,21.59482,11.5662],"rotation":{"angle":-22.5,"axis":"x","origin":[8.03039,16.06135,10.54004]},"faces":{"north":{"uv":[2.17482,4.032,1.35467,4.17613],"rotation":90,"texture":"#0"},"east":{"uv":[1.35467,4.032,2.17613,4.33107],"rotation":270,"texture":"#0"},"south":{"uv":[2.17482,4.032,1.35467,4.17613],"rotation":90,"texture":"#0"},"west":{"uv":[2.17613,4.032,1.35467,4.33107],"rotation":90,"texture":"#0"},"up":{"uv":[2.17613,4.032,2.032,4.33107],"rotation":180,"texture":"#0"},"down":{"uv":[0.968,0.032,0.032,5.968],"texture":"#0"}}},{"from":[7.62315,20.25362,12.1176],"to":[8.36435,21.59482,12.5662],"rotation":{"angle":-22.5,"axis":"x","origin":[8.03039,16.06135,10.54004]},"faces":{"north":{"uv":[2.17482,4.032,1.35467,4.17613],"rotation":90,"texture":"#0"},"east":{"uv":[1.35467,4.032,2.17613,4.33107],"rotation":270,"texture":"#0"},"south":{"uv":[2.17482,4.032,1.35467,4.17613],"rotation":90,"texture":"#0"},"west":{"uv":[2.17613,4.032,1.35467,4.33107],"rotation":90,"texture":"#0"},"up":{"uv":[2.17613,4.032,2.032,4.33107],"rotation":180,"texture":"#0"},"down":{"uv":[0.968,0.032,0.032,5.968],"texture":"#0"}}},{"from":[6.89375,18.61739,14.00108],"to":[9.09375,20.81739,15.10108],"rotation":{"angle":-22.5,"axis":"x","origin":[8.03039,16.06135,10.54004]},"faces":{"north":{"uv":[6.532,2.532,7.99867,3.99867],"rotation":180,"texture":"#0"},"east":{"uv":[6.22992,3.49033,4.80075,2.782],"rotation":270,"texture":"#0"},"south":{"uv":[6.532,4.282,7.95492,5.70492],"texture":"#0"},"west":{"uv":[6.22992,3.49033,4.80075,2.782],"rotation":90,"texture":"#0"},"up":{"uv":[6.22992,3.49033,4.80075,2.782],"rotation":180,"texture":"#0"},"down":{"uv":[6.22992,3.49033,4.80075,2.782],"texture":"#0"}}},{"from":[7.67954,14.70066,15.23194],"to":[8.45454,16.90066,17.43194],"rotation":{"angle":45,"axis":"x","origin":[8.06704,15.82566,16.33194]},"faces":{"north":{"uv":[8.282,2.532,8.49867,3.99867],"rotation":180,"texture":"#0"},"east":{"uv":[9.74867,2.532,8.282,3.99867],"rotation":180,"texture":"#0"},"south":{"uv":[8.282,2.532,8.49867,3.99867],"rotation":180,"texture":"#0"},"west":{"uv":[8.282,2.532,9.74867,3.99867],"rotation":180,"texture":"#0"},"up":{"uv":[8.282,2.532,8.49867,3.99867],"rotation":180,"texture":"#0"},"down":{"uv":[8.282,2.532,8.49867,3.99867],"rotation":180,"texture":"#0"}}},{"from":[7.67954,13.71006,11.15625],"to":[8.45454,15.91006,13.35625],"rotation":{"angle":22.5,"axis":"x","origin":[8.03039,16.06135,10.54004]},"faces":{"north":{"uv":[8.282,2.532,8.49867,3.99867],"rotation":180,"texture":"#0"},"east":{"uv":[9.74867,2.532,8.282,3.99867],"rotation":180,"texture":"#0"},"south":{"uv":[8.282,2.532,8.49867,3.99867],"rotation":180,"texture":"#0"},"west":{"uv":[8.282,2.532,9.74867,3.99867],"rotation":180,"texture":"#0"},"up":{"uv":[8.282,2.532,8.49867,3.99867],"rotation":180,"texture":"#0"},"down":{"uv":[8.282,2.532,8.49867,3.99867],"rotation":180,"texture":"#0"}}},{"from":[7.67954,0.08994,11.15625],"to":[8.45454,2.28994,13.35625],"rotation":{"angle":-22.5,"axis":"x","origin":[8.03039,-0.06135,10.54004]},"faces":{"north":{"uv":[8.282,3.99867,8.49867,2.532],"rotation":180,"texture":"#0"},"east":{"uv":[9.74867,3.99867,8.282,2.532],"rotation":180,"texture":"#0"},"south":{"uv":[8.282,3.99867,8.49867,2.532],"rotation":180,"texture":"#0"},"west":{"uv":[8.282,3.99867,9.74867,2.532],"rotation":180,"texture":"#0"},"up":{"uv":[8.282,3.99867,8.49867,2.532],"rotation":180,"texture":"#0"},"down":{"uv":[8.282,3.99867,8.49867,2.532],"rotation":180,"texture":"#0"}}},{"from":[7.38495,1.54713,10.71515],"to":[8.60255,1.91945,11.08747],"rotation":{"angle":22.5,"axis":"x","origin":[8.03039,-0.06135,10.54004]},"faces":{"north":{"uv":[1.18021,2.032,1.032,2.15521],"rotation":90,"texture":"#0"},"east":{"uv":[1.18021,2.032,1.032,2.15521],"rotation":180,"texture":"#0"},"south":{"uv":[1.18021,2.032,1.032,2.15521],"rotation":270,"texture":"#0"},"west":{"uv":[1.18021,2.032,1.032,2.15521],"texture":"#0"},"up":{"uv":[1.032,2.15521,1.18021,2.032],"rotation":270,"texture":"#0"},"down":{"uv":[1.032,2.15521,1.18021,2.032],"rotation":90,"texture":"#0"}}},{"from":[7.67954,-0.90066,15.23194],"to":[8.45454,1.29934,17.43194],"rotation":{"angle":-45,"axis":"x","origin":[8.06704,0.17434,16.33194]},"faces":{"north":{"uv":[8.282,3.99867,8.49867,2.532],"rotation":180,"texture":"#0"},"east":{"uv":[9.74867,3.99867,8.282,2.532],"rotation":180,"texture":"#0"},"south":{"uv":[8.282,3.99867,8.49867,2.532],"rotation":180,"texture":"#0"},"west":{"uv":[8.282,3.99867,9.74867,2.532],"rotation":180,"texture":"#0"},"up":{"uv":[8.282,3.99867,8.49867,2.532],"rotation":180,"texture":"#0"},"down":{"uv":[8.282,3.99867,8.49867,2.532],"rotation":180,"texture":"#0"}}},{"from":[7.38495,0.20236,15.64738],"to":[8.60255,0.57468,16.0197],"rotation":{"angle":45,"axis":"x","origin":[7.99375,-0.31148,15.83354]},"faces":{"north":{"uv":[1.18021,2.032,1.032,2.15521],"rotation":90,"texture":"#0"},"east":{"uv":[1.18021,2.032,1.032,2.15521],"rotation":180,"texture":"#0"},"south":{"uv":[1.18021,2.032,1.032,2.15521],"rotation":270,"texture":"#0"},"west":{"uv":[1.18021,2.032,1.032,2.15521],"texture":"#0"},"up":{"uv":[1.032,2.15521,1.18021,2.032],"rotation":270,"texture":"#0"},"down":{"uv":[1.032,2.15521,1.18021,2.032],"rotation":90,"texture":"#0"}}},{"from":[6.89375,18.61739,6.45814],"to":[9.09375,20.81739,7.55814],"rotation":{"angle":-22.5,"axis":"x","origin":[8.03039,16.06135,10.54004]},"faces":{"north":{"uv":[6.532,5.70492,7.95492,4.282],"rotation":180,"texture":"#0"},"east":{"uv":[6.22992,2.782,4.80075,3.49033],"rotation":270,"texture":"#0"},"south":{"uv":[6.532,3.99867,7.99867,2.532],"texture":"#0"},"west":{"uv":[6.22992,2.782,4.80075,3.49033],"rotation":90,"texture":"#0"},"up":{"uv":[6.22992,2.782,4.80075,3.49033],"rotation":180,"texture":"#0"},"down":{"uv":[6.22992,2.782,4.80075,3.49033],"texture":"#0"}}},{"from":[7.09375,18.81739,7.28314],"to":[8.89375,20.61739,14.38314],"rotation":{"angle":-22.5,"axis":"x","origin":[8.03039,16.06135,10.54004]},"faces":{"north":{"uv":[0.032,1,0.968,0.032],"rotation":180,"texture":"#0"},"east":{"uv":[11.782,0.02133,12.982,4.73333],"rotation":270,"texture":"#0"},"south":{"uv":[0.032,1,0.968,0.032],"texture":"#0"},"west":{"uv":[12.982,0.02133,11.782,4.73333],"rotation":90,"texture":"#0"},"up":{"uv":[12.982,0.02133,12.932,4.73333],"rotation":180,"texture":"#0"},"down":{"uv":[11.857,0.02133,11.957,4.73333],"texture":"#0"}}},{"from":[7.96875,21.89141,9.87936],"to":[7.96875,28.99141,17.67936],"rotation":{"angle":-45,"axis":"x","origin":[7.96875,24.26641,14.12936]},"faces":{"north":{"uv":[16,0,14.8,0.712],"rotation":270,"texture":"#0"},"east":{"uv":[10.8,5,16,9.73333],"rotation":180,"texture":"#0"},"south":{"uv":[16,0,14.8,0.712],"rotation":90,"texture":"#0"},"west":{"uv":[16,5,10.8,9.73333],"rotation":180,"texture":"#0"},"up":{"uv":[16,0,14.8,0.712],"rotation":270,"texture":"#0"},"down":{"uv":[0.032,1,0.968,0.032],"texture":"#0"}}},{"from":[7.96875,7.73365,-4.05918],"to":[7.96875,15.53365,3.04082],"rotation":{"angle":-22.5,"axis":"x","origin":[7.96875,22.45865,3.99082]},"faces":{"north":{"uv":[16,0,14.8,0.712],"rotation":90,"texture":"#0"},"east":{"uv":[16,14.73333,10.8,10],"rotation":90,"texture":"#0"},"south":{"uv":[0.032,1,0.968,0.032],"texture":"#0"},"west":{"uv":[16,10,10.8,14.73333],"rotation":90,"texture":"#0"},"up":{"uv":[16,0,14.8,0.712],"rotation":90,"texture":"#0"},"down":{"uv":[16,0,14.8,0.712],"rotation":90,"texture":"#0"}}},{"from":[7.96875,0.46635,-4.05918],"to":[7.96875,8.26635,3.04082],"rotation":{"angle":22.5,"axis":"x","origin":[7.96875,-6.45865,3.99082]},"faces":{"north":{"uv":[14.8,0,16,0.712],"rotation":90,"texture":"#0"},"east":{"uv":[10.8,14.73333,16,10],"rotation":90,"texture":"#0"},"south":{"uv":[0.032,0.032,0.968,1],"texture":"#0"},"west":{"uv":[10.8,10,16,14.73333],"rotation":90,"texture":"#0"},"up":{"uv":[14.8,0,16,0.712],"rotation":90,"texture":"#0"},"down":{"uv":[14.8,0,16,0.712],"rotation":90,"texture":"#0"}}},{"from":[7.96875,-12.99141,9.87936],"to":[7.96875,-5.89141,17.67936],"rotation":{"angle":45,"axis":"x","origin":[7.96875,-8.26641,14.12936]},"faces":{"north":{"uv":[14.8,0,16,0.712],"rotation":270,"texture":"#0"},"east":{"uv":[10.8,9.73333,16,5],"rotation":180,"texture":"#0"},"south":{"uv":[14.8,0,16,0.712],"rotation":90,"texture":"#0"},"west":{"uv":[16,9.73333,10.8,5],"rotation":180,"texture":"#0"},"up":{"uv":[0.032,0.032,0.968,1],"texture":"#0"},"down":{"uv":[14.8,0,16,0.712],"rotation":270,"texture":"#0"}}},{"from":[7.44847,-3.75821,10.32781],"to":[8.53903,-0.80461,11.37293],"rotation":{"angle":22.5,"axis":"x","origin":[8.03039,-0.06135,10.54004]},"faces":{"north":{"uv":[4.782,0.782,6.75107,0.97875],"rotation":270,"texture":"#0"},"east":{"uv":[4.782,1.47875,6.75107,0.782],"rotation":270,"texture":"#0"},"south":{"uv":[4.782,1.35467,6.75107,1.47875],"rotation":270,"texture":"#0"},"west":{"uv":[4.782,0.782,6.75107,1.47875],"rotation":270,"texture":"#0"},"up":{"uv":[4.95107,1.47875,4.782,0.782],"rotation":270,"texture":"#0"},"down":{"uv":[4.95107,1.47875,4.782,0.782],"rotation":270,"texture":"#0"}}},{"from":[7.09375,-4.61739,7.28314],"to":[8.89375,-2.81739,14.38314],"rotation":{"angle":22.5,"axis":"x","origin":[8.03039,-0.06135,10.54004]},"faces":{"north":{"uv":[0.032,0.032,0.968,1],"rotation":180,"texture":"#0"},"east":{"uv":[12.982,0.02133,11.782,4.73333],"rotation":270,"texture":"#0"},"south":{"uv":[0.032,0.032,0.968,1],"texture":"#0"},"west":{"uv":[11.782,0.02133,12.982,4.73333],"rotation":90,"texture":"#0"},"up":{"uv":[11.857,4.73333,11.957,0.02133],"texture":"#0"},"down":{"uv":[12.982,4.73333,12.932,0.02133],"rotation":180,"texture":"#0"}}},{"from":[7.62315,-5.59482,11.1176],"to":[8.36435,-4.25362,11.5662],"rotation":{"angle":22.5,"axis":"x","origin":[8.03039,-0.06135,10.54004]},"faces":{"north":{"uv":[1.35467,4.032,2.17482,4.17613],"rotation":90,"texture":"#0"},"east":{"uv":[2.17613,4.032,1.35467,4.33107],"rotation":270,"texture":"#0"},"south":{"uv":[1.35467,4.032,2.17482,4.17613],"rotation":90,"texture":"#0"},"west":{"uv":[1.35467,4.032,2.17613,4.33107],"rotation":90,"texture":"#0"},"up":{"uv":[0.968,5.968,0.032,0.032],"texture":"#0"},"down":{"uv":[2.17613,4.33107,2.032,4.032],"rotation":180,"texture":"#0"}}},{"from":[7.59391,4.99657,6.42665],"to":[8.39359,5.72361,9.84169],"rotation":{"angle":-22.5,"axis":"x","origin":[8.03039,-0.06135,10.54004]},"faces":{"north":{"uv":[3.35467,2.257,3.44203,2.74169],"texture":"#0"},"east":{"uv":[3.44203,2.257,1.032,2.74169],"texture":"#0"},"south":{"uv":[0.968,0.968,0.032,0.032],"rotation":180,"texture":"#0"},"west":{"uv":[1.032,2.257,3.44203,2.74169],"texture":"#0"},"up":{"uv":[3.44169,2.46703,1.032,2.307],"rotation":270,"texture":"#0"},"down":{"uv":[3.44169,2.64533,1.032,2.507],"rotation":90,"texture":"#0"}}},{"from":[7.69391,1.00257,6.37065],"to":[8.31859,6.16761,7.09769],"rotation":{"angle":-22.5,"axis":"x","origin":[8.03039,-0.06135,10.54004]},"faces":{"north":{"uv":[1.032,3.032,3.97867,3.19169],"rotation":270,"texture":"#0"},"east":{"uv":[1.032,3.49169,3.97867,3.032],"rotation":270,"texture":"#0"},"south":{"uv":[1.032,3.35467,3.97867,3.49169],"rotation":270,"texture":"#0"},"west":{"uv":[1.032,3.032,3.97867,3.49169],"rotation":270,"texture":"#0"},"up":{"uv":[3.99169,3.49203,3.782,3.032],"rotation":180,"texture":"#0"},"down":{"uv":[1.24169,3.49203,1.032,3.032],"texture":"#0"}}},{"from":[6.89375,-4.81739,14.00108],"to":[9.09375,-2.61739,15.10108],"rotation":{"angle":22.5,"axis":"x","origin":[8.03039,-0.06135,10.54004]},"faces":{"north":{"uv":[6.532,3.99867,7.99867,2.532],"rotation":180,"texture":"#0"},"east":{"uv":[4.80075,3.49033,6.22992,2.782],"rotation":270,"texture":"#0"},"south":{"uv":[6.532,5.70492,7.95492,4.282],"texture":"#0"},"west":{"uv":[4.80075,3.49033,6.22992,2.782],"rotation":90,"texture":"#0"},"up":{"uv":[6.22992,2.782,4.80075,3.49033],"texture":"#0"},"down":{"uv":[6.22992,2.782,4.80075,3.49033],"rotation":180,"texture":"#0"}}},{"from":[7.62315,-5.59482,12.1176],"to":[8.36435,-4.25362,12.5662],"rotation":{"angle":22.5,"axis":"x","origin":[8.03039,-0.06135,10.54004]},"faces":{"north":{"uv":[1.35467,4.032,2.17482,4.17613],"rotation":90,"texture":"#0"},"east":{"uv":[2.17613,4.032,1.35467,4.33107],"rotation":270,"texture":"#0"},"south":{"uv":[1.35467,4.032,2.17482,4.17613],"rotation":90,"texture":"#0"},"west":{"uv":[1.35467,4.032,2.17613,4.33107],"rotation":90,"texture":"#0"},"up":{"uv":[0.968,5.968,0.032,0.032],"texture":"#0"},"down":{"uv":[2.17613,4.33107,2.032,4.032],"rotation":180,"texture":"#0"}}},{"from":[6.89375,-4.81739,6.45814],"to":[9.09375,-2.61739,7.55814],"rotation":{"angle":22.5,"axis":"x","origin":[8.03039,-0.06135,10.54004]},"faces":{"north":{"uv":[6.532,4.282,7.95492,5.70492],"rotation":180,"texture":"#0"},"east":{"uv":[4.80075,2.782,6.22992,3.49033],"rotation":270,"texture":"#0"},"south":{"uv":[6.532,2.532,7.99867,3.99867],"texture":"#0"},"west":{"uv":[4.80075,2.782,6.22992,3.49033],"rotation":90,"texture":"#0"},"up":{"uv":[6.22992,3.49033,4.80075,2.782],"texture":"#0"},"down":{"uv":[6.22992,3.49033,4.80075,2.782],"rotation":180,"texture":"#0"}}},{"from":[7.49391,-1.27727,9.27881],"to":[8.49359,6.38777,10.00585],"rotation":{"angle":-22.5,"axis":"x","origin":[8.03039,-0.06135,10.54004]},"faces":{"north":{"uv":[4.75,0.02133,11.24336,0.24719],"rotation":270,"texture":"#0"},"east":{"uv":[4.75,0.47219,11.24336,0.02133],"rotation":270,"texture":"#0"},"south":{"uv":[4.75,0.02133,11.24336,0.24719],"rotation":270,"texture":"#0"},"west":{"uv":[4.75,0.02133,11.24336,0.47219],"rotation":270,"texture":"#0"},"up":{"uv":[11.24336,0.47219,11,0.02133],"rotation":270,"texture":"#0"},"down":{"uv":[0.032,0.032,0.968,0.968],"rotation":180,"texture":"#0"}}},{"from":[7.64391,-5.07201,6.65549],"to":[8.36859,-1.73197,7.38253],"rotation":{"angle":22.5,"axis":"x","origin":[8.03039,-0.06135,10.54004]},"faces":{"north":{"uv":[3.97867,3.49169,1.032,3.35467],"rotation":270,"texture":"#0"},"east":{"uv":[3.97867,3.032,1.032,3.49169],"rotation":270,"texture":"#0"},"south":{"uv":[3.97867,3.19169,1.032,3.032],"rotation":270,"texture":"#0"},"west":{"uv":[3.97867,3.49169,1.032,3.032],"rotation":270,"texture":"#0"},"up":{"uv":[1.032,3.032,1.24169,3.49203],"rotation":180,"texture":"#0"},"down":{"uv":[3.782,3.032,3.99169,3.49203],"texture":"#0"}}},{"from":[7.54391,-4.3099,7.48885],"to":[8.54359,-3.58286,15.15389],"rotation":{"angle":-45,"axis":"x","origin":[8.03039,-0.06135,10.54004]},"faces":{"north":{"uv":[0.032,0.032,0.968,0.968],"texture":"#0"},"east":{"uv":[11.24336,0.02133,4.75,0.47219],"texture":"#0"},"south":{"uv":[11.24336,0.47219,11,0.02133],"rotation":270,"texture":"#0"},"west":{"uv":[11.24336,0.47219,4.75,0.02133],"rotation":180,"texture":"#0"},"up":{"uv":[4.75,0.02133,11.24336,0.24719],"rotation":90,"texture":"#0"},"down":{"uv":[4.75,0.02133,11.24336,0.24719],"rotation":270,"texture":"#0"}}},{"from":[7.44847,-0.85821,10.32781],"to":[8.53903,2.09539,11.37293],"rotation":{"angle":22.5,"axis":"x","origin":[8.03039,-0.06135,10.54004]},"faces":{"north":{"uv":[4.782,1.35467,6.75107,1.47875],"rotation":90,"texture":"#0"},"east":{"uv":[4.782,1.47875,6.75107,0.782],"rotation":90,"texture":"#0"},"south":{"uv":[4.782,0.782,6.75107,0.97875],"rotation":90,"texture":"#0"},"west":{"uv":[4.782,0.782,6.75107,1.47875],"rotation":90,"texture":"#0"},"up":{"uv":[4.95107,1.47875,4.782,0.782],"rotation":270,"texture":"#0"},"down":{"uv":[4.95107,1.47875,4.782,0.782],"rotation":270,"texture":"#0"}}},{"from":[7.72315,-5.49482,6.0176],"to":[8.26435,-4.95362,13.0662],"rotation":{"angle":22.5,"axis":"x","origin":[8.03039,-0.06135,10.54004]},"faces":{"north":{"uv":[0.4949,10.85467,0.02133,10.932],"rotation":270,"texture":"#0"},"east":{"uv":[0.49205,10.85467,0.02133,15.93315],"rotation":270,"texture":"#0"},"south":{"uv":[0.02133,10.85467,0.4949,10.932],"rotation":90,"texture":"#0"},"west":{"uv":[0.02133,10.85467,0.49205,15.93315],"rotation":90,"texture":"#0"},"up":{"uv":[0.19205,15.93315,0.02133,10.85467],"texture":"#0"},"down":{"uv":[0.44205,15.93315,0.25,10.85467],"rotation":180,"texture":"#0"}}},{"from":[7.74815,-3.35056,4.28255],"to":[8.23935,3.69804,4.82375],"rotation":{"angle":0,"axis":"y","origin":[8.03039,-0.06135,10.54004]},"faces":{"north":{"uv":[0.19205,15.93315,0.02133,10.85467],"rotation":180,"texture":"#0"},"east":{"uv":[0.02133,15.93315,0.49205,10.85467],"rotation":180,"texture":"#0"},"south":{"uv":[0.44205,15.93315,0.25,10.85467],"rotation":180,"texture":"#0"},"west":{"uv":[0.49205,15.93315,0.02133,10.85467],"rotation":180,"texture":"#0"},"up":{"uv":[0.02133,10.85467,0.4949,10.932],"rotation":90,"texture":"#0"},"down":{"uv":[0.4949,10.85467,0.02133,10.932],"rotation":90,"texture":"#0"}}},{"from":[7.38495,0.87213,3.91515],"to":[8.60255,1.24445,4.28747],"rotation":{"angle":22.5,"axis":"x","origin":[8.03039,-0.06135,10.54004]},"faces":{"north":{"uv":[1.18021,2.032,1.032,2.15521],"rotation":90,"texture":"#0"},"east":{"uv":[1.18021,2.032,1.032,2.15521],"rotation":180,"texture":"#0"},"south":{"uv":[1.18021,2.032,1.032,2.15521],"rotation":270,"texture":"#0"},"west":{"uv":[1.18021,2.032,1.032,2.15521],"texture":"#0"},"up":{"uv":[1.032,2.15521,1.18021,2.032],"rotation":270,"texture":"#0"},"down":{"uv":[1.032,2.15521,1.18021,2.032],"rotation":90,"texture":"#0"}}},{"from":[7.26671,4.27519,5.29951],"to":[8.72079,5.72927,6.75359],"rotation":{"angle":0,"axis":"y","origin":[8,8,8]},"faces":{"north":{"uv":[1.98889,0.02133,1.0445,0.96939],"texture":"#0"},"east":{"uv":[1.98264,0.02133,1.032,0.96939],"texture":"#0"},"south":{"uv":[1.98264,0.02133,1.032,0.96939],"texture":"#0"},"west":{"uv":[1.98264,0.02133,1.032,0.96939],"texture":"#0"},"up":{"uv":[1.05075,0.98814,1.98264,0.03125],"texture":"#0"},"down":{"uv":[0.032,0.968,0.968,0.032],"texture":"#0"}}},{"from":[7.08495,6.10985,3.31897],"to":[8.90255,7.38217,4.59129],"rotation":{"angle":-45,"axis":"x","origin":[8,8,8]},"faces":{"north":{"uv":[0.032,0.968,0.968,0.75],"rotation":270,"texture":"#0"},"east":{"uv":[0.032,0.032,0.968,0.968],"rotation":270,"texture":"#0"},"south":{"uv":[0.032,0.25,0.968,0.032],"rotation":270,"texture":"#0"},"west":{"uv":[0.032,0.968,0.968,0.032],"rotation":270,"texture":"#0"},"up":{"uv":[0.968,0.032,0.032,0.25],"rotation":270,"texture":"#0"},"down":{"uv":[0.968,0.75,0.032,0.968],"rotation":90,"texture":"#0"}}}],"gui_light":"front","display":{"thirdperson_righthand":{"translation":[0,-1.75,2.5]},"thirdperson_lefthand":{"translation":[0,-1.75,2.5]},"firstperson_righthand":{"rotation":[-8,0,0],"translation":[0,5.75,0.5],"scale":[0.65,0.65,0.65]},"firstperson_lefthand":{"rotation":[-8,0,0],"translation":[0,5.75,0.5],"scale":[0.65,0.65,0.65]},"ground":{"rotation":[0,0,42],"translation":[0,5.25,0],"scale":[0.41,0.4,0.4]},"gui":{"rotation":[-82.43,-46.02,-90.6],"translation":[0.5,0.75,0],"scale":[0.6,0.6,0.6]},"fixed":{"rotation":[0,93,0],"translation":[-1.25,0,-3],"scale":[1.49414,1.49414,1.49414]}}}