{"credit":"MadewithBlockbench","texture_size":[24,24],"textures":{"0":"arsenalset:arsenalset/arsenal_shield","particle":"arsenalset:arsenalset/arsenal_shield"},"elements":[{"from":[11.81795,-1.13785,7.26671],"to":[13.27203,0.31623,8.72079],"rotation":{"angle":0,"axis":"y","origin":[8,8,8]},"faces":{"north":{"uv":[1.032,0.02133,1.98264,0.96939],"texture":"#0"},"east":{"uv":[1.032,0.02133,1.98264,0.96939],"texture":"#0"},"south":{"uv":[1.032,0.02133,1.98264,0.96939],"texture":"#0"},"west":{"uv":[1.0445,0.02133,1.98889,0.96939],"texture":"#0"},"up":{"uv":[1.05075,0.03125,1.98264,0.98814],"rotation":90,"texture":"#0"},"down":{"uv":[0.032,0.032,0.968,0.968],"rotation":270,"texture":"#0"}}},{"from":[11.81795,3.76967,7.26671],"to":[13.27203,4.49671,8.72079],"rotation":{"angle":0,"axis":"y","origin":[8,8,8]},"faces":{"north":{"uv":[3.25139,0.02133,2.282,0.48469],"texture":"#0"},"east":{"uv":[3.032,0.02133,3.25139,0.48469],"texture":"#0"},"south":{"uv":[2.282,0.02133,3.25139,0.48469],"texture":"#0"},"west":{"uv":[2.282,0.02133,2.50139,0.48469],"texture":"#0"},"up":{"uv":[2.282,0.02133,3.24794,0.21939],"texture":"#0"},"down":{"uv":[2.282,0.25,3.24794,0.46939],"texture":"#0"}}},{"from":[11.81795,2.82829,7.26671],"to":[13.27203,3.55533,8.72079],"rotation":{"angle":0,"axis":"y","origin":[8,8,8]},"faces":{"north":{"uv":[3.25139,0.48469,2.282,0.02133],"texture":"#0"},"east":{"uv":[3.032,0.48469,3.25139,0.02133],"texture":"#0"},"south":{"uv":[2.282,0.48469,3.25139,0.02133],"texture":"#0"},"west":{"uv":[2.282,0.48469,2.50139,0.02133],"texture":"#0"},"up":{"uv":[3.24794,0.25,2.282,0.46939],"rotation":180,"texture":"#0"},"down":{"uv":[3.24794,0.02133,2.282,0.21939],"rotation":180,"texture":"#0"}}},{"from":[4.1006,-2.32698,7.08495],"to":[5.37292,-1.05466,8.90255],"rotation":{"angle":45,"axis":"z","origin":[8,8,8]},"faces":{"north":{"uv":[0.032,0.032,0.968,0.968],"rotation":270,"texture":"#0"},"east":{"uv":[0.032,0.032,0.968,0.25],"rotation":270,"texture":"#0"},"south":{"uv":[0.032,0.968,0.968,0.032],"rotation":270,"texture":"#0"},"west":{"uv":[0.032,0.75,0.968,0.968],"rotation":270,"texture":"#0"},"up":{"uv":[0.032,0.032,0.968,0.25],"texture":"#0"},"down":{"uv":[0.032,0.75,0.968,0.968],"texture":"#0"}}},{"from":[11.26006,9.89521,7.08495],"to":[12.53238,11.16753,8.90255],"rotation":{"angle":-45,"axis":"z","origin":[8,8,8]},"faces":{"north":{"uv":[0.968,0.032,0.032,0.968],"rotation":270,"texture":"#0"},"east":{"uv":[0.968,0.032,0.032,0.25],"rotation":270,"texture":"#0"},"south":{"uv":[0.968,0.968,0.032,0.032],"rotation":270,"texture":"#0"},"west":{"uv":[0.968,0.75,0.032,0.968],"rotation":270,"texture":"#0"},"up":{"uv":[0.968,0.75,0.032,0.968],"rotation":180,"texture":"#0"},"down":{"uv":[0.968,0.032,0.032,0.25],"rotation":180,"texture":"#0"}}},{"from":[11.81795,5.55877,7.26671],"to":[13.27203,7.01285,8.72079],"rotation":{"angle":0,"axis":"y","origin":[8,8,8]},"faces":{"north":{"uv":[1.032,0.96939,1.98264,0.02133],"texture":"#0"},"east":{"uv":[1.032,0.96939,1.98264,0.02133],"texture":"#0"},"south":{"uv":[1.032,0.96939,1.98264,0.02133],"texture":"#0"},"west":{"uv":[1.0445,0.96939,1.98889,0.02133],"texture":"#0"},"up":{"uv":[0.032,0.968,0.968,0.032],"rotation":90,"texture":"#0"},"down":{"uv":[1.05075,0.98814,1.98264,0.03125],"rotation":270,"texture":"#0"}}},{"from":[11.99971,0.00271,7.44847],"to":[13.09027,5.63727,8.53903],"rotation":{"angle":0,"axis":"y","origin":[8,8,8]},"faces":{"north":{"uv":[0.64533,5.03837,0.02133,1.35467],"texture":"#0"},"east":{"uv":[0.5,5.03837,0.64533,1.35467],"texture":"#0"},"south":{"uv":[0.02133,5.03837,0.64533,1.35467],"texture":"#0"},"west":{"uv":[0.02133,5.03837,0.17704,1.35467],"texture":"#0"},"up":{"uv":[0.032,0.968,0.968,0.032],"rotation":90,"texture":"#0"},"down":{"uv":[0.032,0.968,0.968,0.032],"rotation":270,"texture":"#0"}}},{"from":[8.93991,7.81536,7.38495],"to":[9.31223,8.18768,8.12755],"rotation":{"angle":-45,"axis":"z","origin":[8,8,8]},"faces":{"north":{"uv":[1.18021,2.032,1.032,2.15521],"rotation":270,"texture":"#0"},"east":{"uv":[1.18021,2.032,1.032,2.15521],"rotation":270,"texture":"#0"},"south":{"uv":[1.18021,2.032,1.032,2.15521],"rotation":270,"texture":"#0"},"west":{"uv":[1.18021,2.032,1.032,2.15521],"rotation":270,"texture":"#0"},"up":{"uv":[1.18021,2.032,1.032,2.15521],"texture":"#0"},"down":{"uv":[1.18021,2.032,1.032,2.15521],"rotation":180,"texture":"#0"}}},{"from":[11.89725,7.25028,7.49391],"to":[12.62429,17.06532,8.49359],"rotation":{"angle":0,"axis":"y","origin":[8,8,8]},"faces":{"north":{"uv":[11.29336,0.47219,4.75,0.02133],"rotation":270,"texture":"#0"},"east":{"uv":[11.29336,0.24719,4.75,0.02133],"rotation":270,"texture":"#0"},"south":{"uv":[11.29336,0.02133,4.75,0.47219],"rotation":270,"texture":"#0"},"west":{"uv":[11.29336,0.24719,4.75,0.02133],"rotation":270,"texture":"#0"},"up":{"uv":[0.032,0.032,0.968,0.968],"rotation":270,"texture":"#0"},"down":{"uv":[0.032,0.032,0.968,0.968],"rotation":270,"texture":"#0"}}},{"from":[8.44509,6.76444,7.59391],"to":[12.06013,7.49148,8.39359],"rotation":{"angle":0,"axis":"y","origin":[8,8,8]},"faces":{"north":{"uv":[3.44203,2.74169,1.032,2.257],"texture":"#0"},"east":{"uv":[0.032,0.032,0.968,0.968],"rotation":180,"texture":"#0"},"south":{"uv":[1.032,2.74169,3.44203,2.257],"texture":"#0"},"west":{"uv":[3.44203,2.74169,3.35467,2.257],"texture":"#0"},"up":{"uv":[3.44169,2.64533,1.032,2.507],"rotation":180,"texture":"#0"},"down":{"uv":[3.44169,2.46703,1.032,2.307],"rotation":180,"texture":"#0"}}},{"from":[9.90641,6.76444,8.34509],"to":[10.70609,7.49148,13.76013],"rotation":{"angle":0,"axis":"y","origin":[8,8,8]},"faces":{"north":{"uv":[3.44203,2.74169,3.35467,2.257],"texture":"#0"},"east":{"uv":[3.44203,2.74169,1.032,2.257],"texture":"#0"},"south":{"uv":[3.44203,2.74169,3.35467,2.257],"texture":"#0"},"west":{"uv":[1.032,2.74169,3.44203,2.257],"texture":"#0"},"up":{"uv":[3.44169,2.64533,1.032,2.507],"rotation":270,"texture":"#0"},"down":{"uv":[3.44169,2.46703,1.032,2.307],"rotation":90,"texture":"#0"}}},{"from":[6.09137,6.76444,12.96045],"to":[9.90641,7.49148,13.76013],"rotation":{"angle":0,"axis":"y","origin":[4.14628,8,8.26654]},"faces":{"north":{"uv":[3.44203,2.74169,1.032,2.257],"texture":"#0"},"east":{"uv":[3.44203,2.74169,3.35467,2.257],"texture":"#0"},"south":{"uv":[1.032,2.74169,3.44203,2.257],"texture":"#0"},"west":{"uv":[3.44203,2.74169,3.35467,2.257],"texture":"#0"},"up":{"uv":[3.44169,2.64533,1.032,2.507],"rotation":180,"texture":"#0"},"down":{"uv":[3.44169,2.46703,1.032,2.307],"rotation":180,"texture":"#0"}}},{"from":[5.29391,6.76444,8.34509],"to":[6.09359,7.49148,13.76013],"rotation":{"angle":0,"axis":"y","origin":[8,8,8]},"faces":{"north":{"uv":[3.35467,2.74169,3.44203,2.257],"texture":"#0"},"east":{"uv":[3.44203,2.74169,1.032,2.257],"texture":"#0"},"south":{"uv":[3.35467,2.74169,3.44203,2.257],"texture":"#0"},"west":{"uv":[1.032,2.74169,3.44203,2.257],"texture":"#0"},"up":{"uv":[3.44169,2.507,1.032,2.64533],"rotation":270,"texture":"#0"},"down":{"uv":[3.44169,2.307,1.032,2.46703],"rotation":90,"texture":"#0"}}},{"from":[8.48909,6.42044,7.64391],"to":[9.21613,10.83548,8.36859],"rotation":{"angle":0,"axis":"y","origin":[8,8,8]},"faces":{"north":{"uv":[3.97867,3.49169,1.032,3.032],"rotation":270,"texture":"#0"},"east":{"uv":[3.97867,3.49169,1.032,3.35467],"rotation":270,"texture":"#0"},"south":{"uv":[3.97867,3.032,1.032,3.49169],"rotation":270,"texture":"#0"},"west":{"uv":[3.97867,3.19169,1.032,3.032],"rotation":270,"texture":"#0"},"up":{"uv":[1.24169,3.49203,1.032,3.032],"rotation":90,"texture":"#0"},"down":{"uv":[3.99169,3.49203,3.782,3.032],"rotation":90,"texture":"#0"}}},{"from":[3.87079,16.82485,7.08495],"to":[5.14311,18.09717,8.90255],"rotation":{"angle":-45,"axis":"z","origin":[8,8,8]},"faces":{"north":{"uv":[0.968,0.032,0.032,0.968],"rotation":270,"texture":"#0"},"east":{"uv":[0.968,0.032,0.032,0.25],"rotation":270,"texture":"#0"},"south":{"uv":[0.968,0.968,0.032,0.032],"rotation":270,"texture":"#0"},"west":{"uv":[0.968,0.75,0.032,0.968],"rotation":270,"texture":"#0"},"up":{"uv":[0.968,0.75,0.032,0.968],"rotation":180,"texture":"#0"},"down":{"uv":[0.968,0.032,0.032,0.25],"rotation":180,"texture":"#0"}}},{"from":[9.248,14.83044,6.89375],"to":[11.448,15.93044,9.09375],"rotation":{"angle":0,"axis":"y","origin":[8,8,8]},"faces":{"north":{"uv":[4.80075,3.49033,6.22992,2.782],"texture":"#0"},"east":{"uv":[4.80075,3.49033,6.22992,2.782],"texture":"#0"},"south":{"uv":[4.80075,3.49033,6.22992,2.782],"texture":"#0"},"west":{"uv":[4.80075,3.49033,6.22992,2.782],"texture":"#0"},"up":{"uv":[6.532,5.70492,7.95492,4.282],"rotation":90,"texture":"#0"},"down":{"uv":[6.532,3.99867,7.99867,2.532],"rotation":270,"texture":"#0"}}},{"from":[9.248,7.2875,6.89375],"to":[11.448,8.3875,9.09375],"rotation":{"angle":0,"axis":"y","origin":[8,8,8]},"faces":{"north":{"uv":[4.80075,2.782,6.22992,3.49033],"texture":"#0"},"east":{"uv":[4.80075,2.782,6.22992,3.49033],"texture":"#0"},"south":{"uv":[4.80075,2.782,6.22992,3.49033],"texture":"#0"},"west":{"uv":[4.80075,2.782,6.22992,3.49033],"texture":"#0"},"up":{"uv":[6.532,2.532,7.99867,3.99867],"rotation":90,"texture":"#0"},"down":{"uv":[6.532,4.282,7.95492,5.70492],"rotation":270,"texture":"#0"}}},{"from":[9.448,8.1125,7.09375],"to":[11.248,15.2125,8.89375],"rotation":{"angle":0,"axis":"y","origin":[8,8,8]},"faces":{"north":{"uv":[11.782,0.02133,12.982,4.73333],"texture":"#0"},"east":{"uv":[11.957,0.02133,11.857,4.73333],"texture":"#0"},"south":{"uv":[12.982,0.02133,11.782,4.73333],"texture":"#0"},"west":{"uv":[12.932,0.02133,12.982,4.73333],"texture":"#0"},"up":{"uv":[0.032,0.032,0.968,1],"rotation":90,"texture":"#0"},"down":{"uv":[0.032,0.032,0.968,1],"rotation":270,"texture":"#0"}}},{"from":[2.72797,-1.13785,7.26671],"to":[4.18205,0.31623,8.72079],"rotation":{"angle":0,"axis":"y","origin":[8,8,8]},"faces":{"north":{"uv":[1.98264,0.02133,1.032,0.96939],"texture":"#0"},"east":{"uv":[1.98889,0.02133,1.0445,0.96939],"texture":"#0"},"south":{"uv":[1.98264,0.02133,1.032,0.96939],"texture":"#0"},"west":{"uv":[1.98264,0.02133,1.032,0.96939],"texture":"#0"},"up":{"uv":[1.05075,0.98814,1.98264,0.03125],"rotation":90,"texture":"#0"},"down":{"uv":[0.032,0.968,0.968,0.032],"rotation":270,"texture":"#0"}}},{"from":[10.62708,-2.32698,7.08495],"to":[11.8994,-1.05466,8.90255],"rotation":{"angle":-45,"axis":"z","origin":[8,8,8]},"faces":{"north":{"uv":[0.032,0.968,0.968,0.032],"rotation":270,"texture":"#0"},"east":{"uv":[0.032,0.968,0.968,0.75],"rotation":270,"texture":"#0"},"south":{"uv":[0.032,0.032,0.968,0.968],"rotation":270,"texture":"#0"},"west":{"uv":[0.032,0.25,0.968,0.032],"rotation":270,"texture":"#0"},"up":{"uv":[0.968,0.032,0.032,0.25],"texture":"#0"},"down":{"uv":[0.968,0.75,0.032,0.968],"texture":"#0"}}},{"from":[2.90973,0.00271,7.44847],"to":[4.00029,5.63727,8.53903],"rotation":{"angle":0,"axis":"y","origin":[8,8,8]},"faces":{"north":{"uv":[0.02133,5.03837,0.64533,1.35467],"texture":"#0"},"east":{"uv":[0.17704,5.03837,0.02133,1.35467],"texture":"#0"},"south":{"uv":[0.64533,5.03837,0.02133,1.35467],"texture":"#0"},"west":{"uv":[0.64533,5.03837,0.5,1.35467],"texture":"#0"},"up":{"uv":[0.032,0.032,0.968,0.968],"rotation":90,"texture":"#0"},"down":{"uv":[0.032,0.032,0.968,0.968],"rotation":270,"texture":"#0"}}},{"from":[2.72797,3.76967,7.26671],"to":[4.18205,4.49671,8.72079],"rotation":{"angle":0,"axis":"y","origin":[8,8,8]},"faces":{"north":{"uv":[2.282,0.02133,3.25139,0.48469],"texture":"#0"},"east":{"uv":[2.50139,0.02133,2.282,0.48469],"texture":"#0"},"south":{"uv":[3.25139,0.02133,2.282,0.48469],"texture":"#0"},"west":{"uv":[3.25139,0.02133,3.032,0.48469],"texture":"#0"},"up":{"uv":[3.24794,0.02133,2.282,0.21939],"texture":"#0"},"down":{"uv":[3.24794,0.25,2.282,0.46939],"texture":"#0"}}},{"from":[0.93987,6.76444,8.09391],"to":[3.55491,7.49148,8.89359],"rotation":{"angle":22.5,"axis":"y","origin":[2.29739,7.12796,7.99375]},"faces":{"north":{"uv":[2.332,0.99169,3.74203,0.532],"texture":"#0"},"east":{"uv":[0.968,0.032,0.032,0.968],"rotation":180,"texture":"#0"},"south":{"uv":[3.74203,0.99169,2.332,0.532],"texture":"#0"},"west":{"uv":[3.73544,0.782,3.582,0.94203],"rotation":90,"texture":"#0"},"up":{"uv":[2.332,0.94203,3.73544,0.782],"rotation":180,"texture":"#0"},"down":{"uv":[2.332,0.64533,3.73544,0.557],"rotation":180,"texture":"#0"}}},{"from":[12.44509,6.76444,8.09391],"to":[15.06013,7.49148,8.89359],"rotation":{"angle":-22.5,"axis":"y","origin":[13.70261,7.12796,7.99375]},"faces":{"north":{"uv":[3.74203,0.99169,2.332,0.532],"texture":"#0"},"east":{"uv":[3.73544,0.94203,3.582,0.782],"rotation":90,"texture":"#0"},"south":{"uv":[2.332,0.99169,3.74203,0.532],"texture":"#0"},"west":{"uv":[0.032,0.032,0.968,0.968],"rotation":180,"texture":"#0"},"up":{"uv":[3.73544,0.94203,2.332,0.782],"rotation":180,"texture":"#0"},"down":{"uv":[3.73544,0.64533,2.332,0.557],"rotation":180,"texture":"#0"}}},{"from":[3.37571,7.25028,7.49391],"to":[4.10275,17.06532,8.49359],"rotation":{"angle":0,"axis":"y","origin":[8,8,8]},"faces":{"north":{"uv":[11.29336,0.02133,4.75,0.47219],"rotation":270,"texture":"#0"},"east":{"uv":[11.29336,0.02133,4.75,0.24719],"rotation":270,"texture":"#0"},"south":{"uv":[11.29336,0.47219,4.75,0.02133],"rotation":270,"texture":"#0"},"west":{"uv":[11.29336,0.02133,4.75,0.24719],"rotation":270,"texture":"#0"},"up":{"uv":[0.032,0.968,0.968,0.032],"rotation":270,"texture":"#0"},"down":{"uv":[0.032,0.968,0.968,0.032],"rotation":270,"texture":"#0"}}},{"from":[-0.12429,-1.24972,6.19391],"to":[4.10275,17.06532,6.19391],"rotation":{"angle":22.5,"axis":"y","origin":[8,8,8]},"faces":{"north":{"uv":[12.96003,13.02133,0.75,15.83936],"rotation":270,"texture":"#0"},"east":{"uv":[11.29336,0.02133,4.75,0.24719],"rotation":270,"texture":"#0"},"south":{"uv":[12.96003,15.83936,0.75,13.02133],"rotation":270,"texture":"#0"},"west":{"uv":[11.29336,0.02133,4.75,0.24719],"rotation":270,"texture":"#0"},"up":{"uv":[0.032,0.968,0.968,0.032],"rotation":270,"texture":"#0"},"down":{"uv":[0.032,0.968,0.968,0.032],"rotation":270,"texture":"#0"}}},{"from":[2.97571,-1.24972,7.91891],"to":[7.20275,17.06532,7.91891],"rotation":{"angle":0,"axis":"y","origin":[8,8,8]},"faces":{"north":{"uv":[12.96003,10.02133,0.75,12.83936],"rotation":270,"texture":"#0"},"east":{"uv":[11.29336,0.02133,4.75,0.24719],"rotation":270,"texture":"#0"},"south":{"uv":[12.96003,12.83936,0.75,10.02133],"rotation":270,"texture":"#0"},"west":{"uv":[11.29336,0.02133,4.75,0.24719],"rotation":270,"texture":"#0"},"up":{"uv":[0.032,0.968,0.968,0.032],"rotation":270,"texture":"#0"},"down":{"uv":[0.032,0.968,0.968,0.032],"rotation":270,"texture":"#0"}}},{"from":[8.79725,-1.24972,7.91891],"to":[13.02429,17.06532,7.91891],"rotation":{"angle":0,"axis":"y","origin":[8,8,8]},"faces":{"north":{"uv":[12.96003,12.83936,0.75,10.02133],"rotation":270,"texture":"#0"},"east":{"uv":[11.29336,0.24719,4.75,0.02133],"rotation":270,"texture":"#0"},"south":{"uv":[12.96003,10.02133,0.75,12.83936],"rotation":270,"texture":"#0"},"west":{"uv":[11.29336,0.24719,4.75,0.02133],"rotation":270,"texture":"#0"},"up":{"uv":[0.032,0.032,0.968,0.968],"rotation":270,"texture":"#0"},"down":{"uv":[0.032,0.032,0.968,0.968],"rotation":270,"texture":"#0"}}},{"from":[11.89725,-1.24972,6.19391],"to":[16.12429,17.06532,6.19391],"rotation":{"angle":-22.5,"axis":"y","origin":[8,8,8]},"faces":{"north":{"uv":[12.96003,15.83936,0.75,13.02133],"rotation":270,"texture":"#0"},"east":{"uv":[11.29336,0.24719,4.75,0.02133],"rotation":270,"texture":"#0"},"south":{"uv":[12.96003,13.02133,0.75,15.83936],"rotation":270,"texture":"#0"},"west":{"uv":[11.29336,0.24719,4.75,0.02133],"rotation":270,"texture":"#0"},"up":{"uv":[0.032,0.032,0.968,0.968],"rotation":270,"texture":"#0"},"down":{"uv":[0.032,0.032,0.968,0.968],"rotation":270,"texture":"#0"}}},{"from":[3.93987,6.76444,7.59391],"to":[7.55491,7.49148,8.39359],"rotation":{"angle":0,"axis":"y","origin":[8,8,8]},"faces":{"north":{"uv":[1.032,2.74169,3.44203,2.257],"texture":"#0"},"east":{"uv":[3.35467,2.74169,3.44203,2.257],"texture":"#0"},"south":{"uv":[3.44203,2.74169,1.032,2.257],"texture":"#0"},"west":{"uv":[0.968,0.032,0.032,0.968],"rotation":180,"texture":"#0"},"up":{"uv":[1.032,2.64533,3.44169,2.507],"rotation":180,"texture":"#0"},"down":{"uv":[1.032,2.46703,3.44169,2.307],"rotation":180,"texture":"#0"}}},{"from":[6.78387,3.1054,7.64391],"to":[7.51091,6.42044,8.44359],"rotation":{"angle":0,"axis":"y","origin":[9.21943,7.46031,8.05]},"faces":{"north":{"uv":[1.032,2.74169,3.44203,2.257],"rotation":270,"texture":"#0"},"east":{"uv":[1.032,2.64533,3.44169,2.507],"rotation":270,"texture":"#0"},"south":{"uv":[3.44203,2.74169,1.032,2.257],"rotation":90,"texture":"#0"},"west":{"uv":[1.032,2.46703,3.44169,2.307],"rotation":270,"texture":"#0"},"up":{"uv":[3.99169,3.032,3.782,3.49203],"rotation":90,"texture":"#0"},"down":{"uv":[3.35467,2.74169,3.44203,2.257],"rotation":90,"texture":"#0"}}},{"from":[5.75365,0.61824,7.66891],"to":[6.48069,3.83328,8.41859],"rotation":{"angle":-45,"axis":"z","origin":[6.11717,2.22576,8.04375]},"faces":{"north":{"uv":[1.032,2.74169,3.44203,2.257],"rotation":270,"texture":"#0"},"east":{"uv":[1.032,2.64533,3.44169,2.507],"rotation":270,"texture":"#0"},"south":{"uv":[3.44203,2.74169,1.032,2.257],"rotation":90,"texture":"#0"},"west":{"uv":[1.032,2.46703,3.44169,2.307],"rotation":270,"texture":"#0"},"up":{"uv":[3.99169,3.032,3.782,3.49203],"rotation":90,"texture":"#0"},"down":{"uv":[3.35467,2.74169,3.44203,2.257],"rotation":90,"texture":"#0"}}},{"from":[5.81373,-2.12169,7.66891],"to":[6.54077,0.59335,8.41859],"rotation":{"angle":-45,"axis":"z","origin":[6.17725,2.28583,8.04375]},"faces":{"north":{"uv":[1.032,2.74169,3.44203,2.257],"rotation":270,"texture":"#0"},"east":{"uv":[1.032,2.64533,3.44169,2.507],"rotation":270,"texture":"#0"},"south":{"uv":[3.44203,2.74169,1.032,2.257],"rotation":90,"texture":"#0"},"west":{"uv":[1.032,2.46703,3.44169,2.307],"rotation":270,"texture":"#0"},"up":{"uv":[3.99169,3.032,3.782,3.49203],"rotation":90,"texture":"#0"},"down":{"uv":[3.35467,2.74169,3.44203,2.257],"rotation":90,"texture":"#0"}}},{"from":[9.51931,0.61824,7.66891],"to":[10.24635,3.83328,8.41859],"rotation":{"angle":45,"axis":"z","origin":[9.88283,2.22576,8.04375]},"faces":{"north":{"uv":[1.032,2.257,3.44203,2.74169],"rotation":270,"texture":"#0"},"east":{"uv":[1.032,2.307,3.44169,2.46703],"rotation":270,"texture":"#0"},"south":{"uv":[3.44203,2.257,1.032,2.74169],"rotation":90,"texture":"#0"},"west":{"uv":[1.032,2.507,3.44169,2.64533],"rotation":270,"texture":"#0"},"up":{"uv":[3.99169,3.49203,3.782,3.032],"rotation":90,"texture":"#0"},"down":{"uv":[3.35467,2.257,3.44203,2.74169],"rotation":90,"texture":"#0"}}},{"from":[9.45923,-2.12169,7.66891],"to":[10.18627,0.59335,8.41859],"rotation":{"angle":45,"axis":"z","origin":[9.82275,2.28583,8.04375]},"faces":{"north":{"uv":[1.032,2.257,3.44203,2.74169],"rotation":270,"texture":"#0"},"east":{"uv":[1.032,2.307,3.44169,2.46703],"rotation":270,"texture":"#0"},"south":{"uv":[3.44203,2.257,1.032,2.74169],"rotation":90,"texture":"#0"},"west":{"uv":[1.032,2.507,3.44169,2.64533],"rotation":270,"texture":"#0"},"up":{"uv":[3.99169,3.49203,3.782,3.032],"rotation":90,"texture":"#0"},"down":{"uv":[3.35467,2.257,3.44203,2.74169],"rotation":90,"texture":"#0"}}},{"from":[8.48909,3.1054,7.64391],"to":[9.21613,6.42044,8.44359],"rotation":{"angle":0,"axis":"y","origin":[6.78057,7.46031,8.05]},"faces":{"north":{"uv":[1.032,2.257,3.44203,2.74169],"rotation":270,"texture":"#0"},"east":{"uv":[1.032,2.307,3.44169,2.46703],"rotation":270,"texture":"#0"},"south":{"uv":[3.44203,2.257,1.032,2.74169],"rotation":90,"texture":"#0"},"west":{"uv":[1.032,2.507,3.44169,2.64533],"rotation":270,"texture":"#0"},"up":{"uv":[3.99169,3.49203,3.782,3.032],"rotation":90,"texture":"#0"},"down":{"uv":[3.35467,2.257,3.44203,2.74169],"rotation":90,"texture":"#0"}}},{"from":[6.78387,6.42044,7.64391],"to":[7.51091,10.83548,8.36859],"rotation":{"angle":0,"axis":"y","origin":[8,8,8]},"faces":{"north":{"uv":[3.97867,3.032,1.032,3.49169],"rotation":270,"texture":"#0"},"east":{"uv":[3.97867,3.032,1.032,3.19169],"rotation":270,"texture":"#0"},"south":{"uv":[3.97867,3.49169,1.032,3.032],"rotation":270,"texture":"#0"},"west":{"uv":[3.97867,3.35467,1.032,3.49169],"rotation":270,"texture":"#0"},"up":{"uv":[1.24169,3.032,1.032,3.49203],"rotation":90,"texture":"#0"},"down":{"uv":[3.99169,3.032,3.782,3.49203],"rotation":90,"texture":"#0"}}},{"from":[2.72797,5.55877,7.26671],"to":[4.18205,7.01285,8.72079],"rotation":{"angle":0,"axis":"y","origin":[8,8,8]},"faces":{"north":{"uv":[1.98264,0.96939,1.032,0.02133],"texture":"#0"},"east":{"uv":[1.98889,0.96939,1.0445,0.02133],"texture":"#0"},"south":{"uv":[1.98264,0.96939,1.032,0.02133],"texture":"#0"},"west":{"uv":[1.98264,0.96939,1.032,0.02133],"texture":"#0"},"up":{"uv":[0.032,0.032,0.968,0.968],"rotation":90,"texture":"#0"},"down":{"uv":[1.05075,0.03125,1.98264,0.98814],"rotation":270,"texture":"#0"}}},{"from":[3.46762,9.89521,7.08495],"to":[4.73994,11.16753,8.90255],"rotation":{"angle":45,"axis":"z","origin":[8,8,8]},"faces":{"north":{"uv":[0.968,0.968,0.032,0.032],"rotation":270,"texture":"#0"},"east":{"uv":[0.968,0.968,0.032,0.75],"rotation":270,"texture":"#0"},"south":{"uv":[0.968,0.032,0.032,0.968],"rotation":270,"texture":"#0"},"west":{"uv":[0.968,0.25,0.032,0.032],"rotation":270,"texture":"#0"},"up":{"uv":[0.032,0.75,0.968,0.968],"rotation":180,"texture":"#0"},"down":{"uv":[0.032,0.032,0.968,0.25],"rotation":180,"texture":"#0"}}},{"from":[2.72797,2.82829,7.26671],"to":[4.18205,3.55533,8.72079],"rotation":{"angle":0,"axis":"y","origin":[8,8,8]},"faces":{"north":{"uv":[2.282,0.48469,3.25139,0.02133],"texture":"#0"},"east":{"uv":[2.50139,0.48469,2.282,0.02133],"texture":"#0"},"south":{"uv":[3.25139,0.48469,2.282,0.02133],"texture":"#0"},"west":{"uv":[3.25139,0.48469,3.032,0.02133],"texture":"#0"},"up":{"uv":[2.282,0.25,3.24794,0.46939],"rotation":180,"texture":"#0"},"down":{"uv":[2.282,0.02133,3.24794,0.21939],"rotation":180,"texture":"#0"}}},{"from":[4.552,7.2875,6.89375],"to":[6.752,8.3875,9.09375],"rotation":{"angle":0,"axis":"y","origin":[8,8,8]},"faces":{"north":{"uv":[6.22992,2.782,4.80075,3.49033],"texture":"#0"},"east":{"uv":[6.22992,2.782,4.80075,3.49033],"texture":"#0"},"south":{"uv":[6.22992,2.782,4.80075,3.49033],"texture":"#0"},"west":{"uv":[6.22992,2.782,4.80075,3.49033],"texture":"#0"},"up":{"uv":[6.532,3.99867,7.99867,2.532],"rotation":90,"texture":"#0"},"down":{"uv":[6.532,5.70492,7.95492,4.282],"rotation":270,"texture":"#0"}}},{"from":[6.68777,7.81536,7.38495],"to":[7.06009,8.18768,8.12755],"rotation":{"angle":45,"axis":"z","origin":[8,8,8]},"faces":{"north":{"uv":[1.18021,2.15521,1.032,2.032],"rotation":270,"texture":"#0"},"east":{"uv":[1.18021,2.15521,1.032,2.032],"rotation":270,"texture":"#0"},"south":{"uv":[1.18021,2.15521,1.032,2.032],"rotation":270,"texture":"#0"},"west":{"uv":[1.18021,2.15521,1.032,2.032],"rotation":270,"texture":"#0"},"up":{"uv":[1.032,2.032,1.18021,2.15521],"texture":"#0"},"down":{"uv":[1.032,2.032,1.18021,2.15521],"rotation":180,"texture":"#0"}}},{"from":[10.85689,16.82485,7.08495],"to":[12.12921,18.09717,8.90255],"rotation":{"angle":45,"axis":"z","origin":[8,8,8]},"faces":{"north":{"uv":[0.968,0.968,0.032,0.032],"rotation":270,"texture":"#0"},"east":{"uv":[0.968,0.968,0.032,0.75],"rotation":270,"texture":"#0"},"south":{"uv":[0.968,0.032,0.032,0.968],"rotation":270,"texture":"#0"},"west":{"uv":[0.968,0.25,0.032,0.032],"rotation":270,"texture":"#0"},"up":{"uv":[0.032,0.75,0.968,0.968],"rotation":180,"texture":"#0"},"down":{"uv":[0.032,0.032,0.968,0.25],"rotation":180,"texture":"#0"}}},{"from":[4.552,14.83044,6.89375],"to":[6.752,15.93044,9.09375],"rotation":{"angle":0,"axis":"y","origin":[8,8,8]},"faces":{"north":{"uv":[6.22992,3.49033,4.80075,2.782],"texture":"#0"},"east":{"uv":[6.22992,3.49033,4.80075,2.782],"texture":"#0"},"south":{"uv":[6.22992,3.49033,4.80075,2.782],"texture":"#0"},"west":{"uv":[6.22992,3.49033,4.80075,2.782],"texture":"#0"},"up":{"uv":[6.532,4.282,7.95492,5.70492],"rotation":90,"texture":"#0"},"down":{"uv":[6.532,2.532,7.99867,3.99867],"rotation":270,"texture":"#0"}}},{"from":[4.752,8.1125,7.09375],"to":[6.552,15.2125,8.89375],"rotation":{"angle":0,"axis":"y","origin":[8,8,8]},"faces":{"north":{"uv":[12.982,0.02133,11.782,4.73333],"texture":"#0"},"east":{"uv":[12.982,0.02133,12.932,4.73333],"texture":"#0"},"south":{"uv":[11.782,0.02133,12.982,4.73333],"texture":"#0"},"west":{"uv":[11.857,0.02133,11.957,4.73333],"texture":"#0"},"up":{"uv":[0.032,1,0.968,0.032],"rotation":90,"texture":"#0"},"down":{"uv":[0.032,1,0.968,0.032],"rotation":270,"texture":"#0"}}},{"from":[7.5,-0.5,6.6],"to":[10.5,2.5,8.1],"rotation":{"angle":45,"axis":"z","origin":[8,0,8]},"faces":{"north":{"uv":[0.78125,5.78125,2.7,7.7],"texture":"#0"},"east":{"uv":[0.75,5.75,0.925,7.75],"texture":"#0"},"south":{"uv":[0.75,5.75,2.75,7.75],"rotation":90,"texture":"#0"},"west":{"uv":[0.75,5.75,0.925,7.75],"texture":"#0"},"up":{"uv":[0.75,5.75,0.925,7.75],"texture":"#0"},"down":{"uv":[0.75,5.75,0.925,7.75],"texture":"#0"}}}],"gui_light":"front","display":{"thirdperson_righthand":{"rotation":[-42,-88.89,44.08],"translation":[4.5,-2,1.5],"scale":[0.83008,0.83008,0.83008]},"thirdperson_lefthand":{"rotation":[-42,-88.89,44.08],"translation":[4.5,-2,1.5],"scale":[0.83008,0.83008,0.83008]},"firstperson_righthand":{"rotation":[6.25,0,0],"translation":[-3.5,2,3.75],"scale":[0.5,0.5,0.5]},"firstperson_lefthand":{"rotation":[6.25,0,0],"translation":[-3.5,2,3.75],"scale":[0.5,0.5,0.5]},"ground":{"rotation":[61,0,42],"translation":[0,5.25,0],"scale":[0.41,0.4,0.4]},"gui":{"scale":[0.84,0.83,0.82]},"fixed":{"translation":[0.5,1,-4.5],"scale":[2.05859,2.05859,2.05859]}}}