{"credit":"MadewithBlockbench","texture_size":[24,24],"textures":{"0":"arsenalset:arsenalset/arsenal_claymore","particle":"arsenalset:arsenalset/arsenal_claymore"},"elements":[{"from":[7.22296,-6.36747,7.27797],"to":[8.67704,-4.91339,8.73205],"rotation":{"angle":0,"axis":"y","origin":[7.95625,8.89185,8.65]},"faces":{"north":{"uv":[1.032,0.02133,1.98264,0.96939],"texture":"#0"},"east":{"uv":[1.032,0.02133,1.98264,0.96939],"texture":"#0"},"south":{"uv":[1.0445,0.02133,1.98889,0.96939],"texture":"#0"},"west":{"uv":[1.032,0.02133,1.98264,0.96939],"texture":"#0"},"up":{"uv":[1.05075,0.03125,1.98264,0.98814],"texture":"#0"},"down":{"uv":[0.032,0.032,0.968,0.968],"texture":"#0"}}},{"from":[7.22296,-1.45995,7.27797],"to":[8.67704,-0.73291,8.73205],"rotation":{"angle":0,"axis":"y","origin":[7.95625,8.89185,8.65]},"faces":{"north":{"uv":[3.032,0.02133,3.25139,0.48469],"texture":"#0"},"east":{"uv":[2.282,0.02133,3.25139,0.48469],"texture":"#0"},"south":{"uv":[2.282,0.02133,2.50139,0.48469],"texture":"#0"},"west":{"uv":[3.25139,0.02133,2.282,0.48469],"texture":"#0"},"up":{"uv":[2.282,0.02133,3.24794,0.21939],"rotation":270,"texture":"#0"},"down":{"uv":[2.282,0.25,3.24794,0.46939],"rotation":90,"texture":"#0"}}},{"from":[7.22296,-2.40133,7.27797],"to":[8.67704,-1.67429,8.73205],"rotation":{"angle":0,"axis":"y","origin":[7.95625,8.89185,8.65]},"faces":{"north":{"uv":[3.032,0.48469,3.25139,0.02133],"texture":"#0"},"east":{"uv":[2.282,0.48469,3.25139,0.02133],"texture":"#0"},"south":{"uv":[2.282,0.48469,2.50139,0.02133],"texture":"#0"},"west":{"uv":[3.25139,0.48469,2.282,0.02133],"texture":"#0"},"up":{"uv":[3.24794,0.25,2.282,0.46939],"rotation":90,"texture":"#0"},"down":{"uv":[3.24794,0.02133,2.282,0.21939],"rotation":270,"texture":"#0"}}},{"from":[7.0412,-3.00595,18.36333],"to":[8.8588,-1.73363,19.63565],"rotation":{"angle":45,"axis":"x","origin":[7.95625,8.89185,8.65]},"faces":{"north":{"uv":[0.032,0.032,0.968,0.25],"rotation":270,"texture":"#0"},"east":{"uv":[0.032,0.968,0.968,0.032],"rotation":270,"texture":"#0"},"south":{"uv":[0.032,0.75,0.968,0.968],"rotation":270,"texture":"#0"},"west":{"uv":[0.032,0.032,0.968,0.968],"rotation":270,"texture":"#0"},"up":{"uv":[0.032,0.032,0.968,0.25],"rotation":270,"texture":"#0"},"down":{"uv":[0.032,0.75,0.968,0.968],"rotation":90,"texture":"#0"}}},{"from":[7.0412,3.70081,2.5468],"to":[8.8588,4.97313,3.81912],"rotation":{"angle":-45,"axis":"x","origin":[7.95625,8.89185,8.65]},"faces":{"north":{"uv":[0.968,0.032,0.032,0.25],"rotation":270,"texture":"#0"},"east":{"uv":[0.968,0.968,0.032,0.032],"rotation":270,"texture":"#0"},"south":{"uv":[0.968,0.75,0.032,0.968],"rotation":270,"texture":"#0"},"west":{"uv":[0.968,0.032,0.032,0.968],"rotation":270,"texture":"#0"},"up":{"uv":[0.968,0.75,0.032,0.968],"rotation":90,"texture":"#0"},"down":{"uv":[0.968,0.032,0.032,0.25],"rotation":270,"texture":"#0"}}},{"from":[7.22296,0.32915,7.27797],"to":[8.67704,1.78323,8.73205],"rotation":{"angle":0,"axis":"y","origin":[7.95625,8.89185,8.65]},"faces":{"north":{"uv":[1.032,0.96939,1.98264,0.02133],"texture":"#0"},"east":{"uv":[1.032,0.96939,1.98264,0.02133],"texture":"#0"},"south":{"uv":[1.0445,0.96939,1.98889,0.02133],"texture":"#0"},"west":{"uv":[1.032,0.96939,1.98264,0.02133],"texture":"#0"},"up":{"uv":[0.032,0.968,0.968,0.032],"texture":"#0"},"down":{"uv":[1.05075,0.98814,1.98264,0.03125],"texture":"#0"}}},{"from":[7.40472,-5.22691,7.45973],"to":[8.49528,0.40765,8.55029],"rotation":{"angle":0,"axis":"y","origin":[7.95625,8.89185,8.65]},"faces":{"north":{"uv":[0.5,5.03837,0.64533,1.35467],"texture":"#0"},"east":{"uv":[0.02133,5.03837,0.64533,1.35467],"texture":"#0"},"south":{"uv":[0.02133,5.03837,0.17704,1.35467],"texture":"#0"},"west":{"uv":[0.64533,5.03837,0.02133,1.35467],"texture":"#0"},"up":{"uv":[0.032,0.968,0.968,0.032],"texture":"#0"},"down":{"uv":[0.032,0.968,0.968,0.032],"texture":"#0"}}},{"from":[7.95016,2.09566,-0.07429],"to":[7.95016,28.45788,6.35275],"rotation":{"angle":0,"axis":"y","origin":[7.95625,8.96685,4.65]},"faces":{"north":{"uv":[16,0.936,15.282,0],"rotation":270,"texture":"#0"},"east":{"uv":[15.97867,9.532,0.5,13.31669],"rotation":270,"texture":"#0"},"south":{"uv":[16,0.936,15.282,0],"rotation":270,"texture":"#0"},"west":{"uv":[15.97867,13.31669,0.5,9.532],"rotation":270,"texture":"#0"},"up":{"uv":[16,0.936,15.282,0],"rotation":270,"texture":"#0"},"down":{"uv":[16,0.936,15.282,0],"rotation":270,"texture":"#0"}}},{"from":[7.95016,-10.92934,6.62571],"to":[7.95016,-5.56712,13.05275],"rotation":{"angle":0,"axis":"y","origin":[7.95625,8.89185,8.65]},"faces":{"north":{"uv":[16,0.936,15.282,0],"rotation":270,"texture":"#0"},"east":{"uv":[15.97867,5.032,12.42519,9.31669],"rotation":270,"texture":"#0"},"south":{"uv":[16,0.936,15.282,0],"rotation":270,"texture":"#0"},"west":{"uv":[15.97867,9.31669,12.42519,5.032],"rotation":270,"texture":"#0"},"up":{"uv":[16,0.936,15.282,0],"rotation":270,"texture":"#0"},"down":{"uv":[16,0.936,15.282,0],"rotation":270,"texture":"#0"}}},{"from":[7.95016,-10.92934,3.14725],"to":[7.95016,-5.56712,9.57429],"rotation":{"angle":0,"axis":"y","origin":[7.95625,8.89185,8.65]},"faces":{"north":{"uv":[16,0.936,15.282,0],"rotation":270,"texture":"#0"},"east":{"uv":[16,9.31669,12.42519,5.032],"rotation":270,"texture":"#0"},"south":{"uv":[16,0.936,15.282,0],"rotation":270,"texture":"#0"},"west":{"uv":[16,5.032,12.42519,9.31669],"rotation":270,"texture":"#0"},"up":{"uv":[16,0.936,15.282,0],"rotation":270,"texture":"#0"},"down":{"uv":[16,0.936,15.282,0],"rotation":270,"texture":"#0"}}},{"from":[7.55016,2.25982,4.15491],"to":[8.39984,12.12486,4.88195],"rotation":{"angle":0,"axis":"y","origin":[8.05625,8.48101,5.1792]},"faces":{"north":{"uv":[11.29336,0.24719,4.75,0.02133],"rotation":270,"texture":"#0"},"east":{"uv":[11.29336,0.02133,4.75,0.47219],"rotation":270,"texture":"#0"},"south":{"uv":[11.29336,0.24719,4.75,0.02133],"rotation":270,"texture":"#0"},"west":{"uv":[11.29336,0.47219,4.75,0.02133],"rotation":270,"texture":"#0"},"up":{"uv":[0.032,0.032,0.968,0.968],"rotation":180,"texture":"#0"},"down":{"uv":[15.064,0.936,16,0],"texture":"#0"}}},{"from":[7.55016,1.60982,4.48987],"to":[8.34984,2.33686,8.10491],"rotation":{"angle":0,"axis":"y","origin":[7.95625,8.96685,4.65]},"faces":{"north":{"uv":[2.48369,1.72711,2.282,1.35467],"texture":"#0"},"east":{"uv":[1.032,2.74169,3.44203,2.257],"texture":"#0"},"south":{"uv":[3.44203,2.74169,3.35467,2.257],"texture":"#0"},"west":{"uv":[3.44203,2.74169,1.032,2.257],"texture":"#0"},"up":{"uv":[3.44169,2.64533,1.032,2.507],"rotation":90,"texture":"#0"},"down":{"uv":[3.44169,2.46703,1.032,2.307],"rotation":270,"texture":"#0"}}},{"from":[7.45016,13.00126,5.24347],"to":[8.44984,22.8163,5.97051],"rotation":{"angle":0,"axis":"y","origin":[7.95625,8.96685,4.65]},"faces":{"north":{"uv":[11.32536,2.19169,4.782,2.007],"rotation":270,"texture":"#0"},"east":{"uv":[11.32536,1.757,4.782,2.24169],"rotation":270,"texture":"#0"},"south":{"uv":[11.32536,1.94169,4.782,1.757],"rotation":270,"texture":"#0"},"west":{"uv":[11.32536,2.24169,4.782,1.757],"rotation":270,"texture":"#0"},"up":{"uv":[0.032,0.032,0.968,0.968],"rotation":180,"texture":"#0"},"down":{"uv":[0.032,0.032,0.968,0.968],"texture":"#0"}}},{"from":[7.45016,17.82615,14.64974],"to":[8.44984,18.84119,15.37678],"rotation":{"angle":-45,"axis":"x","origin":[7.95625,8.96685,4.65]},"faces":{"north":{"uv":[4.82536,2.24169,4.782,1.757],"rotation":270,"texture":"#0"},"east":{"uv":[4.82536,2.24169,4.782,1.757],"rotation":270,"texture":"#0"},"south":{"uv":[4.82536,2.24169,4.782,1.757],"rotation":270,"texture":"#0"},"west":{"uv":[4.82536,2.24169,4.782,1.757],"rotation":270,"texture":"#0"},"up":{"uv":[4.82536,2.24169,4.782,1.757],"rotation":270,"texture":"#0"},"down":{"uv":[4.82536,2.24169,4.782,1.757],"rotation":270,"texture":"#0"}}},{"from":[7.45016,22.807,4.23773],"to":[8.44984,23.53404,5.25277],"rotation":{"angle":0,"axis":"y","origin":[7.95625,8.96685,4.65]},"faces":{"north":{"uv":[4.82536,2.24169,4.782,1.757],"rotation":270,"texture":"#0"},"east":{"uv":[4.82536,2.24169,4.782,1.757],"rotation":270,"texture":"#0"},"south":{"uv":[4.82536,2.24169,4.782,1.757],"rotation":270,"texture":"#0"},"west":{"uv":[4.82536,2.24169,4.782,1.757],"rotation":270,"texture":"#0"},"up":{"uv":[4.82536,2.24169,4.782,1.757],"rotation":270,"texture":"#0"},"down":{"uv":[4.82536,2.24169,4.782,1.757],"rotation":270,"texture":"#0"}}},{"from":[7.40472,10.04206,1.7054],"to":[8.49528,12.99566,2.75052],"rotation":{"angle":45,"axis":"x","origin":[7.95625,8.96685,4.65]},"faces":{"north":{"uv":[6.75107,1.47875,4.782,1.35467],"rotation":270,"texture":"#0"},"east":{"uv":[6.75107,0.782,4.782,1.47875],"rotation":270,"texture":"#0"},"south":{"uv":[6.75107,0.97875,4.782,0.782],"rotation":270,"texture":"#0"},"west":{"uv":[6.75107,1.47875,4.782,0.782],"rotation":270,"texture":"#0"},"up":{"uv":[4.95107,1.47875,4.782,0.782],"rotation":270,"texture":"#0"},"down":{"uv":[4.95107,1.47875,4.782,0.782],"rotation":270,"texture":"#0"}}},{"from":[7.6794,10.63358,6.5314],"to":[8.2206,23.28218,7.0726],"rotation":{"angle":0,"axis":"y","origin":[7.95625,8.96685,4.65]},"faces":{"north":{"uv":[0.02133,5.35467,0.19205,15.93315],"texture":"#0"},"east":{"uv":[0.49205,5.35467,0.02133,15.93315],"texture":"#0"},"south":{"uv":[0.25,5.35467,0.44205,15.93315],"texture":"#0"},"west":{"uv":[0.02133,5.35467,0.49205,15.93315],"texture":"#0"},"up":{"uv":[0.02133,5.35467,0.4949,5.432],"rotation":90,"texture":"#0"},"down":{"uv":[0.032,0.032,0.968,1],"texture":"#0"}}},{"from":[7.6794,10.63358,8.9274],"to":[8.2206,23.28218,9.4686],"rotation":{"angle":0,"axis":"y","origin":[7.95625,8.96685,11.35]},"faces":{"north":{"uv":[0.44205,5.35467,0.25,15.93315],"texture":"#0"},"east":{"uv":[0.02133,5.35467,0.49205,15.93315],"texture":"#0"},"south":{"uv":[0.19205,5.35467,0.02133,15.93315],"texture":"#0"},"west":{"uv":[0.49205,5.35467,0.02133,15.93315],"texture":"#0"},"up":{"uv":[0.4949,5.35467,0.02133,5.432],"rotation":90,"texture":"#0"},"down":{"uv":[0.032,1,0.968,0.032],"texture":"#0"}}},{"from":[7.5794,19.33358,5.8314],"to":[8.3206,19.78218,7.1726],"rotation":{"angle":0,"axis":"y","origin":[7.95625,8.96685,4.65]},"faces":{"north":{"uv":[0.032,0.032,0.968,5.968],"texture":"#0"},"east":{"uv":[2.17613,4.032,1.35467,4.33107],"texture":"#0"},"south":{"uv":[2.032,4.032,2.17613,4.33107],"texture":"#0"},"west":{"uv":[1.35467,4.032,2.17613,4.33107],"texture":"#0"},"up":{"uv":[1.35467,4.032,2.17482,4.17613],"rotation":90,"texture":"#0"},"down":{"uv":[1.35467,4.032,2.17482,4.17613],"rotation":270,"texture":"#0"}}},{"from":[7.5794,20.33358,5.8314],"to":[8.3206,20.78218,7.1726],"rotation":{"angle":0,"axis":"y","origin":[7.95625,8.96685,4.65]},"faces":{"north":{"uv":[0.032,0.032,0.968,5.968],"texture":"#0"},"east":{"uv":[2.17613,4.032,1.35467,4.33107],"texture":"#0"},"south":{"uv":[2.032,4.032,2.17613,4.33107],"texture":"#0"},"west":{"uv":[1.35467,4.032,2.17613,4.33107],"texture":"#0"},"up":{"uv":[1.35467,4.032,2.17482,4.17613],"rotation":90,"texture":"#0"},"down":{"uv":[1.35467,4.032,2.17482,4.17613],"rotation":270,"texture":"#0"}}},{"from":[7.72811,17.39666,16.01801],"to":[8.17189,20.57951,16.46179],"rotation":{"angle":-45,"axis":"x","origin":[7.95625,8.96685,4.65]},"faces":{"north":{"uv":[0.02133,5.35467,0.13336,8.2664],"texture":"#0"},"east":{"uv":[0.48961,5.35467,0.02133,8.2664],"texture":"#0"},"south":{"uv":[0.3875,5.35467,0.47711,8.2664],"texture":"#0"},"west":{"uv":[0.02133,5.35467,0.48961,8.2664],"texture":"#0"},"up":{"uv":[0.02133,5.35467,0.4949,5.432],"rotation":90,"texture":"#0"},"down":{"uv":[0.032,0.032,0.968,1],"texture":"#0"}}},{"from":[6.85,9.67583,5.102],"to":[9.05,10.77583,7.302],"rotation":{"angle":0,"axis":"y","origin":[7.95625,8.96685,4.65]},"faces":{"north":{"uv":[4.80075,3.49033,6.22992,2.782],"texture":"#0"},"east":{"uv":[4.80075,3.49033,6.22992,2.782],"texture":"#0"},"south":{"uv":[4.80075,3.49033,6.22992,2.782],"texture":"#0"},"west":{"uv":[4.80075,3.49033,6.22992,2.782],"texture":"#0"},"up":{"uv":[6.532,5.70492,7.95492,4.282],"texture":"#0"},"down":{"uv":[6.532,3.99867,7.99867,2.532],"texture":"#0"}}},{"from":[6.85,2.13288,5.102],"to":[9.05,3.23288,7.302],"rotation":{"angle":0,"axis":"y","origin":[7.95625,8.96685,4.65]},"faces":{"north":{"uv":[4.80075,2.782,6.22992,3.49033],"texture":"#0"},"east":{"uv":[4.80075,2.782,6.22992,3.49033],"texture":"#0"},"south":{"uv":[4.80075,2.782,6.22992,3.49033],"texture":"#0"},"west":{"uv":[4.80075,2.782,6.22992,3.49033],"texture":"#0"},"up":{"uv":[6.532,2.532,7.99867,3.99867],"texture":"#0"},"down":{"uv":[6.532,4.282,7.95492,5.70492],"texture":"#0"}}},{"from":[7.05,2.95788,5.302],"to":[8.85,10.05788,7.102],"rotation":{"angle":0,"axis":"y","origin":[7.95625,8.96685,4.65]},"faces":{"north":{"uv":[11.957,0.02133,11.857,4.73333],"texture":"#0"},"east":{"uv":[12.982,0.02133,11.782,4.73333],"texture":"#0"},"south":{"uv":[12.932,0.02133,12.982,4.73333],"texture":"#0"},"west":{"uv":[11.782,0.02133,12.982,4.73333],"texture":"#0"},"up":{"uv":[0.032,0.032,0.968,1],"texture":"#0"},"down":{"uv":[0.032,0.032,0.968,1],"texture":"#0"}}},{"from":[7.95016,2.09566,9.64725],"to":[7.95016,28.45788,16.07429],"rotation":{"angle":0,"axis":"y","origin":[7.95625,8.96685,11.35]},"faces":{"north":{"uv":[16,0,15.282,0.936],"rotation":270,"texture":"#0"},"east":{"uv":[15.97867,13.31669,0.5,9.532],"rotation":270,"texture":"#0"},"south":{"uv":[16,0,15.282,0.936],"rotation":270,"texture":"#0"},"west":{"uv":[15.97867,9.532,0.5,13.31669],"rotation":270,"texture":"#0"},"up":{"uv":[15.282,0.936,16,0],"rotation":270,"texture":"#0"},"down":{"uv":[15.282,0.936,16,0],"rotation":270,"texture":"#0"}}},{"from":[7.40472,10.04206,13.24948],"to":[8.49528,12.99566,14.2946],"rotation":{"angle":-45,"axis":"x","origin":[7.95625,8.96685,11.35]},"faces":{"north":{"uv":[6.75107,0.782,4.782,0.97875],"rotation":270,"texture":"#0"},"east":{"uv":[6.75107,1.47875,4.782,0.782],"rotation":270,"texture":"#0"},"south":{"uv":[6.75107,1.35467,4.782,1.47875],"rotation":270,"texture":"#0"},"west":{"uv":[6.75107,0.782,4.782,1.47875],"rotation":270,"texture":"#0"},"up":{"uv":[4.782,1.47875,4.95107,0.782],"rotation":270,"texture":"#0"},"down":{"uv":[4.782,1.47875,4.95107,0.782],"rotation":270,"texture":"#0"}}},{"from":[7.45016,13.00126,10.02949],"to":[8.44984,22.8163,10.75653],"rotation":{"angle":0,"axis":"y","origin":[7.95625,8.96685,11.35]},"faces":{"north":{"uv":[11.32536,1.757,4.782,1.94169],"rotation":270,"texture":"#0"},"east":{"uv":[11.32536,2.24169,4.782,1.757],"rotation":270,"texture":"#0"},"south":{"uv":[11.32536,2.007,4.782,2.19169],"rotation":270,"texture":"#0"},"west":{"uv":[11.32536,1.757,4.782,2.24169],"rotation":270,"texture":"#0"},"up":{"uv":[0.032,0.968,0.968,0.032],"rotation":180,"texture":"#0"},"down":{"uv":[0.032,0.968,0.968,0.032],"texture":"#0"}}},{"from":[7.45016,17.82615,0.62322],"to":[8.44984,18.84119,1.35026],"rotation":{"angle":45,"axis":"x","origin":[7.95625,8.96685,11.35]},"faces":{"north":{"uv":[4.82536,1.757,4.782,2.24169],"rotation":270,"texture":"#0"},"east":{"uv":[4.82536,1.757,4.782,2.24169],"rotation":270,"texture":"#0"},"south":{"uv":[4.82536,1.757,4.782,2.24169],"rotation":270,"texture":"#0"},"west":{"uv":[4.82536,1.757,4.782,2.24169],"rotation":270,"texture":"#0"},"up":{"uv":[4.782,2.24169,4.82536,1.757],"rotation":270,"texture":"#0"},"down":{"uv":[4.782,2.24169,4.82536,1.757],"rotation":270,"texture":"#0"}}},{"from":[7.45016,22.807,10.74723],"to":[8.44984,23.53404,11.76227],"rotation":{"angle":0,"axis":"y","origin":[7.95625,8.96685,11.35]},"faces":{"north":{"uv":[4.82536,1.757,4.782,2.24169],"rotation":270,"texture":"#0"},"east":{"uv":[4.82536,1.757,4.782,2.24169],"rotation":270,"texture":"#0"},"south":{"uv":[4.82536,1.757,4.782,2.24169],"rotation":270,"texture":"#0"},"west":{"uv":[4.82536,1.757,4.782,2.24169],"rotation":270,"texture":"#0"},"up":{"uv":[4.782,2.24169,4.82536,1.757],"rotation":270,"texture":"#0"},"down":{"uv":[4.782,2.24169,4.82536,1.757],"rotation":270,"texture":"#0"}}},{"from":[7.55016,2.25982,11.11805],"to":[8.39984,12.12486,11.84509],"rotation":{"angle":0,"axis":"y","origin":[8.05625,8.48101,10.8208]},"faces":{"north":{"uv":[11.29336,0.02133,4.75,0.24719],"rotation":270,"texture":"#0"},"east":{"uv":[11.29336,0.47219,4.75,0.02133],"rotation":270,"texture":"#0"},"south":{"uv":[11.29336,0.02133,4.75,0.24719],"rotation":270,"texture":"#0"},"west":{"uv":[11.29336,0.02133,4.75,0.47219],"rotation":270,"texture":"#0"},"up":{"uv":[0.032,0.968,0.968,0.032],"rotation":180,"texture":"#0"},"down":{"uv":[15.064,0.936,16,0],"texture":"#0"}}},{"from":[7.05,2.95788,8.898],"to":[8.85,10.05788,10.698],"rotation":{"angle":0,"axis":"y","origin":[7.95625,8.96685,11.35]},"faces":{"north":{"uv":[12.982,0.02133,12.932,4.73333],"texture":"#0"},"east":{"uv":[11.782,0.02133,12.982,4.73333],"texture":"#0"},"south":{"uv":[11.857,0.02133,11.957,4.73333],"texture":"#0"},"west":{"uv":[12.982,0.02133,11.782,4.73333],"texture":"#0"},"up":{"uv":[0.032,1,0.968,0.032],"texture":"#0"},"down":{"uv":[0.032,1,0.968,0.032],"texture":"#0"}}},{"from":[7.72811,17.39666,-0.46179],"to":[8.17189,20.57951,-0.01801],"rotation":{"angle":45,"axis":"x","origin":[7.95625,8.96685,11.35]},"faces":{"north":{"uv":[0.47711,5.35467,0.3875,8.2664],"texture":"#0"},"east":{"uv":[0.02133,5.35467,0.48961,8.2664],"texture":"#0"},"south":{"uv":[0.13336,5.35467,0.02133,8.2664],"texture":"#0"},"west":{"uv":[0.48961,5.35467,0.02133,8.2664],"texture":"#0"},"up":{"uv":[0.4949,5.35467,0.02133,5.432],"rotation":90,"texture":"#0"},"down":{"uv":[0.032,1,0.968,0.032],"texture":"#0"}}},{"from":[7.5794,19.33358,8.8274],"to":[8.3206,19.78218,10.1686],"rotation":{"angle":0,"axis":"y","origin":[7.95625,8.96685,11.35]},"faces":{"north":{"uv":[2.17613,4.032,2.032,4.33107],"texture":"#0"},"east":{"uv":[1.35467,4.032,2.17613,4.33107],"texture":"#0"},"south":{"uv":[0.968,0.032,0.032,5.968],"texture":"#0"},"west":{"uv":[2.17613,4.032,1.35467,4.33107],"texture":"#0"},"up":{"uv":[2.17482,4.032,1.35467,4.17613],"rotation":90,"texture":"#0"},"down":{"uv":[2.17482,4.032,1.35467,4.17613],"rotation":270,"texture":"#0"}}},{"from":[6.85,9.67583,8.698],"to":[9.05,10.77583,10.898],"rotation":{"angle":0,"axis":"y","origin":[7.95625,8.96685,11.35]},"faces":{"north":{"uv":[6.22992,3.49033,4.80075,2.782],"texture":"#0"},"east":{"uv":[6.22992,3.49033,4.80075,2.782],"texture":"#0"},"south":{"uv":[6.22992,3.49033,4.80075,2.782],"texture":"#0"},"west":{"uv":[6.22992,3.49033,4.80075,2.782],"texture":"#0"},"up":{"uv":[6.532,4.282,7.95492,5.70492],"texture":"#0"},"down":{"uv":[6.532,2.532,7.99867,3.99867],"texture":"#0"}}},{"from":[6.85,2.13288,8.698],"to":[9.05,3.23288,10.898],"rotation":{"angle":0,"axis":"y","origin":[7.95625,8.96685,11.35]},"faces":{"north":{"uv":[6.22992,2.782,4.80075,3.49033],"texture":"#0"},"east":{"uv":[6.22992,2.782,4.80075,3.49033],"texture":"#0"},"south":{"uv":[6.22992,2.782,4.80075,3.49033],"texture":"#0"},"west":{"uv":[6.22992,2.782,4.80075,3.49033],"texture":"#0"},"up":{"uv":[6.532,3.99867,7.99867,2.532],"texture":"#0"},"down":{"uv":[6.532,5.70492,7.95492,4.282],"texture":"#0"}}},{"from":[7.5794,20.33358,8.8274],"to":[8.3206,20.78218,10.1686],"rotation":{"angle":0,"axis":"y","origin":[7.95625,8.96685,11.35]},"faces":{"north":{"uv":[2.17613,4.032,2.032,4.33107],"texture":"#0"},"east":{"uv":[1.35467,4.032,2.17613,4.33107],"texture":"#0"},"south":{"uv":[0.968,0.032,0.032,5.968],"texture":"#0"},"west":{"uv":[2.17613,4.032,1.35467,4.33107],"texture":"#0"},"up":{"uv":[2.17482,4.032,1.35467,4.17613],"rotation":90,"texture":"#0"},"down":{"uv":[2.17482,4.032,1.35467,4.17613],"rotation":270,"texture":"#0"}}},{"from":[7.35338,3.16688,13.69463],"to":[8.54662,3.53175,14.0595],"rotation":{"angle":22.5,"axis":"x","origin":[7.95,3.13668,13.48516]},"faces":{"north":{"uv":[1.18021,2.032,1.032,2.15521],"rotation":90,"texture":"#0"},"east":{"uv":[1.18021,2.032,1.032,2.15521],"texture":"#0"},"south":{"uv":[1.18021,2.032,1.032,2.15521],"rotation":270,"texture":"#0"},"west":{"uv":[1.18021,2.032,1.032,2.15521],"rotation":180,"texture":"#0"},"up":{"uv":[1.18021,2.032,1.032,2.15521],"rotation":270,"texture":"#0"},"down":{"uv":[1.18021,2.032,1.032,2.15521],"rotation":90,"texture":"#0"}}},{"from":[7.58266,0.88848,1.83372],"to":[8.31734,3.05922,2.49722],"rotation":{"angle":45,"axis":"x","origin":[7.95,3.13668,2.51484]},"faces":{"north":{"uv":[1.032,1.35467,2.47711,1.48369],"rotation":270,"texture":"#0"},"east":{"uv":[2.48369,1.35467,1.032,1.72711],"rotation":90,"texture":"#0"},"south":{"uv":[1.032,1.532,2.47711,1.73369],"rotation":270,"texture":"#0"},"west":{"uv":[1.032,1.35467,2.48369,1.72711],"rotation":270,"texture":"#0"},"up":{"uv":[2.282,1.35467,2.48369,1.72711],"texture":"#0"},"down":{"uv":[1.032,1.35467,1.23369,1.72711],"rotation":180,"texture":"#0"}}},{"from":[7.58266,0.88848,13.50278],"to":[8.31734,3.05922,14.16628],"rotation":{"angle":-45,"axis":"x","origin":[7.95,3.13668,13.48516]},"faces":{"north":{"uv":[1.032,1.73369,2.47711,1.532],"rotation":270,"texture":"#0"},"east":{"uv":[2.48369,1.72711,1.032,1.35467],"rotation":90,"texture":"#0"},"south":{"uv":[1.032,1.48369,2.47711,1.35467],"rotation":270,"texture":"#0"},"west":{"uv":[1.032,1.72711,2.48369,1.35467],"rotation":270,"texture":"#0"},"up":{"uv":[2.282,1.72711,2.48369,1.35467],"texture":"#0"},"down":{"uv":[1.032,1.72711,1.23369,1.35467],"rotation":180,"texture":"#0"}}},{"from":[7.35338,3.16688,1.9405],"to":[8.54662,3.53175,2.30537],"rotation":{"angle":-22.5,"axis":"x","origin":[7.95,3.13668,2.51484]},"faces":{"north":{"uv":[1.18021,2.15521,1.032,2.032],"rotation":270,"texture":"#0"},"east":{"uv":[1.032,2.032,1.18021,2.15521],"texture":"#0"},"south":{"uv":[1.18021,2.15521,1.032,2.032],"rotation":90,"texture":"#0"},"west":{"uv":[1.032,2.032,1.18021,2.15521],"rotation":180,"texture":"#0"},"up":{"uv":[1.032,2.032,1.18021,2.15521],"rotation":270,"texture":"#0"},"down":{"uv":[1.032,2.032,1.18021,2.15521],"rotation":90,"texture":"#0"}}},{"from":[7.55016,1.60982,7.89509],"to":[8.34984,2.33686,11.51013],"rotation":{"angle":0,"axis":"y","origin":[7.95625,8.96685,11.35]},"faces":{"north":{"uv":[3.35467,2.74169,3.44203,2.257],"texture":"#0"},"east":{"uv":[3.44203,2.74169,1.032,2.257],"texture":"#0"},"south":{"uv":[2.282,1.72711,2.48369,1.35467],"texture":"#0"},"west":{"uv":[1.032,2.74169,3.44203,2.257],"texture":"#0"},"up":{"uv":[1.032,2.64533,3.44169,2.507],"rotation":90,"texture":"#0"},"down":{"uv":[1.032,2.46703,3.44169,2.307],"rotation":270,"texture":"#0"}}},{"from":[7.55816,2.71836,11.15763],"to":[8.34184,3.43086,14.70037],"rotation":{"angle":-22.5,"axis":"x","origin":[7.95,3.13668,13.48516]},"faces":{"north":{"uv":[3.35467,2.74169,3.44203,2.257],"texture":"#0"},"east":{"uv":[3.44203,2.74169,1.032,2.257],"texture":"#0"},"south":{"uv":[2.282,1.72711,2.48369,1.35467],"texture":"#0"},"west":{"uv":[1.032,2.74169,3.44203,2.257],"texture":"#0"},"up":{"uv":[1.032,2.64533,3.44169,2.507],"rotation":90,"texture":"#0"},"down":{"uv":[1.032,2.46703,3.44169,2.307],"rotation":270,"texture":"#0"}}},{"from":[7.55816,2.71836,1.29963],"to":[8.34184,3.43086,4.84237],"rotation":{"angle":22.5,"axis":"x","origin":[7.95,3.13668,2.51484]},"faces":{"north":{"uv":[2.48369,1.72711,2.282,1.35467],"texture":"#0"},"east":{"uv":[1.032,2.74169,3.44203,2.257],"texture":"#0"},"south":{"uv":[3.44203,2.74169,3.35467,2.257],"texture":"#0"},"west":{"uv":[3.44203,2.74169,1.032,2.257],"texture":"#0"},"up":{"uv":[3.44169,2.64533,1.032,2.507],"rotation":90,"texture":"#0"},"down":{"uv":[3.44169,2.46703,1.032,2.307],"rotation":270,"texture":"#0"}}}],"gui_light":"front","display":{"thirdperson_righthand":{"translation":[0,8.5,1.5]},"thirdperson_lefthand":{"translation":[0,8.5,1.5]},"firstperson_righthand":{"rotation":[-8,0,0],"translation":[0,5.75,0.5],"scale":[0.65,0.65,0.65]},"firstperson_lefthand":{"rotation":[-8,0,0],"translation":[0,5.75,0.5],"scale":[0.65,0.65,0.65]},"ground":{"rotation":[0,0,42],"translation":[0,5.25,0],"scale":[0.41,0.4,0.4]},"gui":{"rotation":[-82.43,-46.02,-90.6],"translation":[-0.5,-0.75,0],"scale":[0.5043,0.5043,0.5043]},"fixed":{"rotation":[0,93,0],"translation":[-0.25,0,-3],"scale":[1.71094,1.71094,1.71094]}}}