{"credit":"MadewithBlockbench","texture_size":[24,24],"textures":{"0":"arsenalset:arsenalset/arsenal_staff","particle":"arsenalset:arsenalset/arsenal_staff"},"elements":[{"from":[7.26671,-7.25933,6.62797],"to":[8.72079,-5.80525,8.08205],"rotation":{"angle":0,"axis":"y","origin":[8,8,8]},"faces":{"north":{"uv":[1.032,0.02133,1.98264,0.96939],"texture":"#0"},"east":{"uv":[1.032,0.02133,1.98264,0.96939],"texture":"#0"},"south":{"uv":[1.0445,0.02133,1.98889,0.96939],"texture":"#0"},"west":{"uv":[1.032,0.02133,1.98264,0.96939],"texture":"#0"},"up":{"uv":[1.05075,0.03125,1.98264,0.98814],"texture":"#0"},"down":{"uv":[0.032,0.032,0.968,0.968],"texture":"#0"}}},{"from":[7.26671,-2.35181,6.62797],"to":[8.72079,-1.62477,8.08205],"rotation":{"angle":0,"axis":"y","origin":[8,8,8]},"faces":{"north":{"uv":[3.032,0.02133,3.25139,0.48469],"texture":"#0"},"east":{"uv":[2.282,0.02133,3.25139,0.48469],"texture":"#0"},"south":{"uv":[2.282,0.02133,2.50139,0.48469],"texture":"#0"},"west":{"uv":[3.25139,0.02133,2.282,0.48469],"texture":"#0"},"up":{"uv":[2.282,0.02133,3.24794,0.21939],"rotation":270,"texture":"#0"},"down":{"uv":[2.282,0.25,3.24794,0.46939],"rotation":90,"texture":"#0"}}},{"from":[7.26671,-3.29318,6.62797],"to":[8.72079,-2.56614,8.08205],"rotation":{"angle":0,"axis":"y","origin":[8,8,8]},"faces":{"north":{"uv":[3.032,0.48469,3.25139,0.02133],"texture":"#0"},"east":{"uv":[2.282,0.48469,3.25139,0.02133],"texture":"#0"},"south":{"uv":[2.282,0.48469,2.50139,0.02133],"texture":"#0"},"west":{"uv":[3.25139,0.48469,2.282,0.02133],"texture":"#0"},"up":{"uv":[3.24794,0.25,2.282,0.46939],"rotation":90,"texture":"#0"},"down":{"uv":[3.24794,0.02133,2.282,0.21939],"rotation":270,"texture":"#0"}}},{"from":[7.08495,-3.8978,17.71333],"to":[8.90255,-2.62548,18.98565],"rotation":{"angle":45,"axis":"x","origin":[8,8,8]},"faces":{"north":{"uv":[0.032,0.032,0.968,0.25],"rotation":270,"texture":"#0"},"east":{"uv":[0.032,0.968,0.968,0.032],"rotation":270,"texture":"#0"},"south":{"uv":[0.032,0.75,0.968,0.968],"rotation":270,"texture":"#0"},"west":{"uv":[0.032,0.032,0.968,0.968],"rotation":270,"texture":"#0"},"up":{"uv":[0.032,0.032,0.968,0.25],"rotation":270,"texture":"#0"},"down":{"uv":[0.032,0.75,0.968,0.968],"rotation":90,"texture":"#0"}}},{"from":[7.08495,2.80896,1.8968],"to":[8.90255,4.08128,3.16912],"rotation":{"angle":-45,"axis":"x","origin":[8,8,8]},"faces":{"north":{"uv":[0.968,0.032,0.032,0.25],"rotation":270,"texture":"#0"},"east":{"uv":[0.968,0.968,0.032,0.032],"rotation":270,"texture":"#0"},"south":{"uv":[0.968,0.75,0.032,0.968],"rotation":270,"texture":"#0"},"west":{"uv":[0.968,0.032,0.032,0.968],"rotation":270,"texture":"#0"},"up":{"uv":[0.968,0.75,0.032,0.968],"rotation":90,"texture":"#0"},"down":{"uv":[0.968,0.032,0.032,0.25],"rotation":270,"texture":"#0"}}},{"from":[7.26671,-0.5627,6.62797],"to":[8.72079,0.89138,8.08205],"rotation":{"angle":0,"axis":"y","origin":[8,8,8]},"faces":{"north":{"uv":[1.032,0.96939,1.98264,0.02133],"texture":"#0"},"east":{"uv":[1.032,0.96939,1.98264,0.02133],"texture":"#0"},"south":{"uv":[1.0445,0.96939,1.98889,0.02133],"texture":"#0"},"west":{"uv":[1.032,0.96939,1.98264,0.02133],"texture":"#0"},"up":{"uv":[0.032,0.968,0.968,0.032],"texture":"#0"},"down":{"uv":[1.05075,0.98814,1.98264,0.03125],"texture":"#0"}}},{"from":[7.44847,-6.11877,6.80973],"to":[8.53903,-0.48421,7.90029],"rotation":{"angle":0,"axis":"y","origin":[8,8,8]},"faces":{"north":{"uv":[0.5,5.03837,0.64533,1.35467],"texture":"#0"},"east":{"uv":[0.02133,5.03837,0.64533,1.35467],"texture":"#0"},"south":{"uv":[0.02133,5.03837,0.17704,1.35467],"texture":"#0"},"west":{"uv":[0.64533,5.03837,0.02133,1.35467],"texture":"#0"},"up":{"uv":[0.032,0.968,0.968,0.032],"texture":"#0"},"down":{"uv":[0.032,0.968,0.968,0.032],"texture":"#0"}}},{"from":[7.38495,0.7291,5.11695],"to":[8.60255,1.10142,5.48927],"rotation":{"angle":-45,"axis":"x","origin":[8,8,8]},"faces":{"north":{"uv":[1.18021,2.032,1.032,2.15521],"rotation":270,"texture":"#0"},"east":{"uv":[1.18021,2.032,1.032,2.15521],"rotation":270,"texture":"#0"},"south":{"uv":[1.18021,2.032,1.032,2.15521],"rotation":270,"texture":"#0"},"west":{"uv":[1.18021,2.032,1.032,2.15521],"rotation":270,"texture":"#0"},"up":{"uv":[1.18021,2.032,1.032,2.15521],"rotation":270,"texture":"#0"},"down":{"uv":[1.18021,2.032,1.032,2.15521],"rotation":270,"texture":"#0"}}},{"from":[7.38495,1.1291,11.01073],"to":[8.60255,1.50142,11.38305],"rotation":{"angle":45,"axis":"x","origin":[8,8,8]},"faces":{"north":{"uv":[1.18021,2.15521,1.032,2.032],"rotation":270,"texture":"#0"},"east":{"uv":[1.18021,2.15521,1.032,2.032],"rotation":270,"texture":"#0"},"south":{"uv":[1.18021,2.15521,1.032,2.032],"rotation":270,"texture":"#0"},"west":{"uv":[1.18021,2.15521,1.032,2.032],"rotation":270,"texture":"#0"},"up":{"uv":[1.032,2.032,1.18021,2.15521],"rotation":270,"texture":"#0"},"down":{"uv":[1.032,2.032,1.18021,2.15521],"rotation":270,"texture":"#0"}}},{"from":[7.89391,5.6464,5.23312],"to":[7.89391,20.07344,14.59534],"rotation":{"angle":-22.5,"axis":"x","origin":[7.99391,13.30992,7.48923]},"faces":{"north":{"uv":[15.97867,0.936,15.35467,0.02133],"rotation":90,"texture":"#0"},"east":{"uv":[7.24148,6.282,1,15.90003],"texture":"#0"},"south":{"uv":[15.97867,0.936,15.35467,0.02133],"rotation":270,"texture":"#0"},"west":{"uv":[7.24148,15.90003,1,6.282],"rotation":180,"texture":"#0"},"up":{"uv":[15.97867,0.936,15.35467,0.02133],"rotation":270,"texture":"#0"},"down":{"uv":[15.97867,0.936,15.35467,0.02133],"rotation":90,"texture":"#0"}}},{"from":[7.99391,-11.82119,5.97571],"to":[7.99391,-6.45897,12.40275],"rotation":{"angle":0,"axis":"y","origin":[8,8,8]},"faces":{"north":{"uv":[15.97867,0.936,15.35467,0.02133],"rotation":270,"texture":"#0"},"east":{"uv":[15.97867,5.032,12.42519,9.31669],"rotation":270,"texture":"#0"},"south":{"uv":[15.97867,0.936,15.35467,0.02133],"rotation":270,"texture":"#0"},"west":{"uv":[15.97867,9.31669,12.42519,5.032],"rotation":270,"texture":"#0"},"up":{"uv":[15.97867,0.936,15.35467,0.02133],"rotation":270,"texture":"#0"},"down":{"uv":[15.97867,0.936,15.35467,0.02133],"rotation":270,"texture":"#0"}}},{"from":[7.99391,-11.82119,2.49725],"to":[7.99391,-6.45897,8.92429],"rotation":{"angle":0,"axis":"y","origin":[8,8,8]},"faces":{"north":{"uv":[15.97867,0.936,15.35467,0.02133],"rotation":270,"texture":"#0"},"east":{"uv":[15.97867,9.31669,12.42519,5.032],"rotation":270,"texture":"#0"},"south":{"uv":[15.97867,0.936,15.35467,0.02133],"rotation":270,"texture":"#0"},"west":{"uv":[15.97867,5.032,12.42519,9.31669],"rotation":270,"texture":"#0"},"up":{"uv":[15.97867,0.936,15.35467,0.02133],"rotation":270,"texture":"#0"},"down":{"uv":[15.97867,0.936,15.35467,0.02133],"rotation":270,"texture":"#0"}}},{"from":[7.49391,1.12881,7.27571],"to":[8.49359,10.94385,8.00275],"rotation":{"angle":0,"axis":"y","origin":[8,8,8]},"faces":{"north":{"uv":[11.29336,0.24719,4.75,0.02133],"rotation":270,"texture":"#0"},"east":{"uv":[11.29336,0.02133,4.75,0.47219],"rotation":270,"texture":"#0"},"south":{"uv":[11.29336,0.24719,4.75,0.02133],"rotation":270,"texture":"#0"},"west":{"uv":[11.29336,0.47219,4.75,0.02133],"rotation":270,"texture":"#0"},"up":{"uv":[0.032,0.032,0.968,0.968],"rotation":180,"texture":"#0"},"down":{"uv":[0.032,0.032,0.968,0.968],"texture":"#0"}}},{"from":[7.54391,10.85333,7.63299],"to":[8.44359,11.58037,10.44803],"rotation":{"angle":-22.5,"axis":"x","origin":[7.99375,12.11685,8.54051]},"faces":{"north":{"uv":[6.93711,0.24719,6.75,0.02133],"rotation":270,"texture":"#0"},"east":{"uv":[4.8125,0.47219,6.99961,0.02133],"texture":"#0"},"south":{"uv":[4.84336,0.02133,4.75,0.34719],"rotation":180,"texture":"#0"},"west":{"uv":[4.8125,0.02133,6.99961,0.47219],"rotation":180,"texture":"#0"},"up":{"uv":[4.80625,0.25258,6.99336,0.47844],"rotation":270,"texture":"#0"},"down":{"uv":[4.8125,0.02133,6.99961,0.24719],"rotation":90,"texture":"#0"}}},{"from":[7.41665,11.34801,10.72284],"to":[8.31633,14.16305,11.44988],"rotation":{"angle":22.5,"axis":"x","origin":[7.86649,13.25553,11.98636]},"faces":{"north":{"uv":[4.8125,0.02133,6.99961,0.24719],"rotation":270,"texture":"#0"},"east":{"uv":[4.8125,0.47219,6.99961,0.02133],"rotation":270,"texture":"#0"},"south":{"uv":[4.80625,0.25258,6.99336,0.47844],"rotation":270,"texture":"#0"},"west":{"uv":[4.8125,0.02133,6.99961,0.47219],"rotation":270,"texture":"#0"},"up":{"uv":[6.93711,0.24719,6.75,0.02133],"rotation":90,"texture":"#0"},"down":{"uv":[4.84336,0.02133,4.75,0.34719],"rotation":180,"texture":"#0"}}},{"from":[7.41665,13.74666,10.85986],"to":[8.31633,16.5617,11.5869],"rotation":{"angle":-22.5,"axis":"x","origin":[7.86649,14.65418,10.32338]},"faces":{"north":{"uv":[4.80625,0.25258,6.99336,0.47844],"rotation":90,"texture":"#0"},"east":{"uv":[4.8125,0.47219,6.99961,0.02133],"rotation":90,"texture":"#0"},"south":{"uv":[4.8125,0.02133,6.99961,0.24719],"rotation":90,"texture":"#0"},"west":{"uv":[4.8125,0.02133,6.99961,0.47219],"rotation":90,"texture":"#0"},"up":{"uv":[4.84336,0.02133,4.75,0.34719],"rotation":180,"texture":"#0"},"down":{"uv":[6.93711,0.24719,6.75,0.02133],"rotation":90,"texture":"#0"}}},{"from":[7.41665,16.86213,8.29621],"to":[8.31633,17.58917,11.11125],"rotation":{"angle":22.5,"axis":"x","origin":[7.86649,18.12565,9.20373]},"faces":{"north":{"uv":[6.93711,0.24719,6.75,0.02133],"rotation":270,"texture":"#0"},"east":{"uv":[4.8125,0.47219,6.99961,0.02133],"texture":"#0"},"south":{"uv":[4.84336,0.02133,4.75,0.34719],"rotation":180,"texture":"#0"},"west":{"uv":[4.8125,0.02133,6.99961,0.47219],"rotation":180,"texture":"#0"},"up":{"uv":[4.80625,0.25258,6.99336,0.47844],"rotation":270,"texture":"#0"},"down":{"uv":[4.8125,0.02133,6.99961,0.24719],"rotation":90,"texture":"#0"}}},{"from":[7.41665,16.86213,5.20872],"to":[8.31633,17.58917,8.02376],"rotation":{"angle":-22.5,"axis":"x","origin":[7.86649,18.12565,7.11624]},"faces":{"north":{"uv":[4.75,0.02133,4.84336,0.34719],"rotation":180,"texture":"#0"},"east":{"uv":[6.99961,0.47219,4.8125,0.02133],"texture":"#0"},"south":{"uv":[6.93711,0.02133,6.75,0.24719],"rotation":270,"texture":"#0"},"west":{"uv":[6.99961,0.02133,4.8125,0.47219],"rotation":180,"texture":"#0"},"up":{"uv":[6.99336,0.25258,4.80625,0.47844],"rotation":270,"texture":"#0"},"down":{"uv":[6.99961,0.02133,4.8125,0.24719],"rotation":90,"texture":"#0"}}},{"from":[7.41665,13.74666,4.73307],"to":[8.31633,16.5617,5.46011],"rotation":{"angle":22.5,"axis":"x","origin":[7.86649,14.65418,5.99659]},"faces":{"north":{"uv":[4.8125,0.24719,6.99961,0.02133],"rotation":90,"texture":"#0"},"east":{"uv":[4.8125,0.02133,6.99961,0.47219],"rotation":90,"texture":"#0"},"south":{"uv":[4.80625,0.47844,6.99336,0.25258],"rotation":90,"texture":"#0"},"west":{"uv":[4.8125,0.47219,6.99961,0.02133],"rotation":90,"texture":"#0"},"up":{"uv":[4.84336,0.34719,4.75,0.02133],"rotation":180,"texture":"#0"},"down":{"uv":[6.75,0.24719,6.93711,0.02133],"rotation":90,"texture":"#0"}}},{"from":[7.59391,0.64297,5.13987],"to":[8.39359,1.37001,7.25491],"rotation":{"angle":0,"axis":"y","origin":[8,8,8]},"faces":{"north":{"uv":[3.73544,0.94203,3.582,0.782],"rotation":90,"texture":"#0"},"east":{"uv":[2.332,0.99169,3.74203,0.532],"texture":"#0"},"south":{"uv":[0.032,0.032,0.968,0.968],"rotation":180,"texture":"#0"},"west":{"uv":[3.74203,0.99169,2.332,0.532],"texture":"#0"},"up":{"uv":[3.73544,0.94203,2.332,0.782],"rotation":90,"texture":"#0"},"down":{"uv":[3.73544,0.64533,2.332,0.557],"rotation":270,"texture":"#0"}}},{"from":[7.59391,0.64297,7.83987],"to":[8.39359,1.37001,11.45491],"rotation":{"angle":0,"axis":"y","origin":[8,8,8]},"faces":{"north":{"uv":[0.032,0.032,0.968,0.968],"rotation":180,"texture":"#0"},"east":{"uv":[1.032,2.74169,3.44203,2.257],"texture":"#0"},"south":{"uv":[3.44203,2.74169,3.35467,2.257],"texture":"#0"},"west":{"uv":[3.44203,2.74169,1.032,2.257],"texture":"#0"},"up":{"uv":[3.44169,2.64533,1.032,2.507],"rotation":90,"texture":"#0"},"down":{"uv":[3.44169,2.46703,1.032,2.307],"rotation":270,"texture":"#0"}}},{"from":[7.64391,0.19897,10.68387],"to":[8.36859,4.71401,11.41091],"rotation":{"angle":0,"axis":"y","origin":[8,8,8]},"faces":{"north":{"uv":[3.97867,3.49169,1.032,3.35467],"rotation":270,"texture":"#0"},"east":{"uv":[3.97867,3.032,1.032,3.49169],"rotation":270,"texture":"#0"},"south":{"uv":[3.97867,3.19169,1.032,3.032],"rotation":270,"texture":"#0"},"west":{"uv":[3.97867,3.49169,1.032,3.032],"rotation":270,"texture":"#0"},"up":{"uv":[1.24169,3.49203,1.032,3.032],"texture":"#0"},"down":{"uv":[3.99169,3.49203,3.782,3.032],"rotation":180,"texture":"#0"}}},{"from":[7.61891,0.61198,9.55413],"to":[8.36859,1.28902,11.76917],"rotation":{"angle":45,"axis":"x","origin":[8,8,8]},"faces":{"north":{"uv":[2.48369,1.72711,2.282,1.35467],"texture":"#0"},"east":{"uv":[1.032,1.72711,2.48369,1.35467],"texture":"#0"},"south":{"uv":[1.23369,1.72711,1.032,1.35467],"texture":"#0"},"west":{"uv":[2.48369,1.72711,1.032,1.35467],"texture":"#0"},"up":{"uv":[2.47711,1.73369,1.032,1.532],"rotation":90,"texture":"#0"},"down":{"uv":[2.47711,1.48369,1.032,1.35467],"rotation":270,"texture":"#0"}}},{"from":[7.08495,12.93396,2.2218],"to":[8.90255,14.20628,3.49412],"rotation":{"angle":-45,"axis":"x","origin":[8,18.125,8.325]},"faces":{"north":{"uv":[0.968,0.032,0.032,0.25],"rotation":270,"texture":"#0"},"east":{"uv":[0.968,0.968,0.032,0.032],"rotation":270,"texture":"#0"},"south":{"uv":[0.968,0.75,0.032,0.968],"rotation":270,"texture":"#0"},"west":{"uv":[0.968,0.032,0.032,0.968],"rotation":270,"texture":"#0"},"up":{"uv":[0.968,0.75,0.032,0.968],"rotation":90,"texture":"#0"},"down":{"uv":[0.968,0.032,0.032,0.25],"rotation":270,"texture":"#0"}}},{"from":[7.38495,13.32212,7.62418],"to":[8.50255,14.59444,8.8965],"rotation":{"angle":-22.5,"axis":"x","origin":[7.94375,14.00828,8.21034]},"faces":{"north":{"uv":[5.468,4.032,4.532,4.968],"rotation":270,"texture":"#0"},"east":{"uv":[5.468,4.032,4.532,4.968],"rotation":270,"texture":"#0"},"south":{"uv":[5.468,4.032,4.532,4.968],"rotation":270,"texture":"#0"},"west":{"uv":[5.468,4.032,4.532,4.968],"rotation":270,"texture":"#0"},"up":{"uv":[5.468,4.032,4.532,4.968],"rotation":270,"texture":"#0"},"down":{"uv":[5.468,4.032,4.532,4.968],"rotation":270,"texture":"#0"}}},{"from":[6.89375,8.70897,8.452],"to":[9.09375,9.80897,10.652],"rotation":{"angle":0,"axis":"y","origin":[8,8,8]},"faces":{"north":{"uv":[4.80075,3.49033,6.22992,2.782],"texture":"#0"},"east":{"uv":[4.80075,3.49033,6.22992,2.782],"texture":"#0"},"south":{"uv":[4.80075,3.49033,6.22992,2.782],"texture":"#0"},"west":{"uv":[4.80075,3.49033,6.22992,2.782],"texture":"#0"},"up":{"uv":[6.532,5.70492,7.95492,4.282],"texture":"#0"},"down":{"uv":[6.532,3.99867,7.99867,2.532],"texture":"#0"}}},{"from":[6.89375,1.16603,8.452],"to":[9.09375,2.26603,10.652],"rotation":{"angle":0,"axis":"y","origin":[8,8,8]},"faces":{"north":{"uv":[4.80075,2.782,6.22992,3.49033],"texture":"#0"},"east":{"uv":[4.80075,2.782,6.22992,3.49033],"texture":"#0"},"south":{"uv":[4.80075,2.782,6.22992,3.49033],"texture":"#0"},"west":{"uv":[4.80075,2.782,6.22992,3.49033],"texture":"#0"},"up":{"uv":[6.532,2.532,7.99867,3.99867],"texture":"#0"},"down":{"uv":[6.532,4.282,7.95492,5.70492],"texture":"#0"}}},{"from":[7.09375,1.99103,8.652],"to":[8.89375,9.09103,10.452],"rotation":{"angle":0,"axis":"y","origin":[8,8,8]},"faces":{"north":{"uv":[11.957,0.02133,11.857,4.73333],"texture":"#0"},"east":{"uv":[12.982,0.02133,11.782,4.73333],"texture":"#0"},"south":{"uv":[12.932,0.02133,12.982,4.73333],"texture":"#0"},"west":{"uv":[11.782,0.02133,12.982,4.73333],"texture":"#0"},"up":{"uv":[0.032,0.032,0.968,1],"texture":"#0"},"down":{"uv":[0.032,0.032,0.968,1],"texture":"#0"}}},{"from":[7.72811,8.79666,9.96321],"to":[8.17189,11.97951,10.40699],"rotation":{"angle":0,"axis":"y","origin":[7.95625,8.96685,11.35]},"faces":{"north":{"uv":[0.47711,5.35467,0.3875,8.2664],"texture":"#0"},"east":{"uv":[0.02133,5.35467,0.48961,8.2664],"texture":"#0"},"south":{"uv":[0.13336,5.35467,0.02133,8.2664],"texture":"#0"},"west":{"uv":[0.48961,5.35467,0.02133,8.2664],"texture":"#0"},"up":{"uv":[0.4949,5.35467,0.02133,5.432],"rotation":90,"texture":"#0"},"down":{"uv":[0.032,1,0.968,0.032],"texture":"#0"}}}],"gui_light":"front","display":{"thirdperson_righthand":{"translation":[0,8.5,1.5]},"thirdperson_lefthand":{"translation":[0,8.5,1.5]},"firstperson_righthand":{"rotation":[-8,0,0],"translation":[0,5.75,0.5],"scale":[0.65,0.65,0.65]},"firstperson_lefthand":{"rotation":[-8,0,0],"translation":[0,5.75,0.5],"scale":[0.65,0.65,0.65]},"ground":{"rotation":[0,0,42],"translation":[0,5.25,0],"scale":[0.41,0.4,0.4]},"gui":{"rotation":[-82.43,-46.02,-90.6],"translation":[1.75,2,0],"scale":[0.6,0.6,0.6]},"fixed":{"rotation":[0,93,0],"translation":[1.25,9.5,-3],"scale":[1.93359,1.93359,1.93359]}}}