{"credit":"MadewithBlockbench","texture_size":[24,24],"textures":{"0":"arsenalset:arsenalset/arsenal_sickle","particle":"arsenalset:arsenalset/arsenal_sickle"},"elements":[{"from":[7.26671,2.24067,6.62797],"to":[8.72079,3.69475,8.08205],"rotation":{"angle":0,"axis":"y","origin":[8,17.5,8]},"faces":{"north":{"uv":[1.032,0.02133,1.98264,0.96939],"texture":"#0"},"east":{"uv":[1.032,0.02133,1.98264,0.96939],"texture":"#0"},"south":{"uv":[1.0445,0.02133,1.98889,0.96939],"texture":"#0"},"west":{"uv":[1.032,0.02133,1.98264,0.96939],"texture":"#0"},"up":{"uv":[1.05075,0.03125,1.98264,0.98814],"texture":"#0"},"down":{"uv":[0.032,0.032,0.968,0.968],"texture":"#0"}}},{"from":[7.26671,7.14819,6.62797],"to":[8.72079,7.87523,8.08205],"rotation":{"angle":0,"axis":"y","origin":[8,17.5,8]},"faces":{"north":{"uv":[3.032,0.02133,3.25139,0.48469],"texture":"#0"},"east":{"uv":[2.282,0.02133,3.25139,0.48469],"texture":"#0"},"south":{"uv":[2.282,0.02133,2.50139,0.48469],"texture":"#0"},"west":{"uv":[3.25139,0.02133,2.282,0.48469],"texture":"#0"},"up":{"uv":[2.282,0.02133,3.24794,0.21939],"rotation":270,"texture":"#0"},"down":{"uv":[2.282,0.25,3.24794,0.46939],"rotation":90,"texture":"#0"}}},{"from":[7.26671,6.20682,6.62797],"to":[8.72079,6.93386,8.08205],"rotation":{"angle":0,"axis":"y","origin":[8,17.5,8]},"faces":{"north":{"uv":[3.032,0.48469,3.25139,0.02133],"texture":"#0"},"east":{"uv":[2.282,0.48469,3.25139,0.02133],"texture":"#0"},"south":{"uv":[2.282,0.48469,2.50139,0.02133],"texture":"#0"},"west":{"uv":[3.25139,0.48469,2.282,0.02133],"texture":"#0"},"up":{"uv":[3.24794,0.25,2.282,0.46939],"rotation":90,"texture":"#0"},"down":{"uv":[3.24794,0.02133,2.282,0.21939],"rotation":270,"texture":"#0"}}},{"from":[7.08495,5.6022,17.71333],"to":[8.90255,6.87452,18.98565],"rotation":{"angle":45,"axis":"x","origin":[8,17.5,8]},"faces":{"north":{"uv":[0.032,0.032,0.968,0.25],"rotation":270,"texture":"#0"},"east":{"uv":[0.032,0.968,0.968,0.032],"rotation":270,"texture":"#0"},"south":{"uv":[0.032,0.75,0.968,0.968],"rotation":270,"texture":"#0"},"west":{"uv":[0.032,0.032,0.968,0.968],"rotation":270,"texture":"#0"},"up":{"uv":[0.032,0.032,0.968,0.25],"rotation":270,"texture":"#0"},"down":{"uv":[0.032,0.75,0.968,0.968],"rotation":90,"texture":"#0"}}},{"from":[7.08495,12.30896,1.8968],"to":[8.90255,13.58128,3.16912],"rotation":{"angle":-45,"axis":"x","origin":[8,17.5,8]},"faces":{"north":{"uv":[0.968,0.032,0.032,0.25],"rotation":270,"texture":"#0"},"east":{"uv":[0.968,0.968,0.032,0.032],"rotation":270,"texture":"#0"},"south":{"uv":[0.968,0.75,0.032,0.968],"rotation":270,"texture":"#0"},"west":{"uv":[0.968,0.032,0.032,0.968],"rotation":270,"texture":"#0"},"up":{"uv":[0.968,0.75,0.032,0.968],"rotation":90,"texture":"#0"},"down":{"uv":[0.968,0.032,0.032,0.25],"rotation":270,"texture":"#0"}}},{"from":[7.26671,8.9373,6.62797],"to":[8.72079,10.39138,8.08205],"rotation":{"angle":0,"axis":"y","origin":[8,17.5,8]},"faces":{"north":{"uv":[1.032,0.96939,1.98264,0.02133],"texture":"#0"},"east":{"uv":[1.032,0.96939,1.98264,0.02133],"texture":"#0"},"south":{"uv":[1.0445,0.96939,1.98889,0.02133],"texture":"#0"},"west":{"uv":[1.032,0.96939,1.98264,0.02133],"texture":"#0"},"up":{"uv":[0.032,0.968,0.968,0.032],"texture":"#0"},"down":{"uv":[1.05075,0.98814,1.98264,0.03125],"texture":"#0"}}},{"from":[7.44847,3.38123,6.80973],"to":[8.53903,9.01579,7.90029],"rotation":{"angle":0,"axis":"y","origin":[8,17.5,8]},"faces":{"north":{"uv":[0.5,5.03837,0.64533,1.35467],"texture":"#0"},"east":{"uv":[0.02133,5.03837,0.64533,1.35467],"texture":"#0"},"south":{"uv":[0.02133,5.03837,0.17704,1.35467],"texture":"#0"},"west":{"uv":[0.64533,5.03837,0.02133,1.35467],"texture":"#0"},"up":{"uv":[0.032,0.968,0.968,0.032],"texture":"#0"},"down":{"uv":[0.032,0.968,0.968,0.032],"texture":"#0"}}},{"from":[7.38495,10.2291,5.11695],"to":[8.60255,10.60142,5.48927],"rotation":{"angle":-45,"axis":"x","origin":[8,17.5,8]},"faces":{"north":{"uv":[1.18021,2.032,1.032,2.15521],"rotation":270,"texture":"#0"},"east":{"uv":[1.18021,2.032,1.032,2.15521],"rotation":270,"texture":"#0"},"south":{"uv":[1.18021,2.032,1.032,2.15521],"rotation":270,"texture":"#0"},"west":{"uv":[1.18021,2.032,1.032,2.15521],"rotation":270,"texture":"#0"},"up":{"uv":[1.18021,2.032,1.032,2.15521],"rotation":270,"texture":"#0"},"down":{"uv":[1.18021,2.032,1.032,2.15521],"rotation":270,"texture":"#0"}}},{"from":[7.38495,10.6291,11.01073],"to":[8.60255,11.00142,11.38305],"rotation":{"angle":45,"axis":"x","origin":[8,17.5,8]},"faces":{"north":{"uv":[1.18021,2.15521,1.032,2.032],"rotation":270,"texture":"#0"},"east":{"uv":[1.18021,2.15521,1.032,2.032],"rotation":270,"texture":"#0"},"south":{"uv":[1.18021,2.15521,1.032,2.032],"rotation":270,"texture":"#0"},"west":{"uv":[1.18021,2.15521,1.032,2.032],"rotation":270,"texture":"#0"},"up":{"uv":[1.032,2.032,1.18021,2.15521],"rotation":270,"texture":"#0"},"down":{"uv":[1.032,2.032,1.18021,2.15521],"rotation":270,"texture":"#0"}}},{"from":[7.99391,14.72881,-4.72429],"to":[7.99391,24.09103,9.70275],"rotation":{"angle":0,"axis":"y","origin":[8,8,8]},"faces":{"north":{"uv":[16,0.936,15.282,0],"rotation":270,"texture":"#0"},"east":{"uv":[7.24148,6.282,1,15.90003],"rotation":270,"texture":"#0"},"south":{"uv":[16,0.936,15.282,0],"rotation":270,"texture":"#0"},"west":{"uv":[7.24148,15.90003,1,6.282],"rotation":270,"texture":"#0"},"up":{"uv":[16,0.936,15.282,0],"rotation":270,"texture":"#0"},"down":{"uv":[16,0.936,15.282,0],"rotation":270,"texture":"#0"}}},{"from":[7.99391,-2.32119,5.97571],"to":[7.99391,3.04103,12.40275],"rotation":{"angle":0,"axis":"y","origin":[8,17.5,8]},"faces":{"north":{"uv":[16,0.936,15.282,0],"rotation":270,"texture":"#0"},"east":{"uv":[15.97867,5.032,12.42519,9.31669],"rotation":270,"texture":"#0"},"south":{"uv":[16,0.936,15.282,0],"rotation":270,"texture":"#0"},"west":{"uv":[15.97867,9.31669,12.42519,5.032],"rotation":270,"texture":"#0"},"up":{"uv":[16,0.936,15.282,0],"rotation":270,"texture":"#0"},"down":{"uv":[16,0.936,15.282,0],"rotation":270,"texture":"#0"}}},{"from":[7.99391,-2.32119,2.49725],"to":[7.99391,3.04103,8.92429],"rotation":{"angle":0,"axis":"y","origin":[8,17.5,8]},"faces":{"north":{"uv":[16,0.936,15.282,0],"rotation":270,"texture":"#0"},"east":{"uv":[16,9.31669,12.42519,5.032],"rotation":270,"texture":"#0"},"south":{"uv":[16,0.936,15.282,0],"rotation":270,"texture":"#0"},"west":{"uv":[16,5.032,12.42519,9.31669],"rotation":270,"texture":"#0"},"up":{"uv":[16,0.936,15.282,0],"rotation":270,"texture":"#0"},"down":{"uv":[16,0.936,15.282,0],"rotation":270,"texture":"#0"}}},{"from":[7.49391,21.67571,-0.64385],"to":[8.49359,22.40275,9.17119],"rotation":{"angle":0,"axis":"y","origin":[8,8,8]},"faces":{"north":{"uv":[4.84336,0.02133,4.75,0.34719],"texture":"#0"},"east":{"uv":[11.29336,0.02133,4.75,0.47219],"texture":"#0"},"south":{"uv":[0.032,0.032,0.968,0.968],"texture":"#0"},"west":{"uv":[11.29336,0.47219,4.75,0.02133],"rotation":180,"texture":"#0"},"up":{"uv":[11.29336,0.24719,4.75,0.02133],"rotation":270,"texture":"#0"},"down":{"uv":[11.29336,0.24719,4.75,0.02133],"rotation":90,"texture":"#0"}}},{"from":[7.54391,19.38385,-3.6504],"to":[8.44359,22.19889,-2.92336],"rotation":{"angle":45,"axis":"x","origin":[7.99375,18.66637,-1.91188]},"faces":{"north":{"uv":[4.8125,0.24719,6.99961,0.02133],"rotation":90,"texture":"#0"},"east":{"uv":[4.8125,0.02133,6.99961,0.47219],"rotation":90,"texture":"#0"},"south":{"uv":[4.80625,0.47844,6.99336,0.25258],"rotation":90,"texture":"#0"},"west":{"uv":[4.8125,0.47219,6.99961,0.02133],"rotation":90,"texture":"#0"},"up":{"uv":[4.84336,0.34719,4.75,0.02133],"rotation":180,"texture":"#0"},"down":{"uv":[6.75,0.24719,6.93711,0.02133],"rotation":90,"texture":"#0"}}},{"from":[7.59391,10.14297,5.13987],"to":[8.39359,10.87001,7.25491],"rotation":{"angle":0,"axis":"y","origin":[8,17.5,8]},"faces":{"north":{"uv":[3.73544,0.94203,3.582,0.782],"rotation":90,"texture":"#0"},"east":{"uv":[2.332,0.99169,3.74203,0.532],"texture":"#0"},"south":{"uv":[0.032,0.032,0.968,0.968],"rotation":180,"texture":"#0"},"west":{"uv":[3.74203,0.99169,2.332,0.532],"texture":"#0"},"up":{"uv":[3.73544,0.94203,2.332,0.782],"rotation":90,"texture":"#0"},"down":{"uv":[3.73544,0.64533,2.332,0.557],"rotation":270,"texture":"#0"}}},{"from":[7.59391,10.14297,7.83987],"to":[8.39359,10.87001,11.45491],"rotation":{"angle":0,"axis":"y","origin":[8,17.5,8]},"faces":{"north":{"uv":[0.032,0.032,0.968,0.968],"rotation":180,"texture":"#0"},"east":{"uv":[1.032,2.74169,3.44203,2.257],"texture":"#0"},"south":{"uv":[3.44203,2.74169,3.35467,2.257],"texture":"#0"},"west":{"uv":[3.44203,2.74169,1.032,2.257],"texture":"#0"},"up":{"uv":[3.44169,2.64533,1.032,2.507],"rotation":90,"texture":"#0"},"down":{"uv":[3.44169,2.46703,1.032,2.307],"rotation":270,"texture":"#0"}}},{"from":[7.64391,9.69897,10.68387],"to":[8.36859,14.21401,11.41091],"rotation":{"angle":0,"axis":"y","origin":[8,17.5,8]},"faces":{"north":{"uv":[3.97867,3.49169,1.032,3.35467],"rotation":270,"texture":"#0"},"east":{"uv":[3.97867,3.032,1.032,3.49169],"rotation":270,"texture":"#0"},"south":{"uv":[3.97867,3.19169,1.032,3.032],"rotation":270,"texture":"#0"},"west":{"uv":[3.97867,3.49169,1.032,3.032],"rotation":270,"texture":"#0"},"up":{"uv":[1.24169,3.49203,1.032,3.032],"texture":"#0"},"down":{"uv":[3.99169,3.49203,3.782,3.032],"rotation":180,"texture":"#0"}}},{"from":[7.61891,10.11198,9.55413],"to":[8.36859,10.78902,11.76917],"rotation":{"angle":45,"axis":"x","origin":[8,17.5,8]},"faces":{"north":{"uv":[2.48369,1.72711,2.282,1.35467],"texture":"#0"},"east":{"uv":[1.032,1.72711,2.48369,1.35467],"texture":"#0"},"south":{"uv":[1.23369,1.72711,1.032,1.35467],"texture":"#0"},"west":{"uv":[2.48369,1.72711,1.032,1.35467],"texture":"#0"},"up":{"uv":[2.47711,1.73369,1.032,1.532],"rotation":90,"texture":"#0"},"down":{"uv":[2.47711,1.48369,1.032,1.35467],"rotation":270,"texture":"#0"}}},{"from":[7.49391,12.03441,8.59347],"to":[8.49359,21.84945,9.32051],"rotation":{"angle":0,"axis":"y","origin":[8,8,8]},"faces":{"north":{"uv":[11.32536,2.19169,4.782,2.007],"rotation":270,"texture":"#0"},"east":{"uv":[11.32536,1.757,4.782,2.24169],"rotation":270,"texture":"#0"},"south":{"uv":[11.32536,1.94169,4.782,1.757],"rotation":270,"texture":"#0"},"west":{"uv":[11.32536,2.24169,4.782,1.757],"rotation":270,"texture":"#0"},"up":{"uv":[0.032,0.032,0.968,0.968],"rotation":180,"texture":"#0"},"down":{"uv":[0.032,0.032,0.968,0.968],"texture":"#0"}}},{"from":[7.08495,24.00896,3.4968],"to":[8.90255,25.28128,4.76912],"rotation":{"angle":-45,"axis":"x","origin":[8,29.2,9.6]},"faces":{"north":{"uv":[0.968,0.032,0.032,0.25],"rotation":270,"texture":"#0"},"east":{"uv":[0.968,0.968,0.032,0.032],"rotation":270,"texture":"#0"},"south":{"uv":[0.968,0.75,0.032,0.968],"rotation":270,"texture":"#0"},"west":{"uv":[0.968,0.032,0.032,0.968],"rotation":270,"texture":"#0"},"up":{"uv":[0.968,0.75,0.032,0.968],"rotation":90,"texture":"#0"},"down":{"uv":[0.968,0.032,0.032,0.25],"rotation":270,"texture":"#0"}}},{"from":[7.44847,9.0752,5.0554],"to":[8.53903,12.0288,6.10052],"rotation":{"angle":45,"axis":"x","origin":[8,8,8]},"faces":{"north":{"uv":[6.75107,1.47875,4.782,1.35467],"rotation":270,"texture":"#0"},"east":{"uv":[6.75107,0.782,4.782,1.47875],"rotation":270,"texture":"#0"},"south":{"uv":[6.75107,0.97875,4.782,0.782],"rotation":270,"texture":"#0"},"west":{"uv":[6.75107,1.47875,4.782,0.782],"rotation":270,"texture":"#0"},"up":{"uv":[4.95107,1.47875,4.782,0.782],"rotation":270,"texture":"#0"},"down":{"uv":[4.95107,1.47875,4.782,0.782],"rotation":270,"texture":"#0"}}},{"from":[7.62315,18.36673,9.1814],"to":[8.36435,18.81533,10.5226],"rotation":{"angle":0,"axis":"y","origin":[8,8,8]},"faces":{"north":{"uv":[0.032,0.032,0.968,5.968],"texture":"#0"},"east":{"uv":[2.17613,4.032,1.35467,4.33107],"texture":"#0"},"south":{"uv":[2.032,4.032,2.17613,4.33107],"texture":"#0"},"west":{"uv":[1.35467,4.032,2.17613,4.33107],"texture":"#0"},"up":{"uv":[1.35467,4.032,2.17482,4.17613],"rotation":90,"texture":"#0"},"down":{"uv":[1.35467,4.032,2.17482,4.17613],"rotation":270,"texture":"#0"}}},{"from":[7.62315,19.36673,9.1814],"to":[8.36435,19.81533,10.5226],"rotation":{"angle":0,"axis":"y","origin":[8,8,8]},"faces":{"north":{"uv":[0.032,0.032,0.968,5.968],"texture":"#0"},"east":{"uv":[2.17613,4.032,1.35467,4.33107],"texture":"#0"},"south":{"uv":[2.032,4.032,2.17613,4.33107],"texture":"#0"},"west":{"uv":[1.35467,4.032,2.17613,4.33107],"texture":"#0"},"up":{"uv":[1.35467,4.032,2.17482,4.17613],"rotation":90,"texture":"#0"},"down":{"uv":[1.35467,4.032,2.17482,4.17613],"rotation":270,"texture":"#0"}}},{"from":[7.77186,16.4298,19.36801],"to":[8.21564,19.61266,19.81179],"rotation":{"angle":-45,"axis":"x","origin":[8,8,8]},"faces":{"north":{"uv":[0.02133,5.35467,0.13336,8.2664],"texture":"#0"},"east":{"uv":[0.48961,5.35467,0.02133,8.2664],"texture":"#0"},"south":{"uv":[0.3875,5.35467,0.47711,8.2664],"texture":"#0"},"west":{"uv":[0.02133,5.35467,0.48961,8.2664],"texture":"#0"},"up":{"uv":[0.02133,5.35467,0.4949,5.432],"rotation":90,"texture":"#0"},"down":{"uv":[0.02133,8.25467,0.4949,8.2695],"rotation":270,"texture":"#0"}}},{"from":[7.78073,19.25512,9.95652],"to":[8.20677,22.31066,10.38255],"rotation":{"angle":0,"axis":"y","origin":[7.99375,20.65789,10.16954]},"faces":{"north":{"uv":[0.02133,5.35467,0.13336,8.2664],"texture":"#0"},"east":{"uv":[0.48961,5.35467,0.02133,8.2664],"texture":"#0"},"south":{"uv":[0.3875,5.35467,0.47711,8.2664],"texture":"#0"},"west":{"uv":[0.02133,5.35467,0.48961,8.2664],"texture":"#0"},"up":{"uv":[0.02133,5.35467,0.4949,5.432],"rotation":90,"texture":"#0"},"down":{"uv":[0.02133,8.25467,0.4949,8.2695],"rotation":270,"texture":"#0"}}},{"from":[7.78073,16.19958,9.95652],"to":[8.20677,19.25512,10.38255],"rotation":{"angle":0,"axis":"y","origin":[7.99375,20.67435,10.16954]},"faces":{"north":{"uv":[0.02133,5.35467,0.13336,8.2664],"texture":"#0"},"east":{"uv":[0.48961,5.35467,0.02133,8.2664],"texture":"#0"},"south":{"uv":[0.3875,5.35467,0.47711,8.2664],"texture":"#0"},"west":{"uv":[0.02133,5.35467,0.48961,8.2664],"texture":"#0"},"up":{"uv":[0.02133,5.35467,0.4949,5.432],"rotation":90,"texture":"#0"},"down":{"uv":[0.02133,8.25467,0.4949,8.2695],"rotation":270,"texture":"#0"}}},{"from":[6.89375,16.88397,9.502],"to":[9.09375,17.98397,11.702],"rotation":{"angle":0,"axis":"y","origin":[8,8,8]},"faces":{"north":{"uv":[4.80075,3.49033,6.22992,2.782],"texture":"#0"},"east":{"uv":[4.80075,3.49033,6.22992,2.782],"texture":"#0"},"south":{"uv":[4.80075,3.49033,6.22992,2.782],"texture":"#0"},"west":{"uv":[4.80075,3.49033,6.22992,2.782],"texture":"#0"},"up":{"uv":[6.532,5.70492,7.95492,4.282],"texture":"#0"},"down":{"uv":[6.532,3.99867,7.99867,2.532],"texture":"#0"}}},{"from":[6.89375,9.41603,9.502],"to":[9.09375,10.51603,11.702],"rotation":{"angle":0,"axis":"y","origin":[8,8,8]},"faces":{"north":{"uv":[4.80075,2.782,6.22992,3.49033],"texture":"#0"},"east":{"uv":[4.80075,2.782,6.22992,3.49033],"texture":"#0"},"south":{"uv":[4.80075,2.782,6.22992,3.49033],"texture":"#0"},"west":{"uv":[4.80075,2.782,6.22992,3.49033],"texture":"#0"},"up":{"uv":[6.532,2.532,7.99867,3.99867],"texture":"#0"},"down":{"uv":[6.532,4.282,7.95492,5.70492],"texture":"#0"}}},{"from":[7.09375,10.16603,9.702],"to":[8.89375,17.26603,11.502],"rotation":{"angle":0,"axis":"y","origin":[8,8,8]},"faces":{"north":{"uv":[11.957,0.02133,11.857,4.73333],"texture":"#0"},"east":{"uv":[12.982,0.02133,11.782,4.73333],"texture":"#0"},"south":{"uv":[12.932,0.02133,12.982,4.73333],"texture":"#0"},"west":{"uv":[11.782,0.02133,12.982,4.73333],"texture":"#0"},"up":{"uv":[0.032,0.032,0.968,1],"texture":"#0"},"down":{"uv":[0.032,0.032,0.968,1],"texture":"#0"}}}],"gui_light":"front","display":{"thirdperson_righthand":{"translation":[0,0.25,1.5]},"thirdperson_lefthand":{"translation":[0,0.25,1.5]},"firstperson_righthand":{"rotation":[-8,0,0],"translation":[2.25,1.5,0.5],"scale":[0.65,0.65,0.65]},"firstperson_lefthand":{"rotation":[-8,0,0],"translation":[2.25,1.5,0.5],"scale":[0.65,0.65,0.65]},"ground":{"rotation":[0,0,42],"translation":[0,5.25,0],"scale":[0.41,0.4,0.4]},"gui":{"rotation":[-82.43,-46.02,-90.6],"translation":[-2.75,-0.75,0],"scale":[0.6,0.6,0.6]},"fixed":{"rotation":[0,93,0],"translation":[7.25,-5.75,-3],"scale":[1.93359,1.93359,1.93359]}}}