{"credit":"MadewithBlockbench","parent":"./cit_item","texture_size":[64,64],"textures":{"6":"decorations:acacia_cabinet"},"elements":[{"from":[0,15,7],"to":[16,16,8],"faces":{"north":{"uv":[9.25,7.75,13.25,8],"texture":"#6"},"east":{"uv":[12.75,3.25,13,3.5],"texture":"#6"},"south":{"uv":[9.25,9.75,13.25,10],"texture":"#6"},"west":{"uv":[12.75,4,13,4.25],"texture":"#6"},"up":{"uv":[13.25,10.25,9.25,10],"texture":"#6"},"down":{"uv":[13.25,10.25,9.25,10.5],"texture":"#6"}}},{"from":[0,0,15],"to":[16,16,16],"faces":{"north":{"uv":[0,0,4,4],"texture":"#6"},"east":{"uv":[3.5,8,3.75,12],"texture":"#6"},"south":{"uv":[0,4,4,8],"texture":"#6"},"west":{"uv":[3.75,8,4,12],"texture":"#6"},"up":{"uv":[13.25,10.75,9.25,10.5],"texture":"#6"},"down":{"uv":[13.25,10.75,9.25,11],"texture":"#6"}}},{"from":[0,0,8],"to":[1,16,15],"faces":{"north":{"uv":[4,10.5,4.25,14.5],"texture":"#6"},"east":{"uv":[4,6.5,5.75,10.5],"texture":"#6"},"south":{"uv":[4.25,10.5,4.5,14.5],"texture":"#6"},"west":{"uv":[5.75,6.5,7.5,10.5],"texture":"#6"},"up":{"uv":[11.25,6.75,11,5],"texture":"#6"},"down":{"uv":[11.25,8,11,9.75],"texture":"#6"}}},{"from":[15,0,8],"to":[16,16,15],"faces":{"north":{"uv":[4.5,10.5,4.75,14.5],"texture":"#6"},"east":{"uv":[7.5,0,9.25,4],"texture":"#6"},"south":{"uv":[4.75,10.5,5,14.5],"texture":"#6"},"west":{"uv":[7.5,4,9.25,8],"texture":"#6"},"up":{"uv":[11.5,6.75,11.25,5],"texture":"#6"},"down":{"uv":[11.5,8,11.25,9.75],"texture":"#6"}}},{"from":[1,0,8],"to":[15,1,15],"faces":{"north":{"uv":[11,3.5,14.5,3.75],"texture":"#6"},"east":{"uv":[11.5,5,13.25,5.25],"texture":"#6"},"south":{"uv":[11,3.75,14.5,4],"texture":"#6"},"west":{"uv":[11.5,5.25,13.25,5.5],"texture":"#6"},"up":{"uv":[3.5,9.75,0,8],"texture":"#6"},"down":{"uv":[11,8,7.5,9.75],"texture":"#6"}}},{"from":[1,14,8],"to":[15,16,15],"faces":{"north":{"uv":[9.25,6.75,12.75,7.25],"texture":"#6"},"east":{"uv":[5,10.5,6.75,11],"texture":"#6"},"south":{"uv":[9.25,7.25,12.75,7.75],"texture":"#6"},"west":{"uv":[11,4,12.75,4.5],"texture":"#6"},"up":{"uv":[12.75,1.75,9.25,0],"texture":"#6"},"down":{"uv":[12.75,1.75,9.25,3.5],"texture":"#6"}}},{"name":"shadow","from":[1,1,8],"to":[15,14.1,9],"faces":{"north":{"uv":[4,0,7.5,3.25],"texture":"#6"},"east":{"uv":[6.75,10.5,7,13.75],"texture":"#6"},"south":{"uv":[4,3.25,7.5,6.5],"texture":"#6"},"west":{"uv":[7,10.5,7.25,13.75],"texture":"#6"},"up":{"uv":[14.5,4.75,11,4.5],"texture":"#6"},"down":{"uv":[14.5,4.75,11,5],"texture":"#6"}}},{"from":[1,1,7.5],"to":[7.5,14,8.5],"faces":{"north":{"uv":[9.25,3.5,11,6.75],"texture":"#6"},"east":{"uv":[7.25,10.5,7.5,13.75],"texture":"#6"},"south":{"uv":[0,9.75,1.75,13],"texture":"#6"},"west":{"uv":[5,11,5.25,14.25],"texture":"#6"},"up":{"uv":[13.25,5.75,11.5,5.5],"texture":"#6"},"down":{"uv":[13.25,5.75,11.5,6],"texture":"#6"}}},{"from":[8.4,1,7.5],"to":[15,14,8.5],"faces":{"north":{"uv":[1.75,9.75,3.5,13],"texture":"#6"},"east":{"uv":[5.25,11,5.5,14.25],"texture":"#6"},"south":{"uv":[7.5,9.75,9.25,13],"texture":"#6"},"west":{"uv":[5.5,11,5.75,14.25],"texture":"#6"},"up":{"uv":[13.25,6.25,11.5,6],"texture":"#6"},"down":{"uv":[13.25,6.25,11.5,6.5],"texture":"#6"}}},{"from":[1.7,2,7.3],"to":[6.7,2.6,7.8],"faces":{"north":{"uv":[11.5,6.5,12.75,6.75],"texture":"#6"},"east":{"uv":[12.75,4.25,13,4.5],"texture":"#6"},"south":{"uv":[11.5,8,12.75,8.25],"texture":"#6"},"west":{"uv":[12.75,7.25,13,7.5],"texture":"#6"},"up":{"uv":[12.75,8.5,11.5,8.25],"texture":"#6"},"down":{"uv":[12.75,8.5,11.5,8.75],"texture":"#6"}}},{"from":[6.1,2.6,7.3],"to":[6.7,12.6,7.8],"faces":{"north":{"uv":[5.75,11,6,13.5],"texture":"#6"},"east":{"uv":[6,11,6.25,13.5],"texture":"#6"},"south":{"uv":[6.25,11,6.5,13.5],"texture":"#6"},"west":{"uv":[6.5,11,6.75,13.5],"texture":"#6"},"up":{"uv":[13,7.75,12.75,7.5],"texture":"#6"},"down":{"uv":[13,8.75,12.75,9],"texture":"#6"}}},{"from":[1.7,12.6,7.3],"to":[6.7,13.2,7.8],"faces":{"north":{"uv":[11.5,8.75,12.75,9],"texture":"#6"},"east":{"uv":[12.75,9,13,9.25],"texture":"#6"},"south":{"uv":[11.5,9,12.75,9.25],"texture":"#6"},"west":{"uv":[12.75,9.25,13,9.5],"texture":"#6"},"up":{"uv":[12.75,9.5,11.5,9.25],"texture":"#6"},"down":{"uv":[12.75,9.5,11.5,9.75],"texture":"#6"}}},{"from":[1.7,2.6,7.3],"to":[2.3,12.6,7.8],"faces":{"north":{"uv":[9.25,11,9.5,13.5],"texture":"#6"},"east":{"uv":[9.5,11,9.75,13.5],"texture":"#6"},"south":{"uv":[9.75,11,10,13.5],"texture":"#6"},"west":{"uv":[10,11,10.25,13.5],"texture":"#6"},"up":{"uv":[13,9.75,12.75,9.5],"texture":"#6"},"down":{"uv":[12.25,12.75,12,13],"texture":"#6"}}},{"from":[13.5,2.6,7.3],"to":[14.1,12.6,7.8],"faces":{"north":{"uv":[10.25,11,10.5,13.5],"texture":"#6"},"east":{"uv":[10.5,11,10.75,13.5],"texture":"#6"},"south":{"uv":[10.75,11,11,13.5],"texture":"#6"},"west":{"uv":[11,11,11.25,13.5],"texture":"#6"},"up":{"uv":[12.5,13,12.25,12.75],"texture":"#6"},"down":{"uv":[12.75,12.75,12.5,13],"texture":"#6"}}},{"from":[9.1,12.6,7.3],"to":[14.1,13.2,7.8],"faces":{"north":{"uv":[12,11,13.25,11.25],"texture":"#6"},"east":{"uv":[12.75,12.75,13,13],"texture":"#6"},"south":{"uv":[12,11.25,13.25,11.5],"texture":"#6"},"west":{"uv":[0,13,0.25,13.25],"texture":"#6"},"up":{"uv":[13.25,11.75,12,11.5],"texture":"#6"},"down":{"uv":[13.25,11.75,12,12],"texture":"#6"}}},{"from":[9.1,2.6,7.3],"to":[9.7,12.6,7.8],"faces":{"north":{"uv":[11.25,11,11.5,13.5],"texture":"#6"},"east":{"uv":[11.5,11,11.75,13.5],"texture":"#6"},"south":{"uv":[11.75,11,12,13.5],"texture":"#6"},"west":{"uv":[3.5,12,3.75,14.5],"texture":"#6"},"up":{"uv":[0.5,13.25,0.25,13],"texture":"#6"},"down":{"uv":[13.25,0.25,13,0.5],"texture":"#6"}}},{"from":[9.1,2,7.3],"to":[14.1,2.6,7.8],"faces":{"north":{"uv":[12,12,13.25,12.25],"texture":"#6"},"east":{"uv":[0.5,13,0.75,13.25],"texture":"#6"},"south":{"uv":[12,12.25,13.25,12.5],"texture":"#6"},"west":{"uv":[13,0.5,13.25,0.75],"texture":"#6"},"up":{"uv":[13.25,12.75,12,12.5],"texture":"#6"},"down":{"uv":[14,0,12.75,0.25],"texture":"#6"}}},{"from":[9.1,9,6.7],"to":[9.7,9.6,7.7],"faces":{"north":{"uv":[0.75,13,1,13.25],"texture":"#6"},"east":{"uv":[13,0.75,13.25,1],"texture":"#6"},"south":{"uv":[1,13,1.25,13.25],"texture":"#6"},"west":{"uv":[13,1,13.25,1.25],"texture":"#6"},"up":{"uv":[1.5,13.25,1.25,13],"texture":"#6"},"down":{"uv":[13.25,1.25,13,1.5],"texture":"#6"}}},{"from":[9.1,6.3,6.4],"to":[9.7,9.3,6.8],"faces":{"north":{"uv":[3.75,12,4,12.75],"texture":"#6"},"east":{"uv":[12.75,0.25,13,1],"texture":"#6"},"south":{"uv":[12.75,1,13,1.75],"texture":"#6"},"west":{"uv":[12.75,1.75,13,2.5],"texture":"#6"},"up":{"uv":[1.75,13.25,1.5,13],"texture":"#6"},"down":{"uv":[13.25,1.5,13,1.75],"texture":"#6"}}},{"from":[9.1,6,6.7],"to":[9.7,6.6,7.7],"faces":{"north":{"uv":[1.75,13,2,13.25],"texture":"#6"},"east":{"uv":[13,1.75,13.25,2],"texture":"#6"},"south":{"uv":[2,13,2.25,13.25],"texture":"#6"},"west":{"uv":[13,2,13.25,2.25],"texture":"#6"},"up":{"uv":[2.5,13.25,2.25,13],"texture":"#6"},"down":{"uv":[13.25,2.25,13,2.5],"texture":"#6"}}},{"from":[6.1,6,6.7],"to":[6.7,6.6,7.7],"faces":{"north":{"uv":[2.5,13,2.75,13.25],"texture":"#6"},"east":{"uv":[13,2.5,13.25,2.75],"texture":"#6"},"south":{"uv":[2.75,13,3,13.25],"texture":"#6"},"west":{"uv":[13,2.75,13.25,3],"texture":"#6"},"up":{"uv":[3.25,13.25,3,13],"texture":"#6"},"down":{"uv":[13.25,3,13,3.25],"texture":"#6"}}},{"from":[6.1,6.3,6.4],"to":[6.7,9.3,6.8],"faces":{"north":{"uv":[12.75,2.5,13,3.25],"texture":"#6"},"east":{"uv":[3.75,12.75,4,13.5],"texture":"#6"},"south":{"uv":[12.75,6.5,13,7.25],"texture":"#6"},"west":{"uv":[12.75,8,13,8.75],"texture":"#6"},"up":{"uv":[3.5,13.25,3.25,13],"texture":"#6"},"down":{"uv":[13.25,3.25,13,3.5],"texture":"#6"}}},{"from":[6.1,9,6.7],"to":[6.7,9.6,7.7],"faces":{"north":{"uv":[13,4,13.25,4.25],"texture":"#6"},"east":{"uv":[13,4.25,13.25,4.5],"texture":"#6"},"south":{"uv":[13,6.5,13.25,6.75],"texture":"#6"},"west":{"uv":[13,6.75,13.25,7],"texture":"#6"},"up":{"uv":[13.25,7.25,13,7],"texture":"#6"},"down":{"uv":[13.25,7.25,13,7.5],"texture":"#6"}}}],"display":{"thirdperson_righthand":{"rotation":[75,45,0],"translation":[0,2.5,0],"scale":[0.375,0.375,0.375]},"thirdperson_lefthand":{"rotation":[75,45,0],"translation":[0,2.5,0],"scale":[0.375,0.375,0.375]},"firstperson_righthand":{"rotation":[0,45,0],"scale":[0.4,0.4,0.4]},"firstperson_lefthand":{"rotation":[0,225,0],"scale":[0.4,0.4,0.4]},"ground":{"scale":[0.5,0.5,0.5]},"gui":{"rotation":[30,225,0],"scale":[0.625,0.625,0.625]},"head":{"translation":[0,14.25,0]},"fixed":{"translation":[-15.5,15.75,-15.25],"scale":[4,4,2.00977]}},"groups":[{"name":"Shelf","origin":[8,8,8],"color":0,"children":[0,1,2,3,4,5]},{"name":"counter_dark1","origin":[8,8,8],"color":0,"children":[6,{"name":"VerticleDoors","origin":[8,8,8],"color":0,"children":[7,8,9,10,11,12,13,14,15,16,{"name":"Handles","origin":[8,8,8],"color":0,"children":[17,18,19,20,21,22]}]}]}]}