{"credit":"MadewithBlockbench","texture_size":[128,128],"textures":{"0":"decorations:auctions_sign","particle":"decorations:auctions_sign"},"elements":[{"from":[0,0,6.5],"to":[16,28.5,9.5],"faces":{"north":{"uv":[0,8.25,4,15.375],"texture":"#0"},"east":{"uv":[0,8.25,0.75,15.375],"texture":"#0"},"south":{"uv":[0,8.25,4,15.375],"texture":"#0"},"west":{"uv":[0,8.25,0.75,15.375],"texture":"#0"},"down":{"uv":[4,0,8,0.75],"texture":"#0"}}}],"display":{"firstperson_righthand":{"translation":[0,0,1.25],"scale":[0.2,0.2,0.2]},"firstperson_lefthand":{"translation":[0,0,1.25],"scale":[0.2,0.2,0.2]},"gui":{"scale":[1,0.43555,1]},"head":{"translation":[0,-31,0],"scale":[2,2,2]},"fixed":{"rotation":[-90,0,0],"translation":[0,0,-19],"scale":[2,2.25,2]}}}