{"credit":"MadewithBlockbench","texture_size":[128,128],"textures":{"0":"decorations:auctions_sign","particle":"decorations:auctions_sign"},"elements":[{"from":[0,0,6.5],"to":[16,29,9.5],"faces":{"north":{"uv":[0,0,4,8.125],"texture":"#0"},"east":{"uv":[3.25,0,4,8.1125],"texture":"#0"},"south":{"uv":[0,0,4,8.125],"texture":"#0"},"west":{"uv":[3.25,0,4,8.1125],"texture":"#0"},"up":{"uv":[0,0,4,0.5875],"texture":"#0"}}}],"display":{"firstperson_righthand":{"scale":[0.2,0.2,0.2]},"gui":{"translation":[0,-2.25,0],"scale":[0.83203,0.41406,1]},"head":{"translation":[0,-30,0],"scale":[2,2,2]},"fixed":{"rotation":[-90,0,0],"translation":[0,0,-19],"scale":[2,2.25,2]}}}