{"credit":"MadewithBlockbench","texture_size":[128,128],"textures":{"0":"decorations:banner"},"elements":[{"from":[-8,-16,1],"to":[24,30,1],"faces":{"north":{"uv":[6,0,0,8],"texture":"#0"},"east":{"uv":[0,0,0,8],"texture":"#0"},"south":{"uv":[6,0,12,8],"texture":"#0"},"west":{"uv":[0,0,0,8],"texture":"#0"},"up":{"uv":[6,0,0,0],"texture":"#0"},"down":{"uv":[6,0,0,0],"texture":"#0"}}},{"from":[-10,29,0],"to":[26,31,2],"faces":{"north":{"uv":[0,8,7,8.25],"texture":"#0"},"east":{"uv":[8.5,8.5,8.75,8.75],"texture":"#0"},"south":{"uv":[7,8,14,8.25],"texture":"#0"},"west":{"uv":[8.5,8.75,8.75,9],"texture":"#0"},"up":{"uv":[7,8.5,0,8.25],"texture":"#0"},"down":{"uv":[14,8.25,7,8.5],"texture":"#0"}}},{"from":[-13,28,-1],"to":[-10,32,3],"faces":{"north":{"uv":[2,8.5,2.375,9],"texture":"#0"},"east":{"uv":[0,8.5,0.5,9],"texture":"#0"},"south":{"uv":[2.375,8.5,2.75,9],"texture":"#0"},"west":{"uv":[0.5,8.5,1,9],"texture":"#0"},"up":{"uv":[3.125,9,2.75,8.5],"texture":"#0"},"down":{"uv":[3.5,8.5,3.125,9],"texture":"#0"}}},{"from":[25,28,-1],"to":[28,32,3],"faces":{"north":{"uv":[3.5,8.5,3.875,9],"texture":"#0"},"east":{"uv":[1,8.5,1.5,9],"texture":"#0"},"south":{"uv":[3.875,8.5,4.25,9],"texture":"#0"},"west":{"uv":[1.5,8.5,2,9],"texture":"#0"},"up":{"uv":[4.625,9,4.25,8.5],"texture":"#0"},"down":{"uv":[5,8.5,4.625,9],"texture":"#0"}}},{"from":[-15,28.5,-0.5],"to":[-13,31.5,2.5],"faces":{"north":{"uv":[6.5,8.5,6.75,8.875],"texture":"#0"},"east":{"uv":[5,8.5,5.375,8.875],"texture":"#0"},"south":{"uv":[6.75,8.5,7,8.875],"texture":"#0"},"west":{"uv":[5.375,8.5,5.75,8.875],"texture":"#0"},"up":{"uv":[7.25,8.875,7,8.5],"texture":"#0"},"down":{"uv":[7.5,8.5,7.25,8.875],"texture":"#0"}}},{"from":[-16,29,0],"to":[-15,31,2],"faces":{"north":{"uv":[5.5,8.875,5.625,9.125],"texture":"#0"},"east":{"uv":[8.75,8.5,9,8.75],"texture":"#0"},"south":{"uv":[5.625,8.875,5.75,9.125],"texture":"#0"},"west":{"uv":[8.75,8.75,9,9],"texture":"#0"},"up":{"uv":[5.875,9.125,5.75,8.875],"texture":"#0"},"down":{"uv":[6,8.875,5.875,9.125],"texture":"#0"}}},{"from":[30,29.1,0],"to":[31,31.1,2],"faces":{"north":{"uv":[6,8.875,6.125,9.125],"texture":"#0"},"east":{"uv":[5,8.875,5.25,9.125],"texture":"#0"},"south":{"uv":[6.125,8.875,6.25,9.125],"texture":"#0"},"west":{"uv":[5.25,8.875,5.5,9.125],"texture":"#0"},"up":{"uv":[6.375,9.125,6.25,8.875],"texture":"#0"},"down":{"uv":[6.5,8.875,6.375,9.125],"texture":"#0"}}},{"from":[28,28.6,-0.5],"to":[30,31.6,2.5],"faces":{"north":{"uv":[7.5,8.5,7.75,8.875],"texture":"#0"},"east":{"uv":[5.75,8.5,6.125,8.875],"texture":"#0"},"south":{"uv":[7.75,8.5,8,8.875],"texture":"#0"},"west":{"uv":[6.125,8.5,6.5,8.875],"texture":"#0"},"up":{"uv":[8.25,8.875,8,8.5],"texture":"#0"},"down":{"uv":[8.5,8.5,8.25,8.875],"texture":"#0"}}}],"display":{"thirdperson_righthand":{"scale":[0.26,0.26,0]},"thirdperson_lefthand":{"scale":[0.26,0.26,0]},"firstperson_righthand":{"scale":[0.23,0.23,0.23]},"firstperson_lefthand":{"scale":[0.23,0.23,0.23]},"ground":{"scale":[0.1,0.1,0.1]},"gui":{"scale":[0.33789,0.28125,0.5]},"head":{"translation":[-0.75,-80,0],"scale":[3,4,1]},"fixed":{"translation":[0.5,-77,12.5],"scale":[4,4,2]}}}