{"credit":"MadewithBlockbench","texture_size":[64,64],"textures":{"6":"decorations:bed_iron_white","particle":"decorations:bed_iron_white"},"elements":[{"from":[-1,0,-2],"to":[0,11,-1],"faces":{"north":{"uv":[5.5,11.75,5.75,14.5],"texture":"#6"},"east":{"uv":[5.75,11.75,6,14.5],"texture":"#6"},"south":{"uv":[10.5,12,10.75,14.75],"texture":"#6"},"west":{"uv":[10.75,12,11,14.75],"texture":"#6"},"up":{"uv":[9.5,4.75,9.25,4.5],"texture":"#6"},"down":{"uv":[14.5,5,14.25,5.25],"texture":"#6"}}},{"from":[16,0,-2],"to":[17,11,-1],"faces":{"north":{"uv":[11,12,11.25,14.75],"texture":"#6"},"east":{"uv":[11.25,12,11.5,14.75],"texture":"#6"},"south":{"uv":[11.5,12,11.75,14.75],"texture":"#6"},"west":{"uv":[11.75,12,12,14.75],"texture":"#6"},"up":{"uv":[14.5,5.5,14.25,5.25],"texture":"#6"},"down":{"uv":[14.5,5.5,14.25,5.75],"texture":"#6"}}},{"from":[0,11,-2],"to":[1,13,-1],"faces":{"north":{"uv":[12.75,6.5,13,7],"texture":"#6"},"east":{"uv":[13,3.5,13.25,4],"texture":"#6"},"south":{"uv":[13,4,13.25,4.5],"texture":"#6"},"west":{"uv":[13,4.5,13.25,5],"texture":"#6"},"up":{"uv":[14.5,6,14.25,5.75],"texture":"#6"},"down":{"uv":[14.5,6,14.25,6.25],"texture":"#6"}}},{"from":[1,13,-2],"to":[2,14,-1],"faces":{"north":{"uv":[14.25,6.25,14.5,6.5],"texture":"#6"},"east":{"uv":[14.25,6.5,14.5,6.75],"texture":"#6"},"south":{"uv":[14.25,6.75,14.5,7],"texture":"#6"},"west":{"uv":[14.25,7,14.5,7.25],"texture":"#6"},"up":{"uv":[14.5,7.5,14.25,7.25],"texture":"#6"},"down":{"uv":[14.5,7.5,14.25,7.75],"texture":"#6"}}},{"from":[2,14,-2],"to":[4,15,-1],"faces":{"north":{"uv":[8,9.75,8.5,10],"texture":"#6"},"east":{"uv":[14.25,7.75,14.5,8],"texture":"#6"},"south":{"uv":[13,5,13.5,5.25],"texture":"#6"},"west":{"uv":[14.25,8,14.5,8.25],"texture":"#6"},"up":{"uv":[13.5,5.5,13,5.25],"texture":"#6"},"down":{"uv":[13.5,5.5,13,5.75],"texture":"#6"}}},{"from":[4,15,-2],"to":[12,16,-1],"faces":{"north":{"uv":[6,9.75,8,10],"texture":"#6"},"east":{"uv":[9.5,14.25,9.75,14.5],"texture":"#6"},"south":{"uv":[12,2.25,14,2.5],"texture":"#6"},"west":{"uv":[9.75,14.25,10,14.5],"texture":"#6"},"up":{"uv":[14,2.75,12,2.5],"texture":"#6"},"down":{"uv":[14,2.75,12,3],"texture":"#6"}}},{"from":[12,14,-2],"to":[14,15,-1],"faces":{"north":{"uv":[13,5.75,13.5,6],"texture":"#6"},"east":{"uv":[14.25,10,14.5,10.25],"texture":"#6"},"south":{"uv":[13,6,13.5,6.25],"texture":"#6"},"west":{"uv":[14.25,10.25,14.5,10.5],"texture":"#6"},"up":{"uv":[13.5,6.5,13,6.25],"texture":"#6"},"down":{"uv":[7,13,6.5,13.25],"texture":"#6"}}},{"from":[14,13,-2],"to":[15,14,-1],"faces":{"north":{"uv":[14.25,12,14.5,12.25],"texture":"#6"},"east":{"uv":[14.25,12.25,14.5,12.5],"texture":"#6"},"south":{"uv":[14.25,12.5,14.5,12.75],"texture":"#6"},"west":{"uv":[14.25,12.75,14.5,13],"texture":"#6"},"up":{"uv":[13.25,14.5,13,14.25],"texture":"#6"},"down":{"uv":[14.5,13,14.25,13.25],"texture":"#6"}}},{"from":[15,11,-2],"to":[16,13,-1],"faces":{"north":{"uv":[13,6.5,13.25,7],"texture":"#6"},"east":{"uv":[7,13,7.25,13.5],"texture":"#6"},"south":{"uv":[7.25,13,7.5,13.5],"texture":"#6"},"west":{"uv":[7.5,13,7.75,13.5],"texture":"#6"},"up":{"uv":[13.5,14.5,13.25,14.25],"texture":"#6"},"down":{"uv":[14.5,13.25,14.25,13.5],"texture":"#6"}}},{"from":[0,2,-2],"to":[16,3,-1],"faces":{"north":{"uv":[10.5,11,14.5,11.25],"texture":"#6"},"east":{"uv":[14.25,13.5,14.5,13.75],"texture":"#6"},"south":{"uv":[10.5,11.25,14.5,11.5],"texture":"#6"},"west":{"uv":[14.25,13.75,14.5,14],"texture":"#6"},"up":{"uv":[15.5,8.5,11.5,8.25],"texture":"#6"},"down":{"uv":[15.5,8.5,11.5,8.75],"texture":"#6"}}},{"from":[0,5,-2],"to":[16,6,-1],"faces":{"north":{"uv":[11.5,8.75,15.5,9],"texture":"#6"},"east":{"uv":[14,14.25,14.25,14.5],"texture":"#6"},"south":{"uv":[11.5,9,15.5,9.25],"texture":"#6"},"west":{"uv":[14.25,14,14.5,14.25],"texture":"#6"},"up":{"uv":[15.5,9.5,11.5,9.25],"texture":"#6"},"down":{"uv":[15.5,9.5,11.5,9.75],"texture":"#6"}}},{"from":[6.5,6,-2],"to":[7.5,8,-1],"faces":{"north":{"uv":[7.75,13,8,13.5],"texture":"#6"},"east":{"uv":[8,13,8.25,13.5],"texture":"#6"},"south":{"uv":[8.25,13,8.5,13.5],"texture":"#6"},"west":{"uv":[13,12.75,13.25,13.25],"texture":"#6"},"up":{"uv":[14.5,14.5,14.25,14.25],"texture":"#6"},"down":{"uv":[2,14.5,1.75,14.75],"texture":"#6"}}},{"from":[5.5,8,-2],"to":[6.5,10,-1],"faces":{"north":{"uv":[13.25,3.5,13.5,4],"texture":"#6"},"east":{"uv":[4,13.25,4.25,13.75],"texture":"#6"},"south":{"uv":[13.25,4,13.5,4.5],"texture":"#6"},"west":{"uv":[4.25,13.25,4.5,13.75],"texture":"#6"},"up":{"uv":[2.25,14.75,2,14.5],"texture":"#6"},"down":{"uv":[2.5,14.5,2.25,14.75],"texture":"#6"}}},{"from":[4.5,10,-2],"to":[5.5,11,-1],"faces":{"north":{"uv":[14.5,2.25,14.75,2.5],"texture":"#6"},"east":{"uv":[2.5,14.5,2.75,14.75],"texture":"#6"},"south":{"uv":[14.5,2.5,14.75,2.75],"texture":"#6"},"west":{"uv":[2.75,14.5,3,14.75],"texture":"#6"},"up":{"uv":[14.75,3,14.5,2.75],"texture":"#6"},"down":{"uv":[3.25,14.5,3,14.75],"texture":"#6"}}},{"from":[2.5,11,-2],"to":[4.5,12,-1],"faces":{"north":{"uv":[4.5,13.25,5,13.5],"texture":"#6"},"east":{"uv":[14.5,3,14.75,3.25],"texture":"#6"},"south":{"uv":[13.25,4.5,13.75,4.75],"texture":"#6"},"west":{"uv":[3.25,14.5,3.5,14.75],"texture":"#6"},"up":{"uv":[13.75,5,13.25,4.75],"texture":"#6"},"down":{"uv":[5.5,13.25,5,13.5],"texture":"#6"}}},{"from":[1.5,9,-2],"to":[2.5,11,-1],"faces":{"north":{"uv":[6.5,13.25,6.75,13.75],"texture":"#6"},"east":{"uv":[13.25,6.5,13.5,7],"texture":"#6"},"south":{"uv":[6.75,13.25,7,13.75],"texture":"#6"},"west":{"uv":[13.25,12.75,13.5,13.25],"texture":"#6"},"up":{"uv":[14.75,3.5,14.5,3.25],"texture":"#6"},"down":{"uv":[3.75,14.5,3.5,14.75],"texture":"#6"}}},{"from":[2.5,8,-2],"to":[3.5,9,-1],"faces":{"north":{"uv":[3.75,14.5,4,14.75],"texture":"#6"},"east":{"uv":[14.5,4,14.75,4.25],"texture":"#6"},"south":{"uv":[14.5,4.25,14.75,4.5],"texture":"#6"},"west":{"uv":[4.5,14.5,4.75,14.75],"texture":"#6"},"up":{"uv":[14.75,4.75,14.5,4.5],"texture":"#6"},"down":{"uv":[5,14.5,4.75,14.75],"texture":"#6"}}},{"from":[1.5,3,-2],"to":[2.5,5,-1],"faces":{"north":{"uv":[13,13.25,13.25,13.75],"texture":"#6"},"east":{"uv":[13.25,13.25,13.5,13.75],"texture":"#6"},"south":{"uv":[13.5,3.5,13.75,4],"texture":"#6"},"west":{"uv":[13.5,4,13.75,4.5],"texture":"#6"},"up":{"uv":[14.75,5,14.5,4.75],"texture":"#6"},"down":{"uv":[5.25,14.5,5,14.75],"texture":"#6"}}},{"from":[4.5,3,-2],"to":[5.5,5,-1],"faces":{"north":{"uv":[4.5,13.5,4.75,14],"texture":"#6"},"east":{"uv":[4.75,13.5,5,14],"texture":"#6"},"south":{"uv":[5,13.5,5.25,14],"texture":"#6"},"west":{"uv":[13.5,5,13.75,5.5],"texture":"#6"},"up":{"uv":[14.75,5.25,14.5,5],"texture":"#6"},"down":{"uv":[5.5,14.5,5.25,14.75],"texture":"#6"}}},{"from":[7.5,3,-2],"to":[8.5,5,-1],"faces":{"north":{"uv":[5.25,13.5,5.5,14],"texture":"#6"},"east":{"uv":[13.5,5.5,13.75,6],"texture":"#6"},"south":{"uv":[13.5,6,13.75,6.5],"texture":"#6"},"west":{"uv":[13.5,6.5,13.75,7],"texture":"#6"},"up":{"uv":[14.75,5.5,14.5,5.25],"texture":"#6"},"down":{"uv":[5.75,14.5,5.5,14.75],"texture":"#6"}}},{"from":[10.5,3,-2],"to":[11.5,5,-1],"faces":{"north":{"uv":[7,13.5,7.25,14],"texture":"#6"},"east":{"uv":[7.25,13.5,7.5,14],"texture":"#6"},"south":{"uv":[7.5,13.5,7.75,14],"texture":"#6"},"west":{"uv":[7.75,13.5,8,14],"texture":"#6"},"up":{"uv":[14.75,5.75,14.5,5.5],"texture":"#6"},"down":{"uv":[6,14.5,5.75,14.75],"texture":"#6"}}},{"from":[13.5,3,-2],"to":[14.5,5,-1],"faces":{"north":{"uv":[8,13.5,8.25,14],"texture":"#6"},"east":{"uv":[8.25,13.5,8.5,14],"texture":"#6"},"south":{"uv":[8.5,13.5,8.75,14],"texture":"#6"},"west":{"uv":[8.75,13.5,9,14],"texture":"#6"},"up":{"uv":[14.75,6,14.5,5.75],"texture":"#6"},"down":{"uv":[14.75,6,14.5,6.25],"texture":"#6"}}},{"from":[8.5,6,-2],"to":[9.5,8,-1],"faces":{"north":{"uv":[9,13.5,9.25,14],"texture":"#6"},"east":{"uv":[9.25,13.5,9.5,14],"texture":"#6"},"south":{"uv":[12.25,13.5,12.5,14],"texture":"#6"},"west":{"uv":[12.5,13.5,12.75,14],"texture":"#6"},"up":{"uv":[14.75,6.5,14.5,6.25],"texture":"#6"},"down":{"uv":[6.75,14.5,6.5,14.75],"texture":"#6"}}},{"from":[9.5,8,-2],"to":[10.5,10,-1],"faces":{"north":{"uv":[13.5,12.5,13.75,13],"texture":"#6"},"east":{"uv":[12.75,13.5,13,14],"texture":"#6"},"south":{"uv":[13.5,13,13.75,13.5],"texture":"#6"},"west":{"uv":[13.5,13.5,13.75,14],"texture":"#6"},"up":{"uv":[14.75,6.75,14.5,6.5],"texture":"#6"},"down":{"uv":[7,14.5,6.75,14.75],"texture":"#6"}}},{"from":[10.5,10,-2],"to":[11.5,11,-1],"faces":{"north":{"uv":[14.5,6.75,14.75,7],"texture":"#6"},"east":{"uv":[7,14.5,7.25,14.75],"texture":"#6"},"south":{"uv":[14.5,7,14.75,7.25],"texture":"#6"},"west":{"uv":[7.25,14.5,7.5,14.75],"texture":"#6"},"up":{"uv":[14.75,7.5,14.5,7.25],"texture":"#6"},"down":{"uv":[7.75,14.5,7.5,14.75],"texture":"#6"}}},{"from":[11.5,11,-2],"to":[13.5,12,-1],"faces":{"north":{"uv":[1.75,13.75,2.25,14],"texture":"#6"},"east":{"uv":[14.5,7.5,14.75,7.75],"texture":"#6"},"south":{"uv":[2.25,13.75,2.75,14],"texture":"#6"},"west":{"uv":[7.75,14.5,8,14.75],"texture":"#6"},"up":{"uv":[14.25,3.75,13.75,3.5],"texture":"#6"},"down":{"uv":[14.25,3.75,13.75,4],"texture":"#6"}}},{"from":[13.5,9,-2],"to":[14.5,11,-1],"faces":{"north":{"uv":[2.75,13.75,3,14.25],"texture":"#6"},"east":{"uv":[4,13.75,4.25,14.25],"texture":"#6"},"south":{"uv":[13.75,4,14,4.5],"texture":"#6"},"west":{"uv":[4.25,13.75,4.5,14.25],"texture":"#6"},"up":{"uv":[14.75,8,14.5,7.75],"texture":"#6"},"down":{"uv":[8.25,14.5,8,14.75],"texture":"#6"}}},{"from":[12.5,8,-2],"to":[13.5,9,-1],"faces":{"north":{"uv":[14.5,8,14.75,8.25],"texture":"#6"},"east":{"uv":[8.25,14.5,8.5,14.75],"texture":"#6"},"south":{"uv":[8.5,14.5,8.75,14.75],"texture":"#6"},"west":{"uv":[8.75,14.5,9,14.75],"texture":"#6"},"up":{"uv":[9.25,14.75,9,14.5],"texture":"#6"},"down":{"uv":[9.5,14.5,9.25,14.75],"texture":"#6"}}},{"from":[7.5,14,-2],"to":[8.5,15,-1],"faces":{"north":{"uv":[9.5,14.5,9.75,14.75],"texture":"#6"},"east":{"uv":[9.75,14.5,10,14.75],"texture":"#6"},"south":{"uv":[14.5,10,14.75,10.25],"texture":"#6"},"west":{"uv":[14.5,10.25,14.75,10.5],"texture":"#6"},"up":{"uv":[14.75,11.25,14.5,11],"texture":"#6"},"down":{"uv":[14.75,11.25,14.5,11.5],"texture":"#6"}}},{"from":[8.5,11,-2],"to":[9.5,14,-1],"faces":{"north":{"uv":[12.75,3.5,13,4.25],"texture":"#6"},"east":{"uv":[12.75,4.25,13,5],"texture":"#6"},"south":{"uv":[12.75,5,13,5.75],"texture":"#6"},"west":{"uv":[12.75,5.75,13,6.5],"texture":"#6"},"up":{"uv":[14.75,11.75,14.5,11.5],"texture":"#6"},"down":{"uv":[14.75,11.75,14.5,12],"texture":"#6"}}},{"from":[6.5,11,-2],"to":[7.5,14,-1],"faces":{"north":{"uv":[8.5,12.75,8.75,13.5],"texture":"#6"},"east":{"uv":[8.75,12.75,9,13.5],"texture":"#6"},"south":{"uv":[9,12.75,9.25,13.5],"texture":"#6"},"west":{"uv":[9.25,12.75,9.5,13.5],"texture":"#6"},"up":{"uv":[14.75,12.25,14.5,12],"texture":"#6"},"down":{"uv":[12.5,14.5,12.25,14.75],"texture":"#6"}}},{"from":[7.5,10,-2],"to":[8.5,11,-1],"faces":{"north":{"uv":[14.5,12.25,14.75,12.5],"texture":"#6"},"east":{"uv":[12.5,14.5,12.75,14.75],"texture":"#6"},"south":{"uv":[14.5,12.5,14.75,12.75],"texture":"#6"},"west":{"uv":[12.75,14.5,13,14.75],"texture":"#6"},"up":{"uv":[14.75,13,14.5,12.75],"texture":"#6"},"down":{"uv":[13.25,14.5,13,14.75],"texture":"#6"}}},{"from":[5.5,12,-2],"to":[6.5,13,-1],"faces":{"north":{"uv":[14.5,13,14.75,13.25],"texture":"#6"},"east":{"uv":[13.25,14.5,13.5,14.75],"texture":"#6"},"south":{"uv":[14.5,13.25,14.75,13.5],"texture":"#6"},"west":{"uv":[13.5,14.5,13.75,14.75],"texture":"#6"},"up":{"uv":[14.75,13.75,14.5,13.5],"texture":"#6"},"down":{"uv":[14,14.5,13.75,14.75],"texture":"#6"}}},{"from":[9.5,12,-2],"to":[10.5,13,-1],"faces":{"north":{"uv":[14.5,13.75,14.75,14],"texture":"#6"},"east":{"uv":[14,14.5,14.25,14.75],"texture":"#6"},"south":{"uv":[14.5,14,14.75,14.25],"texture":"#6"},"west":{"uv":[14.25,14.5,14.5,14.75],"texture":"#6"},"up":{"uv":[14.75,14.5,14.5,14.25],"texture":"#6"},"down":{"uv":[14.75,14.5,14.5,14.75],"texture":"#6"}}},{"from":[-1,0,31],"to":[0,11,32],"faces":{"north":{"uv":[12,12,12.25,14.75],"texture":"#6"},"east":{"uv":[0,12.25,0.25,15],"texture":"#6"},"south":{"uv":[0.25,12.25,0.5,15],"texture":"#6"},"west":{"uv":[0.5,12.25,0.75,15],"texture":"#6"},"up":{"uv":[2,15,1.75,14.75],"texture":"#6"},"down":{"uv":[2.25,14.75,2,15],"texture":"#6"}}},{"from":[16,0,31],"to":[17,11,32],"faces":{"north":{"uv":[0.75,12.25,1,15],"texture":"#6"},"east":{"uv":[1,12.25,1.25,15],"texture":"#6"},"south":{"uv":[1.25,12.25,1.5,15],"texture":"#6"},"west":{"uv":[1.5,12.25,1.75,15],"texture":"#6"},"up":{"uv":[2.5,15,2.25,14.75],"texture":"#6"},"down":{"uv":[15,2.25,14.75,2.5],"texture":"#6"}}},{"from":[0,11,31],"to":[1,13,32],"faces":{"north":{"uv":[13.75,4.5,14,5],"texture":"#6"},"east":{"uv":[13.75,5,14,5.5],"texture":"#6"},"south":{"uv":[13.75,5.5,14,6],"texture":"#6"},"west":{"uv":[13.75,6,14,6.5],"texture":"#6"},"up":{"uv":[2.75,15,2.5,14.75],"texture":"#6"},"down":{"uv":[15,2.5,14.75,2.75],"texture":"#6"}}},{"from":[1,13,31],"to":[2,14,32],"faces":{"north":{"uv":[2.75,14.75,3,15],"texture":"#6"},"east":{"uv":[14.75,2.75,15,3],"texture":"#6"},"south":{"uv":[3,14.75,3.25,15],"texture":"#6"},"west":{"uv":[14.75,3,15,3.25],"texture":"#6"},"up":{"uv":[3.5,15,3.25,14.75],"texture":"#6"},"down":{"uv":[15,3.25,14.75,3.5],"texture":"#6"}}},{"from":[2,14,31],"to":[4,15,32],"faces":{"north":{"uv":[6.5,13.75,7,14],"texture":"#6"},"east":{"uv":[3.5,14.75,3.75,15],"texture":"#6"},"south":{"uv":[13.75,6.5,14.25,6.75],"texture":"#6"},"west":{"uv":[14.75,3.5,15,3.75],"texture":"#6"},"up":{"uv":[14.25,7,13.75,6.75],"texture":"#6"},"down":{"uv":[14.25,7,13.75,7.25],"texture":"#6"}}},{"from":[4,15,31],"to":[12,16,32],"faces":{"north":{"uv":[12,3,14,3.25],"texture":"#6"},"east":{"uv":[3.75,14.75,4,15],"texture":"#6"},"south":{"uv":[12,3.25,14,3.5],"texture":"#6"},"west":{"uv":[14.75,3.75,15,4],"texture":"#6"},"up":{"uv":[3.75,12.5,1.75,12.25],"texture":"#6"},"down":{"uv":[14.25,12,12.25,12.25],"texture":"#6"}}},{"from":[12,14,31],"to":[14,15,32],"faces":{"north":{"uv":[13.75,7.25,14.25,7.5],"texture":"#6"},"east":{"uv":[4,14.75,4.25,15],"texture":"#6"},"south":{"uv":[13.75,7.5,14.25,7.75],"texture":"#6"},"west":{"uv":[14.75,4,15,4.25],"texture":"#6"},"up":{"uv":[14.25,8,13.75,7.75],"texture":"#6"},"down":{"uv":[14.25,8,13.75,8.25],"texture":"#6"}}},{"from":[14,13,31],"to":[15,14,32],"faces":{"north":{"uv":[4.25,14.75,4.5,15],"texture":"#6"},"east":{"uv":[14.75,4.25,15,4.5],"texture":"#6"},"south":{"uv":[4.5,14.75,4.75,15],"texture":"#6"},"west":{"uv":[14.75,4.5,15,4.75],"texture":"#6"},"up":{"uv":[5,15,4.75,14.75],"texture":"#6"},"down":{"uv":[15,4.75,14.75,5],"texture":"#6"}}},{"from":[15,11,31],"to":[16,13,32],"faces":{"north":{"uv":[9.5,13.75,9.75,14.25],"texture":"#6"},"east":{"uv":[9.75,13.75,10,14.25],"texture":"#6"},"south":{"uv":[13.75,12.5,14,13],"texture":"#6"},"west":{"uv":[13,13.75,13.25,14.25],"texture":"#6"},"up":{"uv":[5.25,15,5,14.75],"texture":"#6"},"down":{"uv":[15,5,14.75,5.25],"texture":"#6"}}},{"from":[0,2,31],"to":[16,3,32],"faces":{"north":{"uv":[11.5,9.75,15.5,10],"texture":"#6"},"east":{"uv":[5.25,14.75,5.5,15],"texture":"#6"},"south":{"uv":[10.5,11.5,14.5,11.75],"texture":"#6"},"west":{"uv":[14.75,5.25,15,5.5],"texture":"#6"},"up":{"uv":[4,12,0,11.75],"texture":"#6"},"down":{"uv":[14.5,11.75,10.5,12],"texture":"#6"}}},{"from":[0,5,31],"to":[16,6,32],"faces":{"north":{"uv":[0,12,4,12.25],"texture":"#6"},"east":{"uv":[5.5,14.75,5.75,15],"texture":"#6"},"south":{"uv":[12,0,16,0.25],"texture":"#6"},"west":{"uv":[14.75,5.5,15,5.75],"texture":"#6"},"up":{"uv":[16,0.5,12,0.25],"texture":"#6"},"down":{"uv":[16,0.5,12,0.75],"texture":"#6"}}},{"from":[6.5,6,31],"to":[7.5,8,32],"faces":{"north":{"uv":[13.75,13,14,13.5],"texture":"#6"},"east":{"uv":[13.25,13.75,13.5,14.25],"texture":"#6"},"south":{"uv":[13.75,13.5,14,14],"texture":"#6"},"west":{"uv":[1.75,14,2,14.5],"texture":"#6"},"up":{"uv":[6,15,5.75,14.75],"texture":"#6"},"down":{"uv":[15,5.75,14.75,6],"texture":"#6"}}},{"from":[5.5,8,31],"to":[6.5,10,32],"faces":{"north":{"uv":[2,14,2.25,14.5],"texture":"#6"},"east":{"uv":[2.25,14,2.5,14.5],"texture":"#6"},"south":{"uv":[14,2.25,14.25,2.75],"texture":"#6"},"west":{"uv":[2.5,14,2.75,14.5],"texture":"#6"},"up":{"uv":[15,6.25,14.75,6],"texture":"#6"},"down":{"uv":[15,6.25,14.75,6.5],"texture":"#6"}}},{"from":[4.5,10,31],"to":[5.5,11,32],"faces":{"north":{"uv":[6.5,14.75,6.75,15],"texture":"#6"},"east":{"uv":[14.75,6.5,15,6.75],"texture":"#6"},"south":{"uv":[6.75,14.75,7,15],"texture":"#6"},"west":{"uv":[14.75,6.75,15,7],"texture":"#6"},"up":{"uv":[7.25,15,7,14.75],"texture":"#6"},"down":{"uv":[15,7,14.75,7.25],"texture":"#6"}}},{"from":[2.5,11,31],"to":[4.5,12,32],"faces":{"north":{"uv":[14,2.75,14.5,3],"texture":"#6"},"east":{"uv":[7.25,14.75,7.5,15],"texture":"#6"},"south":{"uv":[3,14,3.5,14.25],"texture":"#6"},"west":{"uv":[14.75,7.25,15,7.5],"texture":"#6"},"up":{"uv":[14.5,3.25,14,3],"texture":"#6"},"down":{"uv":[14.5,3.25,14,3.5],"texture":"#6"}}},{"from":[1.5,9,31],"to":[2.5,11,32],"faces":{"north":{"uv":[3.75,14,4,14.5],"texture":"#6"},"east":{"uv":[14,4,14.25,4.5],"texture":"#6"},"south":{"uv":[4.5,14,4.75,14.5],"texture":"#6"},"west":{"uv":[14,4.5,14.25,5],"texture":"#6"},"up":{"uv":[7.75,15,7.5,14.75],"texture":"#6"},"down":{"uv":[15,7.5,14.75,7.75],"texture":"#6"}}},{"from":[2.5,8,31],"to":[3.5,9,32],"faces":{"north":{"uv":[7.75,14.75,8,15],"texture":"#6"},"east":{"uv":[14.75,7.75,15,8],"texture":"#6"},"south":{"uv":[8,14.75,8.25,15],"texture":"#6"},"west":{"uv":[14.75,8,15,8.25],"texture":"#6"},"up":{"uv":[8.5,15,8.25,14.75],"texture":"#6"},"down":{"uv":[8.75,14.75,8.5,15],"texture":"#6"}}},{"from":[1.5,3,31],"to":[2.5,5,32],"faces":{"north":{"uv":[4.75,14,5,14.5],"texture":"#6"},"east":{"uv":[5,14,5.25,14.5],"texture":"#6"},"south":{"uv":[14,5,14.25,5.5],"texture":"#6"},"west":{"uv":[5.25,14,5.5,14.5],"texture":"#6"},"up":{"uv":[9,15,8.75,14.75],"texture":"#6"},"down":{"uv":[9.25,14.75,9,15],"texture":"#6"}}},{"from":[4.5,3,31],"to":[5.5,5,32],"faces":{"north":{"uv":[14,5.5,14.25,6],"texture":"#6"},"east":{"uv":[14,6,14.25,6.5],"texture":"#6"},"south":{"uv":[6.5,14,6.75,14.5],"texture":"#6"},"west":{"uv":[6.75,14,7,14.5],"texture":"#6"},"up":{"uv":[9.5,15,9.25,14.75],"texture":"#6"},"down":{"uv":[9.75,14.75,9.5,15],"texture":"#6"}}},{"from":[7.5,3,31],"to":[8.5,5,32],"faces":{"north":{"uv":[7,14,7.25,14.5],"texture":"#6"},"east":{"uv":[7.25,14,7.5,14.5],"texture":"#6"},"south":{"uv":[7.5,14,7.75,14.5],"texture":"#6"},"west":{"uv":[7.75,14,8,14.5],"texture":"#6"},"up":{"uv":[10,15,9.75,14.75],"texture":"#6"},"down":{"uv":[15,10,14.75,10.25],"texture":"#6"}}},{"from":[10.5,3,31],"to":[11.5,5,32],"faces":{"north":{"uv":[8,14,8.25,14.5],"texture":"#6"},"east":{"uv":[8.25,14,8.5,14.5],"texture":"#6"},"south":{"uv":[8.5,14,8.75,14.5],"texture":"#6"},"west":{"uv":[8.75,14,9,14.5],"texture":"#6"},"up":{"uv":[15,10.5,14.75,10.25],"texture":"#6"},"down":{"uv":[10.75,14.75,10.5,15],"texture":"#6"}}},{"from":[13.5,3,31],"to":[14.5,5,32],"faces":{"north":{"uv":[9,14,9.25,14.5],"texture":"#6"},"east":{"uv":[9.25,14,9.5,14.5],"texture":"#6"},"south":{"uv":[12.25,14,12.5,14.5],"texture":"#6"},"west":{"uv":[14,12.25,14.25,12.75],"texture":"#6"},"up":{"uv":[11,15,10.75,14.75],"texture":"#6"},"down":{"uv":[11.25,14.75,11,15],"texture":"#6"}}},{"from":[8.5,6,31],"to":[9.5,8,32],"faces":{"north":{"uv":[12.5,14,12.75,14.5],"texture":"#6"},"east":{"uv":[12.75,14,13,14.5],"texture":"#6"},"south":{"uv":[14,12.75,14.25,13.25],"texture":"#6"},"west":{"uv":[14,13.25,14.25,13.75],"texture":"#6"},"up":{"uv":[15,11.25,14.75,11],"texture":"#6"},"down":{"uv":[11.5,14.75,11.25,15],"texture":"#6"}}},{"from":[9.5,8,31],"to":[10.5,10,32],"faces":{"north":{"uv":[13.5,14,13.75,14.5],"texture":"#6"},"east":{"uv":[13.75,14,14,14.5],"texture":"#6"},"south":{"uv":[14,13.75,14.25,14.25],"texture":"#6"},"west":{"uv":[14.25,2.25,14.5,2.75],"texture":"#6"},"up":{"uv":[15,11.5,14.75,11.25],"texture":"#6"},"down":{"uv":[11.75,14.75,11.5,15],"texture":"#6"}}},{"from":[10.5,10,31],"to":[11.5,11,32],"faces":{"north":{"uv":[14.75,11.5,15,11.75],"texture":"#6"},"east":{"uv":[11.75,14.75,12,15],"texture":"#6"},"south":{"uv":[14.75,11.75,15,12],"texture":"#6"},"west":{"uv":[12,14.75,12.25,15],"texture":"#6"},"up":{"uv":[15,12.25,14.75,12],"texture":"#6"},"down":{"uv":[12.5,14.75,12.25,15],"texture":"#6"}}},{"from":[11.5,11,31],"to":[13.5,12,32],"faces":{"north":{"uv":[2.75,14.25,3.25,14.5],"texture":"#6"},"east":{"uv":[14.75,12.25,15,12.5],"texture":"#6"},"south":{"uv":[3.25,14.25,3.75,14.5],"texture":"#6"},"west":{"uv":[12.5,14.75,12.75,15],"texture":"#6"},"up":{"uv":[14.75,3.75,14.25,3.5],"texture":"#6"},"down":{"uv":[14.75,3.75,14.25,4],"texture":"#6"}}},{"from":[13.5,9,31],"to":[14.5,11,32],"faces":{"north":{"uv":[4,14.25,4.25,14.75],"texture":"#6"},"east":{"uv":[14.25,4,14.5,4.5],"texture":"#6"},"south":{"uv":[4.25,14.25,4.5,14.75],"texture":"#6"},"west":{"uv":[14.25,4.5,14.5,5],"texture":"#6"},"up":{"uv":[15,12.75,14.75,12.5],"texture":"#6"},"down":{"uv":[13,14.75,12.75,15],"texture":"#6"}}},{"from":[12.5,8,31],"to":[13.5,9,32],"faces":{"north":{"uv":[14.75,12.75,15,13],"texture":"#6"},"east":{"uv":[13,14.75,13.25,15],"texture":"#6"},"south":{"uv":[14.75,13,15,13.25],"texture":"#6"},"west":{"uv":[13.25,14.75,13.5,15],"texture":"#6"},"up":{"uv":[15,13.5,14.75,13.25],"texture":"#6"},"down":{"uv":[13.75,14.75,13.5,15],"texture":"#6"}}},{"from":[7.5,14,31],"to":[8.5,15,32],"faces":{"north":{"uv":[14.75,13.5,15,13.75],"texture":"#6"},"east":{"uv":[13.75,14.75,14,15],"texture":"#6"},"south":{"uv":[14.75,13.75,15,14],"texture":"#6"},"west":{"uv":[14,14.75,14.25,15],"texture":"#6"},"up":{"uv":[15,14.25,14.75,14],"texture":"#6"},"down":{"uv":[14.5,14.75,14.25,15],"texture":"#6"}}},{"from":[8.5,11,31],"to":[9.5,14,32],"faces":{"north":{"uv":[12.25,12.75,12.5,13.5],"texture":"#6"},"east":{"uv":[12.5,12.75,12.75,13.5],"texture":"#6"},"south":{"uv":[12.75,12.75,13,13.5],"texture":"#6"},"west":{"uv":[1.75,13,2,13.75],"texture":"#6"},"up":{"uv":[15,14.5,14.75,14.25],"texture":"#6"},"down":{"uv":[14.75,14.75,14.5,15],"texture":"#6"}}},{"from":[6.5,11,31],"to":[7.5,14,32],"faces":{"north":{"uv":[2,13,2.25,13.75],"texture":"#6"},"east":{"uv":[2.25,13,2.5,13.75],"texture":"#6"},"south":{"uv":[2.5,13,2.75,13.75],"texture":"#6"},"west":{"uv":[2.75,13,3,13.75],"texture":"#6"},"up":{"uv":[15,14.75,14.75,14.5],"texture":"#6"},"down":{"uv":[15,14.75,14.75,15],"texture":"#6"}}},{"from":[7.5,10,31],"to":[8.5,11,32],"faces":{"north":{"uv":[0,15,0.25,15.25],"texture":"#6"},"east":{"uv":[0.25,15,0.5,15.25],"texture":"#6"},"south":{"uv":[0.5,15,0.75,15.25],"texture":"#6"},"west":{"uv":[0.75,15,1,15.25],"texture":"#6"},"up":{"uv":[1.25,15.25,1,15],"texture":"#6"},"down":{"uv":[1.5,15,1.25,15.25],"texture":"#6"}}},{"from":[5.5,12,31],"to":[6.5,13,32],"faces":{"north":{"uv":[15,1.25,15.25,1.5],"texture":"#6"},"east":{"uv":[1.5,15,1.75,15.25],"texture":"#6"},"south":{"uv":[15,1.5,15.25,1.75],"texture":"#6"},"west":{"uv":[1.75,15,2,15.25],"texture":"#6"},"up":{"uv":[15.25,2,15,1.75],"texture":"#6"},"down":{"uv":[2.25,15,2,15.25],"texture":"#6"}}},{"from":[9.5,12,31],"to":[10.5,13,32],"faces":{"north":{"uv":[15,2,15.25,2.25],"texture":"#6"},"east":{"uv":[2.25,15,2.5,15.25],"texture":"#6"},"south":{"uv":[15,2.25,15.25,2.5],"texture":"#6"},"west":{"uv":[2.5,15,2.75,15.25],"texture":"#6"},"up":{"uv":[15.25,2.75,15,2.5],"texture":"#6"},"down":{"uv":[3,15,2.75,15.25],"texture":"#6"}}},{"from":[14,9,25],"to":[15,10,30],"faces":{"north":{"uv":[15,2.75,15.25,3],"texture":"#6"},"east":{"uv":[8,4.5,9.25,4.75],"texture":"#6"},"south":{"uv":[3,15,3.25,15.25],"texture":"#6"},"west":{"uv":[12.5,7,13.75,7.25],"texture":"#6"},"up":{"uv":[9.75,13.75,9.5,12.5],"texture":"#6"},"down":{"uv":[10,12.5,9.75,13.75],"texture":"#6"}}},{"from":[2,9,24],"to":[14,10,31],"faces":{"north":{"uv":[12,1.25,15,1.5],"texture":"#6"},"east":{"uv":[12.25,12.25,14,12.5],"texture":"#6"},"south":{"uv":[12,1.5,15,1.75],"texture":"#6"},"west":{"uv":[1.75,12.5,3.5,12.75],"texture":"#6"},"up":{"uv":[11.5,10,8.5,8.25],"texture":"#6"},"down":{"uv":[12.5,3.5,9.5,5.25],"texture":"#6"}}},{"from":[2,10,25],"to":[14,11,30],"faces":{"north":{"uv":[12,1.75,15,2],"texture":"#6"},"east":{"uv":[12.5,7.25,13.75,7.5],"texture":"#6"},"south":{"uv":[12,2,15,2.25],"texture":"#6"},"west":{"uv":[12.5,7.5,13.75,7.75],"texture":"#6"},"up":{"uv":[12.5,6.5,9.5,5.25],"texture":"#6"},"down":{"uv":[12.5,6.5,9.5,7.75],"texture":"#6"}}},{"from":[1,9,25],"to":[2,10,30],"faces":{"north":{"uv":[15,3,15.25,3.25],"texture":"#6"},"east":{"uv":[12.25,12.5,13.5,12.75],"texture":"#6"},"south":{"uv":[3.25,15,3.5,15.25],"texture":"#6"},"west":{"uv":[1.75,12.75,3,13],"texture":"#6"},"up":{"uv":[3.25,14,3,12.75],"texture":"#6"},"down":{"uv":[3.5,12.75,3.25,14],"texture":"#6"}}},{"from":[16,2,18],"to":[17.5,9.5,24],"faces":{"north":{"uv":[6.5,11,7,13],"texture":"#6","tintindex":0},"east":{"uv":[0,9.75,1.5,11.75],"texture":"#6","tintindex":0},"south":{"uv":[7,11,7.5,13],"texture":"#6","tintindex":0},"west":{"uv":[1.5,9.75,3,11.75],"texture":"#6","tintindex":0},"up":{"uv":[10,12.5,9.5,11],"texture":"#6","tintindex":0},"down":{"uv":[4.5,11.75,4,13.25],"texture":"#6","tintindex":0}}},{"from":[-0.5,9,18],"to":[16.5,10.5,24],"faces":{"north":{"uv":[9.5,7.75,13.75,8.25],"texture":"#6","tintindex":0},"east":{"uv":[8,3.5,9.5,4],"texture":"#6","tintindex":0},"south":{"uv":[6,10,10.25,10.5],"texture":"#6","tintindex":0},"west":{"uv":[8,4,9.5,4.5],"texture":"#6","tintindex":0},"up":{"uv":[4.25,9.75,0,8.25],"texture":"#6","tintindex":0},"down":{"uv":[8.5,8.25,4.25,9.75],"texture":"#6","tintindex":0}}},{"from":[-1.5,2,18],"to":[0,9.5,24],"faces":{"north":{"uv":[7.5,11,8,13],"texture":"#6","tintindex":0},"east":{"uv":[3,9.75,4.5,11.75],"texture":"#6","tintindex":0},"south":{"uv":[8,11,8.5,13],"texture":"#6","tintindex":0},"west":{"uv":[4.5,9.75,6,11.75],"texture":"#6","tintindex":0},"up":{"uv":[5,13.25,4.5,11.75],"texture":"#6","tintindex":0},"down":{"uv":[5.5,11.75,5,13.25],"texture":"#6","tintindex":0}}},{"from":[16,2,-1],"to":[17,9,18],"faces":{"north":{"uv":[3.75,12.25,4,14],"texture":"#6","tintindex":0},"east":{"uv":[0,4.75,4.75,6.5],"texture":"#6","tintindex":0},"south":{"uv":[3.5,12.5,3.75,14.25],"texture":"#6","tintindex":0},"west":{"uv":[4.75,4.75,9.5,6.5],"texture":"#6","tintindex":0},"up":{"uv":[10.25,15.25,10,10.5],"texture":"#6","tintindex":0},"down":{"uv":[10.5,10.5,10.25,15.25],"texture":"#6","tintindex":0}}},{"from":[0,9,-1],"to":[16,10,18],"faces":{"north":{"uv":[12,0.75,16,1],"texture":"#6","tintindex":0},"east":{"uv":[10.5,10.5,15.25,10.75],"texture":"#6","tintindex":0},"south":{"uv":[12,1,16,1.25],"texture":"#6","tintindex":0},"west":{"uv":[10.5,10.75,15.25,11],"texture":"#6","tintindex":0},"up":{"uv":[4,4.75,0,0],"texture":"#6","tintindex":0},"down":{"uv":[8,0,4,4.75],"texture":"#6","tintindex":0}}},{"from":[-1,2,-1],"to":[0,9,18],"faces":{"north":{"uv":[12.5,3.5,12.75,5.25],"texture":"#6","tintindex":0},"east":{"uv":[0,6.5,4.75,8.25],"texture":"#6","tintindex":0},"south":{"uv":[12.5,5.25,12.75,7],"texture":"#6","tintindex":0},"west":{"uv":[4.75,6.5,9.5,8.25],"texture":"#6","tintindex":0},"up":{"uv":[6.25,15.75,6,11],"texture":"#6","tintindex":0},"down":{"uv":[6.5,11,6.25,15.75],"texture":"#6","tintindex":0}}},{"from":[0,2,-1.2],"to":[16,9,0.3],"faces":{"north":{"uv":[8,0,12,1.75],"texture":"#6","tintindex":0},"east":{"uv":[8.5,11,9,12.75],"texture":"#6","tintindex":0},"south":{"uv":[8,1.75,12,3.5],"texture":"#6","tintindex":0},"west":{"uv":[9,11,9.5,12.75],"texture":"#6","tintindex":0},"up":{"uv":[14.25,10.5,10.25,10],"texture":"#6","tintindex":0},"down":{"uv":[10,10.5,6,11],"texture":"#6","tintindex":0}}}],"display":{"thirdperson_righthand":{"rotation":[75,45,0],"translation":[0,2.5,0],"scale":[0.375,0.375,0.375]},"thirdperson_lefthand":{"rotation":[75,45,0],"translation":[0,2.5,0],"scale":[0.375,0.375,0.375]},"firstperson_righthand":{"rotation":[0,45,0],"translation":[0,2,0],"scale":[0.4,0.4,0.4]},"firstperson_lefthand":{"rotation":[0,45,0],"translation":[0,2,0],"scale":[0.4,0.4,0.4]},"ground":{"translation":[0,4.25,-4.25]},"gui":{"rotation":[30,225,0],"translation":[2,-0.5,0],"scale":[0.4,0.4,0.4]},"head":{"translation":[0,0,-7]},"fixed":{"rotation":[-90,0,0],"translation":[13.5,13.5,-15.75],"scale":[3.29,2,3]}},"groups":[{"name":"Headboard/Footboard","origin":[8,8,8],"color":0,"boneType":"","children":[0,1,2,3,4,5,6,7,8,9,10,11,12,13,14,15,16,17,18,19,20,21,22,23,24,25,26,27,28,29,30,31,32,33]},{"name":"Headboard/Footboard2","origin":[8,8,8],"color":0,"boneType":"","children":[34,35,36,37,38,39,40,41,42,43,44,45,46,47,48,49,50,51,52,53,54,55,56,57,58,59,60,61,62,63,64,65,66,67]},{"name":"Pillow","origin":[8,8,8],"color":0,"boneType":"","children":[68,69,70,71]},{"name":"BlanketRoll","origin":[8,8,8],"color":0,"boneType":"","children":[72,73,74]},{"name":"BlanketRoll2","origin":[8,8,8],"color":0,"boneType":"","children":[75,76,77,78]}]}