{"credit":"MadewithBlockbench","textures":{"0":"decorations:bench","particle":"decorations:bench"},"elements":[{"name":"upper","from":[0,6.5,0],"to":[16,8,16],"faces":{"north":{"uv":[2.5,11.25,11.75,13],"texture":"#0"},"east":{"uv":[2.5,11.25,11.75,13],"texture":"#0"},"south":{"uv":[2.5,11.25,11.75,13],"texture":"#0"},"west":{"uv":[2.5,11.25,11.75,13],"texture":"#0"},"up":{"uv":[0.25,0.75,8.5,7.5],"rotation":90,"texture":"#0"},"down":{"uv":[1,0.5,7.75,7.25],"rotation":90,"texture":"#0"}}},{"name":"leg","from":[0.5,0,0.5],"to":[3,6.5,3],"faces":{"north":{"uv":[0,8.75,2,16],"texture":"#0"},"east":{"uv":[0,8.75,2,16],"texture":"#0"},"south":{"uv":[0,8.75,2,16],"texture":"#0"},"west":{"uv":[0,8.75,2,16],"texture":"#0"},"up":{"uv":[12.25,8.75,15,11.25],"rotation":270,"texture":"#0"},"down":{"uv":[12.25,8.75,15,11.25],"rotation":270,"texture":"#0"}}},{"name":"leg","from":[13,0,0.5],"to":[15.5,6.5,3],"faces":{"north":{"uv":[2,8.75,0,16],"texture":"#0"},"east":{"uv":[2,8.75,0,16],"texture":"#0"},"south":{"uv":[2,8.75,0,16],"texture":"#0"},"west":{"uv":[2,8.75,0,16],"texture":"#0"},"up":{"uv":[12.25,11.25,15,8.75],"rotation":270,"texture":"#0"},"down":{"uv":[12.25,11.25,15,8.75],"rotation":270,"texture":"#0"}}},{"name":"leg","from":[0.5,0,13],"to":[3,6.5,15.5],"faces":{"north":{"uv":[2,8.75,0,16],"texture":"#0"},"east":{"uv":[2,8.75,0,16],"texture":"#0"},"south":{"uv":[2,8.75,0,16],"texture":"#0"},"west":{"uv":[2,8.75,0,16],"texture":"#0"},"up":{"uv":[15,8.75,12.25,11.25],"rotation":270,"texture":"#0"},"down":{"uv":[15,8.75,12.25,11.25],"rotation":270,"texture":"#0"}}},{"name":"leg","from":[13,0,13],"to":[15.5,6.5,15.5],"faces":{"north":{"uv":[0,8.75,2,16],"texture":"#0"},"east":{"uv":[0,8.75,2,16],"texture":"#0"},"south":{"uv":[0,8.75,2,16],"texture":"#0"},"west":{"uv":[0,8.75,2,16],"texture":"#0"},"up":{"uv":[15,11.25,12.25,8.75],"rotation":270,"texture":"#0"},"down":{"uv":[15,11.25,12.25,8.75],"rotation":270,"texture":"#0"}}},{"name":"legbrace","from":[3,3,1.5],"to":[13,5,2.5],"rotation":{"angle":0,"axis":"y","origin":[8,4,8]},"faces":{"north":{"uv":[0,8.75,2,16],"rotation":90,"texture":"#0"},"east":{"uv":[12,13,14.75,14.75],"rotation":90,"texture":"#0"},"south":{"uv":[0,8.75,2,16],"rotation":90,"texture":"#0"},"west":{"uv":[12,13,14.75,14.75],"rotation":90,"texture":"#0"},"up":{"uv":[0,8.75,2,16],"rotation":90,"texture":"#0"},"down":{"uv":[0,8.75,2,16],"rotation":90,"texture":"#0"}}},{"name":"legbrace","from":[1.5,3,3],"to":[2.5,5,13],"rotation":{"angle":0,"axis":"y","origin":[8,4,8]},"faces":{"north":{"uv":[12,13,14.75,14.75],"rotation":90,"texture":"#0"},"east":{"uv":[0,8.75,2,16],"rotation":90,"texture":"#0"},"south":{"uv":[12,13,14.75,14.75],"rotation":90,"texture":"#0"},"west":{"uv":[0,8.75,2,16],"rotation":90,"texture":"#0"},"up":{"uv":[0,8.75,2,16],"texture":"#0"},"down":{"uv":[0,8.75,2,16],"rotation":180,"texture":"#0"}}},{"name":"legbrace","from":[3,3,13.5],"to":[13,5,14.5],"rotation":{"angle":0,"axis":"y","origin":[8,4,8]},"faces":{"north":{"uv":[0,16,2,8.75],"rotation":90,"texture":"#0"},"east":{"uv":[12,14.75,14.75,13],"rotation":90,"texture":"#0"},"south":{"uv":[0,16,2,8.75],"rotation":90,"texture":"#0"},"west":{"uv":[12,14.75,14.75,13],"rotation":90,"texture":"#0"},"up":{"uv":[2,8.75,0,16],"rotation":90,"texture":"#0"},"down":{"uv":[2,8.75,0,16],"rotation":90,"texture":"#0"}}},{"name":"legbrace","from":[13.5,3,3],"to":[14.5,5,13],"rotation":{"angle":0,"axis":"y","origin":[8,4,8]},"faces":{"north":{"uv":[12,14.75,14.75,13],"rotation":90,"texture":"#0"},"east":{"uv":[0,16,2,8.75],"rotation":90,"texture":"#0"},"south":{"uv":[12,14.75,14.75,13],"rotation":90,"texture":"#0"},"west":{"uv":[0,16,2,8.75],"rotation":90,"texture":"#0"},"up":{"uv":[2,8.75,0,16],"texture":"#0"},"down":{"uv":[2,8.75,0,16],"rotation":180,"texture":"#0"}}}],"display":{"thirdperson_righthand":{"rotation":[75,-135,0],"translation":[0,2,0],"scale":[0.2,0.2,0.2]},"thirdperson_lefthand":{"rotation":[75,-135,0],"translation":[0,2,0],"scale":[0.2,0.2,0.2]},"firstperson_righthand":{"rotation":[0,28,0],"translation":[0,1.5,0],"scale":[0.4,0.4,0.4]},"firstperson_lefthand":{"rotation":[0,-150,0],"translation":[0,1.5,0],"scale":[0.4,0.4,0.4]},"ground":{"translation":[0,3,0],"scale":[0.3,0.3,0.3]},"gui":{"rotation":[28,135,0],"translation":[0,0.7826,0],"scale":[0.6,0.6,0.6]},"head":{"translation":[0,-30.6,0],"scale":[1.6,1.6,1.6]},"fixed":{"rotation":[-90,0,0],"translation":[0.25,0,-32.5],"scale":[4,4,4]}}}