{"credit":"MadewithBlockbench","texture_size":[64,64],"textures":{"4":"decorations:birch_chair","particle":"decorations:birch_chair"},"elements":[{"from":[2.48,0,12.5],"to":[3.86,21.25,14],"faces":{"north":{"uv":[2,5.25,2.25,10.5],"texture":"#4"},"east":{"uv":[0,2.75,0.5,8],"texture":"#4"},"south":{"uv":[2.25,5.25,2.5,10.5],"texture":"#4"},"west":{"uv":[0.5,2.75,1,8],"texture":"#4"},"up":{"uv":[0.25,8.5,0,8],"texture":"#4"},"down":{"uv":[8,0,7.75,0.5],"texture":"#4"}}},{"from":[12.14,0,12.5],"to":[13.52,21.25,14],"faces":{"north":{"uv":[2.5,5.25,2.75,10.5],"texture":"#4"},"east":{"uv":[1,2.75,1.5,8],"texture":"#4"},"south":{"uv":[2.75,5.25,3,10.5],"texture":"#4"},"west":{"uv":[1.5,2.75,2,8],"texture":"#4"},"up":{"uv":[0.5,8.5,0.25,8],"texture":"#4"},"down":{"uv":[0.5,8,0.25,8.5],"texture":"#4"}}},{"from":[2.71,21.25,12.75],"to":[3.63,21.75,13.75],"faces":{"north":{"uv":[8,1.25,8.25,1.5],"texture":"#4"},"east":{"uv":[1.5,8,1.75,8.25],"texture":"#4"},"south":{"uv":[8,1.5,8.25,1.75],"texture":"#4"},"west":{"uv":[1.75,8,2,8.25],"texture":"#4"},"up":{"uv":[8.25,2,8,1.75],"texture":"#4"},"down":{"uv":[8,2,7.75,2.25],"texture":"#4"}}},{"from":[12.37,21.25,12.75],"to":[13.29,21.75,13.75],"faces":{"north":{"uv":[8,2.25,8.25,2.5],"texture":"#4"},"east":{"uv":[8,2.5,8.25,2.75],"texture":"#4"},"south":{"uv":[8,3.5,8.25,3.75],"texture":"#4"},"west":{"uv":[8,3.75,8.25,4],"texture":"#4"},"up":{"uv":[8.25,4.25,8,4],"texture":"#4"},"down":{"uv":[8,4.25,7.75,4.5],"texture":"#4"}}},{"from":[3.87794,17.47032,12.75049],"to":[12.15794,20.47032,13.75049],"faces":{"north":{"uv":[2,2.75,4,3.5],"texture":"#4"},"east":{"uv":[7,6,7.25,6.75],"texture":"#4"},"south":{"uv":[2,3.5,4,4.25],"texture":"#4"},"west":{"uv":[7,6.75,7.25,7.5],"texture":"#4"},"up":{"uv":[8,3.75,6,3.5],"texture":"#4"},"down":{"uv":[7.75,3.75,5.75,4],"texture":"#4"}}},{"from":[3.87794,13.47032,12.75049],"to":[12.15794,16.47032,13.75049],"faces":{"north":{"uv":[4,2.75,6,3.5],"texture":"#4"},"east":{"uv":[7.25,6,7.5,6.75],"texture":"#4"},"south":{"uv":[4,3.5,6,4.25],"texture":"#4"},"west":{"uv":[7.25,6.75,7.5,7.5],"texture":"#4"},"up":{"uv":[8,4.25,6,4],"texture":"#4"},"down":{"uv":[8.75,5.75,6.75,6],"texture":"#4"}}},{"name":"pusangGala","from":[2.48,0,2.5],"to":[3.86,8,4],"faces":{"north":{"uv":[5,6.25,5.25,8.25],"texture":"#4"},"east":{"uv":[5.5,5.75,6,7.75],"texture":"#4"},"south":{"uv":[5.25,6.25,5.5,8.25],"texture":"#4"},"west":{"uv":[6,5.75,6.5,7.75],"texture":"#4"},"up":{"uv":[8,7,7.75,6.5],"texture":"#4"},"down":{"uv":[6.75,7.75,6.5,8.25],"texture":"#4"}}},{"from":[12.14,0,2.5],"to":[13.52,8,4],"faces":{"north":{"uv":[6.5,5.75,6.75,7.75],"texture":"#4"},"east":{"uv":[3,6.25,3.5,8.25],"texture":"#4"},"south":{"uv":[6.75,5.75,7,7.75],"texture":"#4"},"west":{"uv":[3.5,6.25,4,8.25],"texture":"#4"},"up":{"uv":[8,7.5,7.75,7],"texture":"#4"},"down":{"uv":[7.75,7.5,7.5,8],"texture":"#4"}}},{"from":[2.9216,8,2.48],"to":[13.0784,9.5,13.52],"faces":{"north":{"uv":[5,1,7.5,1.5],"texture":"#4"},"east":{"uv":[2,4.25,4.75,4.75],"texture":"#4"},"south":{"uv":[5,1.5,7.5,2],"texture":"#4"},"west":{"uv":[2,4.75,4.75,5.25],"texture":"#4"},"up":{"uv":[2.5,2.75,0,0],"texture":"#4"},"down":{"uv":[4.75,0,2.25,2.75],"texture":"#4"}}},{"from":[2.9216,8,1.52],"to":[13.0784,9.5,2.48],"faces":{"north":{"uv":[5,2,7.5,2.5],"texture":"#4"},"east":{"uv":[7.5,1,7.75,1.5],"texture":"#4"},"south":{"uv":[3,5.25,5.5,5.75],"texture":"#4"},"west":{"uv":[7.5,1.5,7.75,2],"texture":"#4"},"up":{"uv":[7.5,2.75,5,2.5],"texture":"#4"},"down":{"uv":[8.25,2.75,5.75,3],"texture":"#4"}}},{"from":[13.0784,8,2.48],"to":[14.0616,9.5,13.52],"faces":{"north":{"uv":[7.5,2,7.75,2.5],"texture":"#4"},"east":{"uv":[4.75,4.25,7.5,4.75],"texture":"#4"},"south":{"uv":[7.5,4.25,7.75,4.75],"texture":"#4"},"west":{"uv":[4.75,4.75,7.5,5.25],"texture":"#4"},"up":{"uv":[4.25,9,4,6.25],"texture":"#4"},"down":{"uv":[4.25,6.25,4,9],"texture":"#4"}}},{"from":[2.9216,8,13.52],"to":[13.0784,9.5,14.48],"faces":{"north":{"uv":[5.5,5.25,8,5.75],"texture":"#4"},"east":{"uv":[7.5,4.75,7.75,5.25],"texture":"#4"},"south":{"uv":[3,5.75,5.5,6.25],"texture":"#4"},"west":{"uv":[7.5,6,7.75,6.5],"texture":"#4"},"up":{"uv":[8.5,3.25,6,3],"texture":"#4"},"down":{"uv":[8.25,3.25,5.75,3.5],"texture":"#4"}}},{"from":[1.9384,8,2.48],"to":[2.9216,9.5,13.52],"faces":{"north":{"uv":[7.5,6.5,7.75,7],"texture":"#4"},"east":{"uv":[5,0,7.75,0.5],"texture":"#4"},"south":{"uv":[7,7.5,7.25,8],"texture":"#4"},"west":{"uv":[5,0.5,7.75,1],"texture":"#4"},"up":{"uv":[4.75,9,4.5,6.25],"texture":"#4"},"down":{"uv":[4.75,6.25,4.5,9],"texture":"#4"}}},{"from":[2.2535,7.999,1.80073],"to":[3.68998,9.499,2.76073],"rotation":{"angle":45,"axis":"y","origin":[2.9159,9.001,2.52073]},"faces":{"north":{"uv":[7.5,7,7.75,7.5],"texture":"#4"},"east":{"uv":[7.25,7.5,7.5,8],"texture":"#4"},"south":{"uv":[7.5,7.5,7.75,8],"texture":"#4"},"west":{"uv":[7.75,0,8,0.5],"texture":"#4"},"up":{"uv":[7.75,2.75,7.5,2.5],"texture":"#4"},"down":{"uv":[7.75,2.5,7.5,2.75],"texture":"#4"}}},{"from":[12.89833,7.999,1.7775],"to":[13.78153,9.499,3.1215],"rotation":{"angle":45,"axis":"y","origin":[13.11913,9.002,2.4975]},"faces":{"north":{"uv":[7.75,0.5,8,1],"texture":"#4"},"east":{"uv":[7.75,1,8,1.5],"texture":"#4"},"south":{"uv":[7.75,1.5,8,2],"texture":"#4"},"west":{"uv":[7.75,2,8,2.5],"texture":"#4"},"up":{"uv":[8.25,0.75,8,0.5],"texture":"#4"},"down":{"uv":[0.75,8,0.5,8.25],"texture":"#4"}}},{"from":[12.40114,7.999,13.32495],"to":[13.73762,9.499,14.28495],"rotation":{"angle":45,"axis":"y","origin":[12.97522,9.002,13.56495]},"faces":{"north":{"uv":[7.75,4.25,8,4.75],"texture":"#4"},"east":{"uv":[7.75,4.75,8,5.25],"texture":"#4"},"south":{"uv":[5.5,7.75,5.75,8.25],"texture":"#4"},"west":{"uv":[5.75,7.75,6,8.25],"texture":"#4"},"up":{"uv":[8.25,1,8,0.75],"texture":"#4"},"down":{"uv":[1,8,0.75,8.25],"texture":"#4"}}},{"from":[2.21847,7.999,12.8785],"to":[3.10167,9.499,14.2225],"rotation":{"angle":45,"axis":"y","origin":[2.88087,9.002,13.5025]},"faces":{"north":{"uv":[6,7.75,6.25,8.25],"texture":"#4"},"east":{"uv":[7.75,6,8,6.5],"texture":"#4"},"south":{"uv":[6.25,7.75,6.5,8.25],"texture":"#4"},"west":{"uv":[6.5,7.75,6.75,8.25],"texture":"#4"},"up":{"uv":[8.25,1.25,8,1],"texture":"#4"},"down":{"uv":[1.25,8,1,8.25],"texture":"#4"}}}],"display":{"thirdperson_righthand":{"rotation":[75,45,0],"translation":[0,2.5,0],"scale":[0.375,0.375,0.375]},"thirdperson_lefthand":{"rotation":[75,45,0],"translation":[0,2.5,0],"scale":[0.375,0.375,0.375]},"firstperson_righthand":{"rotation":[0,19,0],"scale":[0.4,0.4,0.4]},"firstperson_lefthand":{"rotation":[0,12,0],"scale":[0.4,0.4,0.4]},"ground":{"translation":[0,0.25,0],"scale":[0.5,0.5,0.5]},"gui":{"rotation":[30,225,0],"scale":[0.45,0.45,0.45]},"head":{"translation":[0,13.75,0],"scale":[0.8,0.8,0.8]},"fixed":{"rotation":[-90,0,0],"translation":[0,0,-15],"scale":[2,2,2]}},"groups":[{"name":"chair","origin":[8,8,8],"color":0,"children":[{"name":"Legs","origin":[8,8,8],"color":0,"children":[0,1,2,3]},{"name":"Back","origin":[8,8,8],"color":0,"children":[4,5]}]},{"name":"chair","origin":[8,8,8],"color":0,"children":[6,7,8,9,10,11,12,13,14,15,16]}]}