{"credit":"MadewithBlockbench","texture_size":[32,32],"textures":{"6":"decorations:bird_cage"},"elements":[{"from":[0,0,0],"to":[1,14,1],"faces":{"north":{"uv":[0,1.5,0.5,6.5],"texture":"#6"},"east":{"uv":[0,1.5,0.5,6.5],"texture":"#6"},"south":{"uv":[0,1.5,0.5,6.5],"texture":"#6"},"west":{"uv":[0,1.5,0.5,6.5],"texture":"#6"},"up":{"uv":[0,1.5,0.5,6.5],"texture":"#6"},"down":{"uv":[0,1.5,0.5,2],"texture":"#6","cullface":"down","tintindex":0}}},{"from":[0,0,15],"to":[1,14,16],"faces":{"north":{"uv":[0,1.5,0.5,6.5],"texture":"#6"},"east":{"uv":[0,1.5,0.5,6.5],"texture":"#6"},"south":{"uv":[0,1.5,0.5,6.5],"texture":"#6"},"west":{"uv":[0,1.5,0.5,6.5],"texture":"#6"},"up":{"uv":[0,1.5,0.5,6.5],"texture":"#6"},"down":{"uv":[0,1.5,0.5,2],"texture":"#6","cullface":"down","tintindex":0}}},{"from":[15,0,15],"to":[16,14,16],"faces":{"north":{"uv":[0,1.5,0.5,6.5],"texture":"#6"},"east":{"uv":[0,1.5,0.5,6.5],"texture":"#6"},"south":{"uv":[0,1.5,0.5,6.5],"texture":"#6"},"west":{"uv":[0,1.5,0.5,6.5],"texture":"#6"},"up":{"uv":[0,1.5,0.5,6.5],"texture":"#6"},"down":{"uv":[0,1.5,0.5,2],"texture":"#6","cullface":"down","tintindex":0}}},{"from":[15,0,0],"to":[16,14,1],"faces":{"north":{"uv":[0,1.5,0.5,6.5],"texture":"#6"},"east":{"uv":[0,1.5,0.5,6.5],"texture":"#6"},"south":{"uv":[0,1.5,0.5,6.5],"texture":"#6"},"west":{"uv":[0,1.5,0.5,6.5],"texture":"#6"},"up":{"uv":[0,1.5,0.5,6.5],"texture":"#6"},"down":{"uv":[0,1.5,0.5,2],"texture":"#6","cullface":"down","tintindex":0}}},{"from":[1,1,3],"to":[1,17,4],"faces":{"north":{"uv":[2,1,2.5,7],"texture":"#6"},"east":{"uv":[2,1,2.5,7],"texture":"#6"},"south":{"uv":[2,1,2.5,7],"texture":"#6"},"west":{"uv":[2,1,2.5,7],"texture":"#6"},"up":{"uv":[2,1,2.5,7],"texture":"#6"},"down":{"uv":[2,1,2,1.5],"texture":"#6","cullface":"down","tintindex":0}}},{"from":[1,1,6],"to":[1,20,7],"faces":{"north":{"uv":[2,1,2.5,7],"texture":"#6"},"east":{"uv":[2,1,2.5,7],"texture":"#6"},"south":{"uv":[2,1,2.5,7],"texture":"#6"},"west":{"uv":[2,1,2.5,7],"texture":"#6"},"up":{"uv":[2,1,2.5,7],"texture":"#6"},"down":{"uv":[2,1,2,1.5],"texture":"#6","cullface":"down","tintindex":0}}},{"from":[1,1,9],"to":[1,20,10],"faces":{"north":{"uv":[2,1,2.5,7],"texture":"#6"},"east":{"uv":[2,1,2.5,7],"texture":"#6"},"south":{"uv":[2,1,2.5,7],"texture":"#6"},"west":{"uv":[2,1,2.5,7],"texture":"#6"},"up":{"uv":[2,1,2.5,7],"texture":"#6"},"down":{"uv":[2,1,2,1.5],"texture":"#6","cullface":"down","tintindex":0}}},{"from":[1,1,12],"to":[1,17,13],"faces":{"north":{"uv":[2,1,2.5,7],"texture":"#6"},"east":{"uv":[2,1,2.5,7],"texture":"#6"},"south":{"uv":[2,1,2.5,7],"texture":"#6"},"west":{"uv":[2,1,2.5,7],"texture":"#6"},"up":{"uv":[2,1,2.5,7],"texture":"#6"},"down":{"uv":[2,1,2,1.5],"texture":"#6","cullface":"down","tintindex":0}}},{"from":[15,1,3],"to":[15,17,4],"faces":{"north":{"uv":[2,1,2.5,7],"texture":"#6"},"east":{"uv":[2,1,2.5,7],"texture":"#6"},"south":{"uv":[2,1,2.5,7],"texture":"#6"},"west":{"uv":[2,1,2.5,7],"texture":"#6"},"up":{"uv":[2,1,2.5,7],"texture":"#6"},"down":{"uv":[2,1,2,1.5],"texture":"#6","cullface":"down","tintindex":0}}},{"from":[15,1,6],"to":[15,20,7],"faces":{"north":{"uv":[2,1,2.5,7],"texture":"#6"},"east":{"uv":[2,1,2.5,7],"texture":"#6"},"south":{"uv":[2,1,2.5,7],"texture":"#6"},"west":{"uv":[2,1,2.5,7],"texture":"#6"},"up":{"uv":[2,1,2.5,7],"texture":"#6"},"down":{"uv":[2,1,2,1.5],"texture":"#6","cullface":"down","tintindex":0}}},{"from":[15,1,9],"to":[15,20,10],"faces":{"north":{"uv":[2,1,2.5,7],"texture":"#6"},"east":{"uv":[2,1,2.5,7],"texture":"#6"},"south":{"uv":[2,1,2.5,7],"texture":"#6"},"west":{"uv":[2,1,2.5,7],"texture":"#6"},"up":{"uv":[2,1,2.5,7],"texture":"#6"},"down":{"uv":[2,1,2,1.5],"texture":"#6","cullface":"down","tintindex":0}}},{"from":[15,1,12],"to":[15,17,13],"faces":{"north":{"uv":[2,1,2.5,7],"texture":"#6"},"east":{"uv":[2,1,2.5,7],"texture":"#6"},"south":{"uv":[2,1,2.5,7],"texture":"#6"},"west":{"uv":[2,1,2.5,7],"texture":"#6"},"up":{"uv":[2,1,2.5,7],"texture":"#6"},"down":{"uv":[2,1,2,1.5],"texture":"#6","cullface":"down","tintindex":0}}},{"from":[12,1,15],"to":[13,17,15],"faces":{"north":{"uv":[2,1,2.5,7],"texture":"#6"},"east":{"uv":[2,1,2.5,7],"texture":"#6"},"south":{"uv":[2,1,2.5,7],"texture":"#6"},"west":{"uv":[2,1,2.5,7],"texture":"#6"},"up":{"uv":[2,1,2.5,7],"texture":"#6"},"down":{"uv":[2,1,2.5,1],"texture":"#6","cullface":"down","tintindex":0}}},{"from":[9,1,15],"to":[10,20,15],"faces":{"north":{"uv":[2,1,2.5,7],"texture":"#6"},"east":{"uv":[2,1,2.5,7],"texture":"#6"},"south":{"uv":[2,1,2.5,7],"texture":"#6"},"west":{"uv":[2,1,2.5,7],"texture":"#6"},"up":{"uv":[2,1,2.5,7],"texture":"#6"},"down":{"uv":[2,1,2.5,1],"texture":"#6","cullface":"down","tintindex":0}}},{"from":[6,1,15],"to":[7,20,15],"faces":{"north":{"uv":[2,1,2.5,7],"texture":"#6"},"east":{"uv":[2,1,2.5,7],"texture":"#6"},"south":{"uv":[2,1,2.5,7],"texture":"#6"},"west":{"uv":[2,1,2.5,7],"texture":"#6"},"up":{"uv":[2,1,2.5,7],"texture":"#6"},"down":{"uv":[2,1,2.5,1],"texture":"#6","cullface":"down","tintindex":0}}},{"from":[3,1,15],"to":[4,17,15],"faces":{"north":{"uv":[2,1,2.5,7],"texture":"#6"},"east":{"uv":[2,1,2.5,7],"texture":"#6"},"south":{"uv":[2,1,2.5,7],"texture":"#6"},"west":{"uv":[2,1,2.5,7],"texture":"#6"},"up":{"uv":[2,1,2.5,7],"texture":"#6"},"down":{"uv":[2,1,2.5,1],"texture":"#6","cullface":"down","tintindex":0}}},{"from":[12,1,1],"to":[13,17,1],"faces":{"north":{"uv":[2,1,2.5,7],"texture":"#6"},"east":{"uv":[2,1,2.5,7],"texture":"#6"},"south":{"uv":[2,1,2.5,7],"texture":"#6"},"west":{"uv":[2,1,2.5,7],"texture":"#6"},"up":{"uv":[2,1,2.5,7],"texture":"#6"},"down":{"uv":[2,1,2.5,1],"texture":"#6","cullface":"down","tintindex":0}}},{"from":[9,1,1],"to":[10,20,1],"faces":{"north":{"uv":[2,1,2.5,7],"texture":"#6"},"east":{"uv":[2,1,2.5,7],"texture":"#6"},"south":{"uv":[2,1,2.5,7],"texture":"#6"},"west":{"uv":[2,1,2.5,7],"texture":"#6"},"up":{"uv":[2,1,2.5,7],"texture":"#6"},"down":{"uv":[2,1,2.5,1],"texture":"#6","cullface":"down","tintindex":0}}},{"from":[6,1,1],"to":[7,20,1],"faces":{"north":{"uv":[2,1,2.5,7],"texture":"#6"},"east":{"uv":[2,1,2.5,7],"texture":"#6"},"south":{"uv":[2,1,2.5,7],"texture":"#6"},"west":{"uv":[2,1,2.5,7],"texture":"#6"},"up":{"uv":[2,1,2.5,7],"texture":"#6"},"down":{"uv":[2,1,2.5,1],"texture":"#6","cullface":"down","tintindex":0}}},{"from":[3,1,1],"to":[4,17,1],"faces":{"north":{"uv":[2,1,2.5,7],"texture":"#6"},"east":{"uv":[2,1,2.5,7],"texture":"#6"},"south":{"uv":[2,1,2.5,7],"texture":"#6"},"west":{"uv":[2,1,2.5,7],"texture":"#6"},"up":{"uv":[2,1,2.5,7],"texture":"#6"},"down":{"uv":[2,1,2.5,1],"texture":"#6","cullface":"down","tintindex":0}}},{"from":[0,0,1],"to":[1,1,15],"faces":{"north":{"uv":[0,0,7,0.5],"texture":"#6"},"east":{"uv":[0,0,7,0.5],"texture":"#6"},"south":{"uv":[0,0,7,0.5],"texture":"#6"},"west":{"uv":[0,0,7,0.5],"texture":"#6"},"up":{"uv":[0,0,7,0.5],"texture":"#6"},"down":{"uv":[0,0,0.5,7],"texture":"#6","cullface":"down","tintindex":0}}},{"from":[1,0,15],"to":[15,1,16],"faces":{"north":{"uv":[0,1.5,0.5,6.5],"texture":"#6"},"east":{"uv":[0,1.5,0.5,6.5],"texture":"#6"},"south":{"uv":[0,1.5,0.5,6.5],"texture":"#6"},"west":{"uv":[0,1.5,0.5,6.5],"texture":"#6"},"up":{"uv":[0,1.5,0.5,6.5],"texture":"#6"},"down":{"uv":[0,1.5,7,2],"texture":"#6","cullface":"down","tintindex":0}}},{"from":[15,0,1],"to":[16,1,15],"faces":{"north":{"uv":[0,1.5,0.5,6.5],"texture":"#6"},"east":{"uv":[0,1.5,0.5,6.5],"texture":"#6"},"south":{"uv":[0,1.5,0.5,6.5],"texture":"#6"},"west":{"uv":[0,1.5,0.5,6.5],"texture":"#6"},"up":{"uv":[0,1.5,0.5,6.5],"texture":"#6"},"down":{"uv":[0,1.5,0.5,8.5],"texture":"#6","cullface":"down","tintindex":0}}},{"from":[1,0,0],"to":[15,1,1],"faces":{"north":{"uv":[0,1.5,0.5,6.5],"texture":"#6"},"east":{"uv":[0,1.5,0.5,6.5],"texture":"#6"},"south":{"uv":[0,1.5,0.5,6.5],"texture":"#6"},"west":{"uv":[0,1.5,0.5,6.5],"texture":"#6"},"up":{"uv":[0,1.5,0.5,6.5],"texture":"#6"},"down":{"uv":[0,1.5,7,2],"texture":"#6","cullface":"down","tintindex":0}}},{"from":[0.5,3,1],"to":[0.9,4,15],"faces":{"north":{"uv":[0,1.5,0.5,6.5],"texture":"#6"},"east":{"uv":[0,1.5,0.5,6.5],"texture":"#6"},"south":{"uv":[0,1.5,0.5,6.5],"texture":"#6"},"west":{"uv":[0,1.5,0.5,6.5],"texture":"#6"},"up":{"uv":[0,1.5,0.5,6.5],"texture":"#6"},"down":{"uv":[0,1.5,0.2,8.5],"texture":"#6","cullface":"down","tintindex":0}}},{"from":[0.5,12,1],"to":[0.9,13,15],"faces":{"north":{"uv":[0,1.5,0.5,6.5],"texture":"#6"},"east":{"uv":[0,1.5,0.5,6.5],"texture":"#6"},"south":{"uv":[0,1.5,0.5,6.5],"texture":"#6"},"west":{"uv":[0,1.5,0.5,6.5],"texture":"#6"},"up":{"uv":[0,1.5,0.5,6.5],"texture":"#6"},"down":{"uv":[0,1.5,0.2,8.5],"texture":"#6","cullface":"down","tintindex":0}}},{"from":[15.1,12,1],"to":[15.5,13,15],"faces":{"north":{"uv":[0,1.5,0.5,6.5],"texture":"#6"},"east":{"uv":[0,1.5,0.5,6.5],"texture":"#6"},"south":{"uv":[0,1.5,0.5,6.5],"texture":"#6"},"west":{"uv":[0,1.5,0.5,6.5],"texture":"#6"},"up":{"uv":[0,1.5,0.5,6.5],"texture":"#6"},"down":{"uv":[0,1.5,0.2,8.5],"texture":"#6","cullface":"down","tintindex":0}}},{"from":[1,3,0.5],"to":[15.4,4,0.9],"faces":{"north":{"uv":[0,1.5,0.5,6.5],"texture":"#6"},"east":{"uv":[0,1.5,0.5,6.5],"texture":"#6"},"south":{"uv":[0,1.5,0.5,6.5],"texture":"#6"},"west":{"uv":[0,1.5,0.5,6.5],"texture":"#6"},"up":{"uv":[0,1.5,0.5,6.5],"texture":"#6"},"down":{"uv":[0,1.5,7.2,1.7],"texture":"#6","cullface":"down","tintindex":0}}},{"from":[1,12,0.5],"to":[15.4,13,0.9],"faces":{"north":{"uv":[0,1.5,0.5,6.5],"texture":"#6"},"east":{"uv":[0,1.5,0.5,6.5],"texture":"#6"},"south":{"uv":[0,1.5,0.5,6.5],"texture":"#6"},"west":{"uv":[0,1.5,0.5,6.5],"texture":"#6"},"up":{"uv":[0,1.5,0.5,6.5],"texture":"#6"},"down":{"uv":[0,1.5,7.2,1.7],"texture":"#6","cullface":"down","tintindex":0}}},{"from":[1,3,15.1],"to":[15.4,4,15.5],"faces":{"north":{"uv":[0,1.5,0.5,6.5],"texture":"#6"},"east":{"uv":[0,1.5,0.5,6.5],"texture":"#6"},"south":{"uv":[0,1.5,0.5,6.5],"texture":"#6"},"west":{"uv":[0,1.5,0.5,6.5],"texture":"#6"},"up":{"uv":[0,1.5,0.5,6.5],"texture":"#6"},"down":{"uv":[0,1.5,7.2,1.7],"texture":"#6","cullface":"down","tintindex":0}}},{"from":[1,12,15.1],"to":[15.4,13,15.5],"faces":{"north":{"uv":[0,1.5,0.5,6.5],"texture":"#6"},"east":{"uv":[0,1.5,0.5,6.5],"texture":"#6"},"south":{"uv":[0,1.5,0.5,6.5],"texture":"#6"},"west":{"uv":[0,1.5,0.5,6.5],"texture":"#6"},"up":{"uv":[0,1.5,0.5,6.5],"texture":"#6"},"down":{"uv":[0,1.5,7.2,1.7],"texture":"#6","cullface":"down","tintindex":0}}},{"from":[15.1,3,1],"to":[15.5,4,15],"faces":{"north":{"uv":[0,1.5,0.5,6.5],"texture":"#6"},"east":{"uv":[0,1.5,0.5,6.5],"texture":"#6"},"south":{"uv":[0,1.5,0.5,6.5],"texture":"#6"},"west":{"uv":[0,1.5,0.5,6.5],"texture":"#6"},"up":{"uv":[0,1.5,0.5,6.5],"texture":"#6"},"down":{"uv":[0,1.5,0.2,8.5],"texture":"#6","cullface":"down","tintindex":0}}},{"from":[2.5,24,3],"to":[2.9,25,13],"faces":{"north":{"uv":[0,1.5,0.5,6.5],"texture":"#6"},"east":{"uv":[0,1.5,0.5,6.5],"texture":"#6"},"south":{"uv":[0,1.5,0.5,6.5],"texture":"#6"},"west":{"uv":[0,1.5,0.5,6.5],"texture":"#6"},"up":{"uv":[0,1.5,0.5,6.5],"texture":"#6"},"down":{"uv":[0,1.5,0.2,6.5],"texture":"#6","cullface":"down","tintindex":0}}},{"from":[3,24,2.6],"to":[13,25,3],"faces":{"north":{"uv":[0,1.5,0.5,6.5],"texture":"#6"},"east":{"uv":[0,1.5,0.5,6.5],"texture":"#6"},"south":{"uv":[0,1.5,0.5,6.5],"texture":"#6"},"west":{"uv":[0,1.5,0.5,6.5],"texture":"#6"},"up":{"uv":[0,1.5,0.5,6.5],"rotation":90,"texture":"#6"},"down":{"uv":[0,1.5,0.2,6.5],"rotation":270,"texture":"#6","cullface":"down","tintindex":0}}},{"from":[13.1,24,3],"to":[13.5,25,13],"faces":{"north":{"uv":[0,1.5,0.5,6.5],"texture":"#6"},"east":{"uv":[0,1.5,0.5,6.5],"texture":"#6"},"south":{"uv":[0,1.5,0.5,6.5],"texture":"#6"},"west":{"uv":[0,1.5,0.5,6.5],"texture":"#6"},"up":{"uv":[0,1.5,0.5,6.5],"rotation":180,"texture":"#6"},"down":{"uv":[0,1.5,0.2,6.5],"rotation":180,"texture":"#6","cullface":"down","tintindex":0}}},{"from":[3,24,13.1],"to":[13,25,13.5],"faces":{"north":{"uv":[0,1.5,0.5,6.5],"texture":"#6"},"east":{"uv":[0,1.5,0.5,6.5],"texture":"#6"},"south":{"uv":[0,1.5,0.5,6.5],"texture":"#6"},"west":{"uv":[0,1.5,0.5,6.5],"texture":"#6"},"up":{"uv":[0,1.5,0.5,6.5],"rotation":270,"texture":"#6"},"down":{"uv":[0,1.5,0.2,6.5],"rotation":90,"texture":"#6","cullface":"down","tintindex":0}}},{"from":[0.5,4,11],"to":[0.9,9,12],"faces":{"north":{"uv":[0,1.5,0.5,6.5],"texture":"#6"},"east":{"uv":[0,1.5,0.5,6.5],"texture":"#6"},"south":{"uv":[0,1.5,0.5,6.5],"texture":"#6"},"west":{"uv":[0,1.5,0.5,6.5],"texture":"#6"},"up":{"uv":[0,1.5,0.5,6.5],"texture":"#6"},"down":{"uv":[0,1.5,0.2,2],"texture":"#6","cullface":"down","tintindex":0}}},{"from":[0.5,4,4],"to":[0.9,9,5],"faces":{"north":{"uv":[0,1.5,0.5,6.5],"texture":"#6"},"east":{"uv":[0,1.5,0.5,6.5],"texture":"#6"},"south":{"uv":[0,1.5,0.5,6.5],"texture":"#6"},"west":{"uv":[0,1.5,0.5,6.5],"texture":"#6"},"up":{"uv":[0,1.5,0.5,6.5],"texture":"#6"},"down":{"uv":[0,1.5,0.2,2],"texture":"#6","cullface":"down","tintindex":0}}},{"from":[0.5,9,4],"to":[0.9,10,12],"faces":{"north":{"uv":[0,1.5,0.5,6.5],"texture":"#6"},"east":{"uv":[0,1.5,0.5,6.5],"texture":"#6"},"south":{"uv":[0,1.5,0.5,6.5],"texture":"#6"},"west":{"uv":[0,1.5,0.5,6.5],"texture":"#6"},"up":{"uv":[0,1.5,0.5,6.5],"texture":"#6"},"down":{"uv":[0,1.5,0.2,5.5],"texture":"#6","cullface":"down","tintindex":0}}},{"name":"Handle","from":[0,6.3,4],"to":[0.5,7.3,5],"faces":{"north":{"uv":[1,1.5,2,2.5],"texture":"#6"},"east":{"uv":[1,1.5,2,2.5],"texture":"#6"},"south":{"uv":[1,1.5,2,2.5],"texture":"#6"},"west":{"uv":[1,1.5,2,2.5],"texture":"#6"},"up":{"uv":[1,1.5,2,2.5],"texture":"#6"},"down":{"uv":[1,1.5,1.25,2],"texture":"#6","cullface":"down","tintindex":0}}},{"name":"FrontRoof","from":[-1,5,2],"to":[0,18,3],"rotation":{"angle":45,"axis":"x","origin":[7,13,10]},"faces":{"north":{"uv":[8.5,0,9,8],"texture":"#6"},"east":{"uv":[8.5,0,9,8],"texture":"#6"},"south":{"uv":[8.5,0,9,8],"texture":"#6"},"west":{"uv":[8.5,0,9,8],"texture":"#6"},"up":{"uv":[8.5,0,9,0.5],"texture":"#6"},"down":{"uv":[8.5,0,9,0.5],"texture":"#6","cullface":"down","tintindex":0}}},{"name":"FrontRoof","from":[-1,17.87868,0.87868],"to":[0,18.87868,12.87868],"rotation":{"angle":45,"axis":"x","origin":[7,10.87868,7.87868]},"faces":{"north":{"uv":[8.5,6.5,14.5,7],"rotation":90,"texture":"#6"},"east":{"uv":[8.5,6.5,14.5,7],"rotation":90,"texture":"#6"},"south":{"uv":[8.5,6.5,14.5,7],"rotation":90,"texture":"#6"},"west":{"uv":[8.5,6.5,14.5,7],"texture":"#6"},"up":{"uv":[8.5,6.5,14.5,7],"rotation":90,"texture":"#6"},"down":{"uv":[8.5,6.5,14.5,7],"rotation":90,"texture":"#6","cullface":"down","tintindex":0}}},{"name":"FrontRoof","from":[0,7,2],"to":[1,18,3],"rotation":{"angle":45,"axis":"x","origin":[8,13,10]},"faces":{"north":{"uv":[9,0,9.5,5],"texture":"#6"},"east":{"uv":[9,0,9.5,5],"texture":"#6"},"south":{"uv":[9,0,9.5,5],"texture":"#6"},"west":{"uv":[9,0,9.5,5],"texture":"#6"},"up":{"uv":[8.5,0,9,0.5],"texture":"#6"},"down":{"uv":[9,0,9.5,0.5],"texture":"#6","cullface":"down","tintindex":0}}},{"name":"FrontRoof","from":[0,17.87868,0.87868],"to":[1,18.87868,10.87868],"rotation":{"angle":45,"axis":"x","origin":[8,10.87868,7.87868]},"faces":{"north":{"uv":[8.5,5.5,14,6],"rotation":90,"texture":"#6"},"east":{"uv":[8.5,5.5,14,6],"rotation":90,"texture":"#6"},"south":{"uv":[8.5,5.5,14,6],"rotation":90,"texture":"#6"},"west":{"uv":[8.5,5.5,14,6],"rotation":90,"texture":"#6"},"up":{"uv":[8.5,5.5,14,6],"rotation":90,"texture":"#6"},"down":{"uv":[8.5,5.5,13.5,6],"rotation":90,"texture":"#6","cullface":"down","tintindex":0}}},{"name":"FrontRoof","from":[1,8,2],"to":[2,18,3],"rotation":{"angle":45,"axis":"x","origin":[9,13,10]},"faces":{"north":{"uv":[11.5,1.5,12,5.5],"texture":"#6"},"east":{"uv":[11.5,1.5,12,5.5],"texture":"#6"},"south":{"uv":[11.5,1.5,12,5.5],"texture":"#6"},"west":{"uv":[11.5,1.5,12,5.5],"texture":"#6"},"up":{"uv":[8.5,0,9,0.5],"texture":"#6"},"down":{"uv":[11.5,1.5,12,2],"texture":"#6","cullface":"down","tintindex":0}}},{"name":"FrontRoof","from":[1,17.87868,0.87868],"to":[2,18.87868,9.87868],"rotation":{"angle":45,"axis":"x","origin":[9,10.87868,7.87868]},"faces":{"north":{"uv":[8.5,4.5,13,5],"rotation":90,"texture":"#6"},"east":{"uv":[8.5,4.5,13,5],"rotation":90,"texture":"#6"},"south":{"uv":[8.5,4.5,13,5],"rotation":90,"texture":"#6"},"west":{"uv":[8.5,4.5,13,5],"rotation":90,"texture":"#6"},"up":{"uv":[8.5,4.5,13,5],"rotation":90,"texture":"#6"},"down":{"uv":[8.5,4.5,13,5],"rotation":90,"texture":"#6","cullface":"down","tintindex":0}}},{"name":"FrontRoof","from":[2,9,2],"to":[3,18,3],"rotation":{"angle":45,"axis":"x","origin":[10,13,10]},"faces":{"north":{"uv":[13.5,0,14,3.5],"texture":"#6"},"east":{"uv":[13.5,0,14,3.5],"texture":"#6"},"south":{"uv":[13.5,0,14,3.5],"texture":"#6"},"west":{"uv":[13.5,0,14,3.5],"texture":"#6"},"up":{"uv":[8.5,0,9,0.5],"texture":"#6"},"down":{"uv":[13.5,0,14,0.5],"texture":"#6","cullface":"down","tintindex":0}}},{"name":"FrontRoof","from":[2,17.87868,0.87868],"to":[3,18.87868,8.87868],"rotation":{"angle":45,"axis":"x","origin":[10,10.87868,7.87868]},"faces":{"north":{"uv":[12,4,16,4.5],"rotation":90,"texture":"#6"},"east":{"uv":[12,4,16,4.5],"rotation":90,"texture":"#6"},"south":{"uv":[12,4,16,4.5],"rotation":90,"texture":"#6"},"west":{"uv":[12,4,16,4.5],"rotation":90,"texture":"#6"},"up":{"uv":[12,4,16,4.5],"rotation":90,"texture":"#6"},"down":{"uv":[12,4,16,4.5],"rotation":90,"texture":"#6","cullface":"down","tintindex":0}}},{"name":"BackRoof","from":[16,5.12132,2.12132],"to":[17,17.12132,3.12132],"rotation":{"angle":45,"axis":"x","origin":[9,13.12132,10.12132]},"faces":{"north":{"uv":[9,0,8.5,8],"texture":"#6"},"east":{"uv":[9,0,8.5,8],"texture":"#6"},"south":{"uv":[9,0,8.5,8],"texture":"#6"},"west":{"uv":[9,0,8.5,8],"texture":"#6"},"up":{"uv":[9,0,8.5,8],"texture":"#6"},"down":{"uv":[9,0,8.5,0.5],"texture":"#6","cullface":"down","tintindex":0}}},{"name":"BackRoof","from":[16,18,0],"to":[17,19,13],"rotation":{"angle":45,"axis":"x","origin":[9,11,8]},"faces":{"north":{"uv":[12,4.5,12.5,4],"rotation":90,"texture":"#6"},"east":{"uv":[8.5,7,14.5,6.5],"texture":"#6"},"south":{"uv":[8.5,7,14.5,6.5],"rotation":90,"texture":"#6"},"west":{"uv":[8.5,7,14.5,6.5],"rotation":90,"texture":"#6"},"up":{"uv":[8.5,7,14.5,6.5],"rotation":90,"texture":"#6"},"down":{"uv":[8.5,7,15,6.5],"rotation":90,"texture":"#6","cullface":"down","tintindex":0}}},{"name":"BackRoof","from":[15,7.12132,2.12132],"to":[16,17.12132,3.12132],"rotation":{"angle":45,"axis":"x","origin":[8,13.12132,10.12132]},"faces":{"north":{"uv":[9.5,0,9,5],"texture":"#6"},"east":{"uv":[9.5,0,9,5],"texture":"#6"},"south":{"uv":[9.5,0,9,5],"texture":"#6"},"west":{"uv":[9.5,0,9,5],"texture":"#6"},"up":{"uv":[9.5,0,9,5],"texture":"#6"},"down":{"uv":[9.5,0,9,0.5],"texture":"#6","cullface":"down","tintindex":0}}},{"name":"BackRoof","from":[15,18,0],"to":[16,19,12],"rotation":{"angle":45,"axis":"x","origin":[8,11,8]},"faces":{"north":{"uv":[12,4.5,12.5,4],"rotation":90,"texture":"#6"},"east":{"uv":[8.5,6,14,5.5],"rotation":90,"texture":"#6"},"south":{"uv":[8.5,6,14,5.5],"rotation":90,"texture":"#6"},"west":{"uv":[8.5,6,14,5.5],"rotation":90,"texture":"#6"},"up":{"uv":[8.5,6,14,5.5],"rotation":90,"texture":"#6"},"down":{"uv":[8.5,6,14.5,5.5],"rotation":90,"texture":"#6","cullface":"down","tintindex":0}}},{"name":"BackRoof","from":[14,8.12132,2.12132],"to":[15,17.12132,3.12132],"rotation":{"angle":45,"axis":"x","origin":[7,13.12132,10.12132]},"faces":{"north":{"uv":[12,1.5,11.5,5.5],"texture":"#6"},"east":{"uv":[12,1.5,11.5,5.5],"texture":"#6"},"south":{"uv":[12,1.5,11.5,5.5],"texture":"#6"},"west":{"uv":[12,1.5,11.5,5.5],"texture":"#6"},"up":{"uv":[12,1.5,11.5,5.5],"texture":"#6"},"down":{"uv":[12,1.5,11.5,2],"texture":"#6","cullface":"down","tintindex":0}}},{"name":"BackRoof","from":[14,18,0],"to":[15,19,10],"rotation":{"angle":45,"axis":"x","origin":[7,11,8]},"faces":{"north":{"uv":[12,4.5,12.5,4],"rotation":90,"texture":"#6"},"east":{"uv":[8.5,5,13,4.5],"rotation":90,"texture":"#6"},"south":{"uv":[8.5,5,13,4.5],"rotation":90,"texture":"#6"},"west":{"uv":[8.5,5,13,4.5],"rotation":90,"texture":"#6"},"up":{"uv":[8.5,5,13,4.5],"rotation":90,"texture":"#6"},"down":{"uv":[8.5,5,13.5,4.5],"rotation":90,"texture":"#6","cullface":"down","tintindex":0}}},{"name":"BackRoof","from":[13,9.12132,2.12132],"to":[14,17.12132,3.12132],"rotation":{"angle":45,"axis":"x","origin":[6,13.12132,10.12132]},"faces":{"north":{"uv":[14,0,13.5,3.5],"texture":"#6"},"east":{"uv":[14,0,13.5,3.5],"texture":"#6"},"south":{"uv":[14,0,13.5,3.5],"texture":"#6"},"west":{"uv":[14,0,13.5,3.5],"texture":"#6"},"up":{"uv":[14,0,13.5,3.5],"texture":"#6"},"down":{"uv":[14,0,13.5,0.5],"texture":"#6","cullface":"down","tintindex":0}}},{"name":"BackRoof","from":[13,18,0],"to":[14,19,9],"rotation":{"angle":45,"axis":"x","origin":[6,11,8]},"faces":{"north":{"uv":[12,4.5,12.5,4],"rotation":90,"texture":"#6"},"east":{"uv":[12,4.5,16,4],"rotation":90,"texture":"#6"},"south":{"uv":[12,4.5,16,4],"rotation":90,"texture":"#6"},"west":{"uv":[12,4.5,16,4],"rotation":90,"texture":"#6"},"up":{"uv":[12,4.5,16,4],"rotation":90,"texture":"#6"},"down":{"uv":[12,4.5,16.5,4],"rotation":90,"texture":"#6","cullface":"down","tintindex":0}}},{"name":"LeftRoof","from":[13,5,-1],"to":[14,18,0],"rotation":{"angle":45,"axis":"z","origin":[6,13,7]},"faces":{"north":{"uv":[8.5,0,9,8],"texture":"#6"},"east":{"uv":[8.5,0,9,8],"texture":"#6"},"south":{"uv":[8.5,0,9,8],"texture":"#6"},"west":{"uv":[8.5,0,9,8],"texture":"#6"},"up":{"uv":[8.5,0,9,0.5],"rotation":90,"texture":"#6"},"down":{"uv":[8.5,0,9,0.5],"rotation":270,"texture":"#6","cullface":"down","tintindex":0}}},{"name":"LeftRoof","from":[3.12132,17.87868,-1],"to":[15.12132,18.87868,0],"rotation":{"angle":45,"axis":"z","origin":[8.12132,10.87868,7]},"faces":{"north":{"uv":[8.5,6.5,14.5,7],"texture":"#6"},"east":{"uv":[8.5,6.5,14.5,7],"rotation":90,"texture":"#6"},"south":{"uv":[8.5,6.5,14.5,7],"rotation":90,"texture":"#6"},"west":{"uv":[8.5,6.5,14.5,7],"rotation":90,"texture":"#6"},"up":{"uv":[8.5,6.5,14.5,7],"rotation":180,"texture":"#6"},"down":{"uv":[8.5,6.5,14.5,7],"texture":"#6","cullface":"down","tintindex":0}}},{"name":"LeftRoof","from":[13,7,0],"to":[14,18,1],"rotation":{"angle":45,"axis":"z","origin":[6,13,8]},"faces":{"north":{"uv":[9,0,9.5,5],"texture":"#6"},"east":{"uv":[9,0,9.5,5],"texture":"#6"},"south":{"uv":[9,0,9.5,5],"texture":"#6"},"west":{"uv":[9,0,9.5,5],"texture":"#6"},"up":{"uv":[8.5,0,9,0.5],"rotation":90,"texture":"#6"},"down":{"uv":[9,0,9.5,0.5],"rotation":270,"texture":"#6","cullface":"down","tintindex":0}}},{"name":"LeftRoof","from":[5.12132,17.87868,0],"to":[15.12132,18.87868,1],"rotation":{"angle":45,"axis":"z","origin":[8.12132,10.87868,8]},"faces":{"north":{"uv":[8.5,5.5,14,6],"rotation":90,"texture":"#6"},"east":{"uv":[8.5,5.5,14,6],"rotation":90,"texture":"#6"},"south":{"uv":[8.5,5.5,14,6],"rotation":90,"texture":"#6"},"west":{"uv":[8.5,5.5,14,6],"rotation":90,"texture":"#6"},"up":{"uv":[8.5,5.5,14,6],"rotation":180,"texture":"#6"},"down":{"uv":[8.5,5.5,13.5,6],"texture":"#6","cullface":"down","tintindex":0}}},{"name":"LeftRoof","from":[13,8,1],"to":[14,18,2],"rotation":{"angle":45,"axis":"z","origin":[6,13,9]},"faces":{"north":{"uv":[11.5,1.5,12,5.5],"texture":"#6"},"east":{"uv":[11.5,1.5,12,5.5],"texture":"#6"},"south":{"uv":[11.5,1.5,12,5.5],"texture":"#6"},"west":{"uv":[11.5,1.5,12,5.5],"texture":"#6"},"up":{"uv":[8.5,0,9,0.5],"rotation":90,"texture":"#6"},"down":{"uv":[11.5,1.5,12,2],"rotation":270,"texture":"#6","cullface":"down","tintindex":0}}},{"name":"LeftRoof","from":[6.12132,17.87868,1],"to":[15.12132,18.87868,2],"rotation":{"angle":45,"axis":"z","origin":[8.12132,10.87868,9]},"faces":{"north":{"uv":[8.5,4.5,13,5],"rotation":90,"texture":"#6"},"east":{"uv":[8.5,4.5,13,5],"rotation":90,"texture":"#6"},"south":{"uv":[8.5,4.5,13,5],"rotation":90,"texture":"#6"},"west":{"uv":[8.5,4.5,13,5],"rotation":90,"texture":"#6"},"up":{"uv":[8.5,4.5,13,5],"rotation":180,"texture":"#6"},"down":{"uv":[8.5,4.5,13,5],"texture":"#6","cullface":"down","tintindex":0}}},{"name":"LeftRoof","from":[13,9,2],"to":[14,18,3],"rotation":{"angle":45,"axis":"z","origin":[6,13,10]},"faces":{"north":{"uv":[13.5,0,14,3.5],"texture":"#6"},"east":{"uv":[13.5,0,14,3.5],"texture":"#6"},"south":{"uv":[13.5,0,14,3.5],"texture":"#6"},"west":{"uv":[13.5,0,14,3.5],"texture":"#6"},"up":{"uv":[8.5,0,9,0.5],"rotation":90,"texture":"#6"},"down":{"uv":[13.5,0,14,0.5],"rotation":270,"texture":"#6","cullface":"down","tintindex":0}}},{"name":"LeftRoof","from":[6.12132,17.87868,2],"to":[15.12132,18.87868,3],"rotation":{"angle":45,"axis":"z","origin":[8.12132,10.87868,10]},"faces":{"north":{"uv":[12,4,16,4.5],"rotation":90,"texture":"#6"},"east":{"uv":[12,4,16,4.5],"rotation":90,"texture":"#6"},"south":{"uv":[12,4,16,4.5],"rotation":90,"texture":"#6"},"west":{"uv":[12,4,16,4.5],"rotation":90,"texture":"#6"},"up":{"uv":[12,4,16,4.5],"rotation":180,"texture":"#6"},"down":{"uv":[12,4,16.5,4.5],"texture":"#6","cullface":"down","tintindex":0}}},{"name":"RightRoof","from":[2,5,16],"to":[3,18,17],"rotation":{"angle":-45,"axis":"z","origin":[10,13,9]},"faces":{"north":{"uv":[8.5,0,9,8],"texture":"#6"},"east":{"uv":[8.5,0,9,8],"texture":"#6"},"south":{"uv":[8.5,0,9,8],"texture":"#6"},"west":{"uv":[8.5,0,9,8],"texture":"#6"},"up":{"uv":[13.5,0,14,0.5],"rotation":270,"texture":"#6"},"down":{"uv":[8.5,0,9,0.5],"rotation":90,"texture":"#6","cullface":"down","tintindex":0}}},{"name":"RightRoof","from":[0.87868,17.87868,16],"to":[12.87868,18.87868,17],"rotation":{"angle":-45,"axis":"z","origin":[7.87868,10.87868,9]},"faces":{"north":{"uv":[8.5,6.5,14.5,7],"rotation":90,"texture":"#6"},"east":{"uv":[8.5,6.5,14.5,7],"rotation":90,"texture":"#6"},"south":{"uv":[8.5,6.5,14.5,7],"texture":"#6"},"west":{"uv":[8.5,6.5,14.5,7],"rotation":90,"texture":"#6"},"up":{"uv":[8.5,6.5,14.5,7],"texture":"#6"},"down":{"uv":[8.5,6.5,14.5,7],"rotation":180,"texture":"#6","cullface":"down","tintindex":0}}},{"name":"RightRoof","from":[2,7,15],"to":[3,18,16],"rotation":{"angle":-45,"axis":"z","origin":[10,13,8]},"faces":{"north":{"uv":[9,0,9.5,5],"texture":"#6"},"east":{"uv":[9,0,9.5,5],"texture":"#6"},"south":{"uv":[9,0,9.5,5],"texture":"#6"},"west":{"uv":[9,0,9.5,5],"texture":"#6"},"up":{"uv":[13.5,0,14,0.5],"rotation":270,"texture":"#6"},"down":{"uv":[9,0,9.5,0.5],"rotation":90,"texture":"#6","cullface":"down","tintindex":0}}},{"name":"RightRoof","from":[0.87868,17.87868,15],"to":[11.87868,18.87868,16],"rotation":{"angle":-45,"axis":"z","origin":[7.87868,10.87868,8]},"faces":{"north":{"uv":[8.5,5.5,14,6],"rotation":90,"texture":"#6"},"east":{"uv":[8.5,5.5,14,6],"rotation":90,"texture":"#6"},"south":{"uv":[8.5,5.5,14,6],"rotation":90,"texture":"#6"},"west":{"uv":[8.5,5.5,14,6],"rotation":90,"texture":"#6"},"up":{"uv":[8.5,5.5,14,6],"texture":"#6"},"down":{"uv":[8.5,5.5,14,6],"rotation":180,"texture":"#6","cullface":"down","tintindex":0}}},{"name":"RightRoof","from":[2,8,14],"to":[3,18,15],"rotation":{"angle":-45,"axis":"z","origin":[10,13,7]},"faces":{"north":{"uv":[11.5,1.5,12,5.5],"texture":"#6"},"east":{"uv":[11.5,1.5,12,5.5],"texture":"#6"},"south":{"uv":[11.5,1.5,12,5.5],"texture":"#6"},"west":{"uv":[11.5,1.5,12,5.5],"texture":"#6"},"up":{"uv":[13.5,0,14,0.5],"rotation":270,"texture":"#6"},"down":{"uv":[11.5,1.5,12,2],"rotation":90,"texture":"#6","cullface":"down","tintindex":0}}},{"name":"RightRoof","from":[0.87868,17.87868,14],"to":[9.87868,18.87868,15],"rotation":{"angle":-45,"axis":"z","origin":[7.87868,10.87868,7]},"faces":{"north":{"uv":[8.5,4.5,13,5],"rotation":90,"texture":"#6"},"east":{"uv":[8.5,4.5,13,5],"rotation":90,"texture":"#6"},"south":{"uv":[8.5,4.5,13,5],"rotation":90,"texture":"#6"},"west":{"uv":[8.5,4.5,13,5],"rotation":90,"texture":"#6"},"up":{"uv":[8.5,4.5,13,5],"texture":"#6"},"down":{"uv":[8.5,4.5,13,5],"rotation":180,"texture":"#6","cullface":"down","tintindex":0}}},{"name":"RightRoof","from":[2,9,13],"to":[3,18,14],"rotation":{"angle":-45,"axis":"z","origin":[10,13,6]},"faces":{"north":{"uv":[13.5,0,14,3.5],"texture":"#6"},"east":{"uv":[13.5,0,14,3.5],"texture":"#6"},"south":{"uv":[13.5,0,14,3.5],"texture":"#6"},"west":{"uv":[13.5,0,14,3.5],"texture":"#6"},"up":{"uv":[13.5,0,14,0.5],"rotation":270,"texture":"#6"},"down":{"uv":[13.5,0,14,0.5],"rotation":90,"texture":"#6","cullface":"down","tintindex":0}}},{"name":"RightRoof","from":[0.87868,17.87868,13],"to":[8.87868,18.87868,14],"rotation":{"angle":-45,"axis":"z","origin":[7.87868,10.87868,6]},"faces":{"north":{"uv":[12,4,16,4.5],"rotation":90,"texture":"#6"},"east":{"uv":[12,4,16,4.5],"rotation":90,"texture":"#6"},"south":{"uv":[12,4,16,4.5],"rotation":90,"texture":"#6"},"west":{"uv":[12,4,16,4.5],"rotation":90,"texture":"#6"},"up":{"uv":[12,4,16,4.5],"texture":"#6"},"down":{"uv":[12,4,16,4.5],"rotation":180,"texture":"#6","cullface":"down","tintindex":0}}},{"name":"FrontRoof","from":[3,26,0],"to":[4,27,7],"rotation":{"angle":45,"axis":"x","origin":[11,19,8]},"faces":{"north":{"uv":[8.5,1,9,1.5],"rotation":90,"texture":"#6"},"east":{"uv":[11,3,14,3.5],"rotation":90,"texture":"#6"},"south":{"uv":[11,3,14,3.5],"rotation":90,"texture":"#6"},"west":{"uv":[11,3,14,3.5],"rotation":90,"texture":"#6"},"up":{"uv":[11,3,14,3.5],"rotation":90,"texture":"#6"},"down":{"uv":[11,3,14.5,3.5],"rotation":90,"texture":"#6","cullface":"down","tintindex":0}}},{"name":"FrontRoof","from":[3,19.12132,2.12132],"to":[4,25.12132,3.12132],"rotation":{"angle":45,"axis":"x","origin":[11,21.12132,10.12132]},"faces":{"north":{"uv":[12,1.5,12.5,4.5],"texture":"#6"},"east":{"uv":[12,1.5,12.5,4.5],"texture":"#6"},"south":{"uv":[12,1.5,12.5,4.5],"texture":"#6"},"west":{"uv":[12,1.5,12.5,4.5],"texture":"#6"},"up":{"uv":[12,1.5,12.5,4.5],"texture":"#6"},"down":{"uv":[12,1.5,12.5,2],"texture":"#6","cullface":"down","tintindex":0}}},{"name":"FrontRoof","from":[4,20.12132,2.12132],"to":[5,25.12132,3.12132],"rotation":{"angle":45,"axis":"x","origin":[12,21.12132,10.12132]},"faces":{"north":{"uv":[11,2,11.5,4.5],"texture":"#6"},"east":{"uv":[11,2,11.5,4.5],"texture":"#6"},"south":{"uv":[11,2,11.5,4.5],"texture":"#6"},"west":{"uv":[11,2,11.5,4.5],"texture":"#6"},"up":{"uv":[11,2,11.5,4.5],"texture":"#6"},"down":{"uv":[11,2,11.5,2.5],"texture":"#6","cullface":"down","tintindex":0}}},{"name":"FrontRoof","from":[4,26,0],"to":[5,27,6],"rotation":{"angle":45,"axis":"x","origin":[12,19,8]},"faces":{"north":{"uv":[8.5,1,9,1.5],"rotation":90,"texture":"#6"},"east":{"uv":[10,2.5,12.5,3],"rotation":90,"texture":"#6"},"south":{"uv":[10,2.5,12.5,3],"rotation":90,"texture":"#6"},"west":{"uv":[10,2.5,12.5,3],"rotation":90,"texture":"#6"},"up":{"uv":[10,2.5,12.5,3],"rotation":90,"texture":"#6"},"down":{"uv":[10,2.5,13,3],"rotation":90,"texture":"#6","cullface":"down","tintindex":0}}},{"name":"FrontRoof","from":[5,26,0],"to":[6,27,5],"rotation":{"angle":45,"axis":"x","origin":[13,19,8]},"faces":{"north":{"uv":[8.5,1,9,1.5],"rotation":90,"texture":"#6"},"east":{"uv":[9.5,1,11,1.5],"rotation":90,"texture":"#6"},"south":{"uv":[9.5,1,11,1.5],"rotation":90,"texture":"#6"},"west":{"uv":[9.5,1,11,1.5],"rotation":90,"texture":"#6"},"up":{"uv":[9.5,1,11,1.5],"rotation":90,"texture":"#6"},"down":{"uv":[9.5,1,12,1.5],"rotation":90,"texture":"#6","cullface":"down","tintindex":0}}},{"name":"FrontRoof","from":[5,22.12132,2.12132],"to":[6,25.12132,3.12132],"rotation":{"angle":45,"axis":"x","origin":[13,21.12132,10.12132]},"faces":{"north":{"uv":[9,0.5,9.5,2],"texture":"#6"},"east":{"uv":[9,0.5,9.5,2],"texture":"#6"},"south":{"uv":[9,0.5,9.5,2],"texture":"#6"},"west":{"uv":[9,0.5,9.5,2],"texture":"#6"},"up":{"uv":[9,0.5,9.5,2],"texture":"#6"},"down":{"uv":[9,0.5,9.5,1],"texture":"#6","cullface":"down","tintindex":0}}},{"name":"FrontRoof","from":[6,23.12132,2.12132],"to":[7,25.12132,3.12132],"rotation":{"angle":45,"axis":"x","origin":[14,21.12132,10.12132]},"faces":{"north":{"uv":[10.5,0,11,1],"texture":"#6"},"east":{"uv":[10.5,0,11,1],"texture":"#6"},"south":{"uv":[10.5,0,11,1],"texture":"#6"},"west":{"uv":[10.5,0,11,1],"texture":"#6"},"up":{"uv":[10.5,0,11,1],"texture":"#6"},"down":{"uv":[10.5,0,11,0.5],"texture":"#6","cullface":"down","tintindex":0}}},{"name":"FrontRoof","from":[6,26,0],"to":[7,27,3],"rotation":{"angle":45,"axis":"x","origin":[14,19,8]},"faces":{"north":{"uv":[8.5,1,9,1.5],"rotation":90,"texture":"#6"},"east":{"uv":[8.5,1,9.5,1.5],"rotation":90,"texture":"#6"},"south":{"uv":[8.5,1,9.5,1.5],"rotation":90,"texture":"#6"},"west":{"uv":[8.5,1,9.5,1.5],"rotation":90,"texture":"#6"},"up":{"uv":[8.5,1,9.5,1.5],"rotation":90,"texture":"#6"},"down":{"uv":[8.5,1,10,1.5],"rotation":90,"texture":"#6","cullface":"down","tintindex":0}}},{"name":"RightRoof","from":[2.12132,23.12132,9],"to":[3.12132,25.12132,10],"rotation":{"angle":-45,"axis":"z","origin":[10.12132,21.12132,2]},"faces":{"north":{"uv":[10.5,0,11,1],"texture":"#6"},"east":{"uv":[10.5,0,11,1],"texture":"#6"},"south":{"uv":[10.5,0,11,1],"texture":"#6"},"west":{"uv":[10.5,0,11,1],"texture":"#6"},"up":{"uv":[10.5,0,11,1],"rotation":270,"texture":"#6"},"down":{"uv":[10.5,0,11,0.5],"rotation":90,"texture":"#6","cullface":"down","tintindex":0}}},{"name":"RightRoof","from":[2.12132,22.12132,10],"to":[3.12132,25.12132,11],"rotation":{"angle":-45,"axis":"z","origin":[10.12132,21.12132,3]},"faces":{"north":{"uv":[9,0.5,9.5,2],"texture":"#6"},"east":{"uv":[9,0.5,9.5,2],"texture":"#6"},"south":{"uv":[9,0.5,9.5,2],"texture":"#6"},"west":{"uv":[9,0.5,9.5,2],"texture":"#6"},"up":{"uv":[9,0.5,9.5,2],"rotation":270,"texture":"#6"},"down":{"uv":[9,0.5,9.5,1],"rotation":90,"texture":"#6","cullface":"down","tintindex":0}}},{"name":"RightRoof","from":[2.12132,20.12132,11],"to":[3.12132,25.12132,12],"rotation":{"angle":-45,"axis":"z","origin":[10.12132,21.12132,4]},"faces":{"north":{"uv":[11,2,11.5,4.5],"texture":"#6"},"east":{"uv":[11,2,11.5,4.5],"texture":"#6"},"south":{"uv":[11,2,11.5,4.5],"texture":"#6"},"west":{"uv":[11,2,11.5,4.5],"texture":"#6"},"up":{"uv":[11,2,11.5,4.5],"rotation":270,"texture":"#6"},"down":{"uv":[11,2,11.5,2.5],"rotation":90,"texture":"#6","cullface":"down","tintindex":0}}},{"name":"RightRoof","from":[2.12132,19.12132,12],"to":[3.12132,25.12132,13],"rotation":{"angle":-45,"axis":"z","origin":[10.12132,21.12132,5]},"faces":{"north":{"uv":[12,1.5,12.5,4.5],"texture":"#6"},"east":{"uv":[12,1.5,12.5,4.5],"texture":"#6"},"south":{"uv":[12,1.5,12.5,4.5],"texture":"#6"},"west":{"uv":[12,1.5,12.5,4.5],"texture":"#6"},"up":{"uv":[12,1.5,12.5,4.5],"rotation":270,"texture":"#6"},"down":{"uv":[12,1.5,12.5,2],"rotation":90,"texture":"#6","cullface":"down","tintindex":0}}},{"name":"RightRoof","from":[0,26,12],"to":[7,27,13],"rotation":{"angle":-45,"axis":"z","origin":[8,19,5]},"faces":{"north":{"uv":[11,3,14,3.5],"rotation":90,"texture":"#6"},"east":{"uv":[11,3,14,3.5],"rotation":90,"texture":"#6"},"south":{"uv":[11,3,14,3.5],"rotation":90,"texture":"#6"},"west":{"uv":[11.5,1.5,12,2],"rotation":90,"texture":"#6"},"up":{"uv":[11,3,14,3.5],"texture":"#6"},"down":{"uv":[11,3,14.5,3.5],"rotation":180,"texture":"#6","cullface":"down","tintindex":0}}},{"name":"RightRoof","from":[0,26,11],"to":[6,27,12],"rotation":{"angle":-45,"axis":"z","origin":[8,19,4]},"faces":{"north":{"uv":[10,2.5,12.5,3],"rotation":90,"texture":"#6"},"east":{"uv":[10,2.5,12.5,3],"rotation":90,"texture":"#6"},"south":{"uv":[10,2.5,12.5,3],"rotation":90,"texture":"#6"},"west":{"uv":[11.5,1.5,12,2],"rotation":90,"texture":"#6"},"up":{"uv":[10,2.5,12.5,3],"texture":"#6"},"down":{"uv":[10,2.5,13,3],"rotation":180,"texture":"#6","cullface":"down","tintindex":0}}},{"name":"RightRoof","from":[0,26,10],"to":[5,27,11],"rotation":{"angle":-45,"axis":"z","origin":[8,19,3]},"faces":{"north":{"uv":[9.5,1,11,1.5],"rotation":90,"texture":"#6"},"east":{"uv":[9.5,1,11,1.5],"rotation":90,"texture":"#6"},"south":{"uv":[9.5,1,11,1.5],"rotation":90,"texture":"#6"},"west":{"uv":[11.5,1.5,12,2],"rotation":90,"texture":"#6"},"up":{"uv":[9.5,1,11,1.5],"texture":"#6"},"down":{"uv":[9.5,1,12,1.5],"rotation":180,"texture":"#6","cullface":"down","tintindex":0}}},{"name":"RightRoof","from":[0,26,9],"to":[3,27,10],"rotation":{"angle":-45,"axis":"z","origin":[8,19,2]},"faces":{"north":{"uv":[8.5,1,9.5,1.5],"rotation":90,"texture":"#6"},"east":{"uv":[8.5,1,9.5,1.5],"rotation":90,"texture":"#6"},"south":{"uv":[8.5,1,9.5,1.5],"rotation":90,"texture":"#6"},"west":{"uv":[11.5,1.5,12,2],"rotation":90,"texture":"#6"},"up":{"uv":[8.5,1,9.5,1.5],"texture":"#6"},"down":{"uv":[8.5,1,10,1.5],"rotation":180,"texture":"#6","cullface":"down","tintindex":0}}},{"name":"BackRoof","from":[9,26,0],"to":[10,27,3],"rotation":{"angle":45,"axis":"x","origin":[2,19,8]},"faces":{"north":{"uv":[8.5,5,9,4.5],"rotation":90,"texture":"#6"},"east":{"uv":[8.5,1.5,9.5,1],"rotation":90,"texture":"#6"},"south":{"uv":[8.5,1.5,9.5,1],"rotation":90,"texture":"#6"},"west":{"uv":[8.5,1.5,9.5,1],"rotation":90,"texture":"#6"},"up":{"uv":[8.5,1.5,9.5,1],"rotation":90,"texture":"#6"},"down":{"uv":[8.5,1.5,10,1],"rotation":90,"texture":"#6","cullface":"down","tintindex":0}}},{"name":"BackRoof","from":[10,26,0],"to":[11,27,5],"rotation":{"angle":45,"axis":"x","origin":[3,19,8]},"faces":{"north":{"uv":[8.5,5,9,4.5],"rotation":90,"texture":"#6"},"east":{"uv":[9.5,1.5,11,1],"rotation":90,"texture":"#6"},"south":{"uv":[9.5,1.5,11,1],"rotation":90,"texture":"#6"},"west":{"uv":[9.5,1.5,11,1],"rotation":90,"texture":"#6"},"up":{"uv":[9.5,1.5,11,1],"rotation":90,"texture":"#6"},"down":{"uv":[9.5,1.5,12,1],"rotation":90,"texture":"#6","cullface":"down","tintindex":0}}},{"name":"BackRoof","from":[11,26,0],"to":[12,27,6],"rotation":{"angle":45,"axis":"x","origin":[4,19,8]},"faces":{"north":{"uv":[8.5,5,9,4.5],"rotation":90,"texture":"#6"},"east":{"uv":[10,3,12.5,2.5],"rotation":90,"texture":"#6"},"south":{"uv":[10,3,12.5,2.5],"rotation":90,"texture":"#6"},"west":{"uv":[10,3,12.5,2.5],"rotation":90,"texture":"#6"},"up":{"uv":[10,3,12.5,2.5],"rotation":90,"texture":"#6"},"down":{"uv":[10,3,13,2.5],"rotation":90,"texture":"#6","cullface":"down","tintindex":0}}},{"name":"BackRoof","from":[12,26,0],"to":[13,27,7],"rotation":{"angle":45,"axis":"x","origin":[5,19,8]},"faces":{"north":{"uv":[8.5,5,9,4.5],"rotation":90,"texture":"#6"},"east":{"uv":[11,3.5,14,3],"rotation":90,"texture":"#6"},"south":{"uv":[11,3.5,14,3],"rotation":90,"texture":"#6"},"west":{"uv":[11,3.5,14,3],"rotation":90,"texture":"#6"},"up":{"uv":[11,3.5,14,3],"rotation":90,"texture":"#6"},"down":{"uv":[11,3.5,14.5,3],"rotation":90,"texture":"#6","cullface":"down","tintindex":0}}},{"name":"BackRoof","from":[12,19.12132,2.12132],"to":[13,25.12132,3.12132],"rotation":{"angle":45,"axis":"x","origin":[5,21.12132,10.12132]},"faces":{"north":{"uv":[12.5,1.5,12,4.5],"texture":"#6"},"east":{"uv":[12.5,1.5,12,4.5],"texture":"#6"},"south":{"uv":[12.5,1.5,12,4.5],"texture":"#6"},"west":{"uv":[12.5,1.5,12,4.5],"texture":"#6"},"up":{"uv":[12.5,1.5,12,4.5],"texture":"#6"},"down":{"uv":[12.5,1.5,12,2],"texture":"#6","cullface":"down","tintindex":0}}},{"name":"BackRoof","from":[11,20.12132,2.12132],"to":[12,25.12132,3.12132],"rotation":{"angle":45,"axis":"x","origin":[4,21.12132,10.12132]},"faces":{"north":{"uv":[11.5,2,11,4.5],"texture":"#6"},"east":{"uv":[11.5,2,11,4.5],"texture":"#6"},"south":{"uv":[11.5,2,11,4.5],"texture":"#6"},"west":{"uv":[11.5,2,11,4.5],"texture":"#6"},"up":{"uv":[11.5,2,11,4.5],"texture":"#6"},"down":{"uv":[11.5,2,11,2.5],"texture":"#6","cullface":"down","tintindex":0}}},{"name":"BackRoof","from":[10,22.12132,2.12132],"to":[11,25.12132,3.12132],"rotation":{"angle":45,"axis":"x","origin":[3,21.12132,10.12132]},"faces":{"north":{"uv":[9.5,0.5,9,2],"texture":"#6"},"east":{"uv":[9.5,0.5,9,2],"texture":"#6"},"south":{"uv":[9.5,0.5,9,2],"texture":"#6"},"west":{"uv":[9.5,0.5,9,2],"texture":"#6"},"up":{"uv":[9.5,0.5,9,2],"texture":"#6"},"down":{"uv":[9.5,0.5,9,1],"texture":"#6","cullface":"down","tintindex":0}}},{"name":"BackRoof","from":[9,23.12132,2.12132],"to":[10,25.12132,3.12132],"rotation":{"angle":45,"axis":"x","origin":[2,21.12132,10.12132]},"faces":{"north":{"uv":[11,0,10.5,1],"texture":"#6"},"east":{"uv":[11,0,10.5,1],"texture":"#6"},"south":{"uv":[11,0,10.5,1],"texture":"#6"},"west":{"uv":[11,0,10.5,1],"texture":"#6"},"up":{"uv":[11,0,10.5,1],"texture":"#6"},"down":{"uv":[11,0,10.5,0.5],"texture":"#6","cullface":"down","tintindex":0}}},{"name":"LeftRoof","from":[13,23,6],"to":[14,26,7],"rotation":{"angle":45,"axis":"z","origin":[6,21,14]},"faces":{"north":{"uv":[10.5,0,11,1],"texture":"#6"},"east":{"uv":[10.5,0,11,1],"texture":"#6"},"south":{"uv":[10.5,0,11,1],"texture":"#6"},"west":{"uv":[11.5,1.5,12,2],"texture":"#6"},"up":{"uv":[11.5,1.5,12,2],"rotation":90,"texture":"#6"},"down":{"uv":[10.5,0,11,0.5],"rotation":270,"texture":"#6","cullface":"down","tintindex":0}}},{"name":"LeftRoof","from":[13,22,5],"to":[14,26,6],"rotation":{"angle":45,"axis":"z","origin":[6,21,13]},"faces":{"north":{"uv":[9,0.5,9.5,2],"texture":"#6"},"east":{"uv":[9,0.5,9.5,2],"texture":"#6"},"south":{"uv":[9,0.5,9.5,2],"texture":"#6"},"west":{"uv":[11.5,1.5,12,2],"texture":"#6"},"up":{"uv":[11.5,1.5,12,2],"rotation":90,"texture":"#6"},"down":{"uv":[9,0.5,9.5,1],"rotation":270,"texture":"#6","cullface":"down","tintindex":0}}},{"name":"LeftRoof","from":[13,20,4],"to":[14,26,5],"rotation":{"angle":45,"axis":"z","origin":[6,21,12]},"faces":{"north":{"uv":[11,2,11.5,4.5],"texture":"#6"},"east":{"uv":[11,2,11.5,4.5],"texture":"#6"},"south":{"uv":[11,2,11.5,4.5],"texture":"#6"},"west":{"uv":[11.5,1.5,12,2],"texture":"#6"},"up":{"uv":[11.5,1.5,12,2],"rotation":90,"texture":"#6"},"down":{"uv":[11,2,11.5,2.5],"rotation":270,"texture":"#6","cullface":"down","tintindex":0}}},{"name":"LeftRoof","from":[13,19,3],"to":[14,26,4],"rotation":{"angle":45,"axis":"z","origin":[6,21,11]},"faces":{"north":{"uv":[12,1.5,12.5,4.5],"texture":"#6"},"east":{"uv":[12,1.5,12.5,4.5],"texture":"#6"},"south":{"uv":[12,1.5,12.5,4.5],"texture":"#6"},"west":{"uv":[11.5,1.5,12,2],"texture":"#6"},"up":{"uv":[11.5,1.5,12,2],"rotation":90,"texture":"#6"},"down":{"uv":[12,1.5,12.5,2],"rotation":270,"texture":"#6","cullface":"down","tintindex":0}}},{"name":"LeftRoof","from":[9.12132,25.87868,3],"to":[15.12132,26.87868,4],"rotation":{"angle":45,"axis":"z","origin":[8.12132,18.87868,11]},"faces":{"north":{"uv":[11,3,14,3.5],"rotation":90,"texture":"#6"},"east":{"uv":[11,3,14,3.5],"rotation":90,"texture":"#6"},"south":{"uv":[11,3,14,3.5],"rotation":90,"texture":"#6"},"west":{"uv":[11,3,14,3.5],"rotation":90,"texture":"#6"},"up":{"uv":[11,3,14,3.5],"rotation":180,"texture":"#6"},"down":{"uv":[11,3,14,3.5],"texture":"#6","cullface":"down","tintindex":0}}},{"name":"LeftRoof","from":[10.12132,25.87868,4],"to":[15.12132,26.87868,5],"rotation":{"angle":45,"axis":"z","origin":[8.12132,18.87868,12]},"faces":{"north":{"uv":[10,2.5,12.5,3],"rotation":90,"texture":"#6"},"east":{"uv":[10,2.5,12.5,3],"rotation":90,"texture":"#6"},"south":{"uv":[10,2.5,12.5,3],"rotation":90,"texture":"#6"},"west":{"uv":[10,2.5,12.5,3],"rotation":90,"texture":"#6"},"up":{"uv":[10,2.5,12.5,3],"rotation":180,"texture":"#6"},"down":{"uv":[10,2.5,12.5,3],"texture":"#6","cullface":"down","tintindex":0}}},{"name":"LeftRoof","from":[11.12132,25.87868,5],"to":[15.12132,26.87868,6],"rotation":{"angle":45,"axis":"z","origin":[8.12132,18.87868,13]},"faces":{"north":{"uv":[9.5,1,11,1.5],"rotation":90,"texture":"#6"},"east":{"uv":[9.5,1,11,1.5],"rotation":90,"texture":"#6"},"south":{"uv":[9.5,1,11,1.5],"rotation":90,"texture":"#6"},"west":{"uv":[9.5,1,11,1.5],"rotation":90,"texture":"#6"},"up":{"uv":[9.5,1,11,1.5],"rotation":180,"texture":"#6"},"down":{"uv":[9.5,1,11.5,1.5],"texture":"#6","cullface":"down","tintindex":0}}},{"name":"LeftRoof","from":[13.12132,25.87868,6],"to":[15.12132,26.87868,7],"rotation":{"angle":45,"axis":"z","origin":[8.12132,18.87868,14]},"faces":{"north":{"uv":[8.5,1,9.5,1.5],"rotation":90,"texture":"#6"},"east":{"uv":[8.5,1,9.5,1.5],"rotation":90,"texture":"#6"},"south":{"uv":[8.5,1,9.5,1.5],"rotation":90,"texture":"#6"},"west":{"uv":[8.5,1,9.5,1.5],"rotation":90,"texture":"#6"},"up":{"uv":[8.5,1,9.5,1.5],"rotation":180,"texture":"#6"},"down":{"uv":[8.5,1,9.5,1.5],"texture":"#6","cullface":"down","tintindex":0}}},{"name":"FrontRoof","from":[2,26,0],"to":[3,27,9],"rotation":{"angle":45,"axis":"x","origin":[10,19,8]},"faces":{"north":{"uv":[8.5,1,9,1.5],"rotation":90,"texture":"#6"},"east":{"uv":[12,4,16,4.5],"rotation":90,"texture":"#6"},"south":{"uv":[12,4,16,4.5],"rotation":90,"texture":"#6"},"west":{"uv":[12,4,16,4.5],"rotation":90,"texture":"#6"},"up":{"uv":[12,4,16,4.5],"rotation":90,"texture":"#6"},"down":{"uv":[12,4,16.5,4.5],"rotation":90,"texture":"#6","cullface":"down","tintindex":0}}},{"name":"FrontRoof","from":[2,17.12132,2.12132],"to":[3,25.12132,3.12132],"rotation":{"angle":45,"axis":"x","origin":[10,21.12132,10.12132]},"faces":{"north":{"uv":[13.5,0,14,3.5],"texture":"#6"},"east":{"uv":[13.5,0,14,3.5],"texture":"#6"},"south":{"uv":[13.5,0,14,3.5],"texture":"#6"},"west":{"uv":[13.5,0,14,3.5],"texture":"#6"},"up":{"uv":[13.5,0,14,3.5],"texture":"#6"},"down":{"uv":[13.5,0,14,0.5],"texture":"#6","cullface":"down","tintindex":0}}},{"name":"LeftRoof","from":[7.12132,25.87868,2],"to":[15.12132,26.87868,3],"rotation":{"angle":45,"axis":"z","origin":[8.12132,18.87868,10]},"faces":{"north":{"uv":[12,4,16,4.5],"rotation":90,"texture":"#6"},"east":{"uv":[12,4,16,4.5],"rotation":90,"texture":"#6"},"south":{"uv":[12,4,16,4.5],"rotation":90,"texture":"#6"},"west":{"uv":[12,4,16,4.5],"rotation":90,"texture":"#6"},"up":{"uv":[12,4,16,4.5],"rotation":180,"texture":"#6"},"down":{"uv":[12,4,16,4.5],"texture":"#6","cullface":"down","tintindex":0}}},{"name":"LeftRoof","from":[13,17,2],"to":[14,26,3],"rotation":{"angle":45,"axis":"z","origin":[6,21,10]},"faces":{"north":{"uv":[13.5,0,14,3.5],"texture":"#6"},"east":{"uv":[13.5,0,14,3.5],"texture":"#6"},"south":{"uv":[13.5,0,14,3.5],"texture":"#6"},"west":{"uv":[11.5,1.5,12,2],"texture":"#6"},"up":{"uv":[11.5,1.5,12,2],"rotation":90,"texture":"#6"},"down":{"uv":[13.5,0,14,0.5],"rotation":270,"texture":"#6","cullface":"down","tintindex":0}}},{"name":"BackRoof","from":[13,17.12132,2.12132],"to":[14,25.12132,3.12132],"rotation":{"angle":45,"axis":"x","origin":[6,21.12132,10.12132]},"faces":{"north":{"uv":[14,0,13.5,3.5],"texture":"#6"},"east":{"uv":[14,0,13.5,3.5],"texture":"#6"},"south":{"uv":[14,0,13.5,3.5],"texture":"#6"},"west":{"uv":[14,0,13.5,3.5],"texture":"#6"},"up":{"uv":[14,0,13.5,3.5],"texture":"#6"},"down":{"uv":[14,0,13.5,0.5],"texture":"#6","cullface":"down","tintindex":0}}},{"name":"BackRoof","from":[13,26,0],"to":[14,27,9],"rotation":{"angle":45,"axis":"x","origin":[6,19,8]},"faces":{"north":{"uv":[8.5,5,9,4.5],"rotation":90,"texture":"#6"},"east":{"uv":[12,4.5,16,4],"rotation":90,"texture":"#6"},"south":{"uv":[12,4.5,16,4],"rotation":90,"texture":"#6"},"west":{"uv":[12,4.5,16,4],"rotation":90,"texture":"#6"},"up":{"uv":[12,4.5,16,4],"rotation":90,"texture":"#6"},"down":{"uv":[12,4.5,16.5,4],"rotation":90,"texture":"#6","cullface":"down","tintindex":0}}},{"name":"RightRoof","from":[2.12132,17.12132,13],"to":[3.12132,25.12132,14],"rotation":{"angle":-45,"axis":"z","origin":[10.12132,21.12132,6]},"faces":{"north":{"uv":[13.5,0,14,3.5],"texture":"#6"},"east":{"uv":[13.5,0,14,3.5],"texture":"#6"},"south":{"uv":[13.5,0,14,3.5],"texture":"#6"},"west":{"uv":[13.5,0,14,3.5],"texture":"#6"},"up":{"uv":[13.5,0,14,3.5],"rotation":270,"texture":"#6"},"down":{"uv":[13.5,0,14,0.5],"rotation":90,"texture":"#6","cullface":"down","tintindex":0}}},{"name":"RightRoof","from":[0,26,13],"to":[9,27,14],"rotation":{"angle":-45,"axis":"z","origin":[8,19,6]},"faces":{"north":{"uv":[12,4,16,4.5],"rotation":90,"texture":"#6"},"east":{"uv":[12,4,16,4.5],"rotation":90,"texture":"#6"},"south":{"uv":[12,4,16,4.5],"rotation":90,"texture":"#6"},"west":{"uv":[11.5,1.5,12,2],"rotation":90,"texture":"#6"},"up":{"uv":[12,4,16,4.5],"texture":"#6"},"down":{"uv":[12,4,16.5,4.5],"rotation":180,"texture":"#6","cullface":"down","tintindex":0}}},{"name":"FrontRoof","from":[1,16.12132,2.12132],"to":[2,25.12132,3.12132],"rotation":{"angle":45,"axis":"x","origin":[9,21.12132,10.12132]},"faces":{"north":{"uv":[11.5,1.5,12,5.5],"texture":"#6"},"east":{"uv":[11.5,1.5,12,5.5],"texture":"#6"},"south":{"uv":[11.5,1.5,12,5.5],"texture":"#6"},"west":{"uv":[11.5,1.5,12,5.5],"texture":"#6"},"up":{"uv":[11.5,1.5,12,5.5],"texture":"#6"},"down":{"uv":[11.5,1.5,12,2],"texture":"#6","cullface":"down","tintindex":0}}},{"name":"LeftRoof","from":[6.12132,25.87868,1],"to":[15.12132,26.87868,2],"rotation":{"angle":45,"axis":"z","origin":[8.12132,18.87868,9]},"faces":{"north":{"uv":[8.5,4.5,13,5],"texture":"#6"},"east":{"uv":[8.5,4.5,13,5],"rotation":90,"texture":"#6"},"south":{"uv":[8.5,4.5,13,5],"rotation":90,"texture":"#6"},"west":{"uv":[8.5,4.5,13,5],"rotation":90,"texture":"#6"},"up":{"uv":[8.5,4.5,13,5],"rotation":180,"texture":"#6"},"down":{"uv":[8.5,4.5,13,5],"texture":"#6","cullface":"down","tintindex":0}}},{"name":"LeftRoof","from":[13,16,1],"to":[14,26,2],"rotation":{"angle":45,"axis":"z","origin":[6,21,9]},"faces":{"north":{"uv":[11.5,1.5,12,5.5],"texture":"#6"},"east":{"uv":[11.5,1.5,12,5.5],"texture":"#6"},"south":{"uv":[11.5,1.5,12,5.5],"texture":"#6"},"west":{"uv":[11.5,1.5,12,2],"texture":"#6"},"up":{"uv":[11.5,1.5,12,2],"rotation":90,"texture":"#6"},"down":{"uv":[11.5,1.5,12,2],"rotation":270,"texture":"#6","cullface":"down","tintindex":0}}},{"name":"BackRoof","from":[14,16.12132,2.12132],"to":[15,25.12132,3.12132],"rotation":{"angle":45,"axis":"x","origin":[7,21.12132,10.12132]},"faces":{"north":{"uv":[12,1.5,11.5,5.5],"texture":"#6"},"east":{"uv":[12,1.5,11.5,5.5],"texture":"#6"},"south":{"uv":[12,1.5,11.5,5.5],"texture":"#6"},"west":{"uv":[12,1.5,11.5,5.5],"texture":"#6"},"up":{"uv":[12,1.5,11.5,5.5],"texture":"#6"},"down":{"uv":[12,1.5,11.5,2],"texture":"#6","cullface":"down","tintindex":0}}},{"name":"BackRoof","from":[14,26,0],"to":[15,27,10],"rotation":{"angle":45,"axis":"x","origin":[7,19,8]},"faces":{"north":{"uv":[8.5,5,9,4.5],"rotation":90,"texture":"#6"},"east":{"uv":[8.5,5,13,4.5],"texture":"#6"},"south":{"uv":[8.5,5,13,4.5],"rotation":90,"texture":"#6"},"west":{"uv":[8.5,5,13,4.5],"rotation":90,"texture":"#6"},"up":{"uv":[8.5,5,13,4.5],"rotation":90,"texture":"#6"},"down":{"uv":[8.5,5,13.5,4.5],"rotation":90,"texture":"#6","cullface":"down","tintindex":0}}},{"name":"RightRoof","from":[0,26,14],"to":[10,27,15],"rotation":{"angle":-45,"axis":"z","origin":[8,19,7]},"faces":{"north":{"uv":[8.5,4.5,13,5],"rotation":90,"texture":"#6"},"east":{"uv":[8.5,4.5,13,5],"rotation":90,"texture":"#6"},"south":{"uv":[8.5,4.5,13,5],"texture":"#6"},"west":{"uv":[11.5,1.5,12,2],"rotation":90,"texture":"#6"},"up":{"uv":[8.5,4.5,13,5],"texture":"#6"},"down":{"uv":[8.5,4.5,13.5,5],"rotation":180,"texture":"#6","cullface":"down","tintindex":0}}},{"name":"RightRoof","from":[2.12132,16.12132,14],"to":[3.12132,25.12132,15],"rotation":{"angle":-45,"axis":"z","origin":[10.12132,21.12132,7]},"faces":{"north":{"uv":[11.5,1.5,12,5.5],"texture":"#6"},"east":{"uv":[11.5,1.5,12,5.5],"texture":"#6"},"south":{"uv":[11.5,1.5,12,5.5],"texture":"#6"},"west":{"uv":[11.5,1.5,12,5.5],"texture":"#6"},"up":{"uv":[11.5,1.5,12,5.5],"rotation":270,"texture":"#6"},"down":{"uv":[11.5,1.5,12,2],"rotation":90,"texture":"#6","cullface":"down","tintindex":0}}},{"name":"FrontRoof","from":[1,26,0],"to":[2,27,10],"rotation":{"angle":45,"axis":"x","origin":[9,19,8]},"faces":{"north":{"uv":[8.5,1,9,1.5],"rotation":90,"texture":"#6"},"east":{"uv":[8.5,4.5,13,5],"rotation":90,"texture":"#6"},"south":{"uv":[8.5,4.5,13,5],"rotation":90,"texture":"#6"},"west":{"uv":[8.5,4.5,13,5],"texture":"#6"},"up":{"uv":[8.5,4.5,13,5],"rotation":90,"texture":"#6"},"down":{"uv":[8.5,4.5,13.5,5],"rotation":90,"texture":"#6","cullface":"down","tintindex":0}}},{"from":[7,29,7],"to":[9,31,9],"faces":{"north":{"uv":[8,0,9,1],"texture":"#6"},"east":{"uv":[8,0,9,1],"texture":"#6"},"south":{"uv":[8,0,9,1],"texture":"#6"},"west":{"uv":[8,0,9,1],"texture":"#6"},"up":{"uv":[8,0,9,1],"texture":"#6"},"down":{"uv":[8,0,9,1],"texture":"#6","cullface":"down","tintindex":0}}},{"from":[7.5,30,7.5],"to":[8.5,32,8.5],"faces":{"north":{"uv":[8,0,9,1],"texture":"#6"},"east":{"uv":[8,0,9,1],"texture":"#6"},"south":{"uv":[8,0,9,1],"texture":"#6"},"west":{"uv":[8,0,9,1],"texture":"#6"},"up":{"uv":[8,0,9,1],"texture":"#6"},"down":{"uv":[8,0,8.5,0.5],"texture":"#6","cullface":"down","tintindex":0}}},{"from":[1.9,16,1.8],"to":[2.9,24,2.8],"faces":{"north":{"uv":[0,1.5,0.5,6.5],"texture":"#6"},"east":{"uv":[0,1.5,0.5,6.5],"texture":"#6"},"south":{"uv":[0,1.5,0.5,6.5],"texture":"#6"},"west":{"uv":[0,1.5,0.5,6.5],"texture":"#6"},"up":{"uv":[0,1.5,0.5,6.5],"texture":"#6"},"down":{"uv":[0,1.5,0.5,2],"texture":"#6","cullface":"down","tintindex":0}}},{"from":[1.9,16,13.1],"to":[2.9,24,14.1],"faces":{"north":{"uv":[0,1.5,0.5,6.5],"texture":"#6"},"east":{"uv":[0,1.5,0.5,6.5],"texture":"#6"},"south":{"uv":[0,1.5,0.5,6.5],"texture":"#6"},"west":{"uv":[0,1.5,0.5,6.5],"texture":"#6"},"up":{"uv":[0,1.5,0.5,6.5],"texture":"#6"},"down":{"uv":[0,1.5,0.5,2],"texture":"#6","cullface":"down","tintindex":0}}},{"from":[13.1,16,13.1],"to":[14.1,24,14.1],"faces":{"north":{"uv":[0,1.5,0.5,6.5],"texture":"#6"},"east":{"uv":[0,1.5,0.5,6.5],"texture":"#6"},"south":{"uv":[0,1.5,0.5,6.5],"texture":"#6"},"west":{"uv":[0,1.5,0.5,6.5],"texture":"#6"},"up":{"uv":[0,1.5,0.5,6.5],"texture":"#6"},"down":{"uv":[0,1.5,0.5,2],"texture":"#6","cullface":"down","tintindex":0}}},{"from":[13.1,16,1.8],"to":[14.1,24,2.8],"faces":{"north":{"uv":[0,1.5,0.5,6.5],"texture":"#6"},"east":{"uv":[0,1.5,0.5,6.5],"texture":"#6"},"south":{"uv":[0,1.5,0.5,6.5],"texture":"#6"},"west":{"uv":[0,1.5,0.5,6.5],"texture":"#6"},"up":{"uv":[0,1.5,0.5,6.5],"texture":"#6"},"down":{"uv":[0,1.5,0.5,2],"texture":"#6","cullface":"down","tintindex":0}}},{"from":[3,19,4.6],"to":[3,27,5.6],"faces":{"north":{"uv":[1,1.5,2,2.5],"texture":"#6"},"east":{"uv":[1,1.5,2,2.5],"texture":"#6"},"south":{"uv":[1,1.5,2,2.5],"texture":"#6"},"west":{"uv":[1,1.5,2,2.5],"texture":"#6"},"up":{"uv":[1,1.5,2,2.5],"texture":"#6"},"down":{"uv":[1,1.5,1,2],"texture":"#6","cullface":"down","tintindex":0}}},{"from":[3,21,7.5],"to":[3,29,8.5],"faces":{"north":{"uv":[1,1.5,2,2.5],"texture":"#6"},"east":{"uv":[1,1.5,2,2.5],"texture":"#6"},"south":{"uv":[1,1.5,2,2.5],"texture":"#6"},"west":{"uv":[1,1.5,2,2.5],"texture":"#6"},"up":{"uv":[1,1.5,2,2.5],"texture":"#6"},"down":{"uv":[1,1.5,1,2],"texture":"#6","cullface":"down","tintindex":0}}},{"from":[3,19,10.5],"to":[3,27,11.5],"faces":{"north":{"uv":[1,1.5,2,2.5],"texture":"#6"},"east":{"uv":[1,1.5,2,2.5],"texture":"#6"},"south":{"uv":[1,1.5,2,2.5],"texture":"#6"},"west":{"uv":[1,1.5,2,2.5],"texture":"#6"},"up":{"uv":[1,1.5,2,2.5],"texture":"#6"},"down":{"uv":[1,1.5,1,2],"texture":"#6","cullface":"down","tintindex":0}}},{"from":[10.4,19,13],"to":[11.4,27,13],"faces":{"north":{"uv":[1,1.5,2,2.5],"texture":"#6"},"east":{"uv":[1,1.5,2,2.5],"texture":"#6"},"south":{"uv":[1,1.5,2,2.5],"texture":"#6"},"west":{"uv":[1,1.5,2,2.5],"texture":"#6"},"up":{"uv":[1,1.5,2,2.5],"texture":"#6"},"down":{"uv":[1,1.5,1.5,1.5],"texture":"#6","cullface":"down","tintindex":0}}},{"from":[7.5,21,13],"to":[8.5,29,13],"faces":{"north":{"uv":[1,1.5,2,2.5],"texture":"#6"},"east":{"uv":[1,1.5,2,2.5],"texture":"#6"},"south":{"uv":[1,1.5,2,2.5],"texture":"#6"},"west":{"uv":[1,1.5,2,2.5],"texture":"#6"},"up":{"uv":[1,1.5,2,2.5],"texture":"#6"},"down":{"uv":[1,1.5,1.5,1.5],"texture":"#6","cullface":"down","tintindex":0}}},{"from":[4.5,19,13],"to":[5.5,27,13],"faces":{"north":{"uv":[1,1.5,2,2.5],"texture":"#6"},"east":{"uv":[1,1.5,2,2.5],"texture":"#6"},"south":{"uv":[1,1.5,2,2.5],"texture":"#6"},"west":{"uv":[1,1.5,2,2.5],"texture":"#6"},"up":{"uv":[1,1.5,2,2.5],"texture":"#6"},"down":{"uv":[1,1.5,1.5,1.5],"texture":"#6","cullface":"down","tintindex":0}}},{"from":[13,19,10.5],"to":[13,27,11.5],"faces":{"north":{"uv":[1,1.5,2,2.5],"texture":"#6"},"east":{"uv":[1,1.5,2,2.5],"texture":"#6"},"south":{"uv":[1,1.5,2,2.5],"texture":"#6"},"west":{"uv":[1,1.5,2,2.5],"texture":"#6"},"up":{"uv":[1,1.5,2,2.5],"texture":"#6"},"down":{"uv":[1,1.5,1,2],"texture":"#6","cullface":"down","tintindex":0}}},{"from":[13,19,4.6],"to":[13,27,5.6],"faces":{"north":{"uv":[1,1.5,2,2.5],"texture":"#6"},"east":{"uv":[1,1.5,2,2.5],"texture":"#6"},"south":{"uv":[1,1.5,2,2.5],"texture":"#6"},"west":{"uv":[1,1.5,2,2.5],"texture":"#6"},"up":{"uv":[1,1.5,2,2.5],"texture":"#6"},"down":{"uv":[1,1.5,1,2],"texture":"#6","cullface":"down","tintindex":0}}},{"from":[13,21,7.5],"to":[13,29,8.5],"faces":{"north":{"uv":[1,1.5,2,2.5],"texture":"#6"},"east":{"uv":[1,1.5,2,2.5],"texture":"#6"},"south":{"uv":[1,1.5,2,2.5],"texture":"#6"},"west":{"uv":[1,1.5,2,2.5],"texture":"#6"},"up":{"uv":[1,1.5,2,2.5],"texture":"#6"},"down":{"uv":[1,1.5,1,2],"texture":"#6","cullface":"down","tintindex":0}}},{"from":[4.6,19,3],"to":[5.6,27,3],"faces":{"north":{"uv":[1,1.5,2,2.5],"texture":"#6"},"east":{"uv":[1,1.5,2,2.5],"texture":"#6"},"south":{"uv":[1,1.5,2,2.5],"texture":"#6"},"west":{"uv":[1,1.5,2,2.5],"texture":"#6"},"up":{"uv":[1,1.5,2,2.5],"texture":"#6"},"down":{"uv":[1,1.5,1.5,1.5],"texture":"#6","cullface":"down","tintindex":0}}},{"from":[7.5,21,3],"to":[8.5,29,3],"faces":{"north":{"uv":[1,1.5,2,2.5],"texture":"#6"},"east":{"uv":[1,1.5,2,2.5],"texture":"#6"},"south":{"uv":[1,1.5,2,2.5],"texture":"#6"},"west":{"uv":[1,1.5,2,2.5],"texture":"#6"},"up":{"uv":[1,1.5,2,2.5],"texture":"#6"},"down":{"uv":[1,1.5,1.5,1.5],"texture":"#6","cullface":"down","tintindex":0}}},{"from":[10.5,19,3],"to":[11.5,27,3],"faces":{"north":{"uv":[1,1.5,2,2.5],"texture":"#6"},"east":{"uv":[1,1.5,2,2.5],"texture":"#6"},"south":{"uv":[1,1.5,2,2.5],"texture":"#6"},"west":{"uv":[1,1.5,2,2.5],"texture":"#6"},"up":{"uv":[1,1.5,2,2.5],"texture":"#6"},"down":{"uv":[1,1.5,1.5,1.5],"texture":"#6","cullface":"down","tintindex":0}}},{"from":[1,0,1],"to":[15,0.3,15],"faces":{"north":{"uv":[0,8,7,8.65],"texture":"#6"},"east":{"uv":[0,8,7,8.65],"texture":"#6"},"south":{"uv":[0,8,7,8.65],"texture":"#6"},"west":{"uv":[0,8,7,8.65],"texture":"#6"},"up":{"uv":[0,8,8,15.65],"texture":"#6"},"down":{"uv":[1,9.5,8,16.5],"texture":"#6","cullface":"down","tintindex":0}}}],"display":{"thirdperson_righthand":{"rotation":[75,45,0],"translation":[0,2.5,0],"scale":[0.375,0.375,0.375]},"thirdperson_lefthand":{"rotation":[75,45,0],"translation":[0,2.5,0],"scale":[0.375,0.375,0.375]},"firstperson_righthand":{"rotation":[0,45,0],"scale":[0.4,0.4,0.4]},"firstperson_lefthand":{"rotation":[0,225,0],"scale":[0.4,0.4,0.4]},"ground":{"translation":[0,0.75,0],"scale":[0.49609,0.47461,0.49609]},"gui":{"translation":[0,-3.75,0],"scale":[0.89,0.5,0.5]},"fixed":{"rotation":[-90,90,0],"translation":[0,0,-16],"scale":[1.99805,1.94141,1.98047]}},"groups":[{"name":"birdcage","origin":[8,8,8],"color":0,"children":[{"name":"Bars","origin":[8,8,8],"color":0,"children":[0,1,2,3,4,5,6,7,8,9,10,11,12,13,14,15,16,17,18,19]},{"name":"BottomSquare","origin":[8,8,8],"color":0,"children":[20,21,22,23,24,25,26,27,28,29,30,31,32,33,34,35]},{"name":"Door","origin":[8,8,8],"color":0,"children":[36,37,38,39]},{"name":"Roof","origin":[8,8,8],"color":0,"children":[40,41,42,43,44,45,46,47,48,49,50,51,52,53,54,55,56,57,58,59,60,61,62,63,64,65,66,67,68,69,70,71,{"name":"TopRoof","origin":[8,8,8],"color":0,"children":[72,73,74,75,76,77,78,79,80,81,82,83,84,85,86,87,88,89,90,91,92,93,94,95,96,97,98,99,100,101,102,103,104,105,106,107,108,109,110,111,112,113,114,115,116,117,118,119,120,121]}]},{"name":"TopCorners","origin":[8,8,8],"color":0,"children":[122,123,124,125,{"name":"TopBars","origin":[8,8,8],"color":0,"children":[126,127,128,129,130,131,132,133,134,135,136,137]}]},138]}]}