{"credit":"MadewithBlockbench","texture_size":[128,128],"textures":{"2":"decorations:bookshelf_01","particle":"decorations:bookshelf_01"},"elements":[{"from":[16.2,13,6.375],"to":[16.7,16.5,8.875],"rotation":{"angle":0,"axis":"y","origin":[4.325,13,8.875]},"faces":{"north":{"uv":[6.125,7.625,6.1875,8.0625],"texture":"#2"},"east":{"uv":[3.125,6.25,3.4375,6.6875],"texture":"#2"},"south":{"uv":[6.375,7.625,6.4375,8.0625],"texture":"#2"},"west":{"uv":[3.5,6.25,3.8125,6.6875],"texture":"#2"},"up":{"uv":[5.8125,8.0625,5.75,7.75],"texture":"#2"},"down":{"uv":[5.9375,7.75,5.875,8.0625],"texture":"#2"}}},{"from":[4.5,13,6.75],"to":[5.5,17,9.25],"rotation":{"angle":0,"axis":"y","origin":[4.825,13,9.25]},"faces":{"north":{"uv":[4.875,5.625,5,6.125],"texture":"#2"},"east":{"uv":[5.5,2.625,5.8125,3.125],"texture":"#2"},"south":{"uv":[1.875,5.875,2,6.375],"texture":"#2"},"west":{"uv":[5.625,4.625,5.9375,5.125],"texture":"#2"},"up":{"uv":[2.875,7.6875,2.75,7.375],"texture":"#2"},"down":{"uv":[3,7.375,2.875,7.6875],"texture":"#2"}}},{"from":[16.6,13,6.25],"to":[17.6,16.5,8.75],"rotation":{"angle":0,"axis":"y","origin":[5.825,13,8.75]},"faces":{"north":{"uv":[6.25,7.25,6.375,7.6875],"texture":"#2"},"east":{"uv":[3.875,6.25,4.1875,6.6875],"texture":"#2"},"south":{"uv":[1.75,7.375,1.875,7.8125],"texture":"#2"},"west":{"uv":[4.25,6.25,4.5625,6.6875],"texture":"#2"},"up":{"uv":[3.625,7.6875,3.5,7.375],"texture":"#2"},"down":{"uv":[3.75,7.375,3.625,7.6875],"texture":"#2"}}},{"from":[5.5,13,6],"to":[6,17,8.5],"rotation":{"angle":0,"axis":"y","origin":[6.75,13,6]},"faces":{"north":{"uv":[7.625,5.5,7.6875,6],"texture":"#2"},"east":{"uv":[3.125,5.75,3.4375,6.25],"texture":"#2"},"south":{"uv":[6,7.625,6.0625,8.125],"texture":"#2"},"west":{"uv":[5.75,3.75,6.0625,4.25],"texture":"#2"},"up":{"uv":[6.3125,8.0625,6.25,7.75],"texture":"#2"},"down":{"uv":[7.1875,7.75,7.125,8.0625],"texture":"#2"}}},{"from":[3.5,13,6.25],"to":[4.5,17.5,8.75],"rotation":{"angle":0,"axis":"y","origin":[7.25,13,6.25]},"faces":{"north":{"uv":[0.5,7.25,0.625,7.8125],"texture":"#2"},"east":{"uv":[5,5.5,5.3125,6.0625],"texture":"#2"},"south":{"uv":[0.625,7.25,0.75,7.8125],"texture":"#2"},"west":{"uv":[5.5,5.125,5.8125,5.6875],"texture":"#2"},"up":{"uv":[4.625,7.6875,4.5,7.375],"texture":"#2"},"down":{"uv":[7.5,5,7.375,5.3125],"texture":"#2"}}},{"from":[17.5,13,6.625],"to":[18,16,9.125],"rotation":{"angle":0,"axis":"y","origin":[8.25,13,6.625]},"faces":{"north":{"uv":[4.625,7.75,4.6875,8.125],"texture":"#2"},"east":{"uv":[6.625,6.125,6.9375,6.5],"texture":"#2"},"south":{"uv":[7.75,4.625,7.8125,5],"texture":"#2"},"west":{"uv":[6.75,0.5,7.0625,0.875],"texture":"#2"},"up":{"uv":[7.8125,7.4375,7.75,7.125],"texture":"#2"},"down":{"uv":[7.3125,7.75,7.25,8.0625],"texture":"#2"}}},{"from":[18,13,6.125],"to":[18.5,16.5,8.625],"rotation":{"angle":0,"axis":"y","origin":[8.75,13,6.125]},"faces":{"north":{"uv":[6.5,7.625,6.5625,8.0625],"texture":"#2"},"east":{"uv":[6.25,5.125,6.5625,5.5625],"texture":"#2"},"south":{"uv":[6.625,7.625,6.6875,8.0625],"texture":"#2"},"west":{"uv":[5.25,6.25,5.5625,6.6875],"texture":"#2"},"up":{"uv":[7.4375,8.0625,7.375,7.75],"texture":"#2"},"down":{"uv":[7.5625,7.75,7.5,8.0625],"texture":"#2"}}},{"from":[9.5,13,6],"to":[13.5,13.5,9],"rotation":{"angle":0,"axis":"y","origin":[8,1,8.5]},"faces":{"north":{"uv":[7.625,6.375,8.125,6.4375],"texture":"#2"},"east":{"uv":[6.75,7.75,7.125,7.8125],"texture":"#2"},"south":{"uv":[7.625,6.625,8.125,6.6875],"texture":"#2"},"west":{"uv":[7.75,7,8.125,7.0625],"texture":"#2"},"up":{"uv":[6,2.25,5.5,1.875],"texture":"#2"},"down":{"uv":[6,2.25,5.5,2.625],"texture":"#2"}}},{"from":[10,15,6.5],"to":[13.5,15.5,8.5],"rotation":{"angle":0,"axis":"y","origin":[6,3,9]},"faces":{"north":{"uv":[7.75,2,8.1875,2.0625],"texture":"#2"},"east":{"uv":[2,5.5,2.25,5.5625],"texture":"#2"},"south":{"uv":[7.75,2.125,8.1875,2.1875],"texture":"#2"},"west":{"uv":[2,5.625,2.25,5.6875],"texture":"#2"},"up":{"uv":[6.6875,3.125,6.25,2.875],"texture":"#2"},"down":{"uv":[3.4375,6.75,3,7],"texture":"#2"}}},{"from":[10.5,14.5,5.5],"to":[14.5,15,8.5],"rotation":{"angle":0,"axis":"y","origin":[8,2.5,8]},"faces":{"north":{"uv":[7.625,4.5,8.125,4.5625],"texture":"#2"},"east":{"uv":[7.75,6.125,8.125,6.1875],"texture":"#2"},"south":{"uv":[7.625,6.25,8.125,6.3125],"texture":"#2"},"west":{"uv":[7.75,6.5,8.125,6.5625],"texture":"#2"},"up":{"uv":[0.5,5.875,0,5.5],"texture":"#2"},"down":{"uv":[1,5.5,0.5,5.875],"texture":"#2"}}},{"from":[9.5,13.5,6],"to":[13.5,14.5,9],"rotation":{"angle":0,"axis":"y","origin":[8,1.5,8.5]},"faces":{"north":{"uv":[7.25,2.875,7.75,3],"texture":"#2"},"east":{"uv":[2.375,7.375,2.75,7.5],"texture":"#2"},"south":{"uv":[7.25,3,7.75,3.125],"texture":"#2"},"west":{"uv":[7.375,2.625,7.75,2.75],"texture":"#2"},"up":{"uv":[1.5,5.875,1,5.5],"texture":"#2"},"down":{"uv":[2,5.5,1.5,5.875],"texture":"#2"}}},{"from":[6.5,13,6.125],"to":[7,16,8.625],"rotation":{"angle":0,"axis":"y","origin":[9.5,7,6.125]},"faces":{"north":{"uv":[7.75,5.25,7.8125,5.625],"texture":"#2"},"east":{"uv":[6.75,1.625,7.0625,2],"texture":"#2"},"south":{"uv":[5.5,7.75,5.5625,8.125],"texture":"#2"},"west":{"uv":[6.75,2,7.0625,2.375],"texture":"#2"},"up":{"uv":[7.9375,0.3125,7.875,0],"texture":"#2"},"down":{"uv":[0.1875,7.875,0.125,8.1875],"texture":"#2"}}},{"from":[6,13,6],"to":[6.5,15,8.5],"rotation":{"angle":0,"axis":"y","origin":[11,7,6]},"faces":{"north":{"uv":[3.75,5.375,3.8125,5.625],"texture":"#2"},"east":{"uv":[6.75,6.875,7.0625,7.125],"texture":"#2"},"south":{"uv":[3.875,5.375,3.9375,5.625],"texture":"#2"},"west":{"uv":[3,7,3.3125,7.25],"texture":"#2"},"up":{"uv":[7.8125,7.8125,7.75,7.5],"texture":"#2"},"down":{"uv":[0.0625,7.875,0,8.1875],"texture":"#2"}}},{"from":[9.5,7,6.5],"to":[10.5,10,9],"rotation":{"angle":0,"axis":"y","origin":[12,7,6.5]},"faces":{"north":{"uv":[3,6.375,3.125,6.75],"texture":"#2"},"east":{"uv":[6.75,0.875,7.0625,1.25],"texture":"#2"},"south":{"uv":[7.375,2.25,7.5,2.625],"texture":"#2"},"west":{"uv":[6.75,1.25,7.0625,1.625],"texture":"#2"},"up":{"uv":[7.5,5.9375,7.375,5.625],"texture":"#2"},"down":{"uv":[7.375,7.375,7.25,7.6875],"texture":"#2"}}},{"from":[8,7,5.875],"to":[9.5,11,8.375],"rotation":{"angle":0,"axis":"y","origin":[10,7,5.875]},"faces":{"north":{"uv":[1.25,3.875,1.4375,4.375],"texture":"#2"},"east":{"uv":[5.375,5.75,5.6875,6.25],"texture":"#2"},"south":{"uv":[3.5,5.75,3.6875,6.25],"texture":"#2"},"west":{"uv":[5.75,5.75,6.0625,6.25],"texture":"#2"},"up":{"uv":[2.4375,5.3125,2.25,5],"texture":"#2"},"down":{"uv":[4.8125,6.25,4.625,6.5625],"texture":"#2"}}},{"from":[6.5,7,5.875],"to":[8,11.5,8.375],"rotation":{"angle":0,"axis":"y","origin":[7,7,5.875]},"faces":{"north":{"uv":[5,6.625,5.1875,7.1875],"texture":"#2"},"east":{"uv":[3.75,5.625,4.0625,6.1875],"texture":"#2"},"south":{"uv":[3.5,6.75,3.6875,7.3125],"texture":"#2"},"west":{"uv":[4.125,5.625,4.4375,6.1875],"texture":"#2"},"up":{"uv":[6.1875,7.5625,6,7.25],"texture":"#2"},"down":{"uv":[7.4375,6.625,7.25,6.9375],"texture":"#2"}}},{"from":[6,7,6.625],"to":[6.5,10.5,9.125],"rotation":{"angle":0,"axis":"y","origin":[6.5,7,6.625]},"faces":{"north":{"uv":[7.625,7,7.6875,7.4375],"texture":"#2"},"east":{"uv":[5.625,6.25,5.9375,6.6875],"texture":"#2"},"south":{"uv":[7.625,7.5,7.6875,7.9375],"texture":"#2"},"west":{"uv":[0,6.375,0.3125,6.8125],"texture":"#2"},"up":{"uv":[0.3125,8.1875,0.25,7.875],"texture":"#2"},"down":{"uv":[0.4375,7.875,0.375,8.1875],"texture":"#2"}}},{"from":[5,7,6.25],"to":[6,11,8.75],"rotation":{"angle":0,"axis":"y","origin":[5.5,7,6.25]},"faces":{"north":{"uv":[1.375,7.25,1.5,7.75],"texture":"#2"},"east":{"uv":[0.75,5.875,1.0625,6.375],"texture":"#2"},"south":{"uv":[7.25,1.375,7.375,1.875],"texture":"#2"},"west":{"uv":[1.125,5.875,1.4375,6.375],"texture":"#2"},"up":{"uv":[2.125,7.8125,2,7.5],"texture":"#2"},"down":{"uv":[2.25,7.5,2.125,7.8125],"texture":"#2"}}},{"from":[4.5,7,6],"to":[5,10.5,8.5],"rotation":{"angle":0,"axis":"y","origin":[5,7,6]},"faces":{"north":{"uv":[7.75,0,7.8125,0.4375],"texture":"#2"},"east":{"uv":[6.375,0,6.6875,0.4375],"texture":"#2"},"south":{"uv":[7.75,0.5,7.8125,0.9375],"texture":"#2"},"west":{"uv":[0.375,6.375,0.6875,6.8125],"texture":"#2"},"up":{"uv":[7.9375,0.6875,7.875,0.375],"texture":"#2"},"down":{"uv":[0.5625,7.875,0.5,8.1875],"texture":"#2"}}},{"from":[4,7,6.5],"to":[4.5,9.5,8],"rotation":{"angle":0,"axis":"y","origin":[4,7,6.5]},"faces":{"north":{"uv":[0.625,7.875,0.6875,8.1875],"texture":"#2"},"east":{"uv":[7.25,7,7.4375,7.3125],"texture":"#2"},"south":{"uv":[0.75,7.875,0.8125,8.1875],"texture":"#2"},"west":{"uv":[7.375,0,7.5625,0.3125],"texture":"#2"},"up":{"uv":[5.4375,5.6875,5.375,5.5],"texture":"#2"},"down":{"uv":[6.0625,6.25,6,6.4375],"texture":"#2"}}},{"from":[10.5,7,6.5],"to":[11.5,11,9],"rotation":{"angle":0,"axis":"y","origin":[3.5,7,6.5]},"faces":{"north":{"uv":[7.25,1.875,7.375,2.375],"texture":"#2"},"east":{"uv":[1.5,5.875,1.8125,6.375],"texture":"#2"},"south":{"uv":[7.25,2.375,7.375,2.875],"texture":"#2"},"west":{"uv":[5.875,2.625,6.1875,3.125],"texture":"#2"},"up":{"uv":[7.625,2.4375,7.5,2.125],"texture":"#2"},"down":{"uv":[2.375,7.5,2.25,7.8125],"texture":"#2"}}},{"from":[11.5,7,6.25],"to":[12.5,11.5,8.75],"rotation":{"angle":0,"axis":"y","origin":[-0.5,7,6.25]},"faces":{"north":{"uv":[7.25,0.625,7.375,1.1875],"texture":"#2"},"east":{"uv":[4.5,5.625,4.8125,6.1875],"texture":"#2"},"south":{"uv":[0.75,7.25,0.875,7.8125],"texture":"#2"},"west":{"uv":[2,5.75,2.3125,6.3125],"texture":"#2"},"up":{"uv":[2.5,7.8125,2.375,7.5],"texture":"#2"},"down":{"uv":[2.625,7.5,2.5,7.8125],"texture":"#2"}}},{"from":[-1.5,9,6.625],"to":[2.5,9.5,9.625],"rotation":{"angle":0,"axis":"y","origin":[16,15,7.125]},"faces":{"north":{"uv":[7.375,4.375,7.875,4.4375],"texture":"#2"},"east":{"uv":[4.75,7.75,5.125,7.8125],"texture":"#2"},"south":{"uv":[7.375,6,7.875,6.0625],"texture":"#2"},"west":{"uv":[7.75,5,8.125,5.0625],"texture":"#2"},"up":{"uv":[5.5,5.5,5,5.125],"texture":"#2"},"down":{"uv":[4.5,5.25,4,5.625],"texture":"#2"}}},{"from":[-0.5,8.5,6.625],"to":[3,9,8.625],"rotation":{"angle":0,"axis":"y","origin":[14.5,14.5,6.125]},"faces":{"north":{"uv":[7.625,6.75,8.0625,6.8125],"texture":"#2"},"east":{"uv":[2.5,4.375,2.75,4.4375],"texture":"#2"},"south":{"uv":[7.625,6.875,8.0625,6.9375],"texture":"#2"},"west":{"uv":[2.5,4.5,2.75,4.5625],"texture":"#2"},"up":{"uv":[5.4375,3.125,5,2.875],"texture":"#2"},"down":{"uv":[5.5625,4.125,5.125,4.375],"texture":"#2"}}},{"from":[-0.5,8,6.125],"to":[3.5,8.5,9.125],"rotation":{"angle":0,"axis":"y","origin":[16,14,6.625]},"faces":{"north":{"uv":[7.5,2.5,8,2.5625],"texture":"#2"},"east":{"uv":[5.125,7.75,5.5,7.8125],"texture":"#2"},"south":{"uv":[7.625,2.375,8.125,2.4375],"texture":"#2"},"west":{"uv":[7.75,5.125,8.125,5.1875],"texture":"#2"},"up":{"uv":[5,5.625,4.5,5.25],"texture":"#2"},"down":{"uv":[2.75,5.375,2.25,5.75],"texture":"#2"}}},{"from":[-0.5,7,6.625],"to":[3.5,8,9.625],"rotation":{"angle":0,"axis":"y","origin":[16,13,7.125]},"faces":{"north":{"uv":[7.125,4.875,7.625,5],"texture":"#2"},"east":{"uv":[7.375,1.125,7.75,1.25],"texture":"#2"},"south":{"uv":[7.25,1.25,7.75,1.375],"texture":"#2"},"west":{"uv":[2,7.375,2.375,7.5],"texture":"#2"},"up":{"uv":[3.25,5.75,2.75,5.375],"texture":"#2"},"down":{"uv":[3.75,5.375,3.25,5.75],"texture":"#2"}}},{"from":[10.125,1,6.25],"to":[11.125,4.5,8.75],"rotation":{"angle":0,"axis":"y","origin":[10.625,1,6.25]},"faces":{"north":{"uv":[7.375,1.75,7.5,2.1875],"texture":"#2"},"east":{"uv":[1.875,6.375,2.1875,6.8125],"texture":"#2"},"south":{"uv":[1.875,7.375,2,7.8125],"texture":"#2"},"west":{"uv":[6.375,2,6.6875,2.4375],"texture":"#2"},"up":{"uv":[7.625,5.9375,7.5,5.625],"texture":"#2"},"down":{"uv":[7.625,6.625,7.5,6.9375],"texture":"#2"}}},{"from":[11.125,1,5.75],"to":[12.125,5,8.25],"rotation":{"angle":0,"axis":"y","origin":[11.625,1,5.75]},"faces":{"north":{"uv":[3.25,7.25,3.375,7.75],"texture":"#2"},"east":{"uv":[6,1.5,6.3125,2],"texture":"#2"},"south":{"uv":[5,7.25,5.125,7.75],"texture":"#2"},"west":{"uv":[6,2,6.3125,2.5],"texture":"#2"},"up":{"uv":[7.625,7.3125,7.5,7],"texture":"#2"},"down":{"uv":[7.625,7.375,7.5,7.6875],"texture":"#2"}}},{"from":[12.125,1,6.125],"to":[12.625,4.5,8.625],"rotation":{"angle":0,"axis":"y","origin":[12.125,1,6.125]},"faces":{"north":{"uv":[1.625,7.75,1.6875,8.1875],"texture":"#2"},"east":{"uv":[2.25,6.375,2.5625,6.8125],"texture":"#2"},"south":{"uv":[7.75,2.625,7.8125,3.0625],"texture":"#2"},"west":{"uv":[2.625,6.375,2.9375,6.8125],"texture":"#2"},"up":{"uv":[2.1875,8.1875,2.125,7.875],"texture":"#2"},"down":{"uv":[2.3125,7.875,2.25,8.1875],"texture":"#2"}}},{"from":[12.75,1,5.875],"to":[14.25,5,8.375],"rotation":{"angle":0,"axis":"y","origin":[13.75,1,5.875]},"faces":{"north":{"uv":[2,6.875,2.1875,7.375],"texture":"#2"},"east":{"uv":[6,4.625,6.3125,5.125],"texture":"#2"},"south":{"uv":[2.25,6.875,2.4375,7.375],"texture":"#2"},"west":{"uv":[6.125,3.75,6.4375,4.25],"texture":"#2"},"up":{"uv":[7.5625,1.6875,7.375,1.375],"texture":"#2"},"down":{"uv":[1.6875,7.375,1.5,7.6875],"texture":"#2"}}},{"from":[14.25,1,6.125],"to":[14.75,4.5,8.625],"rotation":{"angle":0,"axis":"y","origin":[14.25,1,6.125]},"faces":{"north":{"uv":[2.75,7.75,2.8125,8.1875],"texture":"#2"},"east":{"uv":[6.375,4.625,6.6875,5.0625],"texture":"#2"},"south":{"uv":[2.875,7.75,2.9375,8.1875],"texture":"#2"},"west":{"uv":[6.5,3.75,6.8125,4.1875],"texture":"#2"},"up":{"uv":[2.4375,8.1875,2.375,7.875],"texture":"#2"},"down":{"uv":[2.5625,7.875,2.5,8.1875],"texture":"#2"}}},{"from":[14.75,1,6.625],"to":[15.25,4.5,9.125],"rotation":{"angle":0,"axis":"y","origin":[14.75,1,6.625]},"faces":{"north":{"uv":[3,7.75,3.0625,8.1875],"texture":"#2"},"east":{"uv":[6.5,5.625,6.8125,6.0625],"texture":"#2"},"south":{"uv":[3.125,7.75,3.1875,8.1875],"texture":"#2"},"west":{"uv":[6,6.5,6.3125,6.9375],"texture":"#2"},"up":{"uv":[2.6875,8.1875,2.625,7.875],"texture":"#2"},"down":{"uv":[7.9375,2.625,7.875,2.9375],"texture":"#2"}}},{"from":[15.25,1,6.25],"to":[16.25,5.5,8.75],"rotation":{"angle":0,"axis":"y","origin":[15.75,1,6.25]},"faces":{"north":{"uv":[0.875,7.25,1,7.8125],"texture":"#2"},"east":{"uv":[2.375,5.75,2.6875,6.3125],"texture":"#2"},"south":{"uv":[1,7.25,1.125,7.8125],"texture":"#2"},"west":{"uv":[2.75,5.75,3.0625,6.3125],"texture":"#2"},"up":{"uv":[7.75,0.3125,7.625,0],"texture":"#2"},"down":{"uv":[7.75,0.375,7.625,0.6875],"texture":"#2"}}},{"from":[16.25,1,6],"to":[16.75,4.5,8.5],"rotation":{"angle":0,"axis":"y","origin":[16.25,1,6]},"faces":{"north":{"uv":[7.75,3.125,7.8125,3.5625],"texture":"#2"},"east":{"uv":[6.375,6.5,6.6875,6.9375],"texture":"#2"},"south":{"uv":[3.25,7.75,3.3125,8.1875],"texture":"#2"},"west":{"uv":[4.625,6.625,4.9375,7.0625],"texture":"#2"},"up":{"uv":[7.9375,3.3125,7.875,3],"texture":"#2"},"down":{"uv":[7.9375,3.75,7.875,4.0625],"texture":"#2"}}},{"from":[16.75,1,6.5],"to":[17.75,5,9],"rotation":{"angle":0,"axis":"y","origin":[17.25,1,6.5]},"faces":{"north":{"uv":[5.125,7.25,5.25,7.75],"texture":"#2"},"east":{"uv":[4.875,6.125,5.1875,6.625],"texture":"#2"},"south":{"uv":[7.25,5.625,7.375,6.125],"texture":"#2"},"west":{"uv":[6.125,5.625,6.4375,6.125],"texture":"#2"},"up":{"uv":[7.75,1.0625,7.625,0.75],"texture":"#2"},"down":{"uv":[7.75,1.375,7.625,1.6875],"texture":"#2"}}},{"from":[17.75,1,6],"to":[18.25,4.5,8.5],"rotation":{"angle":0,"axis":"y","origin":[17.75,1,6]},"faces":{"north":{"uv":[3.5,7.75,3.5625,8.1875],"texture":"#2"},"east":{"uv":[6.625,5.125,6.9375,5.5625],"texture":"#2"},"south":{"uv":[3.625,7.75,3.6875,8.1875],"texture":"#2"},"west":{"uv":[6.75,0,7.0625,0.4375],"texture":"#2"},"up":{"uv":[3.9375,8.1875,3.875,7.875],"texture":"#2"},"down":{"uv":[4.0625,7.875,4,8.1875],"texture":"#2"}}},{"from":[9,1,6.25],"to":[10,5,8.75],"rotation":{"angle":0,"axis":"y","origin":[8.5,7,6.25]},"faces":{"north":{"uv":[1.125,7.25,1.25,7.75],"texture":"#2"},"east":{"uv":[0,5.875,0.3125,6.375],"texture":"#2"},"south":{"uv":[1.25,7.25,1.375,7.75],"texture":"#2"},"west":{"uv":[0.375,5.875,0.6875,6.375],"texture":"#2"},"up":{"uv":[7.5,7.6875,7.375,7.375],"texture":"#2"},"down":{"uv":[7.625,1.75,7.5,2.0625],"texture":"#2"}}},{"from":[8.5,1,6],"to":[9,4.5,8.5],"rotation":{"angle":0,"axis":"y","origin":[2.5,7,6]},"faces":{"north":{"uv":[7.75,1,7.8125,1.4375],"texture":"#2"},"east":{"uv":[6.375,0.5,6.6875,0.9375],"texture":"#2"},"south":{"uv":[1.125,7.75,1.1875,8.1875],"texture":"#2"},"west":{"uv":[0.75,6.375,1.0625,6.8125],"texture":"#2"},"up":{"uv":[7.9375,1.0625,7.875,0.75],"texture":"#2"},"down":{"uv":[0.9375,7.875,0.875,8.1875],"texture":"#2"}}},{"from":[7,1,5.875],"to":[8.5,5,8.375],"rotation":{"angle":0,"axis":"y","origin":[1.5,7,5.875]},"faces":{"north":{"uv":[1.5,6.875,1.6875,7.375],"texture":"#2"},"east":{"uv":[5.875,5.125,6.1875,5.625],"texture":"#2"},"south":{"uv":[1.75,6.875,1.9375,7.375],"texture":"#2"},"west":{"uv":[6,0,6.3125,0.5],"texture":"#2"},"up":{"uv":[7.5625,0.6875,7.375,0.375],"texture":"#2"},"down":{"uv":[7.5625,0.75,7.375,1.0625],"texture":"#2"}}},{"from":[6.5,1,6.125],"to":[7,4,8.625],"rotation":{"angle":0,"axis":"y","origin":[1,7,6.125]},"faces":{"north":{"uv":[5.625,7.75,5.6875,8.125],"texture":"#2"},"east":{"uv":[6.75,2.375,7.0625,2.75],"texture":"#2"},"south":{"uv":[7.75,5.625,7.8125,6],"texture":"#2"},"west":{"uv":[6.75,2.75,7.0625,3.125],"texture":"#2"},"up":{"uv":[1.0625,8.1875,1,7.875],"texture":"#2"},"down":{"uv":[7.9375,1.125,7.875,1.4375],"texture":"#2"}}},{"from":[6,1,6.625],"to":[6.5,4.5,9.125],"rotation":{"angle":0,"axis":"y","origin":[0.5,7,6.625]},"faces":{"north":{"uv":[1.25,7.75,1.3125,8.1875],"texture":"#2"},"east":{"uv":[6.375,1,6.6875,1.4375],"texture":"#2"},"south":{"uv":[1.375,7.75,1.4375,8.1875],"texture":"#2"},"west":{"uv":[1.125,6.375,1.4375,6.8125],"texture":"#2"},"up":{"uv":[7.9375,1.8125,7.875,1.5],"texture":"#2"},"down":{"uv":[1.8125,7.875,1.75,8.1875],"texture":"#2"}}},{"from":[5.5,1,6.125],"to":[6,4,8.625],"rotation":{"angle":0,"axis":"y","origin":[9.5,7,6.125]},"faces":{"north":{"uv":[7.75,5.25,7.8125,5.625],"texture":"#2"},"east":{"uv":[6.75,1.625,7.0625,2],"texture":"#2"},"south":{"uv":[5.5,7.75,5.5625,8.125],"texture":"#2"},"west":{"uv":[6.75,2,7.0625,2.375],"texture":"#2"},"up":{"uv":[7.9375,0.3125,7.875,0],"texture":"#2"},"down":{"uv":[0.1875,7.875,0.125,8.1875],"texture":"#2"}}},{"from":[5,1,6],"to":[5.5,3,8.5],"rotation":{"angle":0,"axis":"y","origin":[11,7,6]},"faces":{"north":{"uv":[3.75,5.375,3.8125,5.625],"texture":"#2"},"east":{"uv":[6.75,6.875,7.0625,7.125],"texture":"#2"},"south":{"uv":[3.875,5.375,3.9375,5.625],"texture":"#2"},"west":{"uv":[3,7,3.3125,7.25],"texture":"#2"},"up":{"uv":[7.8125,7.8125,7.75,7.5],"texture":"#2"},"down":{"uv":[0.0625,7.875,0,8.1875],"texture":"#2"}}},{"from":[4.5,1,6],"to":[5,4.5,8.5],"rotation":{"angle":0,"axis":"y","origin":[-1,7,6]},"faces":{"north":{"uv":[1.5,7.75,1.5625,8.1875],"texture":"#2"},"east":{"uv":[1.5,6.375,1.8125,6.8125],"texture":"#2"},"south":{"uv":[7.75,1.5,7.8125,1.9375],"texture":"#2"},"west":{"uv":[6.375,1.5,6.6875,1.9375],"texture":"#2"},"up":{"uv":[1.9375,8.1875,1.875,7.875],"texture":"#2"},"down":{"uv":[2.0625,7.875,2,8.1875],"texture":"#2"}}},{"from":[3.5,1,6.5],"to":[4.5,5,9],"rotation":{"angle":0,"axis":"y","origin":[-2,7,6.5]},"faces":{"north":{"uv":[3,7.25,3.125,7.75],"texture":"#2"},"east":{"uv":[6,0.5,6.3125,1],"texture":"#2"},"south":{"uv":[3.125,7.25,3.25,7.75],"texture":"#2"},"west":{"uv":[6,1,6.3125,1.5],"texture":"#2"},"up":{"uv":[2.75,7.8125,2.625,7.5],"texture":"#2"},"down":{"uv":[7.625,5,7.5,5.3125],"texture":"#2"}}},{"from":[6.75,22,5.75],"to":[11.25,23,10.25],"rotation":{"angle":0,"axis":"y","origin":[0.25,4.5,8.75]},"faces":{"north":{"uv":[7.125,4,7.6875,4.125],"texture":"#2"},"east":{"uv":[7.125,4.125,7.6875,4.25],"texture":"#2"},"south":{"uv":[7.125,4.625,7.6875,4.75],"texture":"#2"},"west":{"uv":[7.125,4.75,7.6875,4.875],"texture":"#2"},"up":{"uv":[0.5625,5.0625,0,4.5],"texture":"#2"},"down":{"uv":[1.1875,4.5,0.625,5.0625],"texture":"#2"}}},{"from":[7,19,6],"to":[11,22.5,10],"rotation":{"angle":0,"axis":"y","origin":[0,1,8.5]},"faces":{"north":{"uv":[1.25,5,1.75,5.4375],"texture":"#2"},"east":{"uv":[1.75,5,2.25,5.4375],"texture":"#2"},"south":{"uv":[5,1.875,5.5,2.3125],"texture":"#2"},"west":{"uv":[5,2.375,5.5,2.8125],"texture":"#2"},"up":{"uv":[4.5,5.25,4,4.75],"texture":"#2"},"down":{"uv":[5,4.75,4.5,5.25],"texture":"#2"}}},{"from":[-1.25,1,6.5],"to":[1.25,3,9],"rotation":{"angle":0,"axis":"y","origin":[-0.75,13,8]},"faces":{"north":{"uv":[7,4.25,7.3125,4.5],"texture":"#2"},"east":{"uv":[7,5,7.3125,5.25],"texture":"#2"},"south":{"uv":[7,5.25,7.3125,5.5],"texture":"#2"},"west":{"uv":[6,7,6.3125,7.25],"texture":"#2"},"up":{"uv":[4.0625,7.0625,3.75,6.75],"texture":"#2"},"down":{"uv":[4.4375,6.75,4.125,7.0625],"texture":"#2"}}},{"from":[-1,3,6.75],"to":[1,3.5,8.75],"rotation":{"angle":0,"axis":"y","origin":[-0.5,15,8.25]},"faces":{"north":{"uv":[5.875,5.625,6.125,5.6875],"texture":"#2"},"east":{"uv":[6,2.5,6.25,2.5625],"texture":"#2"},"south":{"uv":[6.75,5,7,5.0625],"texture":"#2"},"west":{"uv":[7.375,5.375,7.625,5.4375],"texture":"#2"},"up":{"uv":[3,3.375,2.75,3.125],"texture":"#2"},"down":{"uv":[4,3.125,3.75,3.375],"texture":"#2"}}},{"from":[-1.25,3.5,6.5],"to":[1.25,4,9],"rotation":{"angle":0,"axis":"y","origin":[-0.75,15.5,8]},"faces":{"north":{"uv":[7.875,1.875,8.1875,1.9375],"texture":"#2"},"east":{"uv":[7.875,3.375,8.1875,3.4375],"texture":"#2"},"south":{"uv":[7.875,3.5,8.1875,3.5625],"texture":"#2"},"west":{"uv":[7.875,4.125,8.1875,4.1875],"texture":"#2"},"up":{"uv":[7.0625,4.9375,6.75,4.625],"texture":"#2"},"down":{"uv":[5.5625,6.75,5.25,7.0625],"texture":"#2"}}},{"from":[-1,20.5,8.25],"to":[4.5,26,8.25],"rotation":{"angle":0,"axis":"y","origin":[4.75,22.75,8.25]},"faces":{"north":{"uv":[3,1.875,3.6875,2.5625],"texture":"#2"},"east":{"uv":[0,0,0,0.6875],"texture":"#2"},"south":{"uv":[3,2.625,3.6875,3.3125],"texture":"#2"},"west":{"uv":[0,0,0,0.6875],"texture":"#2"},"up":{"uv":[0.6875,0,0,0],"texture":"#2"},"down":{"uv":[0.6875,0,0,0],"texture":"#2"}}},{"from":[-1,20.5,8.25],"to":[4.5,26,8.25],"rotation":{"angle":0,"axis":"y","origin":[4.75,22.75,8.25]},"faces":{"north":{"uv":[0,3.125,0.6875,3.8125],"texture":"#2"},"east":{"uv":[0,0,0,0.6875],"texture":"#2"},"south":{"uv":[0.75,3.125,1.4375,3.8125],"texture":"#2"},"west":{"uv":[0,0,0,0.6875],"texture":"#2"},"up":{"uv":[0.6875,0,0,0],"texture":"#2"},"down":{"uv":[0.6875,0,0,0],"texture":"#2"}}},{"from":[0.5,19,7],"to":[3,21.5,9.5],"rotation":{"angle":0,"axis":"y","origin":[5.5,19,8]},"faces":{"north":{"uv":[5.625,6.75,5.9375,7.0625],"texture":"#2"},"east":{"uv":[6.75,6.5,7.0625,6.8125],"texture":"#2"},"south":{"uv":[0,6.875,0.3125,7.1875],"texture":"#2"},"west":{"uv":[0.375,6.875,0.6875,7.1875],"texture":"#2"},"up":{"uv":[1.0625,7.1875,0.75,6.875],"texture":"#2"},"down":{"uv":[1.4375,6.875,1.125,7.1875],"texture":"#2"}}},{"from":[14,7,7],"to":[17.5,12,7.5],"rotation":{"angle":22.5,"axis":"x","origin":[17,7,7]},"faces":{"north":{"uv":[4.625,3.75,5.0625,4.375],"texture":"#2"},"east":{"uv":[7.625,1.75,7.6875,2.375],"texture":"#2"},"south":{"uv":[2.5,4.75,2.9375,5.375],"texture":"#2"},"west":{"uv":[7.625,3.125,7.6875,3.75],"texture":"#2"},"up":{"uv":[8.1875,2.3125,7.75,2.25],"texture":"#2"},"down":{"uv":[8.1875,3.625,7.75,3.6875],"texture":"#2"}}},{"from":[15,6.75,9.6],"to":[16.5,10.25,10.1],"rotation":{"angle":-22.5,"axis":"x","origin":[17,6.75,9.6]},"faces":{"north":{"uv":[2.5,6.875,2.6875,7.3125],"texture":"#2"},"east":{"uv":[3.75,7.75,3.8125,8.1875],"texture":"#2"},"south":{"uv":[2.75,6.875,2.9375,7.3125],"texture":"#2"},"west":{"uv":[7.75,3.75,7.8125,4.1875],"texture":"#2"},"up":{"uv":[4.3125,7.9375,4.125,7.875],"texture":"#2"},"down":{"uv":[8.0625,4.375,7.875,4.4375],"texture":"#2"}}},{"from":[-2,13,7],"to":[1.5,18,7.5],"rotation":{"angle":22.5,"axis":"x","origin":[1,13,7]},"faces":{"north":{"uv":[3,4.75,3.4375,5.375],"texture":"#2"},"east":{"uv":[3.375,7.625,3.4375,8.25],"texture":"#2"},"south":{"uv":[3.5,4.75,3.9375,5.375],"texture":"#2"},"west":{"uv":[7.625,4.875,7.6875,5.5],"texture":"#2"},"up":{"uv":[4.3125,7.8125,3.875,7.75],"texture":"#2"},"down":{"uv":[8.1875,4.25,7.75,4.3125],"texture":"#2"}}},{"from":[-1,12.75,9.6],"to":[0.5,16.25,10.1],"rotation":{"angle":-22.5,"axis":"x","origin":[1,12.75,9.6]},"faces":{"north":{"uv":[6.875,3.75,7.0625,4.1875],"texture":"#2"},"east":{"uv":[4.375,7.75,4.4375,8.1875],"texture":"#2"},"south":{"uv":[6.875,5.625,7.0625,6.0625],"texture":"#2"},"west":{"uv":[4.5,7.75,4.5625,8.1875],"texture":"#2"},"up":{"uv":[8.0625,4.6875,7.875,4.625],"texture":"#2"},"down":{"uv":[4.9375,7.875,4.75,7.9375],"texture":"#2"}}},{"from":[-4,18,5.5],"to":[20,19,10.5],"rotation":{"angle":0,"axis":"y","origin":[-4,18.5,5.5]},"faces":{"north":{"uv":[4,4.375,7,4.5],"texture":"#2","tintindex":0},"east":{"uv":[5.625,4.25,6.25,4.375],"texture":"#2"},"south":{"uv":[4,4.5,7,4.625],"texture":"#2"},"west":{"uv":[6.25,4.25,6.875,4.375],"texture":"#2"},"up":{"uv":[3,0.625,0,0],"texture":"#2"},"down":{"uv":[3,0.625,0,1.25],"texture":"#2"}}},{"from":[18.5,13,5.5],"to":[19.5,18,10.5],"shade":false,"rotation":{"angle":0,"axis":"y","origin":[19.5,13,5.5]},"faces":{"north":{"uv":[4.5,6.75,4.625,7.375],"texture":"#2","tintindex":0},"east":{"uv":[1.5,3.125,2.125,3.75],"texture":"#2"},"south":{"uv":[3.375,7,3.5,7.625],"texture":"#2"},"west":{"uv":[2.125,3.125,2.75,3.75],"texture":"#2"},"up":{"uv":[6.5,7.625,6.375,7],"texture":"#2"},"down":{"uv":[6.625,7,6.5,7.625],"texture":"#2"}}},{"from":[2.5,13,5.5],"to":[3.5,18,10.5],"rotation":{"angle":0,"axis":"y","origin":[2.5,13,5.5]},"faces":{"north":{"uv":[6.625,7,6.75,7.625],"texture":"#2","tintindex":0},"east":{"uv":[2.75,3.375,3.375,4],"texture":"#2"},"south":{"uv":[7.125,0,7.25,0.625],"texture":"#2"},"west":{"uv":[3.375,3.375,4,4],"texture":"#2"},"up":{"uv":[7.25,1.25,7.125,0.625],"texture":"#2"},"down":{"uv":[7.25,1.25,7.125,1.875],"texture":"#2"}}},{"from":[-3.5,13,5.5],"to":[-2.5,18,10.5],"rotation":{"angle":0,"axis":"y","origin":[-3.5,13,5.5]},"faces":{"north":{"uv":[7.125,1.875,7.25,2.5],"texture":"#2","tintindex":0},"east":{"uv":[1.5,3.75,2.125,4.375],"texture":"#2"},"south":{"uv":[7.125,2.5,7.25,3.125],"texture":"#2"},"west":{"uv":[3.75,1.875,4.375,2.5],"texture":"#2"},"up":{"uv":[3.875,7.75,3.75,7.125],"texture":"#2"},"down":{"uv":[4,7.125,3.875,7.75],"texture":"#2"}}},{"from":[-4,12,5.5],"to":[20,13,10.5],"rotation":{"angle":0,"axis":"y","origin":[-4,12.5,5.5]},"faces":{"north":{"uv":[2.5,4.625,5.5,4.75],"texture":"#2","tintindex":0},"east":{"uv":[7,4.5,7.625,4.625],"texture":"#2"},"south":{"uv":[4.625,3.125,7.625,3.25],"texture":"#2"},"west":{"uv":[7,5.5,7.625,5.625],"texture":"#2"},"up":{"uv":[3,1.875,0,1.25],"texture":"#2"},"down":{"uv":[3,1.875,0,2.5],"texture":"#2"}}},{"from":[-3.5,7,5.5],"to":[-2.5,12,10.5],"rotation":{"angle":0,"axis":"y","origin":[-3.5,7,5.5]},"faces":{"north":{"uv":[4,7.125,4.125,7.75],"texture":"#2","tintindex":0},"east":{"uv":[2.125,3.75,2.75,4.375],"texture":"#2"},"south":{"uv":[4.125,7.125,4.25,7.75],"texture":"#2"},"west":{"uv":[3.75,2.5,4.375,3.125],"texture":"#2"},"up":{"uv":[4.375,7.75,4.25,7.125],"texture":"#2"},"down":{"uv":[4.5,7.125,4.375,7.75],"texture":"#2"}}},{"from":[12.5,7,5.5],"to":[13.5,12,10.5],"rotation":{"angle":0,"axis":"y","origin":[12.5,7,5.5]},"faces":{"north":{"uv":[4.625,7.125,4.75,7.75],"texture":"#2","tintindex":0},"east":{"uv":[0,3.875,0.625,4.5],"texture":"#2"},"south":{"uv":[4.75,7.125,4.875,7.75],"texture":"#2"},"west":{"uv":[0.625,3.875,1.25,4.5],"texture":"#2"},"up":{"uv":[5,7.75,4.875,7.125],"texture":"#2"},"down":{"uv":[5.375,7.125,5.25,7.75],"texture":"#2"}}},{"from":[18.5,7,5.5],"to":[19.5,12,10.5],"shade":false,"rotation":{"angle":0,"axis":"y","origin":[19.5,7,5.5]},"faces":{"north":{"uv":[5.375,7.125,5.5,7.75],"texture":"#2","tintindex":0},"east":{"uv":[2.75,4,3.375,4.625],"texture":"#2"},"south":{"uv":[5.5,7.125,5.625,7.75],"texture":"#2"},"west":{"uv":[4,3.125,4.625,3.75],"texture":"#2"},"up":{"uv":[5.75,7.75,5.625,7.125],"texture":"#2"},"down":{"uv":[7.25,5.625,7.125,6.25],"texture":"#2"}}},{"from":[-4,6,5.5],"to":[20,7,10.5],"shade":false,"rotation":{"angle":0,"axis":"y","origin":[20,6.5,5.5]},"faces":{"north":{"uv":[4.625,3.25,7.625,3.375],"texture":"#2","tintindex":0},"east":{"uv":[7,6.25,7.625,6.375],"texture":"#2"},"south":{"uv":[4.625,3.375,7.625,3.5],"texture":"#2"},"west":{"uv":[7,6.375,7.625,6.5],"texture":"#2"},"up":{"uv":[3,3.125,0,2.5],"texture":"#2"},"down":{"uv":[6,0,3,0.625],"texture":"#2"}}},{"from":[-3.5,1,5.5],"to":[-2.5,6,10.5],"rotation":{"angle":0,"axis":"y","origin":[-3.5,1,5.5]},"faces":{"north":{"uv":[5.75,7.125,5.875,7.75],"texture":"#2","tintindex":0},"east":{"uv":[3.375,4,4,4.625],"texture":"#2"},"south":{"uv":[5.875,7.125,6,7.75],"texture":"#2"},"west":{"uv":[4,3.75,4.625,4.375],"texture":"#2"},"up":{"uv":[7.25,7.125,7.125,6.5],"texture":"#2"},"down":{"uv":[6.875,7.125,6.75,7.75],"texture":"#2"}}},{"from":[2.5,1,5.5],"to":[3.5,6,10.5],"rotation":{"angle":0,"axis":"y","origin":[2.5,1,5.5]},"faces":{"north":{"uv":[6.875,7.125,7,7.75],"texture":"#2","tintindex":0},"east":{"uv":[1.25,4.375,1.875,5],"texture":"#2"},"south":{"uv":[7,7.125,7.125,7.75],"texture":"#2"},"west":{"uv":[1.875,4.375,2.5,5],"texture":"#2"},"up":{"uv":[7.25,7.75,7.125,7.125],"texture":"#2"},"down":{"uv":[0.125,7.25,0,7.875],"texture":"#2"}}},{"from":[18.5,1,5.5],"to":[19.5,6,10.5],"shade":false,"rotation":{"angle":0,"axis":"y","origin":[19.5,1,5.5]},"faces":{"north":{"uv":[7.25,0,7.375,0.625],"texture":"#2","tintindex":0},"east":{"uv":[4.375,1.875,5,2.5],"texture":"#2"},"south":{"uv":[0.125,7.25,0.25,7.875],"texture":"#2"},"west":{"uv":[4.375,2.5,5,3.125],"texture":"#2"},"up":{"uv":[0.375,7.875,0.25,7.25],"texture":"#2"},"down":{"uv":[0.5,7.25,0.375,7.875],"texture":"#2"}}},{"from":[-4,0,5.5],"to":[20,1,10.5],"rotation":{"angle":0,"axis":"y","origin":[-4,0.5,5.5]},"faces":{"north":{"uv":[4.625,3.5,7.625,3.625],"texture":"#2","tintindex":0},"east":{"uv":[7.125,3.75,7.75,3.875],"texture":"#2"},"south":{"uv":[4.625,3.625,7.625,3.75],"texture":"#2"},"west":{"uv":[7.125,3.875,7.75,4],"texture":"#2"},"up":{"uv":[6,1.25,3,0.625],"texture":"#2"},"down":{"uv":[6,1.25,3,1.875],"texture":"#2"}}},{"from":[13.5,19,6.625],"to":[17.5,20,9.625],"rotation":{"angle":0,"axis":"y","origin":[16,13,7.125]},"faces":{"north":{"uv":[7.125,4.875,7.625,5],"texture":"#2"},"east":{"uv":[7.375,1.125,7.75,1.25],"texture":"#2"},"south":{"uv":[7.25,1.25,7.75,1.375],"texture":"#2"},"west":{"uv":[2,7.375,2.375,7.5],"texture":"#2"},"up":{"uv":[3.25,5.75,2.75,5.375],"texture":"#2"},"down":{"uv":[3.75,5.375,3.25,5.75],"texture":"#2"}}},{"from":[12.5,20,6],"to":[16.5,21,9],"rotation":{"angle":0,"axis":"y","origin":[8,1.5,8.5]},"faces":{"north":{"uv":[7.25,2.875,7.75,3],"texture":"#2"},"east":{"uv":[2.375,7.375,2.75,7.5],"texture":"#2"},"south":{"uv":[7.25,3,7.75,3.125],"texture":"#2"},"west":{"uv":[7.375,2.625,7.75,2.75],"texture":"#2"},"up":{"uv":[1.5,5.875,1,5.5],"texture":"#2"},"down":{"uv":[2,5.5,1.5,5.875],"texture":"#2"}}},{"from":[12.5,21,5.5],"to":[16.5,21.5,8.5],"rotation":{"angle":0,"axis":"y","origin":[8,2.5,8]},"faces":{"north":{"uv":[7.625,4.5,8.125,4.5625],"texture":"#2"},"east":{"uv":[7.75,6.125,8.125,6.1875],"texture":"#2"},"south":{"uv":[7.625,6.25,8.125,6.3125],"texture":"#2"},"west":{"uv":[7.75,6.5,8.125,6.5625],"texture":"#2"},"up":{"uv":[0.5,5.875,0,5.5],"texture":"#2"},"down":{"uv":[1,5.5,0.5,5.875],"texture":"#2"}}}],"gui_light":"front","display":{"thirdperson_righthand":{"scale":[0.5,0.5,0.5]},"thirdperson_lefthand":{"scale":[0.5,0.5,0.5]},"firstperson_righthand":{"rotation":[0,-53,0],"translation":[6.5,0,0],"scale":[0.5,0.5,0.5]},"firstperson_lefthand":{"rotation":[0,-53,0],"translation":[6.5,0,0],"scale":[0.5,0.5,0.5]},"gui":{"rotation":[25,-145,0],"translation":[0,-1.5,0],"scale":[0.7,0.7,0.7]},"head":{"translation":[0,-17.75,0],"scale":[3.2,3.2,3.2]},"fixed":{"rotation":[-90,0,0],"translation":[0.5,0,-31],"scale":[4,4,4]}},"groups":[{"name":"Books","origin":[0,0,0],"color":0,"boneType":"","children":[{"name":"TopShelf","origin":[0,0,0],"color":0,"boneType":"","children":[0,1,2,3,4,5,6,7,8,9,10,11,12]},{"name":"MiddleShelf","origin":[0,0,0],"color":0,"boneType":"","children":[13,14,15,16,17,18,19,20,21,22,23,24,25]},{"name":"BottomShelf","origin":[0,0,0],"color":0,"boneType":"","children":[26,27,28,29,30,31,32,33,34,35,36,37,38,39,40,41,42,43,44]}]},{"name":"ornaments","origin":[16,37.5,1],"color":0,"boneType":"","children":[{"name":"box","origin":[-16,2,1],"color":0,"boneType":"","children":[45,46]},{"name":"vase","origin":[-17.5,31,0],"color":0,"boneType":"","children":[47,48,49]},{"name":"TopFlower","origin":[-5,38,0],"color":0,"boneType":"","children":[50,51,52]},{"name":"PictureFrame","origin":[16,37.5,1],"color":0,"boneType":"","children":[53,54]},{"name":"PictureFrame","origin":[16,37.5,1],"color":0,"boneType":"","children":[55,56]}]},{"name":"Bookshelf","origin":[-24,1,-5],"color":0,"boneType":"","children":[57,58,59,60,61,62,63,64,65,66,67,68,69]},70,71,72]}