{"credit":"MadewithBlockbench","parent":"./cit_item","texture_size":[64,64],"textures":{"8":"decorations:dark_cabinet"},"elements":[{"from":[0,15,7],"to":[16,16,8],"faces":{"north":{"uv":[7,8.75,11,9],"texture":"#8"},"east":{"uv":[5,11,5.25,11.25],"texture":"#8"},"south":{"uv":[3.5,9,7.5,9.25],"texture":"#8"},"west":{"uv":[7.25,11.25,7.5,11.5],"texture":"#8"},"up":{"uv":[11.5,9.25,7.5,9],"texture":"#8"},"down":{"uv":[7.5,9.25,3.5,9.5],"texture":"#8"}}},{"from":[0,0,15],"to":[16,16,16],"faces":{"north":{"uv":[0,0,4,4],"texture":"#8"},"east":{"uv":[7.5,9.25,7.75,13.25],"texture":"#8"},"south":{"uv":[0,4,4,8],"texture":"#8"},"west":{"uv":[7.75,9.25,8,13.25],"texture":"#8"},"up":{"uv":[12,9.5,8,9.25],"texture":"#8"},"down":{"uv":[7.5,9.5,3.5,9.75],"texture":"#8"}}},{"from":[0,0,8],"to":[1,16,15],"faces":{"north":{"uv":[8,9.5,8.25,13.5],"texture":"#8"},"east":{"uv":[4,0,5.75,4],"texture":"#8"},"south":{"uv":[8.25,9.5,8.5,13.5],"texture":"#8"},"west":{"uv":[4,4,5.75,8],"texture":"#8"},"up":{"uv":[6.5,11.5,6.25,9.75],"texture":"#8"},"down":{"uv":[6.75,9.75,6.5,11.5],"texture":"#8"}}},{"from":[15,0,8],"to":[16,16,15],"faces":{"north":{"uv":[8.5,9.5,8.75,13.5],"texture":"#8"},"east":{"uv":[5.75,0,7.5,4],"texture":"#8"},"south":{"uv":[8.75,9.5,9,13.5],"texture":"#8"},"west":{"uv":[5.75,4,7.5,8],"texture":"#8"},"up":{"uv":[7,11.5,6.75,9.75],"texture":"#8"},"down":{"uv":[7.25,9.75,7,11.5],"texture":"#8"}}},{"from":[1,0,8],"to":[15,1,15],"faces":{"north":{"uv":[9,10.25,12.5,10.5],"texture":"#8"},"east":{"uv":[1.75,10.75,3.5,11],"texture":"#8"},"south":{"uv":[10.25,9.5,13.75,9.75],"texture":"#8"},"west":{"uv":[3.5,10.75,5.25,11],"texture":"#8"},"up":{"uv":[11,1.75,7.5,0],"texture":"#8"},"down":{"uv":[11,1.75,7.5,3.5],"texture":"#8"}}},{"from":[1,14,8],"to":[15,16,15],"faces":{"north":{"uv":[3.5,8,7,8.5],"texture":"#8"},"east":{"uv":[10.25,9.75,12,10.25],"texture":"#8"},"south":{"uv":[3.5,8.5,7,9],"texture":"#8"},"west":{"uv":[0,10.5,1.75,11],"texture":"#8"},"up":{"uv":[11,5.25,7.5,3.5],"texture":"#8"},"down":{"uv":[11,5.25,7.5,7],"texture":"#8"}}},{"from":[1,7,8],"to":[15,8,15],"faces":{"north":{"uv":[1.75,10.5,5.25,10.75],"texture":"#8"},"east":{"uv":[9,10.75,10.75,11],"texture":"#8"},"south":{"uv":[9,10.5,12.5,10.75],"texture":"#8"},"west":{"uv":[10.75,10.75,12.5,11],"texture":"#8"},"up":{"uv":[11,8.75,7.5,7],"texture":"#8"},"down":{"uv":[3.5,8,0,9.75],"texture":"#8"}}},{"from":[9,1.4,9],"to":[10,1.8,10],"faces":{"north":{"uv":[13.25,10.5,13.5,10.75],"texture":"#8"},"east":{"uv":[13.25,10.75,13.5,11],"texture":"#8"},"south":{"uv":[11,13.25,11.25,13.5],"texture":"#8"},"west":{"uv":[13.25,11,13.5,11.25],"texture":"#8"},"up":{"uv":[11.75,13.5,11.5,13.25],"texture":"#8"},"down":{"uv":[12,13.25,11.75,13.5],"texture":"#8"}}},{"from":[9,1,10],"to":[14,1.4,13],"faces":{"north":{"uv":[11,8.75,12.25,9],"texture":"#8"},"east":{"uv":[6.75,11.5,7.5,11.75],"texture":"#8"},"south":{"uv":[11.5,3.25,12.75,3.5],"texture":"#8"},"west":{"uv":[11.5,7,12.25,7.25],"texture":"#8"},"up":{"uv":[10.25,10.25,9,9.5],"texture":"#8"},"down":{"uv":[1.25,9.75,0,10.5],"texture":"#8"}}},{"from":[10,1,13],"to":[13,1.4,14],"faces":{"north":{"uv":[11.5,7.25,12.25,7.5],"texture":"#8"},"east":{"uv":[13.25,11.75,13.5,12],"texture":"#8"},"south":{"uv":[11.5,7.5,12.25,7.75],"texture":"#8"},"west":{"uv":[12,13.25,12.25,13.5],"texture":"#8"},"up":{"uv":[12.25,8,11.5,7.75],"texture":"#8"},"down":{"uv":[12.25,8,11.5,8.25],"texture":"#8"}}},{"from":[10,1,9],"to":[13,1.4,10],"faces":{"north":{"uv":[9,11.5,9.75,11.75],"texture":"#8"},"east":{"uv":[13.25,12,13.5,12.25],"texture":"#8"},"south":{"uv":[11.5,9,12.25,9.25],"texture":"#8"},"west":{"uv":[12.25,13.25,12.5,13.5],"texture":"#8"},"up":{"uv":[11.5,11.75,10.75,11.5],"texture":"#8"},"down":{"uv":[12.25,11,11.5,11.25],"texture":"#8"}}},{"from":[10,1.4,8],"to":[13,1.8,9],"faces":{"north":{"uv":[11.5,11.25,12.25,11.5],"texture":"#8"},"east":{"uv":[13.25,12.25,13.5,12.5],"texture":"#8"},"south":{"uv":[11.5,11.5,12.25,11.75],"texture":"#8"},"west":{"uv":[12.5,13.25,12.75,13.5],"texture":"#8"},"up":{"uv":[0.75,12,0,11.75],"texture":"#8"},"down":{"uv":[1.5,11.75,0.75,12],"texture":"#8"}}},{"from":[14,1.4,10],"to":[15,1.8,13],"faces":{"north":{"uv":[12.75,13.25,13,13.5],"texture":"#8"},"east":{"uv":[1.5,11.75,2.25,12],"texture":"#8"},"south":{"uv":[13.25,13,13.5,13.25],"texture":"#8"},"west":{"uv":[2.25,11.75,3,12],"texture":"#8"},"up":{"uv":[7.5,10.5,7.25,9.75],"texture":"#8"},"down":{"uv":[7.5,10.5,7.25,11.25],"texture":"#8"}}},{"from":[10,1.4,14],"to":[13,1.8,15],"faces":{"north":{"uv":[3,11.75,3.75,12],"texture":"#8"},"east":{"uv":[13.25,13.25,13.5,13.5],"texture":"#8"},"south":{"uv":[3.75,11.75,4.5,12],"texture":"#8"},"west":{"uv":[0,13.5,0.25,13.75],"texture":"#8"},"up":{"uv":[5.25,12,4.5,11.75],"texture":"#8"},"down":{"uv":[7.5,11.75,6.75,12],"texture":"#8"}}},{"from":[8,1.4,10],"to":[9,1.8,13],"faces":{"north":{"uv":[0.25,13.5,0.5,13.75],"texture":"#8"},"east":{"uv":[11.75,8.25,12.5,8.5],"texture":"#8"},"south":{"uv":[13.5,0.25,13.75,0.5],"texture":"#8"},"west":{"uv":[11.75,8.5,12.5,8.75],"texture":"#8"},"up":{"uv":[5.5,12.5,5.25,11.75],"texture":"#8"},"down":{"uv":[5.75,11.75,5.5,12.5],"texture":"#8"}}},{"from":[9,1.4,13],"to":[10,1.8,14],"faces":{"north":{"uv":[13.5,0.5,13.75,0.75],"texture":"#8"},"east":{"uv":[0.75,13.5,1,13.75],"texture":"#8"},"south":{"uv":[13.5,0.75,13.75,1],"texture":"#8"},"west":{"uv":[1,13.5,1.25,13.75],"texture":"#8"},"up":{"uv":[13.75,1.25,13.5,1],"texture":"#8"},"down":{"uv":[1.5,13.5,1.25,13.75],"texture":"#8"}}},{"from":[13,1.4,13],"to":[14,1.8,14],"faces":{"north":{"uv":[13.5,1.25,13.75,1.5],"texture":"#8"},"east":{"uv":[13.5,1.5,13.75,1.75],"texture":"#8"},"south":{"uv":[1.75,13.5,2,13.75],"texture":"#8"},"west":{"uv":[2,13.5,2.25,13.75],"texture":"#8"},"up":{"uv":[2.5,13.75,2.25,13.5],"texture":"#8"},"down":{"uv":[2.75,13.5,2.5,13.75],"texture":"#8"}}},{"from":[13,1.4,9],"to":[14,1.8,10],"faces":{"north":{"uv":[3,13.5,3.25,13.75],"texture":"#8"},"east":{"uv":[13.5,3,13.75,3.25],"texture":"#8"},"south":{"uv":[3.25,13.5,3.5,13.75],"texture":"#8"},"west":{"uv":[13.5,3.25,13.75,3.5],"texture":"#8"},"up":{"uv":[3.75,13.75,3.5,13.5],"texture":"#8"},"down":{"uv":[13.75,3.5,13.5,3.75],"texture":"#8"}}},{"from":[9,2.4,9],"to":[10,2.8,10],"faces":{"north":{"uv":[3.75,13.5,4,13.75],"texture":"#8"},"east":{"uv":[13.5,3.75,13.75,4],"texture":"#8"},"south":{"uv":[4,13.5,4.25,13.75],"texture":"#8"},"west":{"uv":[13.5,4,13.75,4.25],"texture":"#8"},"up":{"uv":[4.5,13.75,4.25,13.5],"texture":"#8"},"down":{"uv":[14,4.25,13.75,4.5],"texture":"#8"}}},{"from":[9,2,10],"to":[14,2.4,13],"faces":{"north":{"uv":[11.5,3.5,12.75,3.75],"texture":"#8"},"east":{"uv":[9,11.75,9.75,12],"texture":"#8"},"south":{"uv":[11.5,3.75,12.75,4],"texture":"#8"},"west":{"uv":[9.75,11.75,10.5,12],"texture":"#8"},"up":{"uv":[2.5,10.5,1.25,9.75],"texture":"#8"},"down":{"uv":[3.75,9.75,2.5,10.5],"texture":"#8"}}},{"from":[10,2,13],"to":[13,2.4,14],"faces":{"north":{"uv":[10.5,11.75,11.25,12],"texture":"#8"},"east":{"uv":[4.5,13.5,4.75,13.75],"texture":"#8"},"south":{"uv":[11.25,11.75,12,12],"texture":"#8"},"west":{"uv":[4.75,13.5,5,13.75],"texture":"#8"},"up":{"uv":[0.75,12.25,0,12],"texture":"#8"},"down":{"uv":[12.75,0,12,0.25],"texture":"#8"}}},{"from":[10,2,9],"to":[13,2.4,10],"faces":{"north":{"uv":[12,0.25,12.75,0.5],"texture":"#8"},"east":{"uv":[5,13.5,5.25,13.75],"texture":"#8"},"south":{"uv":[12,0.5,12.75,0.75],"texture":"#8"},"west":{"uv":[5.25,13.5,5.5,13.75],"texture":"#8"},"up":{"uv":[1.5,12.25,0.75,12],"texture":"#8"},"down":{"uv":[2.25,12,1.5,12.25],"texture":"#8"}}},{"from":[10,2.4,8],"to":[13,2.8,9],"faces":{"north":{"uv":[12,1.75,12.75,2],"texture":"#8"},"east":{"uv":[5.5,13.5,5.75,13.75],"texture":"#8"},"south":{"uv":[12,2,12.75,2.25],"texture":"#8"},"west":{"uv":[13.5,5.5,13.75,5.75],"texture":"#8"},"up":{"uv":[3,12.25,2.25,12],"texture":"#8"},"down":{"uv":[12.75,2.25,12,2.5],"texture":"#8"}}},{"from":[14,2.4,10],"to":[15,2.8,13],"faces":{"north":{"uv":[5.75,13.5,6,13.75],"texture":"#8"},"east":{"uv":[12,2.5,12.75,2.75],"texture":"#8"},"south":{"uv":[13.5,5.75,13.75,6],"texture":"#8"},"west":{"uv":[12,2.75,12.75,3],"texture":"#8"},"up":{"uv":[3.25,12.75,3,12],"texture":"#8"},"down":{"uv":[5.25,12,5,12.75],"texture":"#8"}}},{"from":[10,2.4,14],"to":[13,2.8,15],"faces":{"north":{"uv":[12,3,12.75,3.25],"texture":"#8"},"east":{"uv":[6.25,13.5,6.5,13.75],"texture":"#8"},"south":{"uv":[3.5,12,4.25,12.25],"texture":"#8"},"west":{"uv":[6.5,13.5,6.75,13.75],"texture":"#8"},"up":{"uv":[5,12.25,4.25,12],"texture":"#8"},"down":{"uv":[14.5,4.5,13.75,4.75],"texture":"#8"}}},{"from":[8,2.4,10],"to":[9,2.8,13],"faces":{"north":{"uv":[6.75,13.5,7,13.75],"texture":"#8"},"east":{"uv":[12,4.75,12.75,5],"texture":"#8"},"south":{"uv":[7,13.5,7.25,13.75],"texture":"#8"},"west":{"uv":[12,5,12.75,5.25],"texture":"#8"},"up":{"uv":[5.25,12.75,5,12],"texture":"#8"},"down":{"uv":[14,5.25,13.75,6],"texture":"#8"}}},{"from":[9,2.4,13],"to":[10,2.8,14],"faces":{"north":{"uv":[13.5,7,13.75,7.25],"texture":"#8"},"east":{"uv":[7.25,13.5,7.5,13.75],"texture":"#8"},"south":{"uv":[7.5,13.5,7.75,13.75],"texture":"#8"},"west":{"uv":[13.5,7.75,13.75,8],"texture":"#8"},"up":{"uv":[8.25,13.75,8,13.5],"texture":"#8"},"down":{"uv":[13.75,8,13.5,8.25],"texture":"#8"}}},{"from":[13,2.4,13],"to":[14,2.8,14],"faces":{"north":{"uv":[8.25,13.5,8.5,13.75],"texture":"#8"},"east":{"uv":[8.5,13.5,8.75,13.75],"texture":"#8"},"south":{"uv":[13.5,8.5,13.75,8.75],"texture":"#8"},"west":{"uv":[8.75,13.5,9,13.75],"texture":"#8"},"up":{"uv":[13.75,9,13.5,8.75],"texture":"#8"},"down":{"uv":[9.5,13.5,9.25,13.75],"texture":"#8"}}},{"from":[13,2.4,9],"to":[14,2.8,10],"faces":{"north":{"uv":[9.25,13.5,9.5,13.75],"texture":"#8"},"east":{"uv":[9.5,13.5,9.75,13.75],"texture":"#8"},"south":{"uv":[13.5,9.75,13.75,10],"texture":"#8"},"west":{"uv":[10,13.5,10.25,13.75],"texture":"#8"},"up":{"uv":[13.75,10.25,13.5,10],"texture":"#8"},"down":{"uv":[10.75,13.5,10.5,13.75],"texture":"#8"}}},{"from":[9,3.4,9],"to":[10,3.8,10],"faces":{"north":{"uv":[10.5,13.5,10.75,13.75],"texture":"#8"},"east":{"uv":[13.5,10.5,13.75,10.75],"texture":"#8"},"south":{"uv":[10.75,13.5,11,13.75],"texture":"#8"},"west":{"uv":[13.5,10.75,13.75,11],"texture":"#8"},"up":{"uv":[11.25,13.75,11,13.5],"texture":"#8"},"down":{"uv":[13.5,11,13.25,11.25],"texture":"#8"}}},{"from":[9,3,10],"to":[14,3.4,13],"faces":{"north":{"uv":[11.5,4,12.75,4.25],"texture":"#8"},"east":{"uv":[5.75,12,6.5,12.25],"texture":"#8"},"south":{"uv":[11.5,4.25,12.75,4.5],"texture":"#8"},"west":{"uv":[12,6,12.75,6.25],"texture":"#8"},"up":{"uv":[5,10.5,3.75,9.75],"texture":"#8"},"down":{"uv":[6.25,9.75,5,10.5],"texture":"#8"}}},{"from":[10,3,13],"to":[13,3.4,14],"faces":{"north":{"uv":[12,6.25,12.75,6.5],"texture":"#8"},"east":{"uv":[11.25,13.5,11.5,13.75],"texture":"#8"},"south":{"uv":[6.5,12,7.25,12.25],"texture":"#8"},"west":{"uv":[13.5,11.25,13.75,11.5],"texture":"#8"},"up":{"uv":[12.75,6.75,12,6.5],"texture":"#8"},"down":{"uv":[12.75,6.75,12,7],"texture":"#8"}}},{"from":[10,3,9],"to":[13,3.4,10],"faces":{"north":{"uv":[9,12,9.75,12.25],"texture":"#8"},"east":{"uv":[11.5,13.5,11.75,13.75],"texture":"#8"},"south":{"uv":[12,9.25,12.75,9.5],"texture":"#8"},"west":{"uv":[13.5,11.5,13.75,11.75],"texture":"#8"},"up":{"uv":[10.5,12.25,9.75,12],"texture":"#8"},"down":{"uv":[12.75,9.75,12,10],"texture":"#8"}}},{"from":[10,3.4,8],"to":[13,3.8,9],"faces":{"north":{"uv":[12,10,12.75,10.25],"texture":"#8"},"east":{"uv":[11.75,13.5,12,13.75],"texture":"#8"},"south":{"uv":[10.5,12,11.25,12.25],"texture":"#8"},"west":{"uv":[13.5,11.75,13.75,12],"texture":"#8"},"up":{"uv":[12,12.25,11.25,12],"texture":"#8"},"down":{"uv":[12.75,11.75,12,12],"texture":"#8"}}},{"from":[14,3.4,10],"to":[15,3.8,13],"faces":{"north":{"uv":[12,13.5,12.25,13.75],"texture":"#8"},"east":{"uv":[12,12,12.75,12.25],"texture":"#8"},"south":{"uv":[13.5,12,13.75,12.25],"texture":"#8"},"west":{"uv":[0,12.25,0.75,12.5],"texture":"#8"},"up":{"uv":[7.5,12.75,7.25,12],"texture":"#8"},"down":{"uv":[1.25,12,1,12.75],"texture":"#8"}}},{"from":[10,3.4,14],"to":[13,3.8,15],"faces":{"north":{"uv":[12.25,0.75,13,1],"texture":"#8"},"east":{"uv":[12.25,13.5,12.5,13.75],"texture":"#8"},"south":{"uv":[1,12.25,1.75,12.5],"texture":"#8"},"west":{"uv":[13.5,12.25,13.75,12.5],"texture":"#8"},"up":{"uv":[13,1.25,12.25,1],"texture":"#8"},"down":{"uv":[13,1.5,12.25,1.75],"texture":"#8"}}},{"from":[8,3.4,10],"to":[9,3.8,13],"faces":{"north":{"uv":[12.5,13.5,12.75,13.75],"texture":"#8"},"east":{"uv":[12.25,1.5,13,1.75],"texture":"#8"},"south":{"uv":[13.5,12.5,13.75,12.75],"texture":"#8"},"west":{"uv":[1.75,12.25,2.5,12.5],"texture":"#8"},"up":{"uv":[2.75,13,2.5,12.25],"texture":"#8"},"down":{"uv":[2.75,12.25,2.5,13],"texture":"#8"}}},{"from":[9,3.4,13],"to":[10,3.8,14],"faces":{"north":{"uv":[12.75,13.5,13,13.75],"texture":"#8"},"east":{"uv":[13.5,12.75,13.75,13],"texture":"#8"},"south":{"uv":[13,13.5,13.25,13.75],"texture":"#8"},"west":{"uv":[13.5,13,13.75,13.25],"texture":"#8"},"up":{"uv":[13.5,13.75,13.25,13.5],"texture":"#8"},"down":{"uv":[13.75,13.25,13.5,13.5],"texture":"#8"}}},{"from":[13,3.4,13],"to":[14,3.8,14],"faces":{"north":{"uv":[13.5,13.5,13.75,13.75],"texture":"#8"},"east":{"uv":[0,13.75,0.25,14],"texture":"#8"},"south":{"uv":[13.75,0,14,0.25],"texture":"#8"},"west":{"uv":[0.25,13.75,0.5,14],"texture":"#8"},"up":{"uv":[14,0.5,13.75,0.25],"texture":"#8"},"down":{"uv":[1,13.75,0.75,14],"texture":"#8"}}},{"from":[13,3.4,9],"to":[14,3.8,10],"faces":{"north":{"uv":[13.75,0.5,14,0.75],"texture":"#8"},"east":{"uv":[0.75,13.75,1,14],"texture":"#8"},"south":{"uv":[13.75,0.75,14,1],"texture":"#8"},"west":{"uv":[1,13.75,1.25,14],"texture":"#8"},"up":{"uv":[14,1.25,13.75,1],"texture":"#8"},"down":{"uv":[1.25,13.75,1,14],"texture":"#8"}}},{"from":[2,1,9],"to":[4,4,9.4],"faces":{"north":{"uv":[7,8,7.5,8.75],"texture":"#8"},"east":{"uv":[3.5,12.25,3.75,13],"texture":"#8"},"south":{"uv":[5.25,10.5,5.75,11.25],"texture":"#8"},"west":{"uv":[3.75,12.25,4,13],"texture":"#8"},"up":{"uv":[5.75,12.75,5.25,12.5],"texture":"#8"},"down":{"uv":[13,7,12.5,7.25],"texture":"#8"}}},{"from":[2,1,10.6],"to":[4,4,11],"faces":{"north":{"uv":[5.75,10.5,6.25,11.25],"texture":"#8"},"east":{"uv":[4,12.25,4.25,13],"texture":"#8"},"south":{"uv":[0,11,0.5,11.75],"texture":"#8"},"west":{"uv":[4.25,12.25,4.5,13],"texture":"#8"},"up":{"uv":[13,7.5,12.5,7.25],"texture":"#8"},"down":{"uv":[13,7.5,12.5,7.75],"texture":"#8"}}},{"from":[2,1,9],"to":[2.4,4,11],"faces":{"north":{"uv":[4.5,12.25,4.75,13],"texture":"#8"},"east":{"uv":[11,0,11.5,0.75],"texture":"#8"},"south":{"uv":[4.75,12.25,5,13],"texture":"#8"},"west":{"uv":[0.5,11,1,11.75],"texture":"#8"},"up":{"uv":[12.75,8.75,12.5,8.25],"texture":"#8"},"down":{"uv":[12.75,10.25,12.5,10.75],"texture":"#8"}}},{"from":[3.6,1,9],"to":[4,4,11],"faces":{"north":{"uv":[12.25,5.25,12.5,6],"texture":"#8"},"east":{"uv":[11,0.75,11.5,1.5],"texture":"#8"},"south":{"uv":[5.75,12.25,6,13],"texture":"#8"},"west":{"uv":[1,11,1.5,11.75],"texture":"#8"},"up":{"uv":[12.75,11.25,12.5,10.75],"texture":"#8"},"down":{"uv":[11.5,12.5,11.25,13],"texture":"#8"}}},{"from":[2,1,9],"to":[4,1.5,11],"faces":{"north":{"uv":[12.5,11.25,13,11.5],"texture":"#8"},"east":{"uv":[11.5,12.5,12,12.75],"texture":"#8"},"south":{"uv":[12.5,11.5,13,11.75],"texture":"#8"},"west":{"uv":[12,12.5,12.5,12.75],"texture":"#8"},"up":{"uv":[12,5,11.5,4.5],"texture":"#8"},"down":{"uv":[12,5,11.5,5.5],"texture":"#8"}}},{"from":[3,1,12],"to":[5,4,12.4],"faces":{"north":{"uv":[1.5,11,2,11.75],"texture":"#8"},"east":{"uv":[6,12.25,6.25,13],"texture":"#8"},"south":{"uv":[11,1.5,11.5,2.25],"texture":"#8"},"west":{"uv":[6.25,12.25,6.5,13],"texture":"#8"},"up":{"uv":[13,12.75,12.5,12.5],"texture":"#8"},"down":{"uv":[0.5,12.75,0,13],"texture":"#8"}}},{"from":[3,1,13.6],"to":[5,4,14],"faces":{"north":{"uv":[2,11,2.5,11.75],"texture":"#8"},"east":{"uv":[6.5,12.25,6.75,13],"texture":"#8"},"south":{"uv":[11,2.25,11.5,3],"texture":"#8"},"west":{"uv":[6.75,12.25,7,13],"texture":"#8"},"up":{"uv":[13.25,0.25,12.75,0],"texture":"#8"},"down":{"uv":[13.25,0.25,12.75,0.5],"texture":"#8"}}},{"from":[3,1,12],"to":[3.4,4,14],"faces":{"north":{"uv":[7,12.25,7.25,13],"texture":"#8"},"east":{"uv":[2.5,11,3,11.75],"texture":"#8"},"south":{"uv":[12.25,7,12.5,7.75],"texture":"#8"},"west":{"uv":[3,11,3.5,11.75],"texture":"#8"},"up":{"uv":[0.75,13.25,0.5,12.75],"texture":"#8"},"down":{"uv":[1.25,12.75,1,13.25],"texture":"#8"}}},{"from":[4.6,1,12],"to":[5,4,14],"faces":{"north":{"uv":[9,12.25,9.25,13],"texture":"#8"},"east":{"uv":[11,3,11.5,3.75],"texture":"#8"},"south":{"uv":[9.25,12.25,9.5,13],"texture":"#8"},"west":{"uv":[3.5,11,4,11.75],"texture":"#8"},"up":{"uv":[1.5,13.25,1.25,12.75],"texture":"#8"},"down":{"uv":[1.75,12.75,1.5,13.25],"texture":"#8"}}},{"from":[3,1,12],"to":[5,1.5,14],"faces":{"north":{"uv":[12.75,0.5,13.25,0.75],"texture":"#8"},"east":{"uv":[1.75,12.75,2.25,13],"texture":"#8"},"south":{"uv":[12.75,1.75,13.25,2],"texture":"#8"},"west":{"uv":[12.75,2,13.25,2.25],"texture":"#8"},"up":{"uv":[12,6,11.5,5.5],"texture":"#8"},"down":{"uv":[12,6,11.5,6.5],"texture":"#8"}}},{"from":[5,1,10],"to":[7,4,10.4],"faces":{"north":{"uv":[11,3.75,11.5,4.5],"texture":"#8"},"east":{"uv":[9.5,12.25,9.75,13],"texture":"#8"},"south":{"uv":[4,11,4.5,11.75],"texture":"#8"},"west":{"uv":[9.75,12.25,10,13],"texture":"#8"},"up":{"uv":[13.25,2.5,12.75,2.25],"texture":"#8"},"down":{"uv":[13.25,2.5,12.75,2.75],"texture":"#8"}}},{"from":[5,1,11.6],"to":[7,4,12],"faces":{"north":{"uv":[4.5,11,5,11.75],"texture":"#8"},"east":{"uv":[10,12.25,10.25,13],"texture":"#8"},"south":{"uv":[11,4.5,11.5,5.25],"texture":"#8"},"west":{"uv":[10.25,12.25,10.5,13],"texture":"#8"},"up":{"uv":[13.25,3,12.75,2.75],"texture":"#8"},"down":{"uv":[3.5,12.75,3,13],"texture":"#8"}}},{"from":[5,1,10],"to":[5.4,4,12],"faces":{"north":{"uv":[10.5,12.25,10.75,13],"texture":"#8"},"east":{"uv":[11,5.25,11.5,6],"texture":"#8"},"south":{"uv":[10.75,12.25,11,13],"texture":"#8"},"west":{"uv":[11,6,11.5,6.75],"texture":"#8"},"up":{"uv":[2.5,13.25,2.25,12.75],"texture":"#8"},"down":{"uv":[13,3,12.75,3.5],"texture":"#8"}}},{"from":[6.6,1,10],"to":[7,4,12],"faces":{"north":{"uv":[11,12.25,11.25,13],"texture":"#8"},"east":{"uv":[11,6.75,11.5,7.5],"texture":"#8"},"south":{"uv":[12.25,11,12.5,11.75],"texture":"#8"},"west":{"uv":[11,7.5,11.5,8.25],"texture":"#8"},"up":{"uv":[13,4,12.75,3.5],"texture":"#8"},"down":{"uv":[13,4,12.75,4.5],"texture":"#8"}}},{"from":[5,1,10],"to":[7,1.5,12],"faces":{"north":{"uv":[12.75,4.5,13.25,4.75],"texture":"#8"},"east":{"uv":[12.75,4.75,13.25,5],"texture":"#8"},"south":{"uv":[5,12.75,5.5,13],"texture":"#8"},"west":{"uv":[12.75,5,13.25,5.25],"texture":"#8"},"up":{"uv":[6.75,12,6.25,11.5],"texture":"#8"},"down":{"uv":[12,6.5,11.5,7],"texture":"#8"}}},{"name":"BottomofBowl","from":[2.5,8,10],"to":[5.5,8.5,12],"faces":{"north":{"uv":[12.25,7.75,13,8],"texture":"#8"},"east":{"uv":[12.75,6,13.25,6.25],"texture":"#8"},"south":{"uv":[12.25,8,13,8.25],"texture":"#8"},"west":{"uv":[12.75,6.25,13.25,6.5],"texture":"#8"},"up":{"uv":[11.75,8.75,11,8.25],"texture":"#8"},"down":{"uv":[9.75,11,9,11.5],"texture":"#8"}}},{"name":"BottomofBowl","from":[3,8,9.5],"to":[5,8.5,12.5],"faces":{"north":{"uv":[12.75,6.5,13.25,6.75],"texture":"#8"},"east":{"uv":[12.25,8.75,13,9],"texture":"#8"},"south":{"uv":[12.75,6.75,13.25,7],"texture":"#8"},"west":{"uv":[12.25,9,13,9.25],"texture":"#8"},"up":{"uv":[10.25,11.75,9.75,11],"texture":"#8"},"down":{"uv":[10.75,11,10.25,11.75],"texture":"#8"}}},{"from":[3,9,8.5],"to":[5,10,9],"faces":{"north":{"uv":[12.75,8.25,13.25,8.5],"texture":"#8"},"east":{"uv":[13.75,1.25,14,1.5],"texture":"#8"},"south":{"uv":[12.75,8.5,13.25,8.75],"texture":"#8"},"west":{"uv":[1.5,13.75,1.75,14],"texture":"#8"},"up":{"uv":[13.25,9.5,12.75,9.25],"texture":"#8"},"down":{"uv":[13.25,9.75,12.75,10],"texture":"#8"}}},{"from":[1.5,9,10],"to":[2,10,12],"faces":{"north":{"uv":[13.75,1.5,14,1.75],"texture":"#8"},"east":{"uv":[12.75,10,13.25,10.25],"texture":"#8"},"south":{"uv":[1.75,13.75,2,14],"texture":"#8"},"west":{"uv":[12.75,10.25,13.25,10.5],"texture":"#8"},"up":{"uv":[5.75,13.25,5.5,12.75],"texture":"#8"},"down":{"uv":[7.5,12.75,7.25,13.25],"texture":"#8"}}},{"from":[6,9,10],"to":[6.5,10,12],"faces":{"north":{"uv":[13.75,1.75,14,2],"texture":"#8"},"east":{"uv":[12.75,10.5,13.25,10.75],"texture":"#8"},"south":{"uv":[2,13.75,2.25,14],"texture":"#8"},"west":{"uv":[12.75,10.75,13.25,11],"texture":"#8"},"up":{"uv":[11.75,13.25,11.5,12.75],"texture":"#8"},"down":{"uv":[12,12.75,11.75,13.25],"texture":"#8"}}},{"from":[3,9,13],"to":[5,10,13.5],"faces":{"north":{"uv":[12.75,11,13.25,11.25],"texture":"#8"},"east":{"uv":[13.75,2,14,2.25],"texture":"#8"},"south":{"uv":[12.75,11.75,13.25,12],"texture":"#8"},"west":{"uv":[2.25,13.75,2.5,14],"texture":"#8"},"up":{"uv":[12.5,13,12,12.75],"texture":"#8"},"down":{"uv":[13.25,12,12.75,12.25],"texture":"#8"}}},{"from":[5,9,9],"to":[6,10,9.5],"faces":{"north":{"uv":[13.75,2.25,14,2.5],"texture":"#8"},"east":{"uv":[2.5,13.75,2.75,14],"texture":"#8"},"south":{"uv":[13.75,2.5,14,2.75],"texture":"#8"},"west":{"uv":[2.75,13.75,3,14],"texture":"#8"},"up":{"uv":[14,3,13.75,2.75],"texture":"#8"},"down":{"uv":[3.25,13.75,3,14],"texture":"#8"}}},{"from":[2,9,9],"to":[3,10,9.5],"faces":{"north":{"uv":[13.75,3,14,3.25],"texture":"#8"},"east":{"uv":[3.25,13.75,3.5,14],"texture":"#8"},"south":{"uv":[13.75,3.25,14,3.5],"texture":"#8"},"west":{"uv":[3.5,13.75,3.75,14],"texture":"#8"},"up":{"uv":[14,3.75,13.75,3.5],"texture":"#8"},"down":{"uv":[4,13.75,3.75,14],"texture":"#8"}}},{"from":[2,9,12.5],"to":[3,10,13],"faces":{"north":{"uv":[13.75,3.75,14,4],"texture":"#8"},"east":{"uv":[4,13.75,4.25,14],"texture":"#8"},"south":{"uv":[13.75,4,14,4.25],"texture":"#8"},"west":{"uv":[4.25,13.75,4.5,14],"texture":"#8"},"up":{"uv":[14,4.5,13.75,4.25],"texture":"#8"},"down":{"uv":[4.75,13.75,4.5,14],"texture":"#8"}}},{"from":[5,9,12.5],"to":[6,10,13],"faces":{"north":{"uv":[13.75,4.5,14,4.75],"texture":"#8"},"east":{"uv":[4.75,13.75,5,14],"texture":"#8"},"south":{"uv":[13.75,4.75,14,5],"texture":"#8"},"west":{"uv":[5,13.75,5.25,14],"texture":"#8"},"up":{"uv":[14,5.25,13.75,5],"texture":"#8"},"down":{"uv":[5.5,13.75,5.25,14],"texture":"#8"}}},{"from":[2,9,12],"to":[2.5,10,13],"faces":{"north":{"uv":[13.75,5.25,14,5.5],"texture":"#8"},"east":{"uv":[5.5,13.75,5.75,14],"texture":"#8"},"south":{"uv":[13.75,5.5,14,5.75],"texture":"#8"},"west":{"uv":[5.75,13.75,6,14],"texture":"#8"},"up":{"uv":[14,6,13.75,5.75],"texture":"#8"},"down":{"uv":[6.25,13.75,6,14],"texture":"#8"}}},{"from":[5.5,9,12],"to":[6,10,13],"faces":{"north":{"uv":[13.75,6,14,6.25],"texture":"#8"},"east":{"uv":[6.25,13.75,6.5,14],"texture":"#8"},"south":{"uv":[13.75,6.25,14,6.5],"texture":"#8"},"west":{"uv":[6.5,13.75,6.75,14],"texture":"#8"},"up":{"uv":[14,6.75,13.75,6.5],"texture":"#8"},"down":{"uv":[7,13.75,6.75,14],"texture":"#8"}}},{"from":[5.5,9,9],"to":[6,10,10],"faces":{"north":{"uv":[13.75,6.75,14,7],"texture":"#8"},"east":{"uv":[7,13.75,7.25,14],"texture":"#8"},"south":{"uv":[13.75,7,14,7.25],"texture":"#8"},"west":{"uv":[7.25,13.75,7.5,14],"texture":"#8"},"up":{"uv":[14,7.5,13.75,7.25],"texture":"#8"},"down":{"uv":[7.75,13.75,7.5,14],"texture":"#8"}}},{"from":[2,9,9],"to":[2.5,10,10],"faces":{"north":{"uv":[13.75,7.5,14,7.75],"texture":"#8"},"east":{"uv":[7.75,13.75,8,14],"texture":"#8"},"south":{"uv":[13.75,7.75,14,8],"texture":"#8"},"west":{"uv":[8,13.75,8.25,14],"texture":"#8"},"up":{"uv":[14,8.25,13.75,8],"texture":"#8"},"down":{"uv":[8.5,13.75,8.25,14],"texture":"#8"}}},{"from":[3,8,9],"to":[5,9,9.5],"faces":{"north":{"uv":[12.75,12.25,13.25,12.5],"texture":"#8"},"east":{"uv":[13.75,8.25,14,8.5],"texture":"#8"},"south":{"uv":[12.5,12.75,13,13],"texture":"#8"},"west":{"uv":[8.5,13.75,8.75,14],"texture":"#8"},"up":{"uv":[0.5,13.25,0,13],"texture":"#8"},"down":{"uv":[13.5,0.75,13,1],"texture":"#8"}}},{"from":[2,8,10],"to":[2.5,9,12],"faces":{"north":{"uv":[13.75,8.5,14,8.75],"texture":"#8"},"east":{"uv":[13,1,13.5,1.25],"texture":"#8"},"south":{"uv":[8.75,13.75,9,14],"texture":"#8"},"west":{"uv":[13,1.25,13.5,1.5],"texture":"#8"},"up":{"uv":[1,13.5,0.75,13],"texture":"#8"},"down":{"uv":[2,13,1.75,13.5],"texture":"#8"}}},{"from":[5.5,8,10],"to":[6,9,12],"faces":{"north":{"uv":[13.75,8.75,14,9],"texture":"#8"},"east":{"uv":[13,1.5,13.5,1.75],"texture":"#8"},"south":{"uv":[9,13.75,9.25,14],"texture":"#8"},"west":{"uv":[2.5,13,3,13.25],"texture":"#8"},"up":{"uv":[2.25,13.5,2,13],"texture":"#8"},"down":{"uv":[3.25,13,3,13.5],"texture":"#8"}}},{"from":[3,8,12.5],"to":[5,9,13],"faces":{"north":{"uv":[13,3,13.5,3.25],"texture":"#8"},"east":{"uv":[13.75,9,14,9.25],"texture":"#8"},"south":{"uv":[3.25,13,3.75,13.25],"texture":"#8"},"west":{"uv":[9.25,13.75,9.5,14],"texture":"#8"},"up":{"uv":[13.5,3.5,13,3.25],"texture":"#8"},"down":{"uv":[13.5,3.5,13,3.75],"texture":"#8"}}},{"from":[5,8,9.5],"to":[5.5,9,10],"faces":{"north":{"uv":[13.75,9.25,14,9.5],"texture":"#8"},"east":{"uv":[9.5,13.75,9.75,14],"texture":"#8"},"south":{"uv":[13.75,9.5,14,9.75],"texture":"#8"},"west":{"uv":[9.75,13.75,10,14],"texture":"#8"},"up":{"uv":[14,10,13.75,9.75],"texture":"#8"},"down":{"uv":[10.25,13.75,10,14],"texture":"#8"}}},{"from":[2.5,8,9.5],"to":[3,9,10],"faces":{"north":{"uv":[13.75,10,14,10.25],"texture":"#8"},"east":{"uv":[10.25,13.75,10.5,14],"texture":"#8"},"south":{"uv":[13.75,10.25,14,10.5],"texture":"#8"},"west":{"uv":[10.5,13.75,10.75,14],"texture":"#8"},"up":{"uv":[14,10.75,13.75,10.5],"texture":"#8"},"down":{"uv":[11,13.75,10.75,14],"texture":"#8"}}},{"from":[2.5,8,12],"to":[3,9,12.5],"faces":{"north":{"uv":[13.75,10.75,14,11],"texture":"#8"},"east":{"uv":[11,13.75,11.25,14],"texture":"#8"},"south":{"uv":[13.75,11,14,11.25],"texture":"#8"},"west":{"uv":[11.25,13.75,11.5,14],"texture":"#8"},"up":{"uv":[14,11.5,13.75,11.25],"texture":"#8"},"down":{"uv":[11.75,13.75,11.5,14],"texture":"#8"}}},{"from":[5,8,12],"to":[5.5,9,12.5],"faces":{"north":{"uv":[13.75,11.5,14,11.75],"texture":"#8"},"east":{"uv":[11.75,13.75,12,14],"texture":"#8"},"south":{"uv":[13.75,11.75,14,12],"texture":"#8"},"west":{"uv":[12,13.75,12.25,14],"texture":"#8"},"up":{"uv":[14,12.25,13.75,12],"texture":"#8"},"down":{"uv":[12.5,13.75,12.25,14],"texture":"#8"}}},{"from":[3.5,8.5,8.5],"to":[4.5,9,9],"faces":{"north":{"uv":[13.75,12.25,14,12.5],"texture":"#8"},"east":{"uv":[12.5,13.75,12.75,14],"texture":"#8"},"south":{"uv":[13.75,12.5,14,12.75],"texture":"#8"},"west":{"uv":[12.75,13.75,13,14],"texture":"#8"},"up":{"uv":[14,13,13.75,12.75],"texture":"#8"},"down":{"uv":[13.25,13.75,13,14],"texture":"#8"}}},{"from":[6,8.5,10.5],"to":[6.5,9,11.5],"faces":{"north":{"uv":[13.75,13,14,13.25],"texture":"#8"},"east":{"uv":[13.25,13.75,13.5,14],"texture":"#8"},"south":{"uv":[13.75,13.25,14,13.5],"texture":"#8"},"west":{"uv":[13.5,13.75,13.75,14],"texture":"#8"},"up":{"uv":[14,13.75,13.75,13.5],"texture":"#8"},"down":{"uv":[14,13.75,13.75,14],"texture":"#8"}}},{"from":[3.5,8.5,13],"to":[4.5,9,13.5],"faces":{"north":{"uv":[0,14,0.25,14.25],"texture":"#8"},"east":{"uv":[14,0,14.25,0.25],"texture":"#8"},"south":{"uv":[0.25,14,0.5,14.25],"texture":"#8"},"west":{"uv":[14,0.25,14.25,0.5],"texture":"#8"},"up":{"uv":[0.75,14.25,0.5,14],"texture":"#8"},"down":{"uv":[14.25,0.5,14,0.75],"texture":"#8"}}},{"from":[1.5,8.5,10.5],"to":[2,9,11.5],"faces":{"north":{"uv":[0.75,14,1,14.25],"texture":"#8"},"east":{"uv":[14,0.75,14.25,1],"texture":"#8"},"south":{"uv":[1,14,1.25,14.25],"texture":"#8"},"west":{"uv":[14,1,14.25,1.25],"texture":"#8"},"up":{"uv":[1.5,14.25,1.25,14],"texture":"#8"},"down":{"uv":[14.25,1.25,14,1.5],"texture":"#8"}}},{"from":[2,8.5,9.5],"to":[2.5,9,10],"faces":{"north":{"uv":[1.5,14,1.75,14.25],"texture":"#8"},"east":{"uv":[14,1.5,14.25,1.75],"texture":"#8"},"south":{"uv":[1.75,14,2,14.25],"texture":"#8"},"west":{"uv":[14,1.75,14.25,2],"texture":"#8"},"up":{"uv":[2.25,14.25,2,14],"texture":"#8"},"down":{"uv":[14.25,2,14,2.25],"texture":"#8"}}},{"from":[2.5,8.5,9],"to":[3,9,9.5],"faces":{"north":{"uv":[2.25,14,2.5,14.25],"texture":"#8"},"east":{"uv":[14,2.25,14.25,2.5],"texture":"#8"},"south":{"uv":[2.5,14,2.75,14.25],"texture":"#8"},"west":{"uv":[14,2.5,14.25,2.75],"texture":"#8"},"up":{"uv":[3,14.25,2.75,14],"texture":"#8"},"down":{"uv":[14.25,2.75,14,3],"texture":"#8"}}},{"from":[5.5,8.5,9.5],"to":[6,9,10],"faces":{"north":{"uv":[3,14,3.25,14.25],"texture":"#8"},"east":{"uv":[14,3,14.25,3.25],"texture":"#8"},"south":{"uv":[3.25,14,3.5,14.25],"texture":"#8"},"west":{"uv":[14,3.25,14.25,3.5],"texture":"#8"},"up":{"uv":[3.75,14.25,3.5,14],"texture":"#8"},"down":{"uv":[14.25,3.5,14,3.75],"texture":"#8"}}},{"from":[5,8.5,9],"to":[5.5,9,9.5],"faces":{"north":{"uv":[3.75,14,4,14.25],"texture":"#8"},"east":{"uv":[14,3.75,14.25,4],"texture":"#8"},"south":{"uv":[4,14,4.25,14.25],"texture":"#8"},"west":{"uv":[14,4,14.25,4.25],"texture":"#8"},"up":{"uv":[4.5,14.25,4.25,14],"texture":"#8"},"down":{"uv":[14.25,4.25,14,4.5],"texture":"#8"}}},{"from":[5,8.5,12.5],"to":[5.5,9,13],"faces":{"north":{"uv":[4.5,14,4.75,14.25],"texture":"#8"},"east":{"uv":[14,4.5,14.25,4.75],"texture":"#8"},"south":{"uv":[4.75,14,5,14.25],"texture":"#8"},"west":{"uv":[14,4.75,14.25,5],"texture":"#8"},"up":{"uv":[5.25,14.25,5,14],"texture":"#8"},"down":{"uv":[14.25,5,14,5.25],"texture":"#8"}}},{"from":[5.5,8.5,12],"to":[6,9,12.5],"faces":{"north":{"uv":[5.25,14,5.5,14.25],"texture":"#8"},"east":{"uv":[14,5.25,14.25,5.5],"texture":"#8"},"south":{"uv":[5.5,14,5.75,14.25],"texture":"#8"},"west":{"uv":[14,5.5,14.25,5.75],"texture":"#8"},"up":{"uv":[6,14.25,5.75,14],"texture":"#8"},"down":{"uv":[14.25,5.75,14,6],"texture":"#8"}}},{"from":[2,8.5,12],"to":[2.5,9,12.5],"faces":{"north":{"uv":[6,14,6.25,14.25],"texture":"#8"},"east":{"uv":[14,6,14.25,6.25],"texture":"#8"},"south":{"uv":[6.25,14,6.5,14.25],"texture":"#8"},"west":{"uv":[14,6.25,14.25,6.5],"texture":"#8"},"up":{"uv":[6.75,14.25,6.5,14],"texture":"#8"},"down":{"uv":[14.25,6.5,14,6.75],"texture":"#8"}}},{"from":[2.5,8.5,12.5],"to":[3,9,13],"faces":{"north":{"uv":[6.75,14,7,14.25],"texture":"#8"},"east":{"uv":[14,6.75,14.25,7],"texture":"#8"},"south":{"uv":[7,14,7.25,14.25],"texture":"#8"},"west":{"uv":[14,7,14.25,7.25],"texture":"#8"},"up":{"uv":[7.5,14.25,7.25,14],"texture":"#8"},"down":{"uv":[14.25,7.25,14,7.5],"texture":"#8"}}},{"name":"BottomofBowl","from":[2.5,10,10],"to":[5.5,10.5,12],"faces":{"north":{"uv":[11.25,12.25,12,12.5],"texture":"#8"},"east":{"uv":[3.75,13,4.25,13.25],"texture":"#8"},"south":{"uv":[12,12.25,12.75,12.5],"texture":"#8"},"west":{"uv":[13,3.75,13.5,4],"texture":"#8"},"up":{"uv":[11.5,11.5,10.75,11],"texture":"#8"},"down":{"uv":[5.75,11.25,5,11.75],"texture":"#8"}}},{"name":"BottomofBowl","from":[3,10,9.5],"to":[5,10.5,12.5],"faces":{"north":{"uv":[13,4,13.5,4.25],"texture":"#8"},"east":{"uv":[0,12.5,0.75,12.75],"texture":"#8"},"south":{"uv":[4.25,13,4.75,13.25],"texture":"#8"},"west":{"uv":[1,12.5,1.75,12.75],"texture":"#8"},"up":{"uv":[6.25,12,5.75,11.25],"texture":"#8"},"down":{"uv":[12,0,11.5,0.75],"texture":"#8"}}},{"from":[3,11,8.5],"to":[5,12,9],"faces":{"north":{"uv":[13,4.25,13.5,4.5],"texture":"#8"},"east":{"uv":[7.5,14,7.75,14.25],"texture":"#8"},"south":{"uv":[4.75,13,5.25,13.25],"texture":"#8"},"west":{"uv":[14,7.5,14.25,7.75],"texture":"#8"},"up":{"uv":[6.25,13.25,5.75,13],"texture":"#8"},"down":{"uv":[6.75,13,6.25,13.25],"texture":"#8"}}},{"from":[1.5,11,10],"to":[2,12,12],"faces":{"north":{"uv":[7.75,14,8,14.25],"texture":"#8"},"east":{"uv":[6.75,13,7.25,13.25],"texture":"#8"},"south":{"uv":[14,7.75,14.25,8],"texture":"#8"},"west":{"uv":[13,7,13.5,7.25],"texture":"#8"},"up":{"uv":[5.5,13.5,5.25,13],"texture":"#8"},"down":{"uv":[13.25,7.25,13,7.75],"texture":"#8"}}},{"from":[6,11,10],"to":[6.5,12,12],"faces":{"north":{"uv":[8,14,8.25,14.25],"texture":"#8"},"east":{"uv":[13,7.75,13.5,8],"texture":"#8"},"south":{"uv":[14,8,14.25,8.25],"texture":"#8"},"west":{"uv":[13,8,13.5,8.25],"texture":"#8"},"up":{"uv":[13.25,9.25,13,8.75],"texture":"#8"},"down":{"uv":[9.25,13,9,13.5],"texture":"#8"}}},{"from":[3,11,13],"to":[5,12,13.5],"faces":{"north":{"uv":[9.25,13,9.75,13.25],"texture":"#8"},"east":{"uv":[8.25,14,8.5,14.25],"texture":"#8"},"south":{"uv":[9.75,13,10.25,13.25],"texture":"#8"},"west":{"uv":[14,8.25,14.25,8.5],"texture":"#8"},"up":{"uv":[10.75,13.25,10.25,13],"texture":"#8"},"down":{"uv":[11.25,13,10.75,13.25],"texture":"#8"}}},{"from":[5,11,9],"to":[6,12,9.5],"faces":{"north":{"uv":[8.5,14,8.75,14.25],"texture":"#8"},"east":{"uv":[14,8.5,14.25,8.75],"texture":"#8"},"south":{"uv":[8.75,14,9,14.25],"texture":"#8"},"west":{"uv":[14,8.75,14.25,9],"texture":"#8"},"up":{"uv":[9.25,14.25,9,14],"texture":"#8"},"down":{"uv":[14.25,9,14,9.25],"texture":"#8"}}},{"from":[2,11,9],"to":[3,12,9.5],"faces":{"north":{"uv":[9.25,14,9.5,14.25],"texture":"#8"},"east":{"uv":[14,9.25,14.25,9.5],"texture":"#8"},"south":{"uv":[9.5,14,9.75,14.25],"texture":"#8"},"west":{"uv":[14,9.5,14.25,9.75],"texture":"#8"},"up":{"uv":[10,14.25,9.75,14],"texture":"#8"},"down":{"uv":[14.25,9.75,14,10],"texture":"#8"}}},{"from":[2,11,12.5],"to":[3,12,13],"faces":{"north":{"uv":[10,14,10.25,14.25],"texture":"#8"},"east":{"uv":[14,10,14.25,10.25],"texture":"#8"},"south":{"uv":[10.25,14,10.5,14.25],"texture":"#8"},"west":{"uv":[14,10.25,14.25,10.5],"texture":"#8"},"up":{"uv":[10.75,14.25,10.5,14],"texture":"#8"},"down":{"uv":[14.25,10.5,14,10.75],"texture":"#8"}}},{"from":[5,11,12.5],"to":[6,12,13],"faces":{"north":{"uv":[10.75,14,11,14.25],"texture":"#8"},"east":{"uv":[14,10.75,14.25,11],"texture":"#8"},"south":{"uv":[11,14,11.25,14.25],"texture":"#8"},"west":{"uv":[14,11,14.25,11.25],"texture":"#8"},"up":{"uv":[11.5,14.25,11.25,14],"texture":"#8"},"down":{"uv":[14.25,11.25,14,11.5],"texture":"#8"}}},{"from":[2,11,12],"to":[2.5,12,13],"faces":{"north":{"uv":[11.5,14,11.75,14.25],"texture":"#8"},"east":{"uv":[14,11.5,14.25,11.75],"texture":"#8"},"south":{"uv":[11.75,14,12,14.25],"texture":"#8"},"west":{"uv":[14,11.75,14.25,12],"texture":"#8"},"up":{"uv":[12.25,14.25,12,14],"texture":"#8"},"down":{"uv":[14.25,12,14,12.25],"texture":"#8"}}},{"from":[5.5,11,12],"to":[6,12,13],"faces":{"north":{"uv":[12.25,14,12.5,14.25],"texture":"#8"},"east":{"uv":[14,12.25,14.25,12.5],"texture":"#8"},"south":{"uv":[12.5,14,12.75,14.25],"texture":"#8"},"west":{"uv":[14,12.5,14.25,12.75],"texture":"#8"},"up":{"uv":[13,14.25,12.75,14],"texture":"#8"},"down":{"uv":[14.25,12.75,14,13],"texture":"#8"}}},{"from":[5.5,11,9],"to":[6,12,10],"faces":{"north":{"uv":[13,14,13.25,14.25],"texture":"#8"},"east":{"uv":[14,13,14.25,13.25],"texture":"#8"},"south":{"uv":[13.25,14,13.5,14.25],"texture":"#8"},"west":{"uv":[14,13.25,14.25,13.5],"texture":"#8"},"up":{"uv":[13.75,14.25,13.5,14],"texture":"#8"},"down":{"uv":[14.25,13.5,14,13.75],"texture":"#8"}}},{"from":[2,11,9],"to":[2.5,12,10],"faces":{"north":{"uv":[13.75,14,14,14.25],"texture":"#8"},"east":{"uv":[14,13.75,14.25,14],"texture":"#8"},"south":{"uv":[14,14,14.25,14.25],"texture":"#8"},"west":{"uv":[0,14.25,0.25,14.5],"texture":"#8"},"up":{"uv":[14.5,0.25,14.25,0],"texture":"#8"},"down":{"uv":[0.5,14.25,0.25,14.5],"texture":"#8"}}},{"from":[3,10,9],"to":[5,11,9.5],"faces":{"north":{"uv":[13,11.25,13.5,11.5],"texture":"#8"},"east":{"uv":[14.25,0.25,14.5,0.5],"texture":"#8"},"south":{"uv":[13,11.5,13.5,11.75],"texture":"#8"},"west":{"uv":[0.5,14.25,0.75,14.5],"texture":"#8"},"up":{"uv":[12.5,13.25,12,13],"texture":"#8"},"down":{"uv":[13,13,12.5,13.25],"texture":"#8"}}},{"from":[2,10,10],"to":[2.5,11,12],"faces":{"north":{"uv":[14.25,0.5,14.5,0.75],"texture":"#8"},"east":{"uv":[13,12.5,13.5,12.75],"texture":"#8"},"south":{"uv":[0.75,14.25,1,14.5],"texture":"#8"},"west":{"uv":[13,12.75,13.5,13],"texture":"#8"},"up":{"uv":[11.5,13.5,11.25,13],"texture":"#8"},"down":{"uv":[13.25,13,13,13.5],"texture":"#8"}}},{"from":[5.5,10,10],"to":[6,11,12],"faces":{"north":{"uv":[14.25,0.75,14.5,1],"texture":"#8"},"east":{"uv":[0,13.25,0.5,13.5],"texture":"#8"},"south":{"uv":[1,14.25,1.25,14.5],"texture":"#8"},"west":{"uv":[13.25,0,13.75,0.25],"texture":"#8"},"up":{"uv":[13.5,0.75,13.25,0.25],"texture":"#8"},"down":{"uv":[0.75,13.25,0.5,13.75],"texture":"#8"}}},{"from":[3,10,12.5],"to":[5,11,13],"faces":{"north":{"uv":[1,13.25,1.5,13.5],"texture":"#8"},"east":{"uv":[14.25,1,14.5,1.25],"texture":"#8"},"south":{"uv":[13.25,1.75,13.75,2],"texture":"#8"},"west":{"uv":[1.25,14.25,1.5,14.5],"texture":"#8"},"up":{"uv":[13.75,2.25,13.25,2],"texture":"#8"},"down":{"uv":[2.75,13.25,2.25,13.5],"texture":"#8"}}},{"from":[5,10,9.5],"to":[5.5,11,10],"faces":{"north":{"uv":[14.25,1.25,14.5,1.5],"texture":"#8"},"east":{"uv":[1.5,14.25,1.75,14.5],"texture":"#8"},"south":{"uv":[14.25,1.5,14.5,1.75],"texture":"#8"},"west":{"uv":[1.75,14.25,2,14.5],"texture":"#8"},"up":{"uv":[14.5,2,14.25,1.75],"texture":"#8"},"down":{"uv":[2.25,14.25,2,14.5],"texture":"#8"}}},{"from":[2.5,10,9.5],"to":[3,11,10],"faces":{"north":{"uv":[14.25,2,14.5,2.25],"texture":"#8"},"east":{"uv":[2.25,14.25,2.5,14.5],"texture":"#8"},"south":{"uv":[14.25,2.25,14.5,2.5],"texture":"#8"},"west":{"uv":[2.5,14.25,2.75,14.5],"texture":"#8"},"up":{"uv":[14.5,2.75,14.25,2.5],"texture":"#8"},"down":{"uv":[3,14.25,2.75,14.5],"texture":"#8"}}},{"from":[2.5,10,12],"to":[3,11,12.5],"faces":{"north":{"uv":[14.25,2.75,14.5,3],"texture":"#8"},"east":{"uv":[3,14.25,3.25,14.5],"texture":"#8"},"south":{"uv":[14.25,3,14.5,3.25],"texture":"#8"},"west":{"uv":[3.25,14.25,3.5,14.5],"texture":"#8"},"up":{"uv":[14.5,3.5,14.25,3.25],"texture":"#8"},"down":{"uv":[3.75,14.25,3.5,14.5],"texture":"#8"}}},{"from":[5,10,12],"to":[5.5,11,12.5],"faces":{"north":{"uv":[14.25,3.5,14.5,3.75],"texture":"#8"},"east":{"uv":[3.75,14.25,4,14.5],"texture":"#8"},"south":{"uv":[14.25,3.75,14.5,4],"texture":"#8"},"west":{"uv":[4,14.25,4.25,14.5],"texture":"#8"},"up":{"uv":[14.5,4.25,14.25,4],"texture":"#8"},"down":{"uv":[4.5,14.25,4.25,14.5],"texture":"#8"}}},{"from":[3.5,10.5,8.5],"to":[4.5,11,9],"faces":{"north":{"uv":[14.25,4.25,14.5,4.5],"texture":"#8"},"east":{"uv":[4.5,14.25,4.75,14.5],"texture":"#8"},"south":{"uv":[14.25,4.5,14.5,4.75],"texture":"#8"},"west":{"uv":[4.75,14.25,5,14.5],"texture":"#8"},"up":{"uv":[14.5,5,14.25,4.75],"texture":"#8"},"down":{"uv":[5.25,14.25,5,14.5],"texture":"#8"}}},{"from":[6,10.5,10.5],"to":[6.5,11,11.5],"faces":{"north":{"uv":[14.25,5,14.5,5.25],"texture":"#8"},"east":{"uv":[5.25,14.25,5.5,14.5],"texture":"#8"},"south":{"uv":[14.25,5.25,14.5,5.5],"texture":"#8"},"west":{"uv":[5.5,14.25,5.75,14.5],"texture":"#8"},"up":{"uv":[14.5,5.75,14.25,5.5],"texture":"#8"},"down":{"uv":[6,14.25,5.75,14.5],"texture":"#8"}}},{"from":[3.5,10.5,13],"to":[4.5,11,13.5],"faces":{"north":{"uv":[14.25,5.75,14.5,6],"texture":"#8"},"east":{"uv":[6,14.25,6.25,14.5],"texture":"#8"},"south":{"uv":[14.25,6,14.5,6.25],"texture":"#8"},"west":{"uv":[6.25,14.25,6.5,14.5],"texture":"#8"},"up":{"uv":[14.5,6.5,14.25,6.25],"texture":"#8"},"down":{"uv":[6.75,14.25,6.5,14.5],"texture":"#8"}}},{"from":[1.5,10.5,10.5],"to":[2,11,11.5],"faces":{"north":{"uv":[14.25,6.5,14.5,6.75],"texture":"#8"},"east":{"uv":[6.75,14.25,7,14.5],"texture":"#8"},"south":{"uv":[14.25,6.75,14.5,7],"texture":"#8"},"west":{"uv":[7,14.25,7.25,14.5],"texture":"#8"},"up":{"uv":[14.5,7.25,14.25,7],"texture":"#8"},"down":{"uv":[7.5,14.25,7.25,14.5],"texture":"#8"}}},{"from":[2,10.5,9.5],"to":[2.5,11,10],"faces":{"north":{"uv":[14.25,7.25,14.5,7.5],"texture":"#8"},"east":{"uv":[7.5,14.25,7.75,14.5],"texture":"#8"},"south":{"uv":[14.25,7.5,14.5,7.75],"texture":"#8"},"west":{"uv":[7.75,14.25,8,14.5],"texture":"#8"},"up":{"uv":[14.5,8,14.25,7.75],"texture":"#8"},"down":{"uv":[8.25,14.25,8,14.5],"texture":"#8"}}},{"from":[2.5,10.5,9],"to":[3,11,9.5],"faces":{"north":{"uv":[14.25,8,14.5,8.25],"texture":"#8"},"east":{"uv":[8.25,14.25,8.5,14.5],"texture":"#8"},"south":{"uv":[14.25,8.25,14.5,8.5],"texture":"#8"},"west":{"uv":[8.5,14.25,8.75,14.5],"texture":"#8"},"up":{"uv":[14.5,8.75,14.25,8.5],"texture":"#8"},"down":{"uv":[9,14.25,8.75,14.5],"texture":"#8"}}},{"from":[5.5,10.5,9.5],"to":[6,11,10],"faces":{"north":{"uv":[14.25,8.75,14.5,9],"texture":"#8"},"east":{"uv":[9,14.25,9.25,14.5],"texture":"#8"},"south":{"uv":[14.25,9,14.5,9.25],"texture":"#8"},"west":{"uv":[9.25,14.25,9.5,14.5],"texture":"#8"},"up":{"uv":[14.5,9.5,14.25,9.25],"texture":"#8"},"down":{"uv":[9.75,14.25,9.5,14.5],"texture":"#8"}}},{"from":[5,10.5,9],"to":[5.5,11,9.5],"faces":{"north":{"uv":[14.25,9.5,14.5,9.75],"texture":"#8"},"east":{"uv":[9.75,14.25,10,14.5],"texture":"#8"},"south":{"uv":[14.25,9.75,14.5,10],"texture":"#8"},"west":{"uv":[10,14.25,10.25,14.5],"texture":"#8"},"up":{"uv":[14.5,10.25,14.25,10],"texture":"#8"},"down":{"uv":[10.5,14.25,10.25,14.5],"texture":"#8"}}},{"from":[5,10.5,12.5],"to":[5.5,11,13],"faces":{"north":{"uv":[14.25,10.25,14.5,10.5],"texture":"#8"},"east":{"uv":[10.5,14.25,10.75,14.5],"texture":"#8"},"south":{"uv":[14.25,10.5,14.5,10.75],"texture":"#8"},"west":{"uv":[10.75,14.25,11,14.5],"texture":"#8"},"up":{"uv":[14.5,11,14.25,10.75],"texture":"#8"},"down":{"uv":[11.25,14.25,11,14.5],"texture":"#8"}}},{"from":[5.5,10.5,12],"to":[6,11,12.5],"faces":{"north":{"uv":[14.25,11,14.5,11.25],"texture":"#8"},"east":{"uv":[11.25,14.25,11.5,14.5],"texture":"#8"},"south":{"uv":[14.25,11.25,14.5,11.5],"texture":"#8"},"west":{"uv":[11.5,14.25,11.75,14.5],"texture":"#8"},"up":{"uv":[14.5,11.75,14.25,11.5],"texture":"#8"},"down":{"uv":[12,14.25,11.75,14.5],"texture":"#8"}}},{"from":[2,10.5,12],"to":[2.5,11,12.5],"faces":{"north":{"uv":[14.25,11.75,14.5,12],"texture":"#8"},"east":{"uv":[12,14.25,12.25,14.5],"texture":"#8"},"south":{"uv":[14.25,12,14.5,12.25],"texture":"#8"},"west":{"uv":[12.25,14.25,12.5,14.5],"texture":"#8"},"up":{"uv":[14.5,12.5,14.25,12.25],"texture":"#8"},"down":{"uv":[12.75,14.25,12.5,14.5],"texture":"#8"}}},{"from":[2.5,10.5,12.5],"to":[3,11,13],"faces":{"north":{"uv":[14.25,12.5,14.5,12.75],"texture":"#8"},"east":{"uv":[12.75,14.25,13,14.5],"texture":"#8"},"south":{"uv":[14.25,12.75,14.5,13],"texture":"#8"},"west":{"uv":[13,14.25,13.25,14.5],"texture":"#8"},"up":{"uv":[14.5,13.25,14.25,13],"texture":"#8"},"down":{"uv":[13.5,14.25,13.25,14.5],"texture":"#8"}}},{"name":"BottomofBowl","from":[7.5,8,11],"to":[10.5,8.5,13],"faces":{"north":{"uv":[1.75,12.5,2.5,12.75],"texture":"#8"},"east":{"uv":[13.25,2.25,13.75,2.5],"texture":"#8"},"south":{"uv":[12.5,5.25,13.25,5.5],"texture":"#8"},"west":{"uv":[13.25,2.5,13.75,2.75],"texture":"#8"},"up":{"uv":[12.25,1.25,11.5,0.75],"texture":"#8"},"down":{"uv":[12.25,1.25,11.5,1.75],"texture":"#8"}}},{"name":"BottomofBowl","from":[8,8,10.5],"to":[10,8.5,13.5],"faces":{"north":{"uv":[13.25,2.75,13.75,3],"texture":"#8"},"east":{"uv":[12.5,5.5,13.25,5.75],"texture":"#8"},"south":{"uv":[3.25,13.25,3.75,13.5],"texture":"#8"},"west":{"uv":[12.5,5.75,13.25,6],"texture":"#8"},"up":{"uv":[12,2.5,11.5,1.75],"texture":"#8"},"down":{"uv":[12,2.5,11.5,3.25],"texture":"#8"}}},{"from":[8,9,9.5],"to":[10,10,10],"faces":{"north":{"uv":[3.75,13.25,4.25,13.5],"texture":"#8"},"east":{"uv":[14.25,13.25,14.5,13.5],"texture":"#8"},"south":{"uv":[4.25,13.25,4.75,13.5],"texture":"#8"},"west":{"uv":[13.5,14.25,13.75,14.5],"texture":"#8"},"up":{"uv":[13.75,4.75,13.25,4.5],"texture":"#8"},"down":{"uv":[5.25,13.25,4.75,13.5],"texture":"#8"}}},{"from":[6.5,9,11],"to":[7,10,13],"faces":{"north":{"uv":[14.25,13.5,14.5,13.75],"texture":"#8"},"east":{"uv":[13.25,4.75,13.75,5],"texture":"#8"},"south":{"uv":[13.75,14.25,14,14.5],"texture":"#8"},"west":{"uv":[13.25,5,13.75,5.25],"texture":"#8"},"up":{"uv":[1.75,13.75,1.5,13.25],"texture":"#8"},"down":{"uv":[3,13.25,2.75,13.75],"texture":"#8"}}},{"from":[11,9,11],"to":[11.5,10,13],"faces":{"north":{"uv":[14.25,13.75,14.5,14],"texture":"#8"},"east":{"uv":[13.25,5.25,13.75,5.5],"texture":"#8"},"south":{"uv":[14,14.25,14.25,14.5],"texture":"#8"},"west":{"uv":[5.5,13.25,6,13.5],"texture":"#8"},"up":{"uv":[13.5,6,13.25,5.5],"texture":"#8"},"down":{"uv":[6.25,13.25,6,13.75],"texture":"#8"}}},{"from":[8,9,14],"to":[10,10,14.5],"faces":{"north":{"uv":[13.25,6,13.75,6.25],"texture":"#8"},"east":{"uv":[14.25,14,14.5,14.25],"texture":"#8"},"south":{"uv":[6.25,13.25,6.75,13.5],"texture":"#8"},"west":{"uv":[14.25,14.25,14.5,14.5],"texture":"#8"},"up":{"uv":[13.75,6.5,13.25,6.25],"texture":"#8"},"down":{"uv":[13.75,6.5,13.25,6.75],"texture":"#8"}}},{"from":[10,9,10],"to":[11,10,10.5],"faces":{"north":{"uv":[0,14.5,0.25,14.75],"texture":"#8"},"east":{"uv":[14.5,0,14.75,0.25],"texture":"#8"},"south":{"uv":[0.25,14.5,0.5,14.75],"texture":"#8"},"west":{"uv":[14.5,0.25,14.75,0.5],"texture":"#8"},"up":{"uv":[0.75,14.75,0.5,14.5],"texture":"#8"},"down":{"uv":[14.75,0.5,14.5,0.75],"texture":"#8"}}},{"from":[7,9,10],"to":[8,10,10.5],"faces":{"north":{"uv":[0.75,14.5,1,14.75],"texture":"#8"},"east":{"uv":[14.5,0.75,14.75,1],"texture":"#8"},"south":{"uv":[1,14.5,1.25,14.75],"texture":"#8"},"west":{"uv":[14.5,1,14.75,1.25],"texture":"#8"},"up":{"uv":[1.5,14.75,1.25,14.5],"texture":"#8"},"down":{"uv":[14.75,1.25,14.5,1.5],"texture":"#8"}}},{"from":[7,9,13.5],"to":[8,10,14],"faces":{"north":{"uv":[1.5,14.5,1.75,14.75],"texture":"#8"},"east":{"uv":[14.5,1.5,14.75,1.75],"texture":"#8"},"south":{"uv":[1.75,14.5,2,14.75],"texture":"#8"},"west":{"uv":[14.5,1.75,14.75,2],"texture":"#8"},"up":{"uv":[2.25,14.75,2,14.5],"texture":"#8"},"down":{"uv":[14.75,2,14.5,2.25],"texture":"#8"}}},{"from":[10,9,13.5],"to":[11,10,14],"faces":{"north":{"uv":[2.25,14.5,2.5,14.75],"texture":"#8"},"east":{"uv":[14.5,2.25,14.75,2.5],"texture":"#8"},"south":{"uv":[2.5,14.5,2.75,14.75],"texture":"#8"},"west":{"uv":[14.5,2.5,14.75,2.75],"texture":"#8"},"up":{"uv":[3,14.75,2.75,14.5],"texture":"#8"},"down":{"uv":[14.75,2.75,14.5,3],"texture":"#8"}}},{"from":[7,9,13],"to":[7.5,10,14],"faces":{"north":{"uv":[3,14.5,3.25,14.75],"texture":"#8"},"east":{"uv":[14.5,3,14.75,3.25],"texture":"#8"},"south":{"uv":[3.25,14.5,3.5,14.75],"texture":"#8"},"west":{"uv":[14.5,3.25,14.75,3.5],"texture":"#8"},"up":{"uv":[3.75,14.75,3.5,14.5],"texture":"#8"},"down":{"uv":[14.75,3.5,14.5,3.75],"texture":"#8"}}},{"from":[10.5,9,13],"to":[11,10,14],"faces":{"north":{"uv":[3.75,14.5,4,14.75],"texture":"#8"},"east":{"uv":[14.5,3.75,14.75,4],"texture":"#8"},"south":{"uv":[4,14.5,4.25,14.75],"texture":"#8"},"west":{"uv":[14.5,4,14.75,4.25],"texture":"#8"},"up":{"uv":[4.5,14.75,4.25,14.5],"texture":"#8"},"down":{"uv":[14.75,4.25,14.5,4.5],"texture":"#8"}}},{"from":[10.5,9,10],"to":[11,10,11],"faces":{"north":{"uv":[4.5,14.5,4.75,14.75],"texture":"#8"},"east":{"uv":[14.5,4.5,14.75,4.75],"texture":"#8"},"south":{"uv":[4.75,14.5,5,14.75],"texture":"#8"},"west":{"uv":[14.5,4.75,14.75,5],"texture":"#8"},"up":{"uv":[5.25,14.75,5,14.5],"texture":"#8"},"down":{"uv":[14.75,5,14.5,5.25],"texture":"#8"}}},{"from":[7,9,10],"to":[7.5,10,11],"faces":{"north":{"uv":[5.25,14.5,5.5,14.75],"texture":"#8"},"east":{"uv":[14.5,5.25,14.75,5.5],"texture":"#8"},"south":{"uv":[5.5,14.5,5.75,14.75],"texture":"#8"},"west":{"uv":[14.5,5.5,14.75,5.75],"texture":"#8"},"up":{"uv":[6,14.75,5.75,14.5],"texture":"#8"},"down":{"uv":[14.75,5.75,14.5,6],"texture":"#8"}}},{"from":[8,8,10],"to":[10,9,10.5],"faces":{"north":{"uv":[6.75,13.25,7.25,13.5],"texture":"#8"},"east":{"uv":[6,14.5,6.25,14.75],"texture":"#8"},"south":{"uv":[13.25,6.75,13.75,7],"texture":"#8"},"west":{"uv":[14.5,6,14.75,6.25],"texture":"#8"},"up":{"uv":[7.75,13.5,7.25,13.25],"texture":"#8"},"down":{"uv":[13.75,7.25,13.25,7.5],"texture":"#8"}}},{"from":[7,8,11],"to":[7.5,9,13],"faces":{"north":{"uv":[6.25,14.5,6.5,14.75],"texture":"#8"},"east":{"uv":[13.25,7.5,13.75,7.75],"texture":"#8"},"south":{"uv":[14.5,6.25,14.75,6.5],"texture":"#8"},"west":{"uv":[13.25,8.25,13.75,8.5],"texture":"#8"},"up":{"uv":[8,13.75,7.75,13.25],"texture":"#8"},"down":{"uv":[13.5,8.5,13.25,9],"texture":"#8"}}},{"from":[10.5,8,11],"to":[11,9,13],"faces":{"north":{"uv":[6.5,14.5,6.75,14.75],"texture":"#8"},"east":{"uv":[13.25,9,13.75,9.25],"texture":"#8"},"south":{"uv":[14.5,6.5,14.75,6.75],"texture":"#8"},"west":{"uv":[9.25,13.25,9.75,13.5],"texture":"#8"},"up":{"uv":[10,13.75,9.75,13.25],"texture":"#8"},"down":{"uv":[13.5,9.75,13.25,10.25],"texture":"#8"}}},{"from":[8,8,13.5],"to":[10,9,14],"faces":{"north":{"uv":[13.25,9.25,13.75,9.5],"texture":"#8"},"east":{"uv":[6.75,14.5,7,14.75],"texture":"#8"},"south":{"uv":[10,13.25,10.5,13.5],"texture":"#8"},"west":{"uv":[14.5,6.75,14.75,7],"texture":"#8"},"up":{"uv":[13.75,10.5,13.25,10.25],"texture":"#8"},"down":{"uv":[11,13.25,10.5,13.5],"texture":"#8"}}},{"from":[10,8,10.5],"to":[10.5,9,11],"faces":{"north":{"uv":[7,14.5,7.25,14.75],"texture":"#8"},"east":{"uv":[14.5,7,14.75,7.25],"texture":"#8"},"south":{"uv":[7.25,14.5,7.5,14.75],"texture":"#8"},"west":{"uv":[14.5,7.25,14.75,7.5],"texture":"#8"},"up":{"uv":[7.75,14.75,7.5,14.5],"texture":"#8"},"down":{"uv":[14.75,7.5,14.5,7.75],"texture":"#8"}}},{"from":[7.5,8,10.5],"to":[8,9,11],"faces":{"north":{"uv":[7.75,14.5,8,14.75],"texture":"#8"},"east":{"uv":[14.5,7.75,14.75,8],"texture":"#8"},"south":{"uv":[8,14.5,8.25,14.75],"texture":"#8"},"west":{"uv":[14.5,8,14.75,8.25],"texture":"#8"},"up":{"uv":[8.5,14.75,8.25,14.5],"texture":"#8"},"down":{"uv":[14.75,8.25,14.5,8.5],"texture":"#8"}}},{"from":[7.5,8,13],"to":[8,9,13.5],"faces":{"north":{"uv":[8.5,14.5,8.75,14.75],"texture":"#8"},"east":{"uv":[14.5,8.5,14.75,8.75],"texture":"#8"},"south":{"uv":[8.75,14.5,9,14.75],"texture":"#8"},"west":{"uv":[14.5,8.75,14.75,9],"texture":"#8"},"up":{"uv":[9.25,14.75,9,14.5],"texture":"#8"},"down":{"uv":[14.75,9,14.5,9.25],"texture":"#8"}}},{"from":[10,8,13],"to":[10.5,9,13.5],"faces":{"north":{"uv":[9.25,14.5,9.5,14.75],"texture":"#8"},"east":{"uv":[14.5,9.25,14.75,9.5],"texture":"#8"},"south":{"uv":[9.5,14.5,9.75,14.75],"texture":"#8"},"west":{"uv":[14.5,9.5,14.75,9.75],"texture":"#8"},"up":{"uv":[10,14.75,9.75,14.5],"texture":"#8"},"down":{"uv":[14.75,9.75,14.5,10],"texture":"#8"}}},{"from":[8.5,8.5,9.5],"to":[9.5,9,10],"faces":{"north":{"uv":[10,14.5,10.25,14.75],"texture":"#8"},"east":{"uv":[14.5,10,14.75,10.25],"texture":"#8"},"south":{"uv":[10.25,14.5,10.5,14.75],"texture":"#8"},"west":{"uv":[14.5,10.25,14.75,10.5],"texture":"#8"},"up":{"uv":[10.75,14.75,10.5,14.5],"texture":"#8"},"down":{"uv":[14.75,10.5,14.5,10.75],"texture":"#8"}}},{"from":[11,8.5,11.5],"to":[11.5,9,12.5],"faces":{"north":{"uv":[10.75,14.5,11,14.75],"texture":"#8"},"east":{"uv":[14.5,10.75,14.75,11],"texture":"#8"},"south":{"uv":[11,14.5,11.25,14.75],"texture":"#8"},"west":{"uv":[14.5,11,14.75,11.25],"texture":"#8"},"up":{"uv":[11.5,14.75,11.25,14.5],"texture":"#8"},"down":{"uv":[14.75,11.25,14.5,11.5],"texture":"#8"}}},{"from":[8.5,8.5,14],"to":[9.5,9,14.5],"faces":{"north":{"uv":[11.5,14.5,11.75,14.75],"texture":"#8"},"east":{"uv":[14.5,11.5,14.75,11.75],"texture":"#8"},"south":{"uv":[11.75,14.5,12,14.75],"texture":"#8"},"west":{"uv":[14.5,11.75,14.75,12],"texture":"#8"},"up":{"uv":[12.25,14.75,12,14.5],"texture":"#8"},"down":{"uv":[14.75,12,14.5,12.25],"texture":"#8"}}},{"from":[6.5,8.5,11.5],"to":[7,9,12.5],"faces":{"north":{"uv":[12.25,14.5,12.5,14.75],"texture":"#8"},"east":{"uv":[14.5,12.25,14.75,12.5],"texture":"#8"},"south":{"uv":[12.5,14.5,12.75,14.75],"texture":"#8"},"west":{"uv":[14.5,12.5,14.75,12.75],"texture":"#8"},"up":{"uv":[13,14.75,12.75,14.5],"texture":"#8"},"down":{"uv":[14.75,12.75,14.5,13],"texture":"#8"}}},{"from":[7,8.5,10.5],"to":[7.5,9,11],"faces":{"north":{"uv":[13,14.5,13.25,14.75],"texture":"#8"},"east":{"uv":[14.5,13,14.75,13.25],"texture":"#8"},"south":{"uv":[13.25,14.5,13.5,14.75],"texture":"#8"},"west":{"uv":[14.5,13.25,14.75,13.5],"texture":"#8"},"up":{"uv":[13.75,14.75,13.5,14.5],"texture":"#8"},"down":{"uv":[14.75,13.5,14.5,13.75],"texture":"#8"}}},{"from":[7.5,8.5,10],"to":[8,9,10.5],"faces":{"north":{"uv":[13.75,14.5,14,14.75],"texture":"#8"},"east":{"uv":[14.5,13.75,14.75,14],"texture":"#8"},"south":{"uv":[14,14.5,14.25,14.75],"texture":"#8"},"west":{"uv":[14.5,14,14.75,14.25],"texture":"#8"},"up":{"uv":[14.5,14.75,14.25,14.5],"texture":"#8"},"down":{"uv":[14.75,14.25,14.5,14.5],"texture":"#8"}}},{"from":[10.5,8.5,10.5],"to":[11,9,11],"faces":{"north":{"uv":[14.5,14.5,14.75,14.75],"texture":"#8"},"east":{"uv":[0,14.75,0.25,15],"texture":"#8"},"south":{"uv":[14.75,0,15,0.25],"texture":"#8"},"west":{"uv":[0.25,14.75,0.5,15],"texture":"#8"},"up":{"uv":[15,0.5,14.75,0.25],"texture":"#8"},"down":{"uv":[0.75,14.75,0.5,15],"texture":"#8"}}},{"from":[10,8.5,10],"to":[10.5,9,10.5],"faces":{"north":{"uv":[14.75,0.5,15,0.75],"texture":"#8"},"east":{"uv":[0.75,14.75,1,15],"texture":"#8"},"south":{"uv":[14.75,0.75,15,1],"texture":"#8"},"west":{"uv":[1,14.75,1.25,15],"texture":"#8"},"up":{"uv":[15,1.25,14.75,1],"texture":"#8"},"down":{"uv":[1.5,14.75,1.25,15],"texture":"#8"}}},{"from":[10,8.5,13.5],"to":[10.5,9,14],"faces":{"north":{"uv":[14.75,1.25,15,1.5],"texture":"#8"},"east":{"uv":[1.5,14.75,1.75,15],"texture":"#8"},"south":{"uv":[14.75,1.5,15,1.75],"texture":"#8"},"west":{"uv":[1.75,14.75,2,15],"texture":"#8"},"up":{"uv":[15,2,14.75,1.75],"texture":"#8"},"down":{"uv":[2.25,14.75,2,15],"texture":"#8"}}},{"from":[10.5,8.5,13],"to":[11,9,13.5],"faces":{"north":{"uv":[14.75,2,15,2.25],"texture":"#8"},"east":{"uv":[2.25,14.75,2.5,15],"texture":"#8"},"south":{"uv":[14.75,2.25,15,2.5],"texture":"#8"},"west":{"uv":[2.5,14.75,2.75,15],"texture":"#8"},"up":{"uv":[15,2.75,14.75,2.5],"texture":"#8"},"down":{"uv":[3,14.75,2.75,15],"texture":"#8"}}},{"from":[7,8.5,13],"to":[7.5,9,13.5],"faces":{"north":{"uv":[14.75,2.75,15,3],"texture":"#8"},"east":{"uv":[3,14.75,3.25,15],"texture":"#8"},"south":{"uv":[14.75,3,15,3.25],"texture":"#8"},"west":{"uv":[3.25,14.75,3.5,15],"texture":"#8"},"up":{"uv":[15,3.5,14.75,3.25],"texture":"#8"},"down":{"uv":[3.75,14.75,3.5,15],"texture":"#8"}}},{"from":[7.5,8.5,13.5],"to":[8,9,14],"faces":{"north":{"uv":[14.75,3.5,15,3.75],"texture":"#8"},"east":{"uv":[3.75,14.75,4,15],"texture":"#8"},"south":{"uv":[14.75,3.75,15,4],"texture":"#8"},"west":{"uv":[4,14.75,4.25,15],"texture":"#8"},"up":{"uv":[15,4.25,14.75,4],"texture":"#8"},"down":{"uv":[4.5,14.75,4.25,15],"texture":"#8"}}}],"display":{"thirdperson_righthand":{"rotation":[75,45,0],"translation":[0,2.5,0],"scale":[0.375,0.375,0.375]},"thirdperson_lefthand":{"rotation":[75,45,0],"translation":[0,2.5,0],"scale":[0.375,0.375,0.375]},"firstperson_righthand":{"rotation":[0,45,0],"scale":[0.4,0.4,0.4]},"firstperson_lefthand":{"rotation":[0,225,0],"scale":[0.4,0.4,0.4]},"ground":{"translation":[0,3.75,0]},"gui":{"rotation":[30,225,0],"scale":[0.625,0.625,0.625]},"head":{"translation":[0,14.25,0]},"fixed":{"rotation":[-90,0,0],"translation":[0,-2.5,-16],"scale":[2,2,2]}},"groups":[{"name":"Shelf","origin":[8,8,8],"color":0,"children":[0,1,2,3,4,5,6]},{"name":"Plate","origin":[8,8,8],"color":0,"children":[7,8,9,10,11,12,13,14,15,16,17]},{"name":"Plate2","origin":[8,8,8],"color":0,"children":[18,19,20,21,22,23,24,25,26,27,28]},{"name":"Plate3","origin":[8,8,8],"color":0,"children":[29,30,31,32,33,34,35,36,37,38,39]},{"name":"Glass","origin":[8,8,8],"color":0,"children":[40,41,42,43,44]},{"name":"Glass2","origin":[8,8,8],"color":0,"children":[45,46,47,48,49]},{"name":"Glass3","origin":[8,8,8],"color":0,"children":[50,51,52,53,54]},{"name":"Bowl","origin":[8,8,8],"color":0,"children":[55,56,57,58,59,60,61,62,63,64,65,66,67,68,69,70,71,72,73,74,75,76,77,78,79,80,81,82,83,84,85,86,87,88]},{"name":"Bowl2","origin":[8,8,8],"color":0,"children":[89,90,91,92,93,94,95,96,97,98,99,100,101,102,103,104,105,106,107,108,109,110,111,112,113,114,115,116,117,118,119,120,121,122]},{"name":"Bowl3","origin":[8,8,8],"color":0,"children":[123,124,125,126,127,128,129,130,131,132,133,134,135,136,137,138,139,140,141,142,143,144,145,146,147,148,149,150,151,152,153,154,155,156]}]}