{"credit":"MadewithBlockbench","texture_size":[128,128],"textures":{"8":"decorations:canmatch"},"elements":[{"from":[-5.575,-13.6,22.3],"to":[8.025,1.4,23.2],"faces":{"north":{"uv":[0,0,1.75,1.875],"texture":"#8"},"east":{"uv":[9.875,10.875,10,12.75],"texture":"#8"},"south":{"uv":[1.75,0,3.5,1.875],"texture":"#8"},"west":{"uv":[10,10.875,10.125,12.75],"texture":"#8"},"up":{"uv":[12.75,2,11,1.875],"texture":"#8"},"down":{"uv":[12.75,2,11,2.125],"texture":"#8"}}},{"from":[-3.575,2.4,22.3],"to":[8.025,3.4,23.2],"faces":{"north":{"uv":[2,8.875,3.5,9],"texture":"#8"},"east":{"uv":[8.5,1.5,8.625,1.625],"texture":"#8"},"south":{"uv":[11.125,4.875,12.625,5],"texture":"#8"},"west":{"uv":[9.25,6.125,9.375,6.25],"texture":"#8"},"up":{"uv":[12.625,5.125,11.125,5],"texture":"#8"},"down":{"uv":[12.625,5.125,11.125,5.25],"texture":"#8"}}},{"from":[7.975,2.4,22.3],"to":[19.575,3.4,23.2],"faces":{"north":{"uv":[11.125,5.625,12.625,5.75],"texture":"#8"},"east":{"uv":[10.5,7.625,10.625,7.75],"texture":"#8"},"south":{"uv":[11.125,5.75,12.625,5.875],"texture":"#8"},"west":{"uv":[10.625,1,10.75,1.125],"texture":"#8"},"up":{"uv":[12.625,6,11.125,5.875],"texture":"#8"},"down":{"uv":[12.625,6,11.125,6.125],"texture":"#8"}}},{"from":[-2.575,3.4,22.3],"to":[8.025,4.4,23.2],"faces":{"north":{"uv":[11.125,6.125,12.5,6.25],"texture":"#8"},"east":{"uv":[10.75,4.25,10.875,4.375],"texture":"#8"},"south":{"uv":[11.125,6.25,12.5,6.375],"texture":"#8"},"west":{"uv":[12.25,9.125,12.375,9.25],"texture":"#8"},"up":{"uv":[12.5,6.5,11.125,6.375],"texture":"#8"},"down":{"uv":[12.5,6.5,11.125,6.625],"texture":"#8"}}},{"from":[7.975,3.4,22.3],"to":[18.575,4.4,23.2],"faces":{"north":{"uv":[11.125,6.625,12.5,6.75],"texture":"#8"},"east":{"uv":[12.25,9.25,12.375,9.375],"texture":"#8"},"south":{"uv":[11.125,6.75,12.5,6.875],"texture":"#8"},"west":{"uv":[12.25,9.375,12.375,9.5],"texture":"#8"},"up":{"uv":[12.5,7,11.125,6.875],"texture":"#8"},"down":{"uv":[12.5,7,11.125,7.125],"texture":"#8"}}},{"from":[-1.275,4.4,22.3],"to":[8.025,5.4,23.2],"faces":{"north":{"uv":[9.5,8.5,10.625,8.625],"texture":"#8"},"east":{"uv":[12.25,9.5,12.375,9.625],"texture":"#8"},"south":{"uv":[11.125,8.625,12.25,8.75],"texture":"#8"},"west":{"uv":[12.25,9.625,12.375,9.75],"texture":"#8"},"up":{"uv":[12.25,8.875,11.125,8.75],"texture":"#8"},"down":{"uv":[12.25,8.875,11.125,9],"texture":"#8"}}},{"from":[7.975,4.4,22.3],"to":[17.275,5.4,23.2],"faces":{"north":{"uv":[11.125,9,12.25,9.125],"texture":"#8"},"east":{"uv":[9.75,12.25,9.875,12.375],"texture":"#8"},"south":{"uv":[11.125,9.125,12.25,9.25],"texture":"#8"},"west":{"uv":[12.25,9.75,12.375,9.875],"texture":"#8"},"up":{"uv":[12.25,9.375,11.125,9.25],"texture":"#8"},"down":{"uv":[12.25,9.375,11.125,9.5],"texture":"#8"}}},{"from":[1.225,5.4,22.3],"to":[5.775,6.4,23.2],"faces":{"north":{"uv":[6.875,5.375,7.5,5.5],"texture":"#8"},"east":{"uv":[12.25,9.875,12.375,10],"texture":"#8"},"south":{"uv":[11.25,11.375,11.875,11.5],"texture":"#8"},"west":{"uv":[12.25,10,12.375,10.125],"texture":"#8"},"up":{"uv":[11.875,11.625,11.25,11.5],"texture":"#8"},"down":{"uv":[12.25,0.25,11.625,0.375],"texture":"#8"}}},{"from":[10.225,5.4,22.3],"to":[14.775,6.4,23.2],"faces":{"north":{"uv":[11.625,0.375,12.25,0.5],"texture":"#8"},"east":{"uv":[12.25,10.125,12.375,10.25],"texture":"#8"},"south":{"uv":[11.625,0.5,12.25,0.625],"texture":"#8"},"west":{"uv":[12.25,10.25,12.375,10.375],"texture":"#8"},"up":{"uv":[12.25,0.75,11.625,0.625],"texture":"#8"},"down":{"uv":[12.25,0.75,11.625,0.875],"texture":"#8"}}},{"from":[-4.575,1.4,22.3],"to":[8.025,2.4,23.2],"faces":{"north":{"uv":[7,1.625,8.625,1.75],"texture":"#8"},"east":{"uv":[12.25,10.375,12.375,10.5],"texture":"#8"},"south":{"uv":[11,4.125,12.625,4.25],"texture":"#8"},"west":{"uv":[12.25,10.5,12.375,10.625],"texture":"#8"},"up":{"uv":[12.625,7.5,11,7.375],"texture":"#8"},"down":{"uv":[12.625,7.5,11,7.625],"texture":"#8"}}},{"from":[7.975,1.4,22.3],"to":[20.575,2.4,23.2],"faces":{"north":{"uv":[11.125,1.75,12.75,1.875],"texture":"#8"},"east":{"uv":[10.625,12.25,10.75,12.375],"texture":"#8"},"south":{"uv":[11.125,4.25,12.75,4.375],"texture":"#8"},"west":{"uv":[10.75,12.25,10.875,12.375],"texture":"#8"},"up":{"uv":[12.75,4.5,11.125,4.375],"texture":"#8"},"down":{"uv":[12.75,4.5,11.125,4.625],"texture":"#8"}}},{"from":[8.025,-13.6,22.3],"to":[21.525,1.4,23.2],"faces":{"north":{"uv":[5.25,1.75,6.875,3.625],"texture":"#8"},"east":{"uv":[10.125,10.875,10.25,12.75],"texture":"#8"},"south":{"uv":[5.25,3.625,6.875,5.5],"texture":"#8"},"west":{"uv":[10.25,10.875,10.375,12.75],"texture":"#8"},"up":{"uv":[12.75,4.75,11.125,4.625],"texture":"#8"},"down":{"uv":[12.75,4.75,11.125,4.875],"texture":"#8"}}},{"from":[-13.20362,1.4,21.8],"to":[-6.70362,2.4,23.3],"rotation":{"angle":45,"axis":"z","origin":[-7.70362,9.4,30.3]},"faces":{"north":{"uv":[11.125,10.5,12,10.625],"texture":"#8"},"east":{"uv":[12,8.375,12.25,8.5],"texture":"#8"},"south":{"uv":[11.25,1,12.125,1.125],"texture":"#8"},"west":{"uv":[12,8.5,12.25,8.625],"texture":"#8"},"up":{"uv":[10.25,6.375,9.375,6.125],"texture":"#8"},"down":{"uv":[10.25,6.375,9.375,6.625],"texture":"#8"}}},{"from":[-5.14421,5.72927,21.801],"to":[-0.64421,6.72927,23.301],"rotation":{"angle":22.5,"axis":"z","origin":[0.35579,13.72927,30.3]},"faces":{"north":{"uv":[11.625,0.875,12.25,1],"texture":"#8"},"east":{"uv":[12,10.375,12.25,10.5],"texture":"#8"},"south":{"uv":[11.625,1.375,12.25,1.5],"texture":"#8"},"west":{"uv":[12,10.5,12.25,10.625],"texture":"#8"},"up":{"uv":[7.5,5.375,6.875,5.125],"texture":"#8"},"down":{"uv":[11.75,7.875,11.125,8.125],"texture":"#8"}}},{"from":[2.11069,5.87943,21.8],"to":[4.81069,6.87943,23.3],"faces":{"north":{"uv":[11.625,10.375,12,10.5],"texture":"#8"},"east":{"uv":[12,11.25,12.25,11.375],"texture":"#8"},"south":{"uv":[11.875,2.125,12.25,2.25],"texture":"#8"},"west":{"uv":[12.25,1.5,12.5,1.625],"texture":"#8"},"up":{"uv":[11.625,1.625,11.25,1.375],"texture":"#8"},"down":{"uv":[9.125,11.25,8.75,11.5],"texture":"#8"}}},{"from":[7.05559,3.1653,21.801],"to":[10.50559,4.1653,23.301],"rotation":{"angle":-22.5,"axis":"z","origin":[12.75559,11.1653,30.3]},"faces":{"north":{"uv":[11.875,2.25,12.25,2.375],"texture":"#8"},"east":{"uv":[12.25,2.125,12.5,2.25],"texture":"#8"},"south":{"uv":[11.875,2.375,12.25,2.5],"texture":"#8"},"west":{"uv":[2.25,12.25,2.5,12.375],"texture":"#8"},"up":{"uv":[11.625,9.75,11.25,9.5],"texture":"#8"},"down":{"uv":[11.625,9.75,11.25,10],"texture":"#8"}}},{"from":[7.61539,4.6353,21.8],"to":[8.41539,5.6353,23.3],"faces":{"north":{"uv":[12.25,10.75,12.375,10.875],"texture":"#8"},"east":{"uv":[12.25,2.25,12.5,2.375],"texture":"#8"},"south":{"uv":[12.25,10.875,12.375,11],"texture":"#8"},"west":{"uv":[12.25,2.375,12.5,2.5],"texture":"#8"},"up":{"uv":[10.375,6.375,10.25,6.125],"texture":"#8"},"down":{"uv":[12.25,0,12.125,0.25],"texture":"#8"}}},{"from":[5.49056,3.1653,21.801],"to":[8.94056,4.1653,23.301],"rotation":{"angle":22.5,"axis":"z","origin":[3.24056,11.1653,30.3]},"faces":{"north":{"uv":[11.875,2.5,12.25,2.625],"texture":"#8"},"east":{"uv":[2.5,12.25,2.75,12.375],"texture":"#8"},"south":{"uv":[9,11.875,9.375,12],"texture":"#8"},"west":{"uv":[12.25,2.5,12.5,2.625],"texture":"#8"},"up":{"uv":[11.625,10.25,11.25,10],"texture":"#8"},"down":{"uv":[11.625,10.25,11.25,10.5],"texture":"#8"}}},{"from":[11.18546,5.87943,21.8],"to":[13.88546,6.87943,23.3],"faces":{"north":{"uv":[9.375,11.875,9.75,12],"texture":"#8"},"east":{"uv":[2.75,12.25,3,12.375],"texture":"#8"},"south":{"uv":[11.875,9.625,12.25,9.75],"texture":"#8"},"west":{"uv":[3,12.25,3.25,12.375],"texture":"#8"},"up":{"uv":[11.625,11,11.25,10.75],"texture":"#8"},"down":{"uv":[11.625,11,11.25,11.25],"texture":"#8"}}},{"from":[16.64036,5.72927,21.801],"to":[21.14036,6.72927,23.301],"rotation":{"angle":-22.5,"axis":"z","origin":[15.64036,13.72927,30.3]},"faces":{"north":{"uv":[11.625,1.5,12.25,1.625],"texture":"#8"},"east":{"uv":[3.25,12.25,3.5,12.375],"texture":"#8"},"south":{"uv":[11.625,9.5,12.25,9.625],"texture":"#8"},"west":{"uv":[3.5,12.25,3.75,12.375],"texture":"#8"},"up":{"uv":[11.75,8.375,11.125,8.125],"texture":"#8"},"down":{"uv":[11.75,8.375,11.125,8.625],"texture":"#8"}}},{"from":[22.69977,1.4,21.8],"to":[29.19977,2.4,23.3],"rotation":{"angle":-45,"axis":"z","origin":[23.69977,9.4,30.3]},"faces":{"north":{"uv":[11.25,1.125,12.125,1.25],"texture":"#8"},"east":{"uv":[3.75,12.25,4,12.375],"texture":"#8"},"south":{"uv":[11.25,1.25,12.125,1.375],"texture":"#8"},"west":{"uv":[4,12.25,4.25,12.375],"texture":"#8"},"up":{"uv":[10.375,8,9.5,7.75],"texture":"#8"},"down":{"uv":[10.375,8,9.5,8.25],"texture":"#8"}}},{"from":[9,-1,12.5],"to":[20,-0.5,18.5],"rotation":{"angle":-22.5,"axis":"x","origin":[3.5,6,20]},"faces":{"north":{"uv":[11.125,7.125,12.5,7.25],"texture":"#8"},"east":{"uv":[11.25,1.625,12,1.75],"texture":"#8"},"south":{"uv":[11.125,7.25,12.5,7.375],"texture":"#8"},"west":{"uv":[11.25,11.25,12,11.375],"texture":"#8"},"up":{"uv":[10,1.875,8.625,1.125],"texture":"#8"},"down":{"uv":[10,1.875,8.625,2.625],"texture":"#8"}}},{"from":[8.5,-3,12],"to":[20.5,-1,19],"rotation":{"angle":-22.5,"axis":"x","origin":[3.5,6,20]},"faces":{"north":{"uv":[7,1.125,8.5,1.375],"texture":"#8"},"east":{"uv":[9.5,8.25,10.375,8.5],"texture":"#8"},"south":{"uv":[7,1.375,8.5,1.625],"texture":"#8"},"west":{"uv":[0.5,11,1.375,11.25],"texture":"#8"},"up":{"uv":[5,8.625,3.5,7.75],"texture":"#8"},"down":{"uv":[6.5,7.75,5,8.625],"texture":"#8"}}},{"from":[-4,-1,12.5],"to":[7,-0.5,18.5],"rotation":{"angle":-22.5,"axis":"x","origin":[3.5,6,20]},"faces":{"north":{"uv":[11.125,7.625,12.5,7.75],"texture":"#8"},"east":{"uv":[11.375,0,12.125,0.125],"texture":"#8"},"south":{"uv":[11.125,7.75,12.5,7.875],"texture":"#8"},"west":{"uv":[11.375,0.125,12.125,0.25],"texture":"#8"},"up":{"uv":[10,3.375,8.625,2.625],"texture":"#8"},"down":{"uv":[10,3.375,8.625,4.125],"texture":"#8"}}},{"from":[-4.5,-3,12],"to":[7.5,-1,19],"rotation":{"angle":-22.5,"axis":"x","origin":[3.5,6,20]},"faces":{"north":{"uv":[7.625,9,9.125,9.25],"texture":"#8"},"east":{"uv":[11,2.125,11.875,2.375],"texture":"#8"},"south":{"uv":[9.125,8.625,10.625,8.875],"texture":"#8"},"west":{"uv":[11,2.375,11.875,2.625],"texture":"#8"},"up":{"uv":[8,8.625,6.5,7.75],"texture":"#8"},"down":{"uv":[9.5,7.75,8,8.625],"texture":"#8"}}},{"from":[-6.59,-8.2,-7.39],"to":[8.09,-5.41,-5.45],"faces":{"north":{"uv":[7.5,6.25,9.375,6.625],"texture":"#8"},"east":{"uv":[10.375,7.75,10.625,8.125],"texture":"#8"},"south":{"uv":[3.5,8.625,5.375,9],"texture":"#8"},"west":{"uv":[10.375,8.125,10.625,8.5],"texture":"#8","tintindex":0},"up":{"uv":[10.5,5.125,8.625,4.875],"texture":"#8"},"down":{"uv":[3.875,9,2,9.25],"texture":"#8"}}},{"from":[-6.49,-13.2,-6.49],"to":[8,-4.5,7.55],"faces":{"north":{"uv":[0,6.625,1.75,7.75],"texture":"#8"},"east":{"uv":[1.75,6.625,3.5,7.75],"texture":"#8"},"south":{"uv":[3.5,6.625,5.25,7.75],"texture":"#8"},"west":{"uv":[5.25,6.625,7,7.75],"texture":"#8","tintindex":0},"up":{"uv":[1.75,5.5,0,3.75],"texture":"#8"},"down":{"uv":[3.5,3.75,1.75,5.5],"texture":"#8"}}},{"from":[-6.49,-3.7928,-15.90072],"to":[8,-2.8928,-14.61157],"rotation":{"angle":-45,"axis":"x","origin":[15.2,6.1072,-8.61072]},"faces":{"north":{"uv":[11,2.625,12.75,2.75],"texture":"#8"},"east":{"uv":[12.25,11,12.375,11.125],"texture":"#8"},"south":{"uv":[11,2.75,12.75,2.875],"texture":"#8"},"west":{"uv":[12.25,11.125,12.375,11.25],"texture":"#8","tintindex":0},"up":{"uv":[12.75,3,11,2.875],"texture":"#8"},"down":{"uv":[12.75,3,11,3.125],"texture":"#8"}}},{"from":[-15.90072,-3.7928,-6.54],"to":[-14.61157,-2.8928,7.5],"rotation":{"angle":45,"axis":"z","origin":[-8.61072,6.1072,15.2]},"faces":{"north":{"uv":[12.25,11.25,12.375,11.375],"texture":"#8"},"east":{"uv":[11,3.125,12.75,3.25],"texture":"#8"},"south":{"uv":[12.25,11.375,12.375,11.5],"texture":"#8"},"west":{"uv":[11,3.25,12.75,3.375],"texture":"#8","tintindex":0},"up":{"uv":[1.5,12.75,1.375,11],"texture":"#8"},"down":{"uv":[1.625,11,1.5,12.75],"texture":"#8"}}},{"from":[30.61157,-3.7928,-6.44],"to":[31.90072,-2.8928,7.5],"rotation":{"angle":-45,"axis":"z","origin":[24.61072,6.1072,15.2]},"faces":{"north":{"uv":[12.25,11.5,12.375,11.625],"texture":"#8"},"east":{"uv":[11,3.375,12.75,3.5],"texture":"#8"},"south":{"uv":[12.25,11.625,12.375,11.75],"texture":"#8"},"west":{"uv":[11,3.5,12.75,3.625],"texture":"#8","tintindex":0},"up":{"uv":[1.75,12.75,1.625,11],"texture":"#8"},"down":{"uv":[1.875,11,1.75,12.75],"texture":"#8"}}},{"from":[-15.90072,-3.7928,7.46],"to":[-14.61157,-2.8928,22.4],"rotation":{"angle":45,"axis":"z","origin":[-8.61072,6.1072,15.2]},"faces":{"north":{"uv":[12.25,11.75,12.375,11.875],"texture":"#8"},"east":{"uv":[10.875,5.25,12.75,5.375],"texture":"#8"},"south":{"uv":[12.25,11.875,12.375,12],"texture":"#8"},"west":{"uv":[10.875,5.375,12.75,5.5],"texture":"#8","tintindex":0},"up":{"uv":[10.5,12.75,10.375,10.875],"texture":"#8"},"down":{"uv":[10.625,10.875,10.5,12.75],"texture":"#8"}}},{"from":[30.61157,-3.7928,7.46],"to":[31.90072,-2.8928,22.4],"rotation":{"angle":-45,"axis":"z","origin":[24.61072,6.1072,15.2]},"faces":{"north":{"uv":[12.25,12,12.375,12.125],"texture":"#8"},"east":{"uv":[10.875,5.5,12.75,5.625],"texture":"#8"},"south":{"uv":[12.25,12.125,12.375,12.25],"texture":"#8"},"west":{"uv":[10.875,10.625,12.75,10.75],"texture":"#8","tintindex":0},"up":{"uv":[11,12.625,10.875,10.75],"texture":"#8"},"down":{"uv":[0.125,11,0,12.875],"texture":"#8"}}},{"from":[-6.49,-13.2,7.45],"to":[8,-4.5,22.4],"faces":{"north":{"uv":[6.875,1.75,8.625,2.875],"texture":"#8"},"east":{"uv":[0,5.5,1.875,6.625],"texture":"#8"},"south":{"uv":[6.875,2.875,8.625,4],"texture":"#8"},"west":{"uv":[1.875,5.5,3.75,6.625],"texture":"#8","tintindex":0},"up":{"uv":[1.75,3.75,0,1.875],"texture":"#8"},"down":{"uv":[3.5,1.875,1.75,3.75],"texture":"#8"}}},{"from":[-7.39,-8.2,7.46],"to":[-5.91,-5.41,22.4],"faces":{"north":{"uv":[8.5,1.125,8.625,1.5],"texture":"#8"},"east":{"uv":[8.625,4.125,10.5,4.5],"texture":"#8"},"south":{"uv":[10.5,0.75,10.625,1.125],"texture":"#8"},"west":{"uv":[8.625,4.5,10.5,4.875],"texture":"#8","tintindex":0},"up":{"uv":[11.125,1.875,11,0],"texture":"#8"},"down":{"uv":[0.25,11,0.125,12.875],"texture":"#8"}}},{"from":[21.91,-8.2,7.46],"to":[23.39,-5.41,22.4],"faces":{"north":{"uv":[10.5,4.375,10.625,4.75],"texture":"#8"},"east":{"uv":[5.375,8.625,7.25,9],"texture":"#8"},"south":{"uv":[10.5,4.75,10.625,5.125],"texture":"#8"},"west":{"uv":[7.25,8.625,9.125,9],"texture":"#8","tintindex":0},"up":{"uv":[0.375,12.875,0.25,11],"texture":"#8"},"down":{"uv":[0.5,11,0.375,12.875],"texture":"#8"}}},{"from":[-7.39,-8.2,-6.54],"to":[-5.91,-5.41,7.5],"faces":{"north":{"uv":[10.625,5.625,10.75,6],"texture":"#8"},"east":{"uv":[8.75,0.75,10.5,1.125],"texture":"#8"},"south":{"uv":[10.625,6,10.75,6.375],"texture":"#8"},"west":{"uv":[8.75,6.625,10.5,7],"texture":"#8","tintindex":0},"up":{"uv":[2,12.75,1.875,11],"texture":"#8"},"down":{"uv":[11.125,5.625,11,7.375],"texture":"#8"}}},{"from":[21.91,-8.2,-6.54],"to":[23.39,-5.41,7.6],"faces":{"north":{"uv":[9,11.5,9.125,11.875],"texture":"#8"},"east":{"uv":[8.75,7,10.5,7.375],"texture":"#8"},"south":{"uv":[11.125,11.75,11.25,12.125],"texture":"#8"},"west":{"uv":[8.75,7.375,10.5,7.75],"texture":"#8","tintindex":0},"up":{"uv":[11.125,12.5,11,10.75],"texture":"#8"},"down":{"uv":[11.25,0,11.125,1.75],"texture":"#8"}}},{"from":[7.91,-8.2,-7.39],"to":[22.59,-5.41,-5.45],"faces":{"north":{"uv":[8.75,0,10.625,0.375],"texture":"#8"},"east":{"uv":[11.375,0.25,11.625,0.625],"texture":"#8"},"south":{"uv":[8.75,0.375,10.625,0.75],"texture":"#8"},"west":{"uv":[11.375,0.625,11.625,1],"texture":"#8","tintindex":0},"up":{"uv":[5.75,9.25,3.875,9],"texture":"#8"},"down":{"uv":[7.625,9,5.75,9.25],"texture":"#8"}}},{"from":[8,-13.2,-6.49],"to":[22.49,-4.5,7.55],"faces":{"north":{"uv":[6.875,4,8.625,5.125],"texture":"#8"},"east":{"uv":[7,0,8.75,1.125],"texture":"#8"},"south":{"uv":[7,6.625,8.75,7.75],"texture":"#8"},"west":{"uv":[7.5,5.125,9.25,6.25],"texture":"#8","tintindex":0},"up":{"uv":[5.25,5.5,3.5,3.75],"texture":"#8"},"down":{"uv":[7,0,5.25,1.75],"texture":"#8"}}},{"from":[8,-3.7928,-15.90072],"to":[22.49,-2.8928,-14.61157],"rotation":{"angle":-45,"axis":"x","origin":[15.2,6.1072,-8.61072]},"faces":{"north":{"uv":[11,3.625,12.75,3.75],"texture":"#8"},"east":{"uv":[12.25,12.25,12.375,12.375],"texture":"#8"},"south":{"uv":[11,3.75,12.75,3.875],"texture":"#8"},"west":{"uv":[12.375,0,12.5,0.125],"texture":"#8","tintindex":0},"up":{"uv":[12.75,4,11,3.875],"texture":"#8"},"down":{"uv":[12.75,4,11,4.125],"texture":"#8"}}},{"from":[8,-13.2,7.45],"to":[22.49,-4.5,22.4],"faces":{"north":{"uv":[0,7.75,1.75,8.875],"texture":"#8"},"east":{"uv":[3.75,5.5,5.625,6.625],"texture":"#8"},"south":{"uv":[1.75,7.75,3.5,8.875],"texture":"#8"},"west":{"uv":[5.625,5.5,7.5,6.625],"texture":"#8","tintindex":0},"up":{"uv":[5.25,1.875,3.5,0],"texture":"#8"},"down":{"uv":[5.25,1.875,3.5,3.75],"texture":"#8"}}},{"from":[6.65,-13.6,-7.3],"to":[9.35,-5.5,-6.4],"faces":{"north":{"uv":[9.125,8.875,9.5,9.875],"texture":"#8"},"east":{"uv":[10.375,3.125,10.5,4.125],"texture":"#8"},"south":{"uv":[2,9.25,2.375,10.25],"texture":"#8"},"west":{"uv":[10.625,0,10.75,1],"texture":"#8"},"up":{"uv":[12.25,9.875,11.875,9.75],"texture":"#8"},"down":{"uv":[12.25,9.875,11.875,10],"texture":"#8"}}},{"from":[3.95,-13.6,-6.85],"to":[6.65,-5.635,-5.95],"faces":{"north":{"uv":[2.375,9.25,2.75,10.25],"texture":"#8"},"east":{"uv":[11.125,9.5,11.25,10.5],"texture":"#8"},"south":{"uv":[2.75,9.25,3.125,10.25],"texture":"#8"},"west":{"uv":[11.125,10.75,11.25,11.75],"texture":"#8"},"up":{"uv":[12.25,10.125,11.875,10],"texture":"#8"},"down":{"uv":[12.25,10.125,11.875,10.25],"texture":"#8"}}},{"from":[9.35,-13.6,-6.85],"to":[12.05,-5.635,-5.95],"faces":{"north":{"uv":[3.125,9.25,3.5,10.25],"texture":"#8"},"east":{"uv":[11.25,0,11.375,1],"texture":"#8"},"south":{"uv":[3.5,9.25,3.875,10.25],"texture":"#8"},"west":{"uv":[0.5,11.25,0.625,12.25],"texture":"#8"},"up":{"uv":[12.25,10.375,11.875,10.25],"texture":"#8"},"down":{"uv":[12.25,10.75,11.875,10.875],"texture":"#8"}}},{"from":[1.25,-13.6,-7.3],"to":[3.95,-5.5,-6.4],"faces":{"north":{"uv":[3.875,9.25,4.25,10.25],"texture":"#8"},"east":{"uv":[0.625,11.25,0.75,12.25],"texture":"#8"},"south":{"uv":[4.25,9.25,4.625,10.25],"texture":"#8"},"west":{"uv":[0.75,11.25,0.875,12.25],"texture":"#8"},"up":{"uv":[12.25,11,11.875,10.875],"texture":"#8"},"down":{"uv":[12.25,11,11.875,11.125],"texture":"#8"}}},{"from":[12.05,-13.6,-7.3],"to":[14.75,-5.5,-6.4],"faces":{"north":{"uv":[4.625,9.25,5,10.25],"texture":"#8"},"east":{"uv":[0.875,11.25,1,12.25],"texture":"#8"},"south":{"uv":[5,9.25,5.375,10.25],"texture":"#8"},"west":{"uv":[1,11.25,1.125,12.25],"texture":"#8"},"up":{"uv":[12.25,11.25,11.875,11.125],"texture":"#8"},"down":{"uv":[11.625,11.875,11.25,12],"texture":"#8"}}},{"from":[-1.45,-13.6,-6.85],"to":[1.25,-5.635,-5.95],"faces":{"north":{"uv":[9.25,5.125,9.625,6.125],"texture":"#8"},"east":{"uv":[1.125,11.25,1.25,12.25],"texture":"#8"},"south":{"uv":[5.375,9.25,5.75,10.25],"texture":"#8"},"west":{"uv":[1.25,11.25,1.375,12.25],"texture":"#8"},"up":{"uv":[12.25,11.5,11.875,11.375],"texture":"#8"},"down":{"uv":[12.25,11.5,11.875,11.625],"texture":"#8"}}},{"from":[14.75,-13.6,-6.85],"to":[17.45,-5.635,-5.95],"faces":{"north":{"uv":[5.75,9.25,6.125,10.25],"texture":"#8"},"east":{"uv":[2,11.25,2.125,12.25],"texture":"#8"},"south":{"uv":[6.125,9.25,6.5,10.25],"texture":"#8"},"west":{"uv":[2.125,11.25,2.25,12.25],"texture":"#8"},"up":{"uv":[12,12,11.625,11.875],"texture":"#8"},"down":{"uv":[12.375,1.625,12,1.75],"texture":"#8"}}},{"from":[-4.15,-13.6,-7.3],"to":[-1.45,-5.5,-6.4],"faces":{"north":{"uv":[6.5,9.25,6.875,10.25],"texture":"#8"},"east":{"uv":[2.25,11.25,2.375,12.25],"texture":"#8"},"south":{"uv":[6.875,9.25,7.25,10.25],"texture":"#8"},"west":{"uv":[2.375,11.25,2.5,12.25],"texture":"#8"},"up":{"uv":[12.375,8,12,7.875],"texture":"#8"},"down":{"uv":[12.375,8,12,8.125],"texture":"#8"}}},{"from":[17.45,-13.6,-7.3],"to":[20.15,-5.5,-6.4],"faces":{"north":{"uv":[7.25,9.25,7.625,10.25],"texture":"#8"},"east":{"uv":[2.5,11.25,2.625,12.25],"texture":"#8"},"south":{"uv":[7.625,9.25,8,10.25],"texture":"#8"},"west":{"uv":[2.625,11.25,2.75,12.25],"texture":"#8"},"up":{"uv":[12.375,8.25,12,8.125],"texture":"#8"},"down":{"uv":[12.375,8.25,12,8.375],"texture":"#8"}}},{"from":[-6.05,-13.6,-6.85],"to":[-4.15,-5.635,-5.95],"faces":{"north":{"uv":[10.75,1.25,11,2.25],"texture":"#8"},"east":{"uv":[2.75,11.25,2.875,12.25],"texture":"#8"},"south":{"uv":[10.75,2.25,11,3.25],"texture":"#8"},"west":{"uv":[2.875,11.25,3,12.25],"texture":"#8"},"up":{"uv":[4.5,12.375,4.25,12.25],"texture":"#8"},"down":{"uv":[4.75,12.25,4.5,12.375],"texture":"#8"}}},{"from":[20.15,-13.6,-6.85],"to":[22.05,-5.635,-5.95],"faces":{"north":{"uv":[10.75,3.25,11,4.25],"texture":"#8"},"east":{"uv":[3,11.25,3.125,12.25],"texture":"#8"},"south":{"uv":[10.75,5.625,11,6.625],"texture":"#8"},"west":{"uv":[3.125,11.25,3.25,12.25],"texture":"#8"},"up":{"uv":[5,12.375,4.75,12.25],"texture":"#8"},"down":{"uv":[5.25,12.25,5,12.375],"texture":"#8"}}},{"from":[21.95,-13.6,6.2],"to":[22.85,-5.5,8.9],"faces":{"north":{"uv":[3.25,11.25,3.375,12.25],"texture":"#8"},"east":{"uv":[8,9.25,8.375,10.25],"texture":"#8"},"south":{"uv":[3.375,11.25,3.5,12.25],"texture":"#8"},"west":{"uv":[8.375,9.25,8.75,10.25],"texture":"#8"},"up":{"uv":[9.875,12.25,9.75,11.875],"texture":"#8"},"down":{"uv":[10.75,11.875,10.625,12.25],"texture":"#8"}}},{"from":[22.4,-13.6,3.5],"to":[23.3,-5.635,6.2],"faces":{"north":{"uv":[3.5,11.25,3.625,12.25],"texture":"#8"},"east":{"uv":[8.75,9.25,9.125,10.25],"texture":"#8"},"south":{"uv":[3.625,11.25,3.75,12.25],"texture":"#8"},"west":{"uv":[9.5,8.875,9.875,9.875],"texture":"#8"},"up":{"uv":[10.875,12.25,10.75,11.875],"texture":"#8"},"down":{"uv":[8.875,12,8.75,12.375],"texture":"#8"}}},{"from":[22.4,-13.6,8.9],"to":[23.3,-5.635,11.6],"faces":{"north":{"uv":[3.75,11.25,3.875,12.25],"texture":"#8"},"east":{"uv":[9.625,5.125,10,6.125],"texture":"#8"},"south":{"uv":[3.875,11.25,4,12.25],"texture":"#8"},"west":{"uv":[9.875,8.875,10.25,9.875],"texture":"#8"},"up":{"uv":[9,12.375,8.875,12],"texture":"#8"},"down":{"uv":[9.125,12,9,12.375],"texture":"#8"}}},{"from":[21.95,-13.6,0.8],"to":[22.85,-5.5,3.5],"faces":{"north":{"uv":[4,11.25,4.125,12.25],"texture":"#8"},"east":{"uv":[9.125,9.875,9.5,10.875],"texture":"#8"},"south":{"uv":[4.125,11.25,4.25,12.25],"texture":"#8"},"west":{"uv":[9.5,9.875,9.875,10.875],"texture":"#8"},"up":{"uv":[9.25,12.375,9.125,12],"texture":"#8"},"down":{"uv":[9.375,12,9.25,12.375],"texture":"#8"}}},{"from":[21.95,-13.6,11.6],"to":[22.85,-5.5,14.3],"faces":{"north":{"uv":[4.25,11.25,4.375,12.25],"texture":"#8"},"east":{"uv":[9.875,9.875,10.25,10.875],"texture":"#8"},"south":{"uv":[4.375,11.25,4.5,12.25],"texture":"#8"},"west":{"uv":[10,1.125,10.375,2.125],"texture":"#8"},"up":{"uv":[9.5,12.375,9.375,12],"texture":"#8"},"down":{"uv":[9.625,12,9.5,12.375],"texture":"#8"}}},{"from":[22.4,-13.6,-1.9],"to":[23.3,-5.635,0.8],"faces":{"north":{"uv":[4.5,11.25,4.625,12.25],"texture":"#8"},"east":{"uv":[10,2.125,10.375,3.125],"texture":"#8"},"south":{"uv":[4.625,11.25,4.75,12.25],"texture":"#8"},"west":{"uv":[10,3.125,10.375,4.125],"texture":"#8"},"up":{"uv":[9.75,12.375,9.625,12],"texture":"#8"},"down":{"uv":[11.375,12,11.25,12.375],"texture":"#8"}}},{"from":[22.4,-13.6,14.3],"to":[23.3,-5.635,17],"faces":{"north":{"uv":[4.75,11.25,4.875,12.25],"texture":"#8"},"east":{"uv":[10,5.125,10.375,6.125],"texture":"#8"},"south":{"uv":[4.875,11.25,5,12.25],"texture":"#8"},"west":{"uv":[2,10.25,2.375,11.25],"texture":"#8"},"up":{"uv":[11.5,12.375,11.375,12],"texture":"#8"},"down":{"uv":[11.625,12,11.5,12.375],"texture":"#8"}}},{"from":[21.95,-13.6,-4.6],"to":[22.85,-5.5,-1.9],"faces":{"north":{"uv":[5,11.25,5.125,12.25],"texture":"#8"},"east":{"uv":[2.375,10.25,2.75,11.25],"texture":"#8"},"south":{"uv":[5.125,11.25,5.25,12.25],"texture":"#8"},"west":{"uv":[2.75,10.25,3.125,11.25],"texture":"#8"},"up":{"uv":[11.75,12.375,11.625,12],"texture":"#8"},"down":{"uv":[12.125,11.625,12,12],"texture":"#8"}}},{"from":[21.95,-13.6,17],"to":[22.85,-5.5,19.7],"faces":{"north":{"uv":[5.25,11.25,5.375,12.25],"texture":"#8"},"east":{"uv":[3.125,10.25,3.5,11.25],"texture":"#8"},"south":{"uv":[5.375,11.25,5.5,12.25],"texture":"#8"},"west":{"uv":[3.5,10.25,3.875,11.25],"texture":"#8"},"up":{"uv":[11.875,12.375,11.75,12],"texture":"#8"},"down":{"uv":[12,12,11.875,12.375],"texture":"#8"}}},{"from":[22.4,-13.6,-6.5],"to":[23.3,-5.635,-4.6],"faces":{"north":{"uv":[5.5,11.25,5.625,12.25],"texture":"#8"},"east":{"uv":[10.75,6.625,11,7.625],"texture":"#8"},"south":{"uv":[5.625,11.25,5.75,12.25],"texture":"#8"},"west":{"uv":[10.875,4.25,11.125,5.25],"texture":"#8"},"up":{"uv":[5.375,12.5,5.25,12.25],"texture":"#8"},"down":{"uv":[5.5,12.25,5.375,12.5],"texture":"#8"}}},{"from":[22.4,-13.6,19.7],"to":[23.3,-5.635,21.6],"faces":{"north":{"uv":[5.75,11.25,5.875,12.25],"texture":"#8"},"east":{"uv":[10.875,7.625,11.125,8.625],"texture":"#8"},"south":{"uv":[5.875,11.25,6,12.25],"texture":"#8"},"west":{"uv":[10.875,8.625,11.125,9.625],"texture":"#8"},"up":{"uv":[5.625,12.5,5.5,12.25],"texture":"#8"},"down":{"uv":[5.75,12.25,5.625,12.5],"texture":"#8"}}},{"from":[-6.85,-13.6,6.2],"to":[-5.95,-5.5,8.9],"faces":{"north":{"uv":[6,11.25,6.125,12.25],"texture":"#8"},"east":{"uv":[3.875,10.25,4.25,11.25],"texture":"#8"},"south":{"uv":[6.125,11.25,6.25,12.25],"texture":"#8"},"west":{"uv":[4.25,10.25,4.625,11.25],"texture":"#8"},"up":{"uv":[12.125,12.375,12,12],"texture":"#8"},"down":{"uv":[12.25,1,12.125,1.375],"texture":"#8"}}},{"from":[-7.3,-13.6,3.5],"to":[-6.4,-5.635,6.2],"faces":{"north":{"uv":[6.25,11.25,6.375,12.25],"texture":"#8"},"east":{"uv":[4.625,10.25,5,11.25],"texture":"#8"},"south":{"uv":[6.375,11.25,6.5,12.25],"texture":"#8"},"west":{"uv":[5,10.25,5.375,11.25],"texture":"#8"},"up":{"uv":[11.25,12.5,11.125,12.125],"texture":"#8"},"down":{"uv":[12.25,11.625,12.125,12],"texture":"#8"}}},{"from":[-7.3,-13.6,8.9],"to":[-6.4,-5.635,11.6],"faces":{"north":{"uv":[6.5,11.25,6.625,12.25],"texture":"#8"},"east":{"uv":[5.375,10.25,5.75,11.25],"texture":"#8"},"south":{"uv":[6.625,11.25,6.75,12.25],"texture":"#8"},"west":{"uv":[5.75,10.25,6.125,11.25],"texture":"#8"},"up":{"uv":[12.25,12.375,12.125,12],"texture":"#8"},"down":{"uv":[12.375,0,12.25,0.375],"texture":"#8"}}},{"from":[-6.85,-13.6,0.8],"to":[-5.95,-5.5,3.5],"faces":{"north":{"uv":[6.75,11.25,6.875,12.25],"texture":"#8"},"east":{"uv":[6.125,10.25,6.5,11.25],"texture":"#8"},"south":{"uv":[6.875,11.25,7,12.25],"texture":"#8"},"west":{"uv":[6.5,10.25,6.875,11.25],"texture":"#8"},"up":{"uv":[12.375,0.75,12.25,0.375],"texture":"#8"},"down":{"uv":[0.625,12.25,0.5,12.625],"texture":"#8"}}},{"from":[-6.85,-13.6,11.6],"to":[-5.95,-5.5,14.3],"faces":{"north":{"uv":[7,11.25,7.125,12.25],"texture":"#8"},"east":{"uv":[6.875,10.25,7.25,11.25],"texture":"#8"},"south":{"uv":[7.125,11.25,7.25,12.25],"texture":"#8"},"west":{"uv":[7.25,10.25,7.625,11.25],"texture":"#8"},"up":{"uv":[0.75,12.625,0.625,12.25],"texture":"#8"},"down":{"uv":[0.875,12.25,0.75,12.625],"texture":"#8"}}},{"from":[-7.3,-13.6,-1.9],"to":[-6.4,-5.635,0.8],"faces":{"north":{"uv":[7.25,11.25,7.375,12.25],"texture":"#8"},"east":{"uv":[7.625,10.25,8,11.25],"texture":"#8"},"south":{"uv":[7.375,11.25,7.5,12.25],"texture":"#8"},"west":{"uv":[8,10.25,8.375,11.25],"texture":"#8"},"up":{"uv":[12.375,1.125,12.25,0.75],"texture":"#8"},"down":{"uv":[1,12.25,0.875,12.625],"texture":"#8"}}},{"from":[-7.3,-13.6,14.3],"to":[-6.4,-5.635,17],"faces":{"north":{"uv":[7.5,11.25,7.625,12.25],"texture":"#8"},"east":{"uv":[8.375,10.25,8.75,11.25],"texture":"#8"},"south":{"uv":[7.625,11.25,7.75,12.25],"texture":"#8"},"west":{"uv":[8.75,10.25,9.125,11.25],"texture":"#8"},"up":{"uv":[1.125,12.625,1,12.25],"texture":"#8"},"down":{"uv":[1.25,12.25,1.125,12.625],"texture":"#8"}}},{"from":[-6.85,-13.6,-4.6],"to":[-5.95,-5.5,-1.9],"faces":{"north":{"uv":[7.75,11.25,7.875,12.25],"texture":"#8"},"east":{"uv":[10.25,8.875,10.625,9.875],"texture":"#8"},"south":{"uv":[7.875,11.25,8,12.25],"texture":"#8"},"west":{"uv":[10.25,9.875,10.625,10.875],"texture":"#8"},"up":{"uv":[12.375,1.5,12.25,1.125],"texture":"#8"},"down":{"uv":[1.375,12.25,1.25,12.625],"texture":"#8"}}},{"from":[-6.85,-13.6,17],"to":[-5.95,-5.5,19.7],"faces":{"north":{"uv":[8,11.25,8.125,12.25],"texture":"#8"},"east":{"uv":[10.375,1.125,10.75,2.125],"texture":"#8"},"south":{"uv":[8.125,11.25,8.25,12.25],"texture":"#8"},"west":{"uv":[10.375,2.125,10.75,3.125],"texture":"#8"},"up":{"uv":[2.125,12.625,2,12.25],"texture":"#8"},"down":{"uv":[2.25,12.25,2.125,12.625],"texture":"#8"}}},{"from":[-7.3,-13.6,-6.5],"to":[-6.4,-5.635,-4.6],"faces":{"north":{"uv":[8.25,11.25,8.375,12.25],"texture":"#8"},"east":{"uv":[9.125,10.875,9.375,11.875],"texture":"#8"},"south":{"uv":[8.375,11.25,8.5,12.25],"texture":"#8"},"west":{"uv":[9.375,10.875,9.625,11.875],"texture":"#8"},"up":{"uv":[5.875,12.5,5.75,12.25],"texture":"#8"},"down":{"uv":[6,12.25,5.875,12.5],"texture":"#8"}}},{"from":[-7.3,-13.6,19.7],"to":[-6.4,-5.635,21.6],"faces":{"north":{"uv":[8.5,11.25,8.625,12.25],"texture":"#8"},"east":{"uv":[9.625,10.875,9.875,11.875],"texture":"#8"},"south":{"uv":[8.625,11.25,8.75,12.25],"texture":"#8"},"west":{"uv":[10.875,9.625,11.125,10.625],"texture":"#8"},"up":{"uv":[6.125,12.5,6,12.25],"texture":"#8"},"down":{"uv":[6.25,12.25,6.125,12.5],"texture":"#8"}}},{"from":[-7.75,-13.6,21.1],"to":[-5.55,3.8,23.4],"faces":{"north":{"uv":[0,8.875,0.25,11],"texture":"#8"},"east":{"uv":[0.25,8.875,0.5,11],"texture":"#8"},"south":{"uv":[0.5,8.875,0.75,11],"texture":"#8"},"west":{"uv":[0.75,8.875,1,11],"texture":"#8"},"up":{"uv":[10.5,6.625,10.25,6.375],"texture":"#8"},"down":{"uv":[10.875,11.375,10.625,11.625],"texture":"#8"}}},{"from":[-7.5,3.8,21.35],"to":[-5.8,4.8,23.15],"faces":{"north":{"uv":[6.25,12.25,6.5,12.375],"texture":"#8"},"east":{"uv":[6.5,12.25,6.75,12.375],"texture":"#8"},"south":{"uv":[6.75,12.25,7,12.375],"texture":"#8"},"west":{"uv":[7,12.25,7.25,12.375],"texture":"#8"},"up":{"uv":[9,11.75,8.75,11.5],"texture":"#8"},"down":{"uv":[11.875,9.625,11.625,9.875],"texture":"#8"}}},{"from":[21.55,-13.6,21.1],"to":[23.75,3.8,23.4],"faces":{"north":{"uv":[1,8.875,1.25,11],"texture":"#8"},"east":{"uv":[1.25,8.875,1.5,11],"texture":"#8"},"south":{"uv":[1.5,8.875,1.75,11],"texture":"#8"},"west":{"uv":[1.75,8.875,2,11],"texture":"#8"},"up":{"uv":[11.875,10.125,11.625,9.875],"texture":"#8"},"down":{"uv":[11.875,10.125,11.625,10.375],"texture":"#8"}}},{"from":[21.8,3.8,21.35],"to":[23.5,4.8,23.15],"faces":{"north":{"uv":[7.25,12.25,7.5,12.375],"texture":"#8"},"east":{"uv":[7.5,12.25,7.75,12.375],"texture":"#8"},"south":{"uv":[7.75,12.25,8,12.375],"texture":"#8"},"west":{"uv":[8,12.25,8.25,12.375],"texture":"#8"},"up":{"uv":[10.875,11.875,10.625,11.625],"texture":"#8"},"down":{"uv":[11.875,10.75,11.625,11],"texture":"#8"}}},{"from":[-7.75,-13.6,-8.2],"to":[-5.55,-3.2,-6],"faces":{"north":{"uv":[10.375,5.125,10.625,6.375],"texture":"#8"},"east":{"uv":[10.5,3.125,10.75,4.375],"texture":"#8"},"south":{"uv":[10.5,6.375,10.75,7.625],"texture":"#8"},"west":{"uv":[10.625,4.375,10.875,5.625],"texture":"#8"},"up":{"uv":[11.875,11.25,11.625,11],"texture":"#8"},"down":{"uv":[11.5,11.625,11.25,11.875],"texture":"#8"}}},{"from":[-7.5,-3.2,-7.95],"to":[-5.8,-2.2,-6.25],"faces":{"north":{"uv":[8.25,12.25,8.5,12.375],"texture":"#8"},"east":{"uv":[12.25,8.375,12.5,8.5],"texture":"#8"},"south":{"uv":[8.5,12.25,8.75,12.375],"texture":"#8"},"west":{"uv":[12.25,8.5,12.5,8.625],"texture":"#8"},"up":{"uv":[11.75,11.875,11.5,11.625],"texture":"#8"},"down":{"uv":[12,7.875,11.75,8.125],"texture":"#8"}}},{"from":[21.55,-13.6,-8.2],"to":[23.75,-3.2,-6],"faces":{"north":{"uv":[10.625,7.625,10.875,8.875],"texture":"#8"},"east":{"uv":[10.625,8.875,10.875,10.125],"texture":"#8"},"south":{"uv":[10.625,10.125,10.875,11.375],"texture":"#8"},"west":{"uv":[10.75,0,11,1.25],"texture":"#8"},"up":{"uv":[12,8.375,11.75,8.125],"texture":"#8"},"down":{"uv":[12,8.375,11.75,8.625],"texture":"#8"}}},{"from":[21.8,-3.2,-7.95],"to":[23.5,-2.2,-6.25],"faces":{"north":{"uv":[12.25,8.625,12.5,8.75],"texture":"#8"},"east":{"uv":[12.25,8.75,12.5,8.875],"texture":"#8"},"south":{"uv":[12.25,8.875,12.5,9],"texture":"#8"},"west":{"uv":[12.25,9,12.5,9.125],"texture":"#8"},"up":{"uv":[9,12,8.75,11.75],"texture":"#8"},"down":{"uv":[12,11.625,11.75,11.875],"texture":"#8"}}}],"display":{"thirdperson_righthand":{"rotation":[75,45,0],"translation":[0,2.5,1.5],"scale":[0.25,0.25,0.25]},"thirdperson_lefthand":{"rotation":[75,45,0],"translation":[0,2.5,1.5],"scale":[0.25,0.25,0.25]},"firstperson_righthand":{"rotation":[7,35,3],"translation":[1.25,2.5,0],"scale":[0.25,0.25,0.25]},"firstperson_lefthand":{"rotation":[7,35,3],"translation":[1.25,2.5,0],"scale":[0.25,0.25,0.25]},"ground":{"translation":[0,7.25,0],"scale":[0.5,0.5,0.5]},"gui":{"rotation":[30,225,0],"translation":[0,1,0],"scale":[0.3,0.3,0.3]},"head":{"rotation":[0,90,0],"translation":[0,14.75,0],"scale":[0.35,0.35,0.35]},"fixed":{"rotation":[-90,0,0],"translation":[-19.75,20.75,-51.25],"scale":[2.3,2.3,2.3]}},"groups":[{"name":"CanopyBed","origin":[8,8,8],"color":0,"boneType":"","children":[{"name":"Headboard","origin":[16.025,-6.6,30.3],"color":0,"boneType":"","children":[0,1,2,3,4,5,6,7,8,9,10,11,{"name":"Frame","origin":[23.69977,11.4,30.3],"color":0,"boneType":"","children":[12,13,14,15,16,17,18,19,20]}]},{"name":"Pillow","origin":[3,6,20],"color":0,"boneType":"","children":[21,22]},{"name":"Pillow","origin":[3,6,20],"color":0,"boneType":"","children":[23,24]},{"name":"Mattress","origin":[16,1,16],"color":0,"boneType":"","children":[25,26,27,28,29,30,31,32,33,34,35,36,37,38,39,40]},{"name":"Ruffles","origin":[8,8,8],"color":0,"boneType":"","children":[{"name":"Ruffles","origin":[29.5,-8,-0.5],"color":0,"boneType":"","children":[41,42,43,44,45,46,47,48,49,50,51]},{"name":"RightSide","origin":[8,8,8],"color":0,"boneType":"","children":[{"name":"Ruffles","origin":[29.5,-8,-0.5],"color":0,"boneType":"","children":[52,53,54,55,56,57,58,59,60,61,62]}]},{"name":"LeftSide","origin":[8,8,8],"color":0,"boneType":"","children":[{"name":"Ruffles","origin":[29.5,-8,-0.5],"color":0,"boneType":"","children":[63,64,65,66,67,68,69,70,71,72,73]}]},{"name":"Endofbed","origin":[8,8,8],"color":0,"boneType":"","children":[]}]},{"name":"Poles","origin":[8,8,8],"color":0,"boneType":"","children":[{"name":"Pole","origin":[8,8,8],"color":0,"boneType":"","children":[74,75]},{"name":"Pole","origin":[8,8,8],"color":0,"boneType":"","children":[76,77]},{"name":"Pole","origin":[8,8,8],"color":0,"boneType":"","children":[78,79]},{"name":"Pole","origin":[8,8,8],"color":0,"boneType":"","children":[80,81]}]}]}]}