{"credit":"MadewithBlockbench","texture_size":[64,64],"textures":{"3":"decorations:canteen_sign"},"elements":[{"from":[2,-3.28775,3.40569],"to":[3,12.71225,4.40569],"rotation":{"angle":22.5,"axis":"x","origin":[10,4.71225,11.40569]},"faces":{"north":{"uv":[0,5,0.25,9],"texture":"#3"},"east":{"uv":[5,0,5.25,4],"texture":"#3"},"south":{"uv":[0.25,5,0.5,9],"texture":"#3"},"west":{"uv":[0.5,5,0.75,9],"texture":"#3"},"up":{"uv":[6.5,6.25,6.25,6],"texture":"#3"},"down":{"uv":[6.75,2,6.5,2.25],"texture":"#3"}}},{"from":[3,1.73139,3.6095],"to":[13,11.73139,4.4095],"rotation":{"angle":22.5,"axis":"x","origin":[10,4.73139,11.3595]},"faces":{"north":{"uv":[0,0,2.5,2.5],"texture":"#3"},"east":{"uv":[3.75,5,4,7.5],"texture":"#3"},"south":{"uv":[0,2.5,2.5,5],"texture":"#3"},"west":{"uv":[4,5,4.25,7.5],"texture":"#3"},"up":{"uv":[7.5,4.25,5,4],"texture":"#3"},"down":{"uv":[6.75,5,4.25,5.25],"texture":"#3"}}},{"from":[3,1.69312,11.59812],"to":[13,11.69312,12.29812],"rotation":{"angle":-22.5,"axis":"x","origin":[10,4.69312,4.54812]},"faces":{"north":{"uv":[2.5,0,5,2.5],"texture":"#3"},"east":{"uv":[5.25,0,5.5,2.5],"texture":"#3"},"south":{"uv":[2.5,2.5,5,5],"texture":"#3"},"west":{"uv":[4.25,5.25,4.5,7.75],"texture":"#3"},"up":{"uv":[7.5,4.5,5,4.25],"texture":"#3"},"down":{"uv":[7.5,4.5,5,4.75],"texture":"#3"}}},{"from":[13,-3.28775,3.40569],"to":[14,12.71225,4.40569],"rotation":{"angle":22.5,"axis":"x","origin":[6,4.71225,11.40569]},"faces":{"north":{"uv":[0.75,5,1,9],"texture":"#3"},"east":{"uv":[1,5,1.25,9],"texture":"#3"},"south":{"uv":[1.25,5,1.5,9],"texture":"#3"},"west":{"uv":[1.5,5,1.75,9],"texture":"#3"},"up":{"uv":[6.75,2.5,6.5,2.25],"texture":"#3"},"down":{"uv":[6.25,6.5,6,6.75],"texture":"#3"}}},{"from":[3,11.71225,3.40569],"to":[13,12.71225,4.40569],"rotation":{"angle":22.5,"axis":"x","origin":[6,4.71225,11.40569]},"faces":{"north":{"uv":[5,4.75,7.5,5],"texture":"#3"},"east":{"uv":[6.5,6,6.75,6.25],"texture":"#3"},"south":{"uv":[5.25,2.5,7.75,2.75],"texture":"#3"},"west":{"uv":[6.25,6.5,6.5,6.75],"texture":"#3"},"up":{"uv":[7.75,3,5.25,2.75],"texture":"#3"},"down":{"uv":[7.75,3,5.25,3.25],"texture":"#3"}}},{"from":[3,11.71225,11.59431],"to":[13,12.71225,12.59431],"rotation":{"angle":-22.5,"axis":"x","origin":[6,4.71225,4.59431]},"faces":{"north":{"uv":[5.25,3.25,7.75,3.5],"texture":"#3"},"east":{"uv":[6.5,6.5,6.75,6.75],"texture":"#3"},"south":{"uv":[5.25,3.5,7.75,3.75],"texture":"#3"},"west":{"uv":[6.75,2,7,2.25],"texture":"#3"},"up":{"uv":[7.75,4,5.25,3.75],"texture":"#3"},"down":{"uv":[7,5.25,4.5,5.5],"texture":"#3"}}},{"from":[3,0.71225,3.40569],"to":[13,1.71225,4.40569],"rotation":{"angle":22.5,"axis":"x","origin":[6,4.71225,11.40569]},"faces":{"north":{"uv":[5.5,0,8,0.25],"texture":"#3"},"east":{"uv":[6.75,2.25,7,2.5],"texture":"#3"},"south":{"uv":[5.5,0.25,8,0.5],"texture":"#3"},"west":{"uv":[6.75,5,7,5.25],"texture":"#3"},"up":{"uv":[8,0.75,5.5,0.5],"texture":"#3"},"down":{"uv":[8,0.75,5.5,1],"texture":"#3"}}},{"from":[3,0.71225,11.59431],"to":[13,1.71225,12.59431],"rotation":{"angle":-22.5,"axis":"x","origin":[6,4.71225,4.59431]},"faces":{"north":{"uv":[5.5,1,8,1.25],"texture":"#3"},"east":{"uv":[6.75,5.5,7,5.75],"texture":"#3"},"south":{"uv":[5.5,1.25,8,1.5],"texture":"#3"},"west":{"uv":[6.75,5.75,7,6],"texture":"#3"},"up":{"uv":[8,1.75,5.5,1.5],"texture":"#3"},"down":{"uv":[8,1.75,5.5,2],"texture":"#3"}}},{"from":[2,-3.28775,11.59431],"to":[3,12.71225,12.59431],"rotation":{"angle":-22.5,"axis":"x","origin":[10,4.71225,4.59431]},"faces":{"north":{"uv":[1.75,5,2,9],"texture":"#3"},"east":{"uv":[2,5,2.25,9],"texture":"#3"},"south":{"uv":[2.25,5,2.5,9],"texture":"#3"},"west":{"uv":[2.5,5,2.75,9],"texture":"#3"},"up":{"uv":[6.25,7,6,6.75],"texture":"#3"},"down":{"uv":[7,6,6.75,6.25],"texture":"#3"}}},{"from":[13,-3.28775,11.59431],"to":[14,12.71225,12.59431],"rotation":{"angle":-22.5,"axis":"x","origin":[6,4.71225,4.59431]},"faces":{"north":{"uv":[2.75,5,3,9],"texture":"#3"},"east":{"uv":[3,5,3.25,9],"texture":"#3"},"south":{"uv":[3.25,5,3.5,9],"texture":"#3"},"west":{"uv":[3.5,5,3.75,9],"texture":"#3"},"up":{"uv":[6.5,7,6.25,6.75],"texture":"#3"},"down":{"uv":[7,6.25,6.75,6.5],"texture":"#3"}}},{"from":[2.35,7,7.5],"to":[2.6,7.25,11],"rotation":{"angle":-22.5,"axis":"x","origin":[8,8,8.5]},"faces":{"north":{"uv":[6.5,6.75,6.75,7],"texture":"#3"},"east":{"uv":[5.5,2,6.5,2.25],"texture":"#3"},"south":{"uv":[6.75,6.5,7,6.75],"texture":"#3"},"west":{"uv":[5.5,2.25,6.5,2.5],"texture":"#3"},"up":{"uv":[4.75,6.5,4.5,5.5],"texture":"#3"},"down":{"uv":[5,5.5,4.75,6.5],"texture":"#3"}}},{"from":[13.4,7,5],"to":[13.65,7.25,8.5],"rotation":{"angle":22.5,"axis":"x","origin":[8,8,7.5]},"faces":{"north":{"uv":[6.75,6.75,7,7],"texture":"#3"},"east":{"uv":[5,5.5,6,5.75],"texture":"#3"},"south":{"uv":[7,2,7.25,2.25],"texture":"#3"},"west":{"uv":[5,5.75,6,6],"texture":"#3"},"up":{"uv":[5.25,7,5,6],"texture":"#3"},"down":{"uv":[5.5,6,5.25,7],"texture":"#3"}}},{"from":[2.35,7,5.16761],"to":[2.6,7.25,8.41761],"rotation":{"angle":22.5,"axis":"x","origin":[8,8,7.41761]},"faces":{"north":{"uv":[7,2.25,7.25,2.5],"texture":"#3"},"east":{"uv":[5.5,6,6.25,6.25],"texture":"#3"},"south":{"uv":[5,7,5.25,7.25],"texture":"#3"},"west":{"uv":[6,5.5,6.75,5.75],"texture":"#3"},"up":{"uv":[5.75,7,5.5,6.25],"texture":"#3"},"down":{"uv":[6,6.25,5.75,7],"texture":"#3"}}},{"from":[13.4,7,7.58239],"to":[13.65,7.25,10.83239],"rotation":{"angle":-22.5,"axis":"x","origin":[8,8,8.58239]},"faces":{"north":{"uv":[7,5,7.25,5.25],"texture":"#3"},"east":{"uv":[6,5.75,6.75,6],"texture":"#3"},"south":{"uv":[5.25,7,5.5,7.25],"texture":"#3"},"west":{"uv":[6,6.25,6.75,6.5],"texture":"#3"},"up":{"uv":[4.75,7.25,4.5,6.5],"texture":"#3"},"down":{"uv":[5,6.5,4.75,7.25],"texture":"#3"}}}],"display":{"thirdperson_righthand":{"rotation":[75,45,0],"translation":[0,2.5,0],"scale":[0.375,0.375,0.375]},"thirdperson_lefthand":{"rotation":[75,45,0],"translation":[0,2.5,0],"scale":[0.375,0.375,0.375]},"firstperson_righthand":{"rotation":[0,-56.75,0],"translation":[0.5,2.75,1],"scale":[0.3043,0.3043,0.3043]},"firstperson_lefthand":{"rotation":[0,-56.75,0],"translation":[0.5,2.75,1],"scale":[0.3043,0.3043,0.3043]},"ground":{"translation":[0,0.75,0],"scale":[0.6,0.6,0.6]},"gui":{"rotation":[30,225,0],"translation":[0,1.25,0],"scale":[0.625,0.625,0.625]},"head":{"translation":[0,12.75,0],"scale":[0.7,0.7,0.7]},"fixed":{"rotation":[-90,0,0],"translation":[0,0,-15],"scale":[2,2,2]}}}