{"credit":"MadewithBlockbench","texture_size":[64,64],"textures":{"1":"decorations:color_paint"},"elements":[{"name":"PusangGala","from":[4.32,0.38,13.2],"to":[6.24,0.764,14.48],"faces":{"north":{"uv":[7,2,7.5,2.25],"texture":"#1"},"east":{"uv":[4.25,7,4.5,7.25],"texture":"#1"},"south":{"uv":[7,2.25,7.5,2.5],"texture":"#1"},"west":{"uv":[6.25,7,6.5,7.25],"texture":"#1"},"up":{"uv":[7.5,3.25,7,3],"texture":"#1"},"down":{"uv":[3.75,7,3.25,7.25],"texture":"#1"}}},{"from":[4.32,0.38,11.28],"to":[6.24,0.764,12.56],"faces":{"north":{"uv":[7,3.25,7.5,3.5],"texture":"#1"},"east":{"uv":[4.25,7.25,4.5,7.5],"texture":"#1"},"south":{"uv":[7,3.5,7.5,3.75],"texture":"#1"},"west":{"uv":[4.25,7.5,4.5,7.75],"texture":"#1"},"up":{"uv":[4.25,7.25,3.75,7],"texture":"#1"},"down":{"uv":[7.5,3.75,7,4],"texture":"#1"}}},{"from":[4.32,0.38,9.36],"to":[6.24,0.764,10.64],"faces":{"north":{"uv":[7,4.5,7.5,4.75],"texture":"#1"},"east":{"uv":[2,8,2.25,8.25],"texture":"#1"},"south":{"uv":[7,4.75,7.5,5],"texture":"#1"},"west":{"uv":[8,2,8.25,2.25],"texture":"#1"},"up":{"uv":[7.5,5.25,7,5],"texture":"#1"},"down":{"uv":[7.5,5.25,7,5.5],"texture":"#1"}}},{"from":[4.32,0.38,7.44],"to":[6.24,0.764,8.72],"faces":{"north":{"uv":[7,5.5,7.5,5.75],"texture":"#1"},"east":{"uv":[2.25,8,2.5,8.25],"texture":"#1"},"south":{"uv":[7,5.75,7.5,6],"texture":"#1"},"west":{"uv":[8,2.25,8.25,2.5],"texture":"#1"},"up":{"uv":[7.5,6.25,7,6],"texture":"#1"},"down":{"uv":[7.5,6.25,7,6.5],"texture":"#1"}}},{"from":[4.32,0.38,5.52],"to":[6.24,0.764,6.8],"faces":{"north":{"uv":[6.75,7,7.25,7.25],"texture":"#1"},"east":{"uv":[2.5,8,2.75,8.25],"texture":"#1"},"south":{"uv":[7.25,1,7.75,1.25],"texture":"#1"},"west":{"uv":[8,2.5,8.25,2.75],"texture":"#1"},"up":{"uv":[7.75,1.5,7.25,1.25],"texture":"#1"},"down":{"uv":[3.75,7.25,3.25,7.5],"texture":"#1"}}},{"from":[6.88,0.38,13.2],"to":[8.8,0.764,14.48],"faces":{"north":{"uv":[1,8,1.5,8.25],"texture":"#1"},"east":{"uv":[3.5,8.5,3.75,8.75],"texture":"#1"},"south":{"uv":[1.5,8,2,8.25],"texture":"#1"},"west":{"uv":[8.5,3.5,8.75,3.75],"texture":"#1"},"up":{"uv":[8.5,1.75,8,1.5],"texture":"#1"},"down":{"uv":[8.5,1.75,8,2],"texture":"#1"}}},{"from":[6.88,0.38,11.28],"to":[8.8,0.764,12.56],"faces":{"north":{"uv":[3.75,7.25,4.25,7.5],"texture":"#1"},"east":{"uv":[2.75,8,3,8.25],"texture":"#1"},"south":{"uv":[5,7.25,5.5,7.5],"texture":"#1"},"west":{"uv":[8,2.75,8.25,3],"texture":"#1"},"up":{"uv":[6,7.5,5.5,7.25],"texture":"#1"},"down":{"uv":[6.5,7.25,6,7.5],"texture":"#1"}}},{"from":[6.88,0.38,9.36],"to":[8.8,0.764,10.64],"faces":{"north":{"uv":[6.75,7.25,7.25,7.5],"texture":"#1"},"east":{"uv":[3,8,3.25,8.25],"texture":"#1"},"south":{"uv":[7.25,7,7.75,7.25],"texture":"#1"},"west":{"uv":[8,3,8.25,3.25],"texture":"#1"},"up":{"uv":[7.75,7.5,7.25,7.25],"texture":"#1"},"down":{"uv":[8,1.5,7.5,1.75],"texture":"#1"}}},{"from":[6.88,0.38,7.44],"to":[8.8,0.764,8.72],"faces":{"north":{"uv":[1.75,7.5,2.25,7.75],"texture":"#1"},"east":{"uv":[3.25,8,3.5,8.25],"texture":"#1"},"south":{"uv":[7.5,1.75,8,2],"texture":"#1"},"west":{"uv":[8,3.25,8.25,3.5],"texture":"#1"},"up":{"uv":[8,2.25,7.5,2],"texture":"#1"},"down":{"uv":[2.75,7.5,2.25,7.75],"texture":"#1"}}},{"from":[6.88,0.38,5.52],"to":[8.8,0.764,6.8],"faces":{"north":{"uv":[7.5,2.25,8,2.5],"texture":"#1"},"east":{"uv":[3.5,8,3.75,8.25],"texture":"#1"},"south":{"uv":[7.5,2.5,8,2.75],"texture":"#1"},"west":{"uv":[8,3.5,8.25,3.75],"texture":"#1"},"up":{"uv":[3.25,7.75,2.75,7.5],"texture":"#1"},"down":{"uv":[8,2.75,7.5,3],"texture":"#1"}}},{"from":[3.68,0.38,4.88],"to":[4.32,1.02,15.12],"faces":{"north":{"uv":[3.75,8,4,8.25],"texture":"#1"},"east":{"uv":[4.5,2,7,2.25],"texture":"#1"},"south":{"uv":[8,3.75,8.25,4],"texture":"#1"},"west":{"uv":[4.5,2.25,7,2.5],"texture":"#1"},"up":{"uv":[4.75,6.5,4.5,4],"texture":"#1"},"down":{"uv":[5,4,4.75,6.5],"texture":"#1"}}},{"from":[4.32,0.38,14.48],"to":[6.24,1.02,15.12],"faces":{"north":{"uv":[7.5,3,8,3.25],"texture":"#1"},"east":{"uv":[4,8,4.25,8.25],"texture":"#1"},"south":{"uv":[3.25,7.5,3.75,7.75],"texture":"#1"},"west":{"uv":[8,4,8.25,4.25],"texture":"#1"},"up":{"uv":[8,3.5,7.5,3.25],"texture":"#1"},"down":{"uv":[8,3.5,7.5,3.75],"texture":"#1"}}},{"from":[4.32,0.38,12.56],"to":[6.24,1.02,13.2],"faces":{"north":{"uv":[3.75,7.5,4.25,7.75],"texture":"#1"},"east":{"uv":[4.25,8,4.5,8.25],"texture":"#1"},"south":{"uv":[7.5,3.75,8,4],"texture":"#1"},"west":{"uv":[8,4.25,8.25,4.5],"texture":"#1"},"up":{"uv":[8,4.25,7.5,4],"texture":"#1"},"down":{"uv":[8,4.25,7.5,4.5],"texture":"#1"}}},{"from":[4.32,0.38,10.64],"to":[6.24,1.02,11.28],"faces":{"north":{"uv":[7.5,4.5,8,4.75],"texture":"#1"},"east":{"uv":[4.5,8,4.75,8.25],"texture":"#1"},"south":{"uv":[7.5,4.75,8,5],"texture":"#1"},"west":{"uv":[8,4.5,8.25,4.75],"texture":"#1"},"up":{"uv":[5.5,7.75,5,7.5],"texture":"#1"},"down":{"uv":[8,5,7.5,5.25],"texture":"#1"}}},{"from":[4.32,0.38,8.72],"to":[6.24,1.02,9.36],"faces":{"north":{"uv":[7.5,5.25,8,5.5],"texture":"#1"},"east":{"uv":[4.75,8,5,8.25],"texture":"#1"},"south":{"uv":[5.5,7.5,6,7.75],"texture":"#1"},"west":{"uv":[8,4.75,8.25,5],"texture":"#1"},"up":{"uv":[8,5.75,7.5,5.5],"texture":"#1"},"down":{"uv":[8,5.75,7.5,6],"texture":"#1"}}},{"from":[4.32,0.38,6.8],"to":[6.24,1.02,7.44],"faces":{"north":{"uv":[6,7.5,6.5,7.75],"texture":"#1"},"east":{"uv":[5,8,5.25,8.25],"texture":"#1"},"south":{"uv":[7.5,6,8,6.25],"texture":"#1"},"west":{"uv":[8,5,8.25,5.25],"texture":"#1"},"up":{"uv":[8,6.5,7.5,6.25],"texture":"#1"},"down":{"uv":[7,7.5,6.5,7.75],"texture":"#1"}}},{"from":[4.32,0.38,4.88],"to":[6.24,1.02,5.52],"faces":{"north":{"uv":[7.5,6.5,8,6.75],"texture":"#1"},"east":{"uv":[5.25,8,5.5,8.25],"texture":"#1"},"south":{"uv":[7.5,6.75,8,7],"texture":"#1"},"west":{"uv":[8,5.25,8.25,5.5],"texture":"#1"},"up":{"uv":[7.5,7.75,7,7.5],"texture":"#1"},"down":{"uv":[8,7.5,7.5,7.75],"texture":"#1"}}},{"from":[6.24,0.38,4.88],"to":[6.88,1.02,15.12],"faces":{"north":{"uv":[5.5,8,5.75,8.25],"texture":"#1"},"east":{"uv":[5,2.5,7.5,2.75],"texture":"#1"},"south":{"uv":[8,5.5,8.25,5.75],"texture":"#1"},"west":{"uv":[5,2.75,7.5,3],"texture":"#1"},"up":{"uv":[5.25,5.5,5,3],"texture":"#1"},"down":{"uv":[5.5,3,5.25,5.5],"texture":"#1"}}},{"from":[6.88,0.38,14.48],"to":[8.8,1.02,15.12],"faces":{"north":{"uv":[7.75,0,8.25,0.25],"texture":"#1"},"east":{"uv":[5.75,8,6,8.25],"texture":"#1"},"south":{"uv":[7.75,0.25,8.25,0.5],"texture":"#1"},"west":{"uv":[8,5.75,8.25,6],"texture":"#1"},"up":{"uv":[8.25,0.75,7.75,0.5],"texture":"#1"},"down":{"uv":[8.25,0.75,7.75,1],"texture":"#1"}}},{"from":[8.8,0.38,4.88],"to":[9.44,1.02,15.12],"faces":{"north":{"uv":[6,8,6.25,8.25],"texture":"#1"},"east":{"uv":[5.25,0,7.75,0.25],"texture":"#1"},"south":{"uv":[8,6,8.25,6.25],"texture":"#1"},"west":{"uv":[5.25,0.25,7.75,0.5],"texture":"#1"},"up":{"uv":[0.25,8,0,5.5],"texture":"#1"},"down":{"uv":[0.5,5.5,0.25,8],"texture":"#1"}}},{"from":[6.88,0.38,12.56],"to":[8.8,1.02,13.2],"faces":{"north":{"uv":[1,7.75,1.5,8],"texture":"#1"},"east":{"uv":[6.25,8,6.5,8.25],"texture":"#1"},"south":{"uv":[7.75,1,8.25,1.25],"texture":"#1"},"west":{"uv":[8,6.25,8.25,6.5],"texture":"#1"},"up":{"uv":[8.25,1.5,7.75,1.25],"texture":"#1"},"down":{"uv":[2,7.75,1.5,8],"texture":"#1"}}},{"from":[6.88,0.38,10.64],"to":[8.8,1.02,11.28],"faces":{"north":{"uv":[2,7.75,2.5,8],"texture":"#1"},"east":{"uv":[6.5,8,6.75,8.25],"texture":"#1"},"south":{"uv":[2.5,7.75,3,8],"texture":"#1"},"west":{"uv":[8,6.5,8.25,6.75],"texture":"#1"},"up":{"uv":[3.5,8,3,7.75],"texture":"#1"},"down":{"uv":[4,7.75,3.5,8],"texture":"#1"}}},{"from":[6.88,0.38,8.72],"to":[8.8,1.02,9.36],"faces":{"north":{"uv":[4,7.75,4.5,8],"texture":"#1"},"east":{"uv":[6.75,8,7,8.25],"texture":"#1"},"south":{"uv":[4.5,7.75,5,8],"texture":"#1"},"west":{"uv":[8,6.75,8.25,7],"texture":"#1"},"up":{"uv":[5.5,8,5,7.75],"texture":"#1"},"down":{"uv":[6,7.75,5.5,8],"texture":"#1"}}},{"from":[6.88,0.38,6.8],"to":[8.8,1.02,7.44],"faces":{"north":{"uv":[6,7.75,6.5,8],"texture":"#1"},"east":{"uv":[7,8,7.25,8.25],"texture":"#1"},"south":{"uv":[6.5,7.75,7,8],"texture":"#1"},"west":{"uv":[7.25,8,7.5,8.25],"texture":"#1"},"up":{"uv":[7.5,8,7,7.75],"texture":"#1"},"down":{"uv":[8.25,7,7.75,7.25],"texture":"#1"}}},{"from":[6.88,0.38,4.88],"to":[8.8,1.02,5.52],"faces":{"north":{"uv":[7.75,7.25,8.25,7.5],"texture":"#1"},"east":{"uv":[7.5,8,7.75,8.25],"texture":"#1"},"south":{"uv":[7.5,7.75,8,8],"texture":"#1"},"west":{"uv":[8,7.5,8.25,7.75],"texture":"#1"},"up":{"uv":[0.5,8.25,0,8],"texture":"#1"},"down":{"uv":[1,8,0.5,8.25],"texture":"#1"}}},{"from":[3.68,0.06,4.88],"to":[9.44,0.38,15.12],"faces":{"north":{"uv":[5.25,1.75,6.75,2],"texture":"#1"},"east":{"uv":[5.25,0.5,7.75,0.75],"texture":"#1"},"south":{"uv":[5.5,3,7,3.25],"texture":"#1"},"west":{"uv":[5.25,0.75,7.75,1],"texture":"#1"},"up":{"uv":[1.5,2.5,0,0],"texture":"#1"},"down":{"uv":[3,0,1.5,2.5],"texture":"#1"}}},{"from":[2.208,2.748,4.88],"to":[2.528,8.508,15.12],"rotation":{"angle":22.5,"axis":"z","origin":[8.16,5.5,10]},"faces":{"north":{"uv":[3.25,5.5,3.5,7],"texture":"#1"},"east":{"uv":[0,2.5,2.5,4],"texture":"#1"},"south":{"uv":[5.5,3.25,5.75,4.75],"texture":"#1"},"west":{"uv":[2.5,2.5,5,4],"texture":"#1"},"up":{"uv":[0.75,8,0.5,5.5],"texture":"#1"},"down":{"uv":[1,5.5,0.75,8],"texture":"#1"}}},{"from":[7.34,4.488,1.56],"to":[7.66,4.92,1.88],"rotation":{"angle":-22.5,"axis":"z","origin":[0.5,4.38,6.52]},"faces":{"north":{"uv":[7.75,8,8,8.25],"texture":"#1"},"east":{"uv":[8,7.75,8.25,8],"texture":"#1"},"south":{"uv":[8,8,8.25,8.25],"texture":"#1"},"west":{"uv":[0,8.25,0.25,8.5],"texture":"#1"},"up":{"uv":[8.5,0.25,8.25,0],"texture":"#1"},"down":{"uv":[0.5,8.25,0.25,8.5],"texture":"#1"}}},{"from":[7.24,4.888,1.46],"to":[7.76,5.32,1.98],"rotation":{"angle":-22.5,"axis":"z","origin":[0.5,4.38,6.52]},"faces":{"north":{"uv":[8.25,0.25,8.5,0.5],"texture":"#1"},"east":{"uv":[0.5,8.25,0.75,8.5],"texture":"#1"},"south":{"uv":[8.25,0.5,8.5,0.75],"texture":"#1"},"west":{"uv":[0.75,8.25,1,8.5],"texture":"#1"},"up":{"uv":[8.5,1,8.25,0.75],"texture":"#1"},"down":{"uv":[1.25,8.25,1,8.5],"texture":"#1"}}},{"from":[7.24,6.288,1.46],"to":[7.76,6.72,1.98],"rotation":{"angle":-22.5,"axis":"z","origin":[0.5,4.38,6.52]},"faces":{"north":{"uv":[8.25,1,8.5,1.25],"texture":"#1"},"east":{"uv":[1.25,8.25,1.5,8.5],"texture":"#1"},"south":{"uv":[8.25,1.25,8.5,1.5],"texture":"#1"},"west":{"uv":[1.5,8.25,1.75,8.5],"texture":"#1"},"up":{"uv":[2,8.5,1.75,8.25],"texture":"#1"},"down":{"uv":[2.25,8.25,2,8.5],"texture":"#1"}}},{"from":[7.14,8.088,1.36],"to":[7.86,8.52,2.08],"rotation":{"angle":-22.5,"axis":"z","origin":[0.5,4.38,6.52]},"faces":{"north":{"uv":[8.25,2,8.5,2.25],"texture":"#1"},"east":{"uv":[2.25,8.25,2.5,8.5],"texture":"#1"},"south":{"uv":[8.25,2.25,8.5,2.5],"texture":"#1"},"west":{"uv":[2.5,8.25,2.75,8.5],"texture":"#1"},"up":{"uv":[8.5,2.75,8.25,2.5],"texture":"#1"},"down":{"uv":[3,8.25,2.75,8.5],"texture":"#1"}}},{"from":[7,7.1,1.2],"to":[8,8.1,2.2],"rotation":{"angle":-22.5,"axis":"z","origin":[0.5,4.38,6.52]},"faces":{"north":{"uv":[8.25,2.75,8.5,3],"texture":"#1"},"east":{"uv":[3,8.25,3.25,8.5],"texture":"#1"},"south":{"uv":[8.25,3,8.5,3.25],"texture":"#1"},"west":{"uv":[3.25,8.25,3.5,8.5],"texture":"#1"},"up":{"uv":[8.5,3.5,8.25,3.25],"texture":"#1"},"down":{"uv":[3.75,8.25,3.5,8.5],"texture":"#1"}}},{"from":[7.14,6.688,1.36],"to":[7.86,7.52,2.08],"rotation":{"angle":-22.5,"axis":"z","origin":[0.5,4.38,6.52]},"faces":{"north":{"uv":[8.25,3.5,8.5,3.75],"texture":"#1"},"east":{"uv":[3.75,8.25,4,8.5],"texture":"#1"},"south":{"uv":[8.25,3.75,8.5,4],"texture":"#1"},"west":{"uv":[4,8.25,4.25,8.5],"texture":"#1"},"up":{"uv":[8.5,4.25,8.25,4],"texture":"#1"},"down":{"uv":[4.5,8.25,4.25,8.5],"texture":"#1"}}},{"from":[7.14,9.888,1.36],"to":[7.86,15.02,2.08],"rotation":{"angle":-22.5,"axis":"z","origin":[0.5,4.38,6.52]},"faces":{"north":{"uv":[1.75,6.25,2,7.5],"texture":"#1"},"east":{"uv":[2,6.25,2.25,7.5],"texture":"#1"},"south":{"uv":[2.25,6.25,2.5,7.5],"texture":"#1"},"west":{"uv":[2.5,6.25,2.75,7.5],"texture":"#1"},"up":{"uv":[8.5,4.5,8.25,4.25],"texture":"#1"},"down":{"uv":[4.75,8.25,4.5,8.5],"texture":"#1"}}},{"from":[7,8.9,1.2],"to":[8,14.6,2.2],"rotation":{"angle":-22.5,"axis":"z","origin":[0.5,4.38,6.52]},"faces":{"north":{"uv":[3.5,5.5,3.75,7],"texture":"#1"},"east":{"uv":[3.75,5.5,4,7],"texture":"#1"},"south":{"uv":[4,5.5,4.25,7],"texture":"#1"},"west":{"uv":[4.25,5.5,4.5,7],"texture":"#1"},"up":{"uv":[8.5,4.75,8.25,4.5],"texture":"#1"},"down":{"uv":[5,8.25,4.75,8.5],"texture":"#1"}}},{"from":[7.14,8.488,1.36],"to":[7.86,13.62,2.08],"rotation":{"angle":-22.5,"axis":"z","origin":[0.5,4.38,6.52]},"faces":{"north":{"uv":[2.75,6.25,3,7.5],"texture":"#1"},"east":{"uv":[3,6.25,3.25,7.5],"texture":"#1"},"south":{"uv":[6.25,3.25,6.5,4.5],"texture":"#1"},"west":{"uv":[6.25,5.75,6.5,7],"texture":"#1"},"up":{"uv":[8.5,5,8.25,4.75],"texture":"#1"},"down":{"uv":[5.25,8.25,5,8.5],"texture":"#1"}}},{"from":[7.1,5.3,1.3],"to":[7.9,6.3,2.1],"rotation":{"angle":-22.5,"axis":"z","origin":[0.5,4.38,6.52]},"faces":{"north":{"uv":[8.25,5,8.5,5.25],"texture":"#1"},"east":{"uv":[5.25,8.25,5.5,8.5],"texture":"#1"},"south":{"uv":[8.25,5.25,8.5,5.5],"texture":"#1"},"west":{"uv":[5.5,8.25,5.75,8.5],"texture":"#1"},"up":{"uv":[8.5,5.75,8.25,5.5],"texture":"#1"},"down":{"uv":[6,8.25,5.75,8.5],"texture":"#1"}}},{"from":[12.64,0.42,9.98],"to":[12.96,0.74,10.412],"rotation":{"angle":-22.5,"axis":"y","origin":[-6.5,4.38,7.52]},"faces":{"north":{"uv":[8.25,5.75,8.5,6],"texture":"#1"},"east":{"uv":[6,8.25,6.25,8.5],"texture":"#1"},"south":{"uv":[8.25,6,8.5,6.25],"texture":"#1"},"west":{"uv":[6.25,8.25,6.5,8.5],"texture":"#1"},"up":{"uv":[8.5,6.5,8.25,6.25],"texture":"#1"},"down":{"uv":[6.75,8.25,6.5,8.5],"texture":"#1"}}},{"from":[12.54,0.32,9.58],"to":[13.06,0.84,10.012],"rotation":{"angle":-22.5,"axis":"y","origin":[-6.5,4.38,7.52]},"faces":{"north":{"uv":[8.25,6.5,8.5,6.75],"texture":"#1"},"east":{"uv":[6.75,8.25,7,8.5],"texture":"#1"},"south":{"uv":[8.25,6.75,8.5,7],"texture":"#1"},"west":{"uv":[7,8.25,7.25,8.5],"texture":"#1"},"up":{"uv":[8.5,7.25,8.25,7],"texture":"#1"},"down":{"uv":[7.5,8.25,7.25,8.5],"texture":"#1"}}},{"from":[12.54,0.32,8.18],"to":[13.06,0.84,8.612],"rotation":{"angle":-22.5,"axis":"y","origin":[-6.5,4.38,7.52]},"faces":{"north":{"uv":[8.25,7.25,8.5,7.5],"texture":"#1"},"east":{"uv":[7.5,8.25,7.75,8.5],"texture":"#1"},"south":{"uv":[8.25,7.5,8.5,7.75],"texture":"#1"},"west":{"uv":[7.75,8.25,8,8.5],"texture":"#1"},"up":{"uv":[8.5,8,8.25,7.75],"texture":"#1"},"down":{"uv":[8.25,8.25,8,8.5],"texture":"#1"}}},{"from":[12.44,0.22,6.38],"to":[13.16,0.94,6.812],"rotation":{"angle":-22.5,"axis":"y","origin":[-6.5,4.38,7.52]},"faces":{"north":{"uv":[8.25,8,8.5,8.25],"texture":"#1"},"east":{"uv":[8.25,8.25,8.5,8.5],"texture":"#1"},"south":{"uv":[0,8.5,0.25,8.75],"texture":"#1"},"west":{"uv":[8.5,0,8.75,0.25],"texture":"#1"},"up":{"uv":[0.5,8.75,0.25,8.5],"texture":"#1"},"down":{"uv":[8.75,0.25,8.5,0.5],"texture":"#1"}}},{"from":[12.3,0.06,6.8],"to":[13.3,1.06,7.8],"rotation":{"angle":-22.5,"axis":"y","origin":[-6.5,4.38,7.52]},"faces":{"north":{"uv":[0.5,8.5,0.75,8.75],"texture":"#1"},"east":{"uv":[8.5,0.5,8.75,0.75],"texture":"#1"},"south":{"uv":[0.75,8.5,1,8.75],"texture":"#1"},"west":{"uv":[8.5,0.75,8.75,1],"texture":"#1"},"up":{"uv":[1.25,8.75,1,8.5],"texture":"#1"},"down":{"uv":[8.75,1,8.5,1.25],"texture":"#1"}}},{"from":[12.44,0.22,7.38],"to":[13.16,0.94,8.212],"rotation":{"angle":-22.5,"axis":"y","origin":[-6.5,4.38,7.52]},"faces":{"north":{"uv":[1.25,8.5,1.5,8.75],"texture":"#1"},"east":{"uv":[8.5,1.25,8.75,1.5],"texture":"#1"},"south":{"uv":[1.5,8.5,1.75,8.75],"texture":"#1"},"west":{"uv":[8.5,1.5,8.75,1.75],"texture":"#1"},"up":{"uv":[2,8.75,1.75,8.5],"texture":"#1"},"down":{"uv":[8.75,1.75,8.5,2],"texture":"#1"}}},{"from":[12.44,0.22,-0.12],"to":[13.16,0.94,5.012],"rotation":{"angle":-22.5,"axis":"y","origin":[-6.5,4.38,7.52]},"faces":{"north":{"uv":[2,8.5,2.25,8.75],"texture":"#1"},"east":{"uv":[5.5,5,6.75,5.25],"texture":"#1"},"south":{"uv":[8.5,2,8.75,2.25],"texture":"#1"},"west":{"uv":[5.5,5.25,6.75,5.5],"texture":"#1"},"up":{"uv":[6.75,4.5,6.5,3.25],"texture":"#1"},"down":{"uv":[4.75,6.5,4.5,7.75],"texture":"#1"}}},{"from":[12.3,0.06,0.3],"to":[13.3,1.06,6],"rotation":{"angle":-22.5,"axis":"y","origin":[-6.5,4.38,7.52]},"faces":{"north":{"uv":[2.25,8.5,2.5,8.75],"texture":"#1"},"east":{"uv":[5.5,4.75,7,5],"texture":"#1"},"south":{"uv":[8.5,2.25,8.75,2.5],"texture":"#1"},"west":{"uv":[5,5.5,6.5,5.75],"texture":"#1"},"up":{"uv":[6,4.75,5.75,3.25],"texture":"#1"},"down":{"uv":[5.25,5.75,5,7.25],"texture":"#1"}}},{"from":[12.44,0.22,1.28],"to":[13.16,0.94,6.412],"rotation":{"angle":-22.5,"axis":"y","origin":[-6.5,4.38,7.52]},"faces":{"north":{"uv":[2.5,8.5,2.75,8.75],"texture":"#1"},"east":{"uv":[6,1,7.25,1.25],"texture":"#1"},"south":{"uv":[8.5,2.5,8.75,2.75],"texture":"#1"},"west":{"uv":[6,1.25,7.25,1.5],"texture":"#1"},"up":{"uv":[5,7.75,4.75,6.5],"texture":"#1"},"down":{"uv":[6.75,5.5,6.5,6.75],"texture":"#1"}}},{"from":[12.4,0.16,8.6],"to":[13.2,0.96,9.6],"rotation":{"angle":-22.5,"axis":"y","origin":[-6.5,4.38,7.52]},"faces":{"north":{"uv":[2.75,8.5,3,8.75],"texture":"#1"},"east":{"uv":[8.5,2.75,8.75,3],"texture":"#1"},"south":{"uv":[3,8.5,3.25,8.75],"texture":"#1"},"west":{"uv":[8.5,3,8.75,3.25],"texture":"#1"},"up":{"uv":[3.5,8.75,3.25,8.5],"texture":"#1"},"down":{"uv":[8.75,3.25,8.5,3.5],"texture":"#1"}}},{"from":[7,1,0],"to":[10,5,3],"faces":{"north":{"uv":[3,1.5,3.75,2.5],"texture":"#1"},"east":{"uv":[3.75,1.5,4.5,2.5],"texture":"#1"},"south":{"uv":[4.5,0,5.25,1],"texture":"#1"},"west":{"uv":[4.5,1,5.25,2],"texture":"#1"},"up":{"uv":[6,1.75,5.25,1],"texture":"#1"},"down":{"uv":[1.75,5.5,1,6.25],"texture":"#1"}}},{"from":[7,0,0],"to":[10,1,3],"faces":{"north":{"uv":[6,1.5,6.75,1.75],"texture":"#1"},"east":{"uv":[6.25,4.5,7,4.75],"texture":"#1"},"south":{"uv":[6.75,1.5,7.5,1.75],"texture":"#1"},"west":{"uv":[6.75,1.75,7.5,2],"texture":"#1"},"up":{"uv":[2.5,6.25,1.75,5.5],"texture":"#1"},"down":{"uv":[3.25,5.5,2.5,6.25],"texture":"#1"}}},{"from":[6,1,0],"to":[7,7,3],"faces":{"north":{"uv":[5.25,5.75,5.5,7.25],"texture":"#1"},"east":{"uv":[3,0,3.75,1.5],"texture":"#1"},"south":{"uv":[5.5,5.75,5.75,7.25],"texture":"#1"},"west":{"uv":[3.75,0,4.5,1.5],"texture":"#1"},"up":{"uv":[7,4,6.75,3.25],"texture":"#1"},"down":{"uv":[7,5,6.75,5.75],"texture":"#1"}}},{"from":[7,1,-1],"to":[10,7,0],"faces":{"north":{"uv":[0,4,0.75,5.5],"texture":"#1"},"east":{"uv":[5.75,5.75,6,7.25],"texture":"#1"},"south":{"uv":[0.75,4,1.5,5.5],"texture":"#1"},"west":{"uv":[6,3.25,6.25,4.75],"texture":"#1"},"up":{"uv":[7.5,4.25,6.75,4],"texture":"#1"},"down":{"uv":[7.5,4.25,6.75,4.5],"texture":"#1"}}},{"from":[10,1,0],"to":[11,7,3],"faces":{"north":{"uv":[6,5.75,6.25,7.25],"texture":"#1"},"east":{"uv":[1.5,4,2.25,5.5],"texture":"#1"},"south":{"uv":[1,6.25,1.25,7.75],"texture":"#1"},"west":{"uv":[2.25,4,3,5.5],"texture":"#1"},"up":{"uv":[7,6.5,6.75,5.75],"texture":"#1"},"down":{"uv":[6.75,6.75,6.5,7.5],"texture":"#1"}}},{"from":[7,1,3],"to":[10,7,4],"faces":{"north":{"uv":[3,4,3.75,5.5],"texture":"#1"},"east":{"uv":[1.25,6.25,1.5,7.75],"texture":"#1"},"south":{"uv":[3.75,4,4.5,5.5],"texture":"#1"},"west":{"uv":[1.5,6.25,1.75,7.75],"texture":"#1"},"up":{"uv":[7.5,6.75,6.75,6.5],"texture":"#1"},"down":{"uv":[7.5,6.75,6.75,7],"texture":"#1"}}}],"display":{"thirdperson_righthand":{"rotation":[75,-109,0],"translation":[0.75,2.5,3.5],"scale":[0.5,0.5,0.5]},"thirdperson_lefthand":{"rotation":[75,-25,0],"translation":[0.75,2.5,3.5],"scale":[0.5,0.5,0.5]},"firstperson_righthand":{"rotation":[0,-150,0],"translation":[-0.5,3,0],"scale":[0.4,0.4,0.4]},"firstperson_lefthand":{"rotation":[0,25,0],"translation":[-0.5,3,0],"scale":[0.4,0.4,0.4]},"ground":{"translation":[0,4,0]},"gui":{"rotation":[30,225,0],"translation":[0,2.5,0],"scale":[0.625,0.625,0.625]},"head":{"rotation":[0,90,0],"translation":[0,14.5,0]},"fixed":{"rotation":[-90,0,0],"translation":[0,0,-17],"scale":[2,2,2]}},"groups":[{"name":"Paint","origin":[8,8,8],"color":0,"children":[0,1,2,3,4,5,6,7,8,9]},{"name":"Case","origin":[8,8,8],"color":0,"children":[10,11,12,13,14,15,16,17,18,19,20,21,22,23,24,25,26]},{"name":"Brush","origin":[8,8,8],"color":0,"children":[27,28,29,30,31,32,33,34,35,36]},{"name":"Brush2","origin":[8,8,8],"color":0,"children":[37,38,39,40,41,42,43,44,45,46]},{"name":"Cup","origin":[8,8,8],"color":0,"children":[47,48,49,50,51,52]}]}