{"credit":"MadewithBlockbench","textures":{"0":"decorations:horse_carriage","particle":"decorations:horse_carriage"},"elements":[{"from":[-2.9,0,1],"to":[-1,4,15.7],"rotation":{"angle":0,"axis":"y","origin":[13,8,8]},"faces":{"north":{"uv":[4.3375,11.2375,7.4125,12.4875],"texture":"#0"},"east":{"uv":[4.3375,11.2375,7.4125,12.4875],"texture":"#0"},"south":{"uv":[4.3375,11.2375,7.4125,12.4875],"texture":"#0"},"west":{"uv":[4.3375,11.2375,7.4125,12.4875],"texture":"#0"},"up":{"uv":[4.3375,11.2375,5.0375,12.4875],"texture":"#0"},"down":{"uv":[4.3375,11.2375,7.4125,12.4875],"texture":"#0"}}},{"from":[-2.9,4,-1],"to":[-1,7.3,16.9],"rotation":{"angle":0,"axis":"y","origin":[13,8,8]},"faces":{"north":{"uv":[4.35,10.0125,7.425,11.2625],"texture":"#0"},"east":{"uv":[4.35,10.0125,7.425,11.2625],"texture":"#0"},"south":{"uv":[4.35,10.0125,7.425,11.2625],"texture":"#0"},"west":{"uv":[4.35,10.0125,7.425,11.2625],"texture":"#0"},"up":{"uv":[4.225,10.1375,7.35,10.5875],"rotation":90,"texture":"#0"},"down":{"uv":[4.35,10.0125,7.425,11.2625],"texture":"#0"}}},{"from":[-1,0,1.7],"to":[28.9,2,14.7],"rotation":{"angle":0,"axis":"y","origin":[13,8,8]},"faces":{"east":{"uv":[15,15.875,15.4625,11.8875],"rotation":90,"texture":"#0"},"up":{"uv":[0.25,12.5,7.75,15.5],"texture":"#0"},"down":{"uv":[0.25,12.375,7.75,15.375],"texture":"#0"}}},{"from":[27,-3,14],"to":[29,0,16],"rotation":{"angle":0,"axis":"y","origin":[43,8,8]},"faces":{"north":{"uv":[15.5,11.875,15,13.125],"texture":"#0"},"east":{"uv":[15.5,11.875,15,13.125],"texture":"#0"},"south":{"uv":[15.5,11.875,15,13.125],"texture":"#0"},"west":{"uv":[15.5,11.875,15,13.125],"texture":"#0"},"up":{"uv":[15.5,11.875,15,13.125],"texture":"#0"},"down":{"uv":[15.5,11.875,15,13.125],"texture":"#0"}}},{"from":[-3,-3,14],"to":[-1,0,16],"rotation":{"angle":0,"axis":"y","origin":[13,8,8]},"faces":{"north":{"uv":[15.5,11.875,15,13.125],"texture":"#0"},"east":{"uv":[15.5,11.875,15,13.125],"texture":"#0"},"south":{"uv":[15.5,11.875,15,13.125],"texture":"#0"},"west":{"uv":[15.5,11.875,15,13.125],"texture":"#0"},"up":{"uv":[15.5,11.875,15,13.125],"texture":"#0"},"down":{"uv":[15.5,11.875,15,13.125],"texture":"#0"}}},{"from":[27,-3,0.6],"to":[29,0,2.6],"rotation":{"angle":0,"axis":"y","origin":[43,8,8]},"faces":{"north":{"uv":[15.5,11.875,15,13.125],"texture":"#0"},"east":{"uv":[15.5,11.875,15,13.125],"texture":"#0"},"south":{"uv":[15.5,11.875,15,13.125],"texture":"#0"},"west":{"uv":[15.5,11.875,15,13.125],"texture":"#0"},"up":{"uv":[15.5,11.875,15,13.125],"texture":"#0"},"down":{"uv":[15.5,11.875,15,13.125],"texture":"#0"}}},{"from":[-3,-3,0.5],"to":[-1,0,2.5],"rotation":{"angle":0,"axis":"y","origin":[13,8,8]},"faces":{"north":{"uv":[15.5,11.875,15,13.125],"texture":"#0"},"east":{"uv":[15.5,11.875,15,13.125],"texture":"#0"},"south":{"uv":[15.5,11.875,15,13.125],"texture":"#0"},"west":{"uv":[15.5,11.875,15,13.125],"texture":"#0"},"up":{"uv":[15.5,11.875,15,13.125],"texture":"#0"},"down":{"uv":[15.5,11.875,15,13.125],"texture":"#0"}}},{"from":[-2,8.8,-0.3],"to":[-2,10.3,16.9],"rotation":{"angle":0,"axis":"y","origin":[13,8,8]},"faces":{"north":{"uv":[4.2125,9.2375,7.5875,9.6375],"texture":"#0"},"east":{"uv":[4.2125,9.2375,7.5875,9.6375],"texture":"#0"},"south":{"uv":[4.2125,9.2375,7.5875,9.6375],"texture":"#0"},"west":{"uv":[4.2125,9.2375,7.5875,9.6375],"texture":"#0"},"up":{"uv":[4.2125,9.2375,7.5875,9.6375],"texture":"#0"},"down":{"uv":[4.2125,9.2375,7.5875,9.6375],"texture":"#0"}}},{"from":[-2,-2.5,1.5],"to":[-2,-1,14.5],"rotation":{"angle":0,"axis":"y","origin":[13,8,8]},"faces":{"north":{"uv":[4.25,9.25,7.5,9.625],"texture":"#0"},"east":{"uv":[4.25,9.25,7.5,9.625],"texture":"#0"},"south":{"uv":[4.25,9.25,7.5,9.625],"texture":"#0"},"west":{"uv":[4.25,9.25,7.5,9.625],"texture":"#0"},"up":{"uv":[4.25,9.25,7.5,9.625],"texture":"#0"},"down":{"uv":[4.25,9.25,7.5,9.625],"texture":"#0"}}},{"from":[28,-2.5,1.5],"to":[28,-1,14.5],"rotation":{"angle":0,"axis":"y","origin":[43,8,8]},"faces":{"north":{"uv":[4.25,9.25,7.5,9.625],"texture":"#0"},"east":{"uv":[4.25,9.25,7.5,9.625],"texture":"#0"},"south":{"uv":[4.25,9.25,7.5,9.625],"texture":"#0"},"west":{"uv":[4.25,9.25,7.5,9.625],"texture":"#0"},"up":{"uv":[4.25,9.25,7.5,9.625],"texture":"#0"},"down":{"uv":[4.25,9.25,7.5,9.625],"texture":"#0"}}},{"from":[-1,8.8,17.8],"to":[12,10.3,17.8],"rotation":{"angle":0,"axis":"y","origin":[13,8,8.5]},"faces":{"north":{"uv":[4.25,9.25,7.5,9.625],"texture":"#0"},"east":{"uv":[4.25,9.25,7.5,9.625],"texture":"#0"},"south":{"uv":[4.25,9.25,7.5,9.625],"texture":"#0"},"west":{"uv":[4.25,9.25,7.5,9.625],"texture":"#0"},"up":{"uv":[4.25,9.25,7.5,9.625],"texture":"#0"},"down":{"uv":[4.25,9.25,7.5,9.625],"texture":"#0"}}},{"from":[-3,6.62567,16.90923],"to":[-1,11.62567,18.90923],"rotation":{"angle":0,"axis":"y","origin":[13,7.82567,8.70923]},"faces":{"north":{"uv":[15.5,11.875,15,13.125],"texture":"#0"},"east":{"uv":[15.5,11.875,15,13.125],"texture":"#0"},"south":{"uv":[15.5,11.875,15,13.125],"texture":"#0"},"west":{"uv":[15.5,11.875,15,13.125],"texture":"#0"},"up":{"uv":[8,12,7.5,12.5],"texture":"#0"},"down":{"uv":[15.5,11.875,15,13.125],"texture":"#0"}}},{"from":[27,2.5891,16.58369],"to":[29,10.5891,18.58369],"rotation":{"angle":22.5,"axis":"x","origin":[13,7.7891,8.78369]},"faces":{"north":{"uv":[15.5,11.875,15,13.125],"texture":"#0"},"east":{"uv":[15.5,11.875,15,13.125],"texture":"#0"},"south":{"uv":[15.5,11.875,15,13.125],"texture":"#0"},"west":{"uv":[15.5,11.875,15,13.125],"texture":"#0"},"up":{"uv":[15.5,11.875,15,13.125],"texture":"#0"},"down":{"uv":[15.5,11.875,15,13.125],"texture":"#0"}}},{"from":[12,2.5891,16.58369],"to":[14,10.5891,18.58369],"rotation":{"angle":22.5,"axis":"x","origin":[13,7.7891,8.78369]},"faces":{"north":{"uv":[15.5,11.875,15,13.125],"texture":"#0"},"east":{"uv":[15.5,11.875,15,13.125],"texture":"#0"},"south":{"uv":[15.5,11.875,15,13.125],"texture":"#0"},"west":{"uv":[15.5,11.875,15,13.125],"texture":"#0"},"up":{"uv":[15.5,11.875,15,13.125],"texture":"#0"},"down":{"uv":[15.5,11.875,15,13.125],"texture":"#0"}}},{"from":[-3,2.5891,16.58369],"to":[-1,10.5891,18.58369],"rotation":{"angle":22.5,"axis":"x","origin":[13,7.7891,8.78369]},"faces":{"north":{"uv":[15.5,11.875,15,13.125],"texture":"#0"},"east":{"uv":[15.5,11.875,15,13.125],"texture":"#0"},"south":{"uv":[15.5,11.875,15,13.125],"texture":"#0"},"west":{"uv":[15.5,11.875,15,13.125],"texture":"#0"},"up":{"uv":[15.5,11.875,15,13.125],"texture":"#0"},"down":{"uv":[15.5,11.875,15,13.125],"texture":"#0"}}},{"from":[27,6.62567,16.90923],"to":[29,11.62567,18.90923],"rotation":{"angle":0,"axis":"y","origin":[13,7.82567,8.70923]},"faces":{"north":{"uv":[15.5,11.875,15,13.125],"texture":"#0"},"east":{"uv":[15.5,11.875,15,13.125],"texture":"#0"},"south":{"uv":[15.5,11.875,15,13.125],"texture":"#0"},"west":{"uv":[15.5,11.875,15,13.125],"texture":"#0"},"up":{"uv":[8,12,7.5,12.5],"texture":"#0"},"down":{"uv":[15.5,11.875,15,13.125],"texture":"#0"}}},{"from":[14,8.8,17.9],"to":[27,10.3,17.9],"rotation":{"angle":0,"axis":"y","origin":[28,8,8.5]},"faces":{"north":{"uv":[4.25,9.25,7.5,9.625],"texture":"#0"},"east":{"uv":[4.25,9.25,7.5,9.625],"texture":"#0"},"south":{"uv":[4.25,9.25,7.5,9.625],"texture":"#0"},"west":{"uv":[4.25,9.25,7.5,9.625],"texture":"#0"},"up":{"uv":[4.25,9.25,7.5,9.625],"texture":"#0"},"down":{"uv":[4.25,9.25,7.5,9.625],"texture":"#0"}}},{"from":[-1.1,5.8,16.7],"to":[12,8.2,18.5],"rotation":{"angle":22.5,"axis":"x","origin":[13,8,8.5]},"faces":{"north":{"uv":[7.5,10.875,4.25,11.75],"texture":"#0"},"east":{"uv":[7.5,10.875,4.25,11.75],"texture":"#0"},"south":{"uv":[7.5,10.875,4.25,11.75],"texture":"#0"},"west":{"uv":[7.5,10.875,4.25,11.75],"texture":"#0"},"up":{"uv":[7.5,10.875,4.25,11.75],"texture":"#0"},"down":{"uv":[7.5,10.875,4.25,11.75],"texture":"#0"}}},{"from":[-1.1,2.8,16.7],"to":[12,5.2,18.5],"rotation":{"angle":22.5,"axis":"x","origin":[13,8,8.5]},"faces":{"north":{"uv":[7.5,10,4.25,10.875],"texture":"#0"},"east":{"uv":[7.5,10,4.25,10.875],"texture":"#0"},"south":{"uv":[7.5,10,4.25,10.875],"texture":"#0"},"west":{"uv":[7.5,10,4.25,10.875],"texture":"#0"},"up":{"uv":[7.5,10,4.25,10.875],"texture":"#0"},"down":{"uv":[7.5,10,4.25,10.875],"texture":"#0"}}},{"from":[-1.1,8.7,16.7],"to":[12,10.7,18.5],"rotation":{"angle":22.5,"axis":"x","origin":[13,8,8.5]},"faces":{"north":{"uv":[7.5,10.875,4.25,11.75],"texture":"#0"},"east":{"uv":[7.5,10.875,4.25,11.75],"texture":"#0"},"south":{"uv":[7.5,10.875,4.25,11.75],"texture":"#0"},"west":{"uv":[7.5,10.875,4.25,11.75],"texture":"#0"},"up":{"uv":[7.5,10.875,4.25,11.75],"texture":"#0"},"down":{"uv":[7.5,10.875,4.25,11.75],"texture":"#0"}}},{"from":[13.4,2.8,16.7],"to":[28.4,5.2,18.5],"rotation":{"angle":22.5,"axis":"x","origin":[13,8,8.5]},"faces":{"north":{"uv":[7.5,10,4.25,10.875],"texture":"#0"},"east":{"uv":[7.5,10,4.25,10.875],"texture":"#0"},"south":{"uv":[7.5,10,4.25,10.875],"texture":"#0"},"west":{"uv":[7.5,10,4.25,10.875],"texture":"#0"},"up":{"uv":[7.5,10,4.25,10.875],"texture":"#0"},"down":{"uv":[7.5,10,4.25,10.875],"texture":"#0"}}},{"from":[13.4,8.7,16.7],"to":[28.4,10.7,18.6],"rotation":{"angle":22.5,"axis":"x","origin":[13,8,8.5]},"faces":{"north":{"uv":[7.5,10.875,4.25,11.75],"texture":"#0"},"east":{"uv":[7.5,10.875,4.25,11.75],"texture":"#0"},"south":{"uv":[7.5,10.875,4.25,11.75],"texture":"#0"},"west":{"uv":[7.5,10.875,4.25,11.75],"texture":"#0"},"up":{"uv":[7.5,10.875,4.25,11.75],"texture":"#0"},"down":{"uv":[7.5,10.875,4.25,11.75],"texture":"#0"}}},{"from":[13.4,5.8,16.8],"to":[28.4,8.2,18.5],"rotation":{"angle":22.5,"axis":"x","origin":[13,8,8.5]},"faces":{"north":{"uv":[7.5,10.875,4.25,11.75],"texture":"#0"},"east":{"uv":[7.5,10.875,4.25,11.75],"texture":"#0"},"south":{"uv":[7.5,10.875,4.25,11.75],"texture":"#0"},"west":{"uv":[7.5,10.875,4.25,11.75],"texture":"#0"},"up":{"uv":[7.5,10.875,4.25,11.75],"texture":"#0"},"down":{"uv":[7.5,10.875,4.25,11.75],"texture":"#0"}}},{"from":[12,6.62567,16.90923],"to":[14,11.62567,18.90923],"rotation":{"angle":0,"axis":"y","origin":[13,7.82567,8.70923]},"faces":{"north":{"uv":[15.5,11.875,15,13.125],"texture":"#0"},"east":{"uv":[15.5,11.875,15,13.125],"texture":"#0"},"south":{"uv":[15.5,11.875,15,13.125],"texture":"#0"},"west":{"uv":[15.5,11.875,15,13.125],"texture":"#0"},"up":{"uv":[8,12,7.5,12.5],"texture":"#0"},"down":{"uv":[15.5,11.875,15,13.125],"texture":"#0"}}},{"from":[-1,8.8,-1.2],"to":[12,10.3,-1.2],"rotation":{"angle":0,"axis":"y","origin":[13,8,8.1]},"faces":{"north":{"uv":[4.25,9.25,7.5,9.625],"texture":"#0"},"east":{"uv":[4.25,9.25,7.5,9.625],"texture":"#0"},"south":{"uv":[4.25,9.25,7.5,9.625],"texture":"#0"},"west":{"uv":[4.25,9.25,7.5,9.625],"texture":"#0"},"up":{"uv":[4.25,9.25,7.5,9.625],"texture":"#0"},"down":{"uv":[4.25,9.25,7.5,9.625],"texture":"#0"}}},{"from":[-3,6.62567,-2.30923],"to":[-1,11.62567,-0.30923],"rotation":{"angle":0,"axis":"y","origin":[13,7.82567,7.89077]},"faces":{"north":{"uv":[15.5,11.875,15,13.125],"texture":"#0"},"east":{"uv":[15.5,11.875,15,13.125],"texture":"#0"},"south":{"uv":[15.5,11.875,15,13.125],"texture":"#0"},"west":{"uv":[15.5,11.875,15,13.125],"texture":"#0"},"up":{"uv":[8,12,7.5,12.5],"texture":"#0"},"down":{"uv":[15.5,11.875,15,13.125],"texture":"#0"}}},{"from":[27,2.5891,-1.98369],"to":[29,10.5891,0.01631],"rotation":{"angle":-22.5,"axis":"x","origin":[13,7.7891,7.81631]},"faces":{"north":{"uv":[15.5,11.875,15,13.125],"texture":"#0"},"east":{"uv":[15.5,11.875,15,13.125],"texture":"#0"},"south":{"uv":[15.5,11.875,15,13.125],"texture":"#0"},"west":{"uv":[15.5,11.875,15,13.125],"texture":"#0"},"up":{"uv":[15.5,11.875,15,13.125],"texture":"#0"},"down":{"uv":[15.5,11.875,15,13.125],"texture":"#0"}}},{"from":[12,2.5891,-1.98369],"to":[14,10.5891,0.01631],"rotation":{"angle":-22.5,"axis":"x","origin":[13,7.7891,7.81631]},"faces":{"north":{"uv":[15.5,11.875,15,13.125],"texture":"#0"},"east":{"uv":[15.5,11.875,15,13.125],"texture":"#0"},"south":{"uv":[15.5,11.875,15,13.125],"texture":"#0"},"west":{"uv":[15.5,11.875,15,13.125],"texture":"#0"},"up":{"uv":[15.5,11.875,15,13.125],"texture":"#0"},"down":{"uv":[15.5,11.875,15,13.125],"texture":"#0"}}},{"from":[-3,2.5891,-1.98369],"to":[-1,10.5891,0.01631],"rotation":{"angle":-22.5,"axis":"x","origin":[13,7.7891,7.81631]},"faces":{"north":{"uv":[15.5,11.875,15,13.125],"texture":"#0"},"east":{"uv":[15.5,11.875,15,13.125],"texture":"#0"},"south":{"uv":[15.5,11.875,15,13.125],"texture":"#0"},"west":{"uv":[15.5,11.875,15,13.125],"texture":"#0"},"up":{"uv":[15.5,11.875,15,13.125],"texture":"#0"},"down":{"uv":[15.5,11.875,15,13.125],"texture":"#0"}}},{"from":[27,6.62567,-2.30923],"to":[29,11.62567,-0.30923],"rotation":{"angle":0,"axis":"y","origin":[13,7.82567,7.89077]},"faces":{"north":{"uv":[15.5,11.875,15,13.125],"texture":"#0"},"east":{"uv":[15.5,11.875,15,13.125],"texture":"#0"},"south":{"uv":[15.5,11.875,15,13.125],"texture":"#0"},"west":{"uv":[15.5,11.875,15,13.125],"texture":"#0"},"up":{"uv":[8,12,7.5,12.5],"texture":"#0"},"down":{"uv":[15.5,11.875,15,13.125],"texture":"#0"}}},{"from":[14,8.8,-1.3],"to":[27,10.3,-1.3],"rotation":{"angle":0,"axis":"y","origin":[28,8,8.1]},"faces":{"north":{"uv":[4.25,9.25,7.5,9.625],"texture":"#0"},"east":{"uv":[4.25,9.25,7.5,9.625],"texture":"#0"},"south":{"uv":[4.25,9.25,7.5,9.625],"texture":"#0"},"west":{"uv":[4.25,9.25,7.5,9.625],"texture":"#0"},"up":{"uv":[4.25,9.25,7.5,9.625],"texture":"#0"},"down":{"uv":[4.25,9.25,7.5,9.625],"texture":"#0"}}},{"from":[-1,5.8,-1.9],"to":[12,8.2,-0.1],"rotation":{"angle":-22.5,"axis":"x","origin":[13,8,8.1]},"faces":{"north":{"uv":[7.5,10.875,4.25,11.75],"texture":"#0"},"east":{"uv":[7.5,10.875,4.25,11.75],"texture":"#0"},"south":{"uv":[7.5,10.875,4.25,11.75],"texture":"#0"},"west":{"uv":[7.5,10.875,4.25,11.75],"texture":"#0"},"up":{"uv":[7.5,10.875,4.25,11.75],"texture":"#0"},"down":{"uv":[7.5,10.875,4.25,11.75],"texture":"#0"}}},{"from":[-1,2.8,-1.9],"to":[12,5.2,-0.1],"rotation":{"angle":-22.5,"axis":"x","origin":[13,8,8.1]},"faces":{"north":{"uv":[7.5,10.875,4.25,11.75],"texture":"#0"},"east":{"uv":[7.5,10.875,4.25,11.75],"texture":"#0"},"south":{"uv":[7.5,10.875,4.25,11.75],"texture":"#0"},"west":{"uv":[7.5,10.875,4.25,11.75],"texture":"#0"},"up":{"uv":[7.5,10.875,4.25,11.75],"texture":"#0"},"down":{"uv":[7.5,10.875,4.25,11.75],"texture":"#0"}}},{"from":[-1,8.7,-1.8],"to":[12,10.7,0],"rotation":{"angle":-22.5,"axis":"x","origin":[13,8,8.1]},"faces":{"north":{"uv":[7.5,10.875,4.25,11.75],"texture":"#0"},"east":{"uv":[7.5,10.875,4.25,11.75],"texture":"#0"},"south":{"uv":[7.5,10.875,4.25,11.75],"texture":"#0"},"west":{"uv":[7.5,10.875,4.25,11.75],"texture":"#0"},"up":{"uv":[7.5,10.875,4.25,11.75],"texture":"#0"},"down":{"uv":[7.5,10.875,4.25,11.75],"texture":"#0"}}},{"from":[13.4,2.8,-1.9],"to":[28.4,5.2,-0.1],"rotation":{"angle":-22.5,"axis":"x","origin":[13,8,8.1]},"faces":{"north":{"uv":[7.5,10.875,4.25,11.75],"texture":"#0"},"east":{"uv":[7.5,10.875,4.25,11.75],"texture":"#0"},"south":{"uv":[7.5,10.875,4.25,11.75],"texture":"#0"},"west":{"uv":[7.5,10.875,4.25,11.75],"texture":"#0"},"up":{"uv":[7.5,10.875,4.25,11.75],"texture":"#0"},"down":{"uv":[7.5,10.875,4.25,11.75],"texture":"#0"}}},{"from":[13.4,8.7,-1.9],"to":[28.4,10.7,-0.1],"rotation":{"angle":-22.5,"axis":"x","origin":[13,8,8.1]},"faces":{"north":{"uv":[7.5,10.875,4.25,11.75],"texture":"#0"},"east":{"uv":[7.5,10.875,4.25,11.75],"texture":"#0"},"south":{"uv":[7.5,10.875,4.25,11.75],"texture":"#0"},"west":{"uv":[7.5,10.875,4.25,11.75],"texture":"#0"},"up":{"uv":[7.5,10.875,4.25,11.75],"texture":"#0"},"down":{"uv":[7.5,10.875,4.25,11.75],"texture":"#0"}}},{"from":[13.4,5.8,-1.9],"to":[28.4,8.2,-0.1],"rotation":{"angle":-22.5,"axis":"x","origin":[13,8,8.1]},"faces":{"north":{"uv":[7.5,10.875,4.25,11.75],"texture":"#0"},"east":{"uv":[7.5,10.875,4.25,11.75],"texture":"#0"},"south":{"uv":[7.5,10.875,4.25,11.75],"texture":"#0"},"west":{"uv":[7.5,10.875,4.25,11.75],"texture":"#0"},"up":{"uv":[7.5,10.875,4.25,11.75],"texture":"#0"},"down":{"uv":[7.5,10.875,4.25,11.75],"texture":"#0"}}},{"from":[12,6.62567,-2.30923],"to":[14,11.62567,-0.30923],"rotation":{"angle":0,"axis":"y","origin":[13,7.82567,7.89077]},"faces":{"north":{"uv":[15.5,11.875,15,13.125],"texture":"#0"},"east":{"uv":[15.5,11.875,15,13.125],"texture":"#0"},"south":{"uv":[15.5,11.875,15,13.125],"texture":"#0"},"west":{"uv":[15.5,11.875,15,13.125],"texture":"#0"},"up":{"uv":[8,12,7.5,12.5],"texture":"#0"},"down":{"uv":[15.5,11.875,15,13.125],"texture":"#0"}}},{"from":[-16,1.5,2.6],"to":[-2,3.5,3.6],"rotation":{"angle":0,"axis":"y","origin":[13,8,8]},"faces":{"north":{"uv":[15,15.125,15.5,11.625],"rotation":270,"texture":"#0"},"east":{"uv":[15,15.375,15.5,11.875],"rotation":90,"texture":"#0"},"south":{"uv":[15,15.125,15.5,11.625],"rotation":90,"texture":"#0"},"west":{"uv":[7.5,12.5,8,12],"rotation":90,"texture":"#0"},"up":{"uv":[15,15.125,15.5,11.625],"rotation":90,"texture":"#0"},"down":{"uv":[15,15.125,15.5,11.625],"rotation":90,"texture":"#0"}}},{"from":[-16,1.5,12.6],"to":[-2,3.5,13.6],"rotation":{"angle":0,"axis":"y","origin":[13,8,8]},"faces":{"north":{"uv":[15,15.875,15.5,11.625],"rotation":270,"texture":"#0"},"east":{"uv":[15,15.375,15.5,11.875],"rotation":90,"texture":"#0"},"south":{"uv":[15,15.875,15.5,11.625],"rotation":90,"texture":"#0"},"west":{"uv":[7.5,12.5,8,12],"rotation":90,"texture":"#0"},"up":{"uv":[15,15.125,15.5,11.625],"rotation":90,"texture":"#0"},"down":{"uv":[15,15.875,15.5,11.625],"rotation":90,"texture":"#0"}}},{"from":[-1,-2.5,1.6],"to":[27,-1,1.6],"faces":{"north":{"uv":[4.25,9.25,7.5,9.625],"texture":"#0"},"east":{"uv":[4.25,9.25,7.5,9.625],"texture":"#0"},"south":{"uv":[4.25,9.25,7.5,9.625],"texture":"#0"},"west":{"uv":[4.25,9.25,7.5,9.625],"texture":"#0"},"up":{"uv":[4.25,9.25,7.5,9.625],"texture":"#0"},"down":{"uv":[4.25,9.25,7.5,9.625],"texture":"#0"}}},{"from":[-1,-2.5,14.9],"to":[27,-1,14.9],"faces":{"north":{"uv":[4.25,9.25,7.5,9.625],"texture":"#0"},"east":{"uv":[4.25,9.25,7.5,9.625],"texture":"#0"},"south":{"uv":[4.25,9.25,7.5,9.625],"texture":"#0"},"west":{"uv":[4.25,9.25,7.5,9.625],"texture":"#0"},"up":{"uv":[4.25,9.25,7.5,9.625],"texture":"#0"},"down":{"uv":[4.25,9.25,7.5,9.625],"texture":"#0"}}},{"from":[-5.52132,-3.77868,-1.1],"to":[-4.52132,-0.77868,-0.1],"rotation":{"angle":0,"axis":"z","origin":[-5.02132,-2.27868,-0.6]},"faces":{"north":{"uv":[8.125,12.25,11.875,12.75],"rotation":270,"texture":"#0"},"east":{"uv":[8.125,12.25,11.875,12.75],"rotation":270,"texture":"#0"},"south":{"uv":[8.125,12.25,11.875,12.75],"rotation":270,"texture":"#0"},"west":{"uv":[8.125,12.25,11.875,12.75],"rotation":270,"texture":"#0"},"up":{"uv":[8.125,12.25,11.875,12.75],"rotation":270,"texture":"#0"},"down":{"uv":[8.125,12.25,11.875,12.75],"rotation":270,"texture":"#0"}}},{"from":[-2.52132,-1.77868,-1.1],"to":[-1.52132,0.47132,-0.1],"rotation":{"angle":0,"axis":"z","origin":[-5.02132,-2.27868,-0.6]},"faces":{"north":{"uv":[8.125,12.25,11.875,12.75],"rotation":270,"texture":"#0"},"east":{"uv":[8.125,12.25,11.875,12.75],"rotation":270,"texture":"#0"},"south":{"uv":[8.125,12.25,11.875,12.75],"rotation":270,"texture":"#0"},"west":{"uv":[8.125,12.25,11.875,12.75],"rotation":270,"texture":"#0"},"up":{"uv":[8.125,12.25,11.875,12.75],"rotation":270,"texture":"#0"},"down":{"uv":[8.125,12.25,11.875,12.75],"rotation":270,"texture":"#0"}}},{"from":[-2.52132,-5.02868,-1.1],"to":[-1.52132,-2.77868,-0.1],"rotation":{"angle":0,"axis":"z","origin":[-5.02132,-2.27868,-0.6]},"faces":{"north":{"uv":[8.125,12.25,11.875,12.75],"rotation":270,"texture":"#0"},"east":{"uv":[8.125,12.25,11.875,12.75],"rotation":270,"texture":"#0"},"south":{"uv":[8.125,12.25,11.875,12.75],"rotation":270,"texture":"#0"},"west":{"uv":[8.125,12.25,11.875,12.75],"rotation":270,"texture":"#0"},"up":{"uv":[8.125,12.25,11.875,12.75],"rotation":270,"texture":"#0"},"down":{"uv":[8.125,12.25,11.875,12.75],"rotation":270,"texture":"#0"}}},{"from":[-4.60711,-1.57157,-1.1],"to":[-3.60711,1.42843,-0.1],"rotation":{"angle":-45,"axis":"z","origin":[-4.10711,-0.07157,-0.6]},"faces":{"north":{"uv":[8.125,12.25,11.875,12.75],"rotation":270,"texture":"#0"},"east":{"uv":[8.125,12.25,11.875,12.75],"rotation":270,"texture":"#0"},"south":{"uv":[8.125,12.25,11.875,12.75],"rotation":270,"texture":"#0"},"west":{"uv":[8.125,12.25,11.875,12.75],"rotation":270,"texture":"#0"},"up":{"uv":[8.125,12.25,11.875,12.75],"rotation":270,"texture":"#0"},"down":{"uv":[8.125,12.25,11.875,12.75],"rotation":270,"texture":"#0"}}},{"from":[-3.4,0.34264,-1.1],"to":[-0.4,1.34264,-0.1],"rotation":{"angle":0,"axis":"z","origin":[-3.9,0.84264,-0.6]},"faces":{"north":{"uv":[8.125,12.25,11.875,12.75],"rotation":270,"texture":"#0"},"east":{"uv":[8.125,12.25,11.875,12.75],"rotation":270,"texture":"#0"},"south":{"uv":[8.125,12.25,11.875,12.75],"rotation":270,"texture":"#0"},"west":{"uv":[8.125,12.25,11.875,12.75],"rotation":270,"texture":"#0"},"up":{"uv":[8.125,12.25,11.875,12.75],"rotation":270,"texture":"#0"},"down":{"uv":[8.125,12.25,11.875,12.75],"rotation":270,"texture":"#0"}}},{"from":[-1.52132,-2.77868,-1.1],"to":[0.77868,-1.77868,-0.1],"rotation":{"angle":0,"axis":"z","origin":[-3.77132,0.82132,-0.6]},"faces":{"north":{"uv":[8.125,12.25,11.875,12.75],"rotation":270,"texture":"#0"},"east":{"uv":[8.125,12.25,11.875,12.75],"rotation":270,"texture":"#0"},"south":{"uv":[8.125,12.25,11.875,12.75],"rotation":270,"texture":"#0"},"west":{"uv":[8.125,12.25,11.875,12.75],"rotation":270,"texture":"#0"},"up":{"uv":[8.125,12.25,11.875,12.75],"rotation":270,"texture":"#0"},"down":{"uv":[8.125,12.25,11.875,12.75],"rotation":270,"texture":"#0"}}},{"from":[-4.82132,-2.77868,-1.1],"to":[-2.52132,-1.77868,-0.1],"rotation":{"angle":0,"axis":"z","origin":[-3.77132,0.82132,-0.6]},"faces":{"north":{"uv":[8.125,12.25,11.875,12.75],"rotation":270,"texture":"#0"},"east":{"uv":[8.125,12.25,11.875,12.75],"rotation":270,"texture":"#0"},"south":{"uv":[8.125,12.25,11.875,12.75],"rotation":270,"texture":"#0"},"west":{"uv":[8.125,12.25,11.875,12.75],"rotation":270,"texture":"#0"},"up":{"uv":[8.125,12.25,11.875,12.75],"rotation":270,"texture":"#0"},"down":{"uv":[8.125,12.25,11.875,12.75],"rotation":270,"texture":"#0"}}},{"from":[-5.60711,-4.98579,-1.1],"to":[-2.60711,-3.98579,-0.1],"rotation":{"angle":-45,"axis":"z","origin":[-4.10711,-4.48579,-0.6]},"faces":{"north":{"uv":[8.125,12.25,11.875,12.75],"rotation":270,"texture":"#0"},"east":{"uv":[8.125,12.25,11.875,12.75],"rotation":270,"texture":"#0"},"south":{"uv":[8.125,12.25,11.875,12.75],"rotation":270,"texture":"#0"},"west":{"uv":[8.125,12.25,11.875,12.75],"rotation":270,"texture":"#0"},"up":{"uv":[8.125,12.25,11.875,12.75],"rotation":270,"texture":"#0"},"down":{"uv":[8.125,12.25,11.875,12.75],"rotation":270,"texture":"#0"}}},{"from":[-1.19289,-4.98579,-1.1],"to":[1.80711,-3.98579,-0.1],"rotation":{"angle":45,"axis":"z","origin":[0.30711,-4.48579,-0.6]},"faces":{"north":{"uv":[8.125,12.25,11.875,12.75],"rotation":270,"texture":"#0"},"east":{"uv":[8.125,12.25,11.875,12.75],"rotation":270,"texture":"#0"},"south":{"uv":[8.125,12.25,11.875,12.75],"rotation":270,"texture":"#0"},"west":{"uv":[8.125,12.25,11.875,12.75],"rotation":270,"texture":"#0"},"up":{"uv":[8.125,12.25,11.875,12.75],"rotation":270,"texture":"#0"},"down":{"uv":[8.125,12.25,11.875,12.75],"rotation":270,"texture":"#0"}}},{"from":[0.72132,-3.77868,-1.1],"to":[1.72132,-0.77868,-0.1],"rotation":{"angle":0,"axis":"z","origin":[1.22132,-2.27868,-0.6]},"faces":{"north":{"uv":[8.125,12.25,11.875,12.75],"rotation":270,"texture":"#0"},"east":{"uv":[8.125,12.25,11.875,12.75],"rotation":270,"texture":"#0"},"south":{"uv":[8.125,12.25,11.875,12.75],"rotation":270,"texture":"#0"},"west":{"uv":[8.125,12.25,11.875,12.75],"rotation":270,"texture":"#0"},"up":{"uv":[8.125,12.25,11.875,12.75],"rotation":270,"texture":"#0"},"down":{"uv":[8.125,12.25,11.875,12.75],"rotation":270,"texture":"#0"}}},{"from":[-0.19289,-1.57157,-1.1],"to":[0.80711,1.42843,-0.1],"rotation":{"angle":45,"axis":"z","origin":[0.30711,-0.07157,-0.6]},"faces":{"north":{"uv":[8.125,12.25,11.875,12.75],"rotation":270,"texture":"#0"},"east":{"uv":[8.125,12.25,11.875,12.75],"rotation":270,"texture":"#0"},"south":{"uv":[8.125,12.25,11.875,12.75],"rotation":270,"texture":"#0"},"west":{"uv":[8.125,12.25,11.875,12.75],"rotation":270,"texture":"#0"},"up":{"uv":[8.125,12.25,11.875,12.75],"rotation":270,"texture":"#0"},"down":{"uv":[8.125,12.25,11.875,12.75],"rotation":270,"texture":"#0"}}},{"from":[-3.4,-5.9,-1.1],"to":[-0.4,-4.9,-0.1],"rotation":{"angle":0,"axis":"x","origin":[-1.9,-5.4,-0.6]},"faces":{"north":{"uv":[8.125,12.25,11.875,12.75],"rotation":270,"texture":"#0"},"east":{"uv":[8.125,12.25,11.875,12.75],"rotation":270,"texture":"#0"},"south":{"uv":[8.125,12.25,11.875,12.75],"rotation":270,"texture":"#0"},"west":{"uv":[8.125,12.25,11.875,12.75],"rotation":270,"texture":"#0"},"up":{"uv":[8.125,12.25,11.875,12.75],"rotation":270,"texture":"#0"},"down":{"uv":[8.125,12.25,11.875,12.75],"rotation":270,"texture":"#0"}}},{"from":[-2.52132,-2.77868,-1.3],"to":[-1.52132,-1.77868,0.9],"rotation":{"angle":0,"axis":"y","origin":[-0.42132,0.22132,-0.1]},"faces":{"north":{"uv":[8,12,7.5,12.5],"texture":"#0"},"east":{"uv":[15.5,11.875,15,13.125],"texture":"#0"},"south":{"uv":[15.5,11.875,15,13.125],"texture":"#0"},"west":{"uv":[15.5,11.875,15,13.125],"texture":"#0"},"up":{"uv":[15.5,11.875,15,13.125],"texture":"#0"},"down":{"uv":[15.5,11.875,15,13.125],"texture":"#0"}}},{"from":[30.52132,-3.77868,-1.1],"to":[31.52132,-0.77868,-0.1],"rotation":{"angle":0,"axis":"z","origin":[31.02132,-2.27868,-0.6]},"faces":{"north":{"uv":[8.125,12.75,11.875,12.25],"rotation":270,"texture":"#0"},"east":{"uv":[8.125,12.75,11.875,12.25],"rotation":270,"texture":"#0"},"south":{"uv":[8.125,12.75,11.875,12.25],"rotation":270,"texture":"#0"},"west":{"uv":[8.125,12.75,11.875,12.25],"rotation":270,"texture":"#0"},"up":{"uv":[8.125,12.75,11.875,12.25],"rotation":270,"texture":"#0"},"down":{"uv":[8.125,12.75,11.875,12.25],"rotation":270,"texture":"#0"}}},{"from":[27.52132,-1.77868,-1.1],"to":[28.52132,0.47132,-0.1],"rotation":{"angle":0,"axis":"z","origin":[31.02132,-2.27868,-0.6]},"faces":{"north":{"uv":[8.125,12.75,11.875,12.25],"rotation":270,"texture":"#0"},"east":{"uv":[8.125,12.75,11.875,12.25],"rotation":270,"texture":"#0"},"south":{"uv":[8.125,12.75,11.875,12.25],"rotation":270,"texture":"#0"},"west":{"uv":[8.125,12.75,11.875,12.25],"rotation":270,"texture":"#0"},"up":{"uv":[8.125,12.75,11.875,12.25],"rotation":270,"texture":"#0"},"down":{"uv":[8.125,12.75,11.875,12.25],"rotation":270,"texture":"#0"}}},{"from":[27.52132,-5.02868,-1.1],"to":[28.52132,-2.77868,-0.1],"rotation":{"angle":0,"axis":"z","origin":[31.02132,-2.27868,-0.6]},"faces":{"north":{"uv":[8.125,12.75,11.875,12.25],"rotation":270,"texture":"#0"},"east":{"uv":[8.125,12.75,11.875,12.25],"rotation":270,"texture":"#0"},"south":{"uv":[8.125,12.75,11.875,12.25],"rotation":270,"texture":"#0"},"west":{"uv":[8.125,12.75,11.875,12.25],"rotation":270,"texture":"#0"},"up":{"uv":[8.125,12.75,11.875,12.25],"rotation":270,"texture":"#0"},"down":{"uv":[8.125,12.75,11.875,12.25],"rotation":270,"texture":"#0"}}},{"from":[29.60711,-1.57157,-1.1],"to":[30.60711,1.42843,-0.1],"rotation":{"angle":45,"axis":"z","origin":[30.10711,-0.07157,-0.6]},"faces":{"north":{"uv":[8.125,12.75,11.875,12.25],"rotation":270,"texture":"#0"},"east":{"uv":[8.125,12.75,11.875,12.25],"rotation":270,"texture":"#0"},"south":{"uv":[8.125,12.75,11.875,12.25],"rotation":270,"texture":"#0"},"west":{"uv":[8.125,12.75,11.875,12.25],"rotation":270,"texture":"#0"},"up":{"uv":[8.125,12.75,11.875,12.25],"rotation":270,"texture":"#0"},"down":{"uv":[8.125,12.75,11.875,12.25],"rotation":270,"texture":"#0"}}},{"from":[26.4,0.34264,-1.1],"to":[29.4,1.34264,-0.1],"rotation":{"angle":0,"axis":"z","origin":[29.9,0.84264,-0.6]},"faces":{"north":{"uv":[8.125,12.75,11.875,12.25],"rotation":270,"texture":"#0"},"east":{"uv":[8.125,12.75,11.875,12.25],"rotation":270,"texture":"#0"},"south":{"uv":[8.125,12.75,11.875,12.25],"rotation":270,"texture":"#0"},"west":{"uv":[8.125,12.75,11.875,12.25],"rotation":270,"texture":"#0"},"up":{"uv":[8.125,12.75,11.875,12.25],"rotation":270,"texture":"#0"},"down":{"uv":[8.125,12.75,11.875,12.25],"rotation":270,"texture":"#0"}}},{"from":[25.22132,-2.77868,-1.1],"to":[27.52132,-1.77868,-0.1],"rotation":{"angle":0,"axis":"z","origin":[29.77132,0.82132,-0.6]},"faces":{"north":{"uv":[8.125,12.75,11.875,12.25],"rotation":270,"texture":"#0"},"east":{"uv":[8.125,12.75,11.875,12.25],"rotation":270,"texture":"#0"},"south":{"uv":[8.125,12.75,11.875,12.25],"rotation":270,"texture":"#0"},"west":{"uv":[8.125,12.75,11.875,12.25],"rotation":270,"texture":"#0"},"up":{"uv":[8.125,12.75,11.875,12.25],"rotation":270,"texture":"#0"},"down":{"uv":[8.125,12.75,11.875,12.25],"rotation":270,"texture":"#0"}}},{"from":[28.52132,-2.77868,-1.1],"to":[30.82132,-1.77868,-0.1],"rotation":{"angle":0,"axis":"z","origin":[29.77132,0.82132,-0.6]},"faces":{"north":{"uv":[8.125,12.75,11.875,12.25],"rotation":270,"texture":"#0"},"east":{"uv":[8.125,12.75,11.875,12.25],"rotation":270,"texture":"#0"},"south":{"uv":[8.125,12.75,11.875,12.25],"rotation":270,"texture":"#0"},"west":{"uv":[8.125,12.75,11.875,12.25],"rotation":270,"texture":"#0"},"up":{"uv":[8.125,12.75,11.875,12.25],"rotation":270,"texture":"#0"},"down":{"uv":[8.125,12.75,11.875,12.25],"rotation":270,"texture":"#0"}}},{"from":[28.60711,-4.98579,-1.1],"to":[31.60711,-3.98579,-0.1],"rotation":{"angle":45,"axis":"z","origin":[30.10711,-4.48579,-0.6]},"faces":{"north":{"uv":[8.125,12.75,11.875,12.25],"rotation":270,"texture":"#0"},"east":{"uv":[8.125,12.75,11.875,12.25],"rotation":270,"texture":"#0"},"south":{"uv":[8.125,12.75,11.875,12.25],"rotation":270,"texture":"#0"},"west":{"uv":[8.125,12.75,11.875,12.25],"rotation":270,"texture":"#0"},"up":{"uv":[8.125,12.75,11.875,12.25],"rotation":270,"texture":"#0"},"down":{"uv":[8.125,12.75,11.875,12.25],"rotation":270,"texture":"#0"}}},{"from":[24.19289,-4.98579,-1.1],"to":[27.19289,-3.98579,-0.1],"rotation":{"angle":-45,"axis":"z","origin":[25.69289,-4.48579,-0.6]},"faces":{"north":{"uv":[8.125,12.75,11.875,12.25],"rotation":270,"texture":"#0"},"east":{"uv":[8.125,12.75,11.875,12.25],"rotation":270,"texture":"#0"},"south":{"uv":[8.125,12.75,11.875,12.25],"rotation":270,"texture":"#0"},"west":{"uv":[8.125,12.75,11.875,12.25],"rotation":270,"texture":"#0"},"up":{"uv":[8.125,12.75,11.875,12.25],"rotation":270,"texture":"#0"},"down":{"uv":[8.125,12.75,11.875,12.25],"rotation":270,"texture":"#0"}}},{"from":[24.27868,-3.77868,-1.1],"to":[25.27868,-0.77868,-0.1],"rotation":{"angle":0,"axis":"z","origin":[24.77868,-2.27868,-0.6]},"faces":{"north":{"uv":[8.125,12.75,11.875,12.25],"rotation":270,"texture":"#0"},"east":{"uv":[8.125,12.75,11.875,12.25],"rotation":270,"texture":"#0"},"south":{"uv":[8.125,12.75,11.875,12.25],"rotation":270,"texture":"#0"},"west":{"uv":[8.125,12.75,11.875,12.25],"rotation":270,"texture":"#0"},"up":{"uv":[8.125,12.75,11.875,12.25],"rotation":270,"texture":"#0"},"down":{"uv":[8.125,12.75,11.875,12.25],"rotation":270,"texture":"#0"}}},{"from":[25.19289,-1.57157,-1.1],"to":[26.19289,1.42843,-0.1],"rotation":{"angle":-45,"axis":"z","origin":[25.69289,-0.07157,-0.6]},"faces":{"north":{"uv":[8.125,12.75,11.875,12.25],"rotation":270,"texture":"#0"},"east":{"uv":[8.125,12.75,11.875,12.25],"rotation":270,"texture":"#0"},"south":{"uv":[8.125,12.75,11.875,12.25],"rotation":270,"texture":"#0"},"west":{"uv":[8.125,12.75,11.875,12.25],"rotation":270,"texture":"#0"},"up":{"uv":[8.125,12.75,11.875,12.25],"rotation":270,"texture":"#0"},"down":{"uv":[8.125,12.75,11.875,12.25],"rotation":270,"texture":"#0"}}},{"from":[26.4,-5.9,-1.1],"to":[29.4,-4.9,-0.1],"rotation":{"angle":0,"axis":"x","origin":[27.9,-5.4,-0.6]},"faces":{"north":{"uv":[8.125,12.75,11.875,12.25],"rotation":270,"texture":"#0"},"east":{"uv":[8.125,12.75,11.875,12.25],"rotation":270,"texture":"#0"},"south":{"uv":[8.125,12.75,11.875,12.25],"rotation":270,"texture":"#0"},"west":{"uv":[8.125,12.75,11.875,12.25],"rotation":270,"texture":"#0"},"up":{"uv":[8.125,12.75,11.875,12.25],"rotation":270,"texture":"#0"},"down":{"uv":[8.125,12.75,11.875,12.25],"rotation":270,"texture":"#0"}}},{"from":[27.52132,-2.77868,-1.3],"to":[28.52132,-1.77868,0.9],"rotation":{"angle":0,"axis":"y","origin":[26.42132,0.22132,-0.1]},"faces":{"north":{"uv":[8,12,7.5,12.5],"texture":"#0"},"east":{"uv":[15.5,11.875,15,13.125],"texture":"#0"},"south":{"uv":[15.5,11.875,15,13.125],"texture":"#0"},"west":{"uv":[15.5,11.875,15,13.125],"texture":"#0"},"up":{"uv":[15.5,11.875,15,13.125],"texture":"#0"},"down":{"uv":[15.5,11.875,15,13.125],"texture":"#0"}}},{"from":[30.52132,-3.77868,16.6],"to":[31.52132,-0.77868,17.6],"rotation":{"angle":0,"axis":"z","origin":[31.02132,-2.27868,17.1]},"faces":{"north":{"uv":[8.125,12.25,11.875,12.75],"rotation":270,"texture":"#0"},"east":{"uv":[8.125,12.25,11.875,12.75],"rotation":270,"texture":"#0"},"south":{"uv":[8.125,12.25,11.875,12.75],"rotation":270,"texture":"#0"},"west":{"uv":[8.125,12.25,11.875,12.75],"rotation":270,"texture":"#0"},"up":{"uv":[11.875,12.75,8.125,12.25],"rotation":270,"texture":"#0"},"down":{"uv":[11.875,12.75,8.125,12.25],"rotation":270,"texture":"#0"}}},{"from":[27.52132,-1.77868,16.6],"to":[28.52132,0.47132,17.6],"rotation":{"angle":0,"axis":"z","origin":[31.02132,-2.27868,17.1]},"faces":{"north":{"uv":[8.125,12.25,11.875,12.75],"rotation":270,"texture":"#0"},"east":{"uv":[8.125,12.25,11.875,12.75],"rotation":270,"texture":"#0"},"south":{"uv":[8.125,12.25,11.875,12.75],"rotation":270,"texture":"#0"},"west":{"uv":[8.125,12.25,11.875,12.75],"rotation":270,"texture":"#0"},"up":{"uv":[11.875,12.75,8.125,12.25],"rotation":270,"texture":"#0"},"down":{"uv":[11.875,12.75,8.125,12.25],"rotation":270,"texture":"#0"}}},{"from":[27.52132,-5.02868,16.6],"to":[28.52132,-2.77868,17.6],"rotation":{"angle":0,"axis":"z","origin":[31.02132,-2.27868,17.1]},"faces":{"north":{"uv":[8.125,12.25,11.875,12.75],"rotation":270,"texture":"#0"},"east":{"uv":[8.125,12.25,11.875,12.75],"rotation":270,"texture":"#0"},"south":{"uv":[8.125,12.25,11.875,12.75],"rotation":270,"texture":"#0"},"west":{"uv":[8.125,12.25,11.875,12.75],"rotation":270,"texture":"#0"},"up":{"uv":[11.875,12.75,8.125,12.25],"rotation":270,"texture":"#0"},"down":{"uv":[11.875,12.75,8.125,12.25],"rotation":270,"texture":"#0"}}},{"from":[29.60711,-1.57157,16.6],"to":[30.60711,1.42843,17.6],"rotation":{"angle":45,"axis":"z","origin":[30.10711,-0.07157,17.1]},"faces":{"north":{"uv":[8.125,12.25,11.875,12.75],"rotation":270,"texture":"#0"},"east":{"uv":[8.125,12.25,11.875,12.75],"rotation":270,"texture":"#0"},"south":{"uv":[8.125,12.25,11.875,12.75],"rotation":270,"texture":"#0"},"west":{"uv":[8.125,12.25,11.875,12.75],"rotation":270,"texture":"#0"},"up":{"uv":[11.875,12.75,8.125,12.25],"rotation":270,"texture":"#0"},"down":{"uv":[11.875,12.75,8.125,12.25],"rotation":270,"texture":"#0"}}},{"from":[26.4,0.34264,16.6],"to":[29.4,1.34264,17.6],"rotation":{"angle":0,"axis":"z","origin":[29.9,0.84264,17.1]},"faces":{"north":{"uv":[8.125,12.25,11.875,12.75],"rotation":270,"texture":"#0"},"east":{"uv":[8.125,12.25,11.875,12.75],"rotation":270,"texture":"#0"},"south":{"uv":[8.125,12.25,11.875,12.75],"rotation":270,"texture":"#0"},"west":{"uv":[8.125,12.25,11.875,12.75],"rotation":270,"texture":"#0"},"up":{"uv":[11.875,12.75,8.125,12.25],"rotation":270,"texture":"#0"},"down":{"uv":[11.875,12.75,8.125,12.25],"rotation":270,"texture":"#0"}}},{"from":[25.22132,-2.77868,16.6],"to":[27.52132,-1.77868,17.6],"rotation":{"angle":0,"axis":"z","origin":[29.77132,0.82132,17.1]},"faces":{"north":{"uv":[8.125,12.25,11.875,12.75],"rotation":270,"texture":"#0"},"east":{"uv":[8.125,12.25,11.875,12.75],"rotation":270,"texture":"#0"},"south":{"uv":[8.125,12.25,11.875,12.75],"rotation":270,"texture":"#0"},"west":{"uv":[8.125,12.25,11.875,12.75],"rotation":270,"texture":"#0"},"up":{"uv":[11.875,12.75,8.125,12.25],"rotation":270,"texture":"#0"},"down":{"uv":[11.875,12.75,8.125,12.25],"rotation":270,"texture":"#0"}}},{"from":[28.52132,-2.77868,16.6],"to":[30.82132,-1.77868,17.6],"rotation":{"angle":0,"axis":"z","origin":[29.77132,0.82132,17.1]},"faces":{"north":{"uv":[8.125,12.25,11.875,12.75],"rotation":270,"texture":"#0"},"east":{"uv":[8.125,12.25,11.875,12.75],"rotation":270,"texture":"#0"},"south":{"uv":[8.125,12.25,11.875,12.75],"rotation":270,"texture":"#0"},"west":{"uv":[8.125,12.25,11.875,12.75],"rotation":270,"texture":"#0"},"up":{"uv":[11.875,12.75,8.125,12.25],"rotation":270,"texture":"#0"},"down":{"uv":[11.875,12.75,8.125,12.25],"rotation":270,"texture":"#0"}}},{"from":[28.60711,-4.98579,16.6],"to":[31.60711,-3.98579,17.6],"rotation":{"angle":45,"axis":"z","origin":[30.10711,-4.48579,17.1]},"faces":{"north":{"uv":[8.125,12.25,11.875,12.75],"rotation":270,"texture":"#0"},"east":{"uv":[8.125,12.25,11.875,12.75],"rotation":270,"texture":"#0"},"south":{"uv":[8.125,12.25,11.875,12.75],"rotation":270,"texture":"#0"},"west":{"uv":[8.125,12.25,11.875,12.75],"rotation":270,"texture":"#0"},"up":{"uv":[11.875,12.75,8.125,12.25],"rotation":270,"texture":"#0"},"down":{"uv":[11.875,12.75,8.125,12.25],"rotation":270,"texture":"#0"}}},{"from":[24.19289,-4.98579,16.6],"to":[27.19289,-3.98579,17.6],"rotation":{"angle":-45,"axis":"z","origin":[25.69289,-4.48579,17.1]},"faces":{"north":{"uv":[8.125,12.25,11.875,12.75],"rotation":270,"texture":"#0"},"east":{"uv":[8.125,12.25,11.875,12.75],"rotation":270,"texture":"#0"},"south":{"uv":[8.125,12.25,11.875,12.75],"rotation":270,"texture":"#0"},"west":{"uv":[8.125,12.25,11.875,12.75],"rotation":270,"texture":"#0"},"up":{"uv":[11.875,12.75,8.125,12.25],"rotation":270,"texture":"#0"},"down":{"uv":[11.875,12.75,8.125,12.25],"rotation":270,"texture":"#0"}}},{"from":[24.27868,-3.77868,16.6],"to":[25.27868,-0.77868,17.6],"rotation":{"angle":0,"axis":"z","origin":[24.77868,-2.27868,17.1]},"faces":{"north":{"uv":[8.125,12.25,11.875,12.75],"rotation":270,"texture":"#0"},"east":{"uv":[8.125,12.25,11.875,12.75],"rotation":270,"texture":"#0"},"south":{"uv":[8.125,12.25,11.875,12.75],"rotation":270,"texture":"#0"},"west":{"uv":[8.125,12.25,11.875,12.75],"rotation":270,"texture":"#0"},"up":{"uv":[11.875,12.75,8.125,12.25],"rotation":270,"texture":"#0"},"down":{"uv":[11.875,12.75,8.125,12.25],"rotation":270,"texture":"#0"}}},{"from":[25.19289,-1.57157,16.6],"to":[26.19289,1.42843,17.6],"rotation":{"angle":-45,"axis":"z","origin":[25.69289,-0.07157,17.1]},"faces":{"north":{"uv":[8.125,12.25,11.875,12.75],"rotation":270,"texture":"#0"},"east":{"uv":[8.125,12.25,11.875,12.75],"rotation":270,"texture":"#0"},"south":{"uv":[8.125,12.25,11.875,12.75],"rotation":270,"texture":"#0"},"west":{"uv":[8.125,12.25,11.875,12.75],"rotation":270,"texture":"#0"},"up":{"uv":[11.875,12.75,8.125,12.25],"rotation":270,"texture":"#0"},"down":{"uv":[11.875,12.75,8.125,12.25],"rotation":270,"texture":"#0"}}},{"from":[26.4,-5.9,16.6],"to":[29.4,-4.9,17.6],"rotation":{"angle":0,"axis":"x","origin":[27.9,-5.4,17.1]},"faces":{"north":{"uv":[8.125,12.25,11.875,12.75],"rotation":270,"texture":"#0"},"east":{"uv":[8.125,12.25,11.875,12.75],"rotation":270,"texture":"#0"},"south":{"uv":[8.125,12.25,11.875,12.75],"rotation":270,"texture":"#0"},"west":{"uv":[8.125,12.25,11.875,12.75],"rotation":270,"texture":"#0"},"up":{"uv":[11.875,12.75,8.125,12.25],"rotation":270,"texture":"#0"},"down":{"uv":[11.875,12.75,8.125,12.25],"rotation":270,"texture":"#0"}}},{"from":[27.52132,-2.77868,15.6],"to":[28.52132,-1.77868,18],"rotation":{"angle":0,"axis":"y","origin":[26.42132,0.22132,16.6]},"faces":{"north":{"uv":[15.5,11.875,15,13.125],"texture":"#0"},"east":{"uv":[15.5,11.875,15,13.125],"texture":"#0"},"south":{"uv":[8,12,7.5,12.5],"texture":"#0"},"west":{"uv":[15.5,11.875,15,13.125],"texture":"#0"},"up":{"uv":[15.5,11.875,15,13.125],"texture":"#0"},"down":{"uv":[15.5,11.875,15,13.125],"texture":"#0"}}},{"from":[0.52132,-3.77868,16.6],"to":[1.52132,-0.77868,17.6],"rotation":{"angle":0,"axis":"z","origin":[1.02132,-2.27868,17.1]},"faces":{"north":{"uv":[8.125,12.25,11.875,12.75],"rotation":270,"texture":"#0"},"east":{"uv":[8.125,12.25,11.875,12.75],"rotation":270,"texture":"#0"},"south":{"uv":[8.125,12.25,11.875,12.75],"rotation":270,"texture":"#0"},"west":{"uv":[8.125,12.25,11.875,12.75],"rotation":270,"texture":"#0"},"up":{"uv":[11.875,12.75,8.125,12.25],"rotation":270,"texture":"#0"},"down":{"uv":[11.875,12.75,8.125,12.25],"rotation":270,"texture":"#0"}}},{"from":[-2.47868,-1.77868,16.6],"to":[-1.47868,0.47132,17.6],"rotation":{"angle":0,"axis":"z","origin":[1.02132,-2.27868,17.1]},"faces":{"north":{"uv":[8.125,12.25,11.875,12.75],"rotation":270,"texture":"#0"},"east":{"uv":[8.125,12.25,11.875,12.75],"rotation":270,"texture":"#0"},"south":{"uv":[8.125,12.25,11.875,12.75],"rotation":270,"texture":"#0"},"west":{"uv":[8.125,12.25,11.875,12.75],"rotation":270,"texture":"#0"},"up":{"uv":[11.875,12.75,8.125,12.25],"rotation":270,"texture":"#0"},"down":{"uv":[11.875,12.75,8.125,12.25],"rotation":270,"texture":"#0"}}},{"from":[-2.47868,-5.02868,16.6],"to":[-1.47868,-2.77868,17.6],"rotation":{"angle":0,"axis":"z","origin":[1.02132,-2.27868,17.1]},"faces":{"north":{"uv":[8.125,12.25,11.875,12.75],"rotation":270,"texture":"#0"},"east":{"uv":[8.125,12.25,11.875,12.75],"rotation":270,"texture":"#0"},"south":{"uv":[8.125,12.25,11.875,12.75],"rotation":270,"texture":"#0"},"west":{"uv":[8.125,12.25,11.875,12.75],"rotation":270,"texture":"#0"},"up":{"uv":[11.875,12.75,8.125,12.25],"rotation":270,"texture":"#0"},"down":{"uv":[11.875,12.75,8.125,12.25],"rotation":270,"texture":"#0"}}},{"from":[-0.39289,-1.57157,16.6],"to":[0.60711,1.42843,17.6],"rotation":{"angle":45,"axis":"z","origin":[0.10711,-0.07157,17.1]},"faces":{"north":{"uv":[8.125,12.25,11.875,12.75],"rotation":270,"texture":"#0"},"east":{"uv":[8.125,12.25,11.875,12.75],"rotation":270,"texture":"#0"},"south":{"uv":[8.125,12.25,11.875,12.75],"rotation":270,"texture":"#0"},"west":{"uv":[8.125,12.25,11.875,12.75],"rotation":270,"texture":"#0"},"up":{"uv":[11.875,12.75,8.125,12.25],"rotation":270,"texture":"#0"},"down":{"uv":[11.875,12.75,8.125,12.25],"rotation":270,"texture":"#0"}}},{"from":[-3.6,0.34264,16.6],"to":[-0.6,1.34264,17.6],"rotation":{"angle":0,"axis":"z","origin":[-0.1,0.84264,17.1]},"faces":{"north":{"uv":[8.125,12.25,11.875,12.75],"rotation":270,"texture":"#0"},"east":{"uv":[8.125,12.25,11.875,12.75],"rotation":270,"texture":"#0"},"south":{"uv":[8.125,12.25,11.875,12.75],"rotation":270,"texture":"#0"},"west":{"uv":[8.125,12.25,11.875,12.75],"rotation":270,"texture":"#0"},"up":{"uv":[11.875,12.75,8.125,12.25],"rotation":270,"texture":"#0"},"down":{"uv":[11.875,12.75,8.125,12.25],"rotation":270,"texture":"#0"}}},{"from":[-4.77868,-2.77868,16.6],"to":[-2.47868,-1.77868,17.6],"rotation":{"angle":0,"axis":"z","origin":[-0.22868,0.82132,17.1]},"faces":{"north":{"uv":[8.125,12.25,11.875,12.75],"rotation":270,"texture":"#0"},"east":{"uv":[8.125,12.25,11.875,12.75],"rotation":270,"texture":"#0"},"south":{"uv":[8.125,12.25,11.875,12.75],"rotation":270,"texture":"#0"},"west":{"uv":[8.125,12.25,11.875,12.75],"rotation":270,"texture":"#0"},"up":{"uv":[11.875,12.75,8.125,12.25],"rotation":270,"texture":"#0"},"down":{"uv":[11.875,12.75,8.125,12.25],"rotation":270,"texture":"#0"}}},{"from":[-1.47868,-2.77868,16.6],"to":[0.82132,-1.77868,17.6],"rotation":{"angle":0,"axis":"z","origin":[-0.22868,0.82132,17.1]},"faces":{"north":{"uv":[8.125,12.25,11.875,12.75],"rotation":270,"texture":"#0"},"east":{"uv":[8.125,12.25,11.875,12.75],"rotation":270,"texture":"#0"},"south":{"uv":[8.125,12.25,11.875,12.75],"rotation":270,"texture":"#0"},"west":{"uv":[8.125,12.25,11.875,12.75],"rotation":270,"texture":"#0"},"up":{"uv":[11.875,12.75,8.125,12.25],"rotation":270,"texture":"#0"},"down":{"uv":[11.875,12.75,8.125,12.25],"rotation":270,"texture":"#0"}}},{"from":[-1.39289,-4.98579,16.6],"to":[1.60711,-3.98579,17.6],"rotation":{"angle":45,"axis":"z","origin":[0.10711,-4.48579,17.1]},"faces":{"north":{"uv":[8.125,12.25,11.875,12.75],"rotation":270,"texture":"#0"},"east":{"uv":[8.125,12.25,11.875,12.75],"rotation":270,"texture":"#0"},"south":{"uv":[8.125,12.25,11.875,12.75],"rotation":270,"texture":"#0"},"west":{"uv":[8.125,12.25,11.875,12.75],"rotation":270,"texture":"#0"},"up":{"uv":[11.875,12.75,8.125,12.25],"rotation":270,"texture":"#0"},"down":{"uv":[11.875,12.75,8.125,12.25],"rotation":270,"texture":"#0"}}},{"from":[-5.80711,-4.98579,16.6],"to":[-2.80711,-3.98579,17.6],"rotation":{"angle":-45,"axis":"z","origin":[-4.30711,-4.48579,17.1]},"faces":{"north":{"uv":[8.125,12.25,11.875,12.75],"rotation":270,"texture":"#0"},"east":{"uv":[8.125,12.25,11.875,12.75],"rotation":270,"texture":"#0"},"south":{"uv":[8.125,12.25,11.875,12.75],"rotation":270,"texture":"#0"},"west":{"uv":[8.125,12.25,11.875,12.75],"rotation":270,"texture":"#0"},"up":{"uv":[11.875,12.75,8.125,12.25],"rotation":270,"texture":"#0"},"down":{"uv":[11.875,12.75,8.125,12.25],"rotation":270,"texture":"#0"}}},{"from":[-5.72132,-3.77868,16.6],"to":[-4.72132,-0.77868,17.6],"rotation":{"angle":0,"axis":"z","origin":[-5.22132,-2.27868,17.1]},"faces":{"north":{"uv":[8.125,12.25,11.875,12.75],"rotation":270,"texture":"#0"},"east":{"uv":[8.125,12.25,11.875,12.75],"rotation":270,"texture":"#0"},"south":{"uv":[8.125,12.25,11.875,12.75],"rotation":270,"texture":"#0"},"west":{"uv":[8.125,12.25,11.875,12.75],"rotation":270,"texture":"#0"},"up":{"uv":[11.875,12.75,8.125,12.25],"rotation":270,"texture":"#0"},"down":{"uv":[11.875,12.75,8.125,12.25],"rotation":270,"texture":"#0"}}},{"from":[-4.80711,-1.57157,16.6],"to":[-3.80711,1.42843,17.6],"rotation":{"angle":-45,"axis":"z","origin":[-4.30711,-0.07157,17.1]},"faces":{"north":{"uv":[8.125,12.25,11.875,12.75],"rotation":270,"texture":"#0"},"east":{"uv":[8.125,12.25,11.875,12.75],"rotation":270,"texture":"#0"},"south":{"uv":[8.125,12.25,11.875,12.75],"rotation":270,"texture":"#0"},"west":{"uv":[8.125,12.25,11.875,12.75],"rotation":270,"texture":"#0"},"up":{"uv":[11.875,12.75,8.125,12.25],"rotation":270,"texture":"#0"},"down":{"uv":[11.875,12.75,8.125,12.25],"rotation":270,"texture":"#0"}}},{"from":[-3.6,-5.9,16.6],"to":[-0.6,-4.9,17.6],"rotation":{"angle":0,"axis":"x","origin":[-2.1,-5.4,17.1]},"faces":{"north":{"uv":[8.125,12.25,11.875,12.75],"rotation":270,"texture":"#0"},"east":{"uv":[8.125,12.25,11.875,12.75],"rotation":270,"texture":"#0"},"south":{"uv":[8.125,12.25,11.875,12.75],"rotation":270,"texture":"#0"},"west":{"uv":[8.125,12.25,11.875,12.75],"rotation":270,"texture":"#0"},"up":{"uv":[11.875,12.75,8.125,12.25],"rotation":270,"texture":"#0"},"down":{"uv":[11.875,12.75,8.125,12.25],"rotation":270,"texture":"#0"}}},{"from":[-2.47868,-2.77868,15.6],"to":[-1.47868,-1.77868,17.8],"rotation":{"angle":0,"axis":"y","origin":[-3.57868,0.22132,16.6]},"faces":{"north":{"uv":[15.5,11.875,15,13.125],"texture":"#0"},"east":{"uv":[15.5,11.875,15,13.125],"texture":"#0"},"south":{"uv":[8,12,7.5,12.5],"texture":"#0"},"west":{"uv":[15.5,11.875,15,13.125],"texture":"#0"},"up":{"uv":[15.5,11.875,15,13.125],"texture":"#0"},"down":{"uv":[15.5,11.875,15,13.125],"texture":"#0"}}},{"from":[-3,11.62567,-2.30923],"to":[-1,27.12567,-0.30923],"rotation":{"angle":0,"axis":"y","origin":[0.5,0.25134,-0.30923]},"faces":{"north":{"uv":[15,11.875,15.5,15.875],"texture":"#0"},"east":{"uv":[15,11.875,15.5,15.875],"texture":"#0"},"south":{"uv":[15,11.875,15.5,15.875],"texture":"#0"},"west":{"uv":[15,11.875,15.5,15.875],"texture":"#0"},"up":{"uv":[15,11.875,15.5,15.875],"texture":"#0"},"down":{"uv":[15,11.875,15.5,15.875],"texture":"#0"}}},{"from":[12,11.62567,-2.30923],"to":[14,27.12567,-0.30923],"rotation":{"angle":0,"axis":"y","origin":[0.5,0.05134,-0.30923]},"faces":{"north":{"uv":[15,11.875,15.5,15.875],"texture":"#0"},"east":{"uv":[15,11.875,15.5,15.875],"texture":"#0"},"south":{"uv":[15,11.875,15.5,15.875],"texture":"#0"},"west":{"uv":[15,11.875,15.5,15.875],"texture":"#0"},"up":{"uv":[15,11.875,15.5,15.875],"texture":"#0"},"down":{"uv":[15,11.875,15.5,15.875],"texture":"#0"}}},{"from":[-2,25.92567,-1.30923],"to":[27,26.92567,-1.30923],"rotation":{"angle":0,"axis":"y","origin":[0.5,0.05134,-0.30923]},"faces":{"north":{"uv":[4.25,9.25,7.5,9.625],"texture":"#0"},"east":{"uv":[4.25,9.25,7.5,9.625],"texture":"#0"},"south":{"uv":[4.25,9.25,7.5,9.625],"texture":"#0"},"west":{"uv":[4.25,9.25,7.5,9.625],"texture":"#0"},"up":{"uv":[4.25,9.25,7.5,9.625],"texture":"#0"},"down":{"uv":[4.25,9.25,7.5,9.625],"texture":"#0"}}},{"from":[-2,25.92567,17.69077],"to":[27,26.92567,17.69077],"rotation":{"angle":0,"axis":"y","origin":[0.5,0.05134,-0.30923]},"faces":{"north":{"uv":[4.25,9.25,7.5,9.625],"texture":"#0"},"east":{"uv":[4.25,9.25,7.5,9.625],"texture":"#0"},"south":{"uv":[4.25,9.25,7.5,9.625],"texture":"#0"},"west":{"uv":[4.25,9.25,7.5,9.625],"texture":"#0"},"up":{"uv":[4.25,9.25,7.5,9.625],"texture":"#0"},"down":{"uv":[4.25,9.25,7.5,9.625],"texture":"#0"}}},{"from":[27,11.62567,-2.30923],"to":[29,27.12567,-0.30923],"rotation":{"angle":0,"axis":"y","origin":[2,0.05134,-0.30923]},"faces":{"north":{"uv":[15,11.875,15.5,15.875],"texture":"#0"},"east":{"uv":[15,11.875,15.5,15.875],"texture":"#0"},"south":{"uv":[15,11.875,15.5,15.875],"texture":"#0"},"west":{"uv":[15,11.875,15.5,15.875],"texture":"#0"},"up":{"uv":[15,11.875,15.5,15.875],"texture":"#0"},"down":{"uv":[15,11.875,15.5,15.875],"texture":"#0"}}},{"from":[27,11.62567,16.90923],"to":[29,27.12567,18.90923],"rotation":{"angle":0,"axis":"y","origin":[2,0.05134,16.90923]},"faces":{"north":{"uv":[15,11.875,15.5,15.875],"texture":"#0"},"east":{"uv":[15,11.875,15.5,15.875],"texture":"#0"},"south":{"uv":[15,11.875,15.5,15.875],"texture":"#0"},"west":{"uv":[15,11.875,15.5,15.875],"texture":"#0"},"up":{"uv":[15,11.875,15.5,15.875],"texture":"#0"},"down":{"uv":[15,11.875,15.5,15.875],"texture":"#0"}}},{"from":[12,11.62567,16.90923],"to":[14,27.12567,18.90923],"rotation":{"angle":0,"axis":"y","origin":[0.5,0.05134,16.90923]},"faces":{"north":{"uv":[15,11.875,15.5,15.875],"texture":"#0"},"east":{"uv":[15,11.875,15.5,15.875],"texture":"#0"},"south":{"uv":[15,11.875,15.5,15.875],"texture":"#0"},"west":{"uv":[15,11.875,15.5,15.875],"texture":"#0"},"up":{"uv":[15,11.875,15.5,15.875],"texture":"#0"},"down":{"uv":[15,11.875,15.5,15.875],"texture":"#0"}}},{"from":[-3,11.62567,16.90923],"to":[-1,27.12567,18.90923],"rotation":{"angle":0,"axis":"y","origin":[0.5,0.25134,16.90923]},"faces":{"north":{"uv":[15,11.875,15.5,15.875],"texture":"#0"},"east":{"uv":[15,11.875,15.5,15.875],"texture":"#0"},"south":{"uv":[15,11.875,15.5,15.875],"texture":"#0"},"west":{"uv":[15,11.875,15.5,15.875],"texture":"#0"},"up":{"uv":[15,11.875,15.5,15.875],"texture":"#0"},"down":{"uv":[15,11.875,15.5,15.875],"texture":"#0"}}},{"from":[-3.1,11.62567,-2.30923],"to":[-3.1,27.12567,18.89077],"rotation":{"angle":0,"axis":"y","origin":[2.3,0.05134,-0.40923]},"faces":{"north":{"uv":[12.25,4.25,16,9.875],"texture":"#0","tintindex":0},"east":{"uv":[12.25,4.25,16,9.875],"texture":"#0","tintindex":0},"south":{"uv":[12.25,4.25,16,9.875],"texture":"#0","tintindex":0},"west":{"uv":[12.25,4.25,16,9.875],"texture":"#0","tintindex":0},"up":{"uv":[12.25,4.25,16,9.875],"texture":"#0","tintindex":0},"down":{"uv":[16,9.625,16,9.875],"texture":"#0","tintindex":0}}},{"from":[28.999,11.62567,-2.40923],"to":[29.099,27.12567,18.99077],"rotation":{"angle":0,"axis":"y","origin":[1.899,0.05134,-0.50923]},"faces":{"north":{"uv":[12.125,4.25,16,8],"texture":"#0","tintindex":0},"east":{"uv":[12.125,4.25,16,8],"texture":"#0","tintindex":0},"south":{"uv":[12.125,4.25,16,8],"texture":"#0","tintindex":0},"west":{"uv":[12.125,4.25,16,8],"texture":"#0","tintindex":0},"up":{"uv":[12.125,4.25,16,8],"texture":"#0","tintindex":0},"down":{"uv":[16,8.875,16,9],"texture":"#0","tintindex":0}}},{"from":[-3.1,11.52567,18.88977],"to":[29,27.12567,18.98977],"rotation":{"angle":0,"axis":"y","origin":[1.5,0.15134,16.68977]},"faces":{"north":{"uv":[0.05,0,7.925,3.975],"texture":"#0","tintindex":0},"east":{"uv":[0.05,0,7.925,3.975],"texture":"#0","tintindex":0},"south":{"uv":[0.05,0,7.925,3.975],"texture":"#0","tintindex":0},"west":{"uv":[0.05,0,7.925,3.975],"texture":"#0","tintindex":0},"up":{"uv":[0.05,0,7.925,3.975],"texture":"#0","tintindex":0},"down":{"uv":[0,4.25,0.5,4.225],"texture":"#0","tintindex":0}}},{"from":[-3.1,11.62567,-2.40923],"to":[29,27.12567,-2.30923],"rotation":{"angle":0,"axis":"y","origin":[1.5,0.25134,16.99077]},"faces":{"north":{"uv":[0.05,0,7.925,3.975],"texture":"#0","tintindex":0},"east":{"uv":[0.05,0,7.925,3.975],"texture":"#0","tintindex":0},"south":{"uv":[0.05,0,7.925,3.975],"texture":"#0","tintindex":0},"west":{"uv":[0.05,0,7.925,3.975],"texture":"#0","tintindex":0},"up":{"uv":[0.05,0,7.925,3.975],"texture":"#0","tintindex":0},"down":{"uv":[0,5.25,0,4.725],"texture":"#0","tintindex":0}}},{"from":[-3,27.12467,-2.29077],"to":[29,27.22467,18.90923],"rotation":{"angle":0,"axis":"y","origin":[0.5,0.05034,-0.09077]},"faces":{"north":{"uv":[11.75,0,16,3.875],"rotation":90,"texture":"#0","tintindex":0},"east":{"uv":[11.75,0,16,3.875],"rotation":90,"texture":"#0","tintindex":0},"south":{"uv":[11.75,0,16,3.875],"rotation":90,"texture":"#0","tintindex":0},"west":{"uv":[11.75,0,16,3.875],"rotation":90,"texture":"#0","tintindex":0},"up":{"uv":[11.75,0,16,3.875],"rotation":90,"texture":"#0","tintindex":0},"down":{"uv":[11.75,0,16,3.875],"rotation":90,"texture":"#0","tintindex":0}}}],"display":{"thirdperson_righthand":{"rotation":[58,-41,0],"translation":[0,1.25,0.25],"scale":[0.1,0.1,0.1]},"thirdperson_lefthand":{"rotation":[58,-41,0],"translation":[0,1.25,0.25],"scale":[0.1,0.1,0.1]},"firstperson_righthand":{"rotation":[0,-36,0],"translation":[16.5,0,-7.25]},"firstperson_lefthand":{"rotation":[0,135,0],"translation":[16.5,0,-7.25]},"ground":{"translation":[0,4,0],"scale":[0.2,0.2,0.2]},"gui":{"rotation":[30,45,0],"translation":[-0.5,1,0],"scale":[0.35,0.35,0.35]},"head":{"translation":[-4.5,9.75,0]},"fixed":{"rotation":[-90,0,0],"translation":[-4,-16,-55.5],"scale":[4,4,4]}},"groups":[{"name":"MadeBypusangGala","origin":[8,8,8],"color":0,"boneType":"","children":[0,1,2,3,4,5,6,7,8,9,{"name":"group","origin":[28,8,8],"color":0,"boneType":"","children":[10,11,12,13,14,15,16,17,18,19,20,21,22,23]},{"name":"group","origin":[28,8,8],"color":0,"boneType":"","children":[24,25,26,27,28,29,30,31,32,33,34,35,36,37]},38,39,40,41]},{"name":"group","origin":[0,0,0],"color":0,"boneType":"","children":[42,43,44,45,46,47,48,49,50,51,52,53,54]},{"name":"group","origin":[0,0,0],"color":0,"boneType":"","children":[55,56,57,58,59,60,61,62,63,64,65,66,67]},{"name":"group","origin":[0,0,0],"color":0,"boneType":"","children":[68,69,70,71,72,73,74,75,76,77,78,79,80]},{"name":"group","origin":[0,0,0],"color":0,"boneType":"","children":[81,82,83,84,85,86,87,88,89,90,91,92,93]},{"name":"group","origin":[0.5,0.25134,16.90923],"color":0,"boneType":"","children":[94,95,96,97,98,99,100,101]},102,103,104,105,106]}