{	"credit":"MadewithBlockbench",	"texture_size":[64,64],	"textures":{		"1":"decorations:crystal_bank"	},	"elements":[		{			"from":[-8,13,-8],			"to":[8,16,8],			"rotation":{"angle":0,"axis":"y","origin":[0,14.5,0]},			"faces":{				"north":{"uv":[7.5,6.5,11.5,7.25],"texture":"#1"},				"east":{"uv":[7.5,7.25,11.5,8],"texture":"#1"},				"south":{"uv":[0,8,4,8.75],"texture":"#1"},				"west":{"uv":[7.5,8,11.5,8.75],"texture":"#1"},				"up":{"uv":[4,4,0,0],"texture":"#1"},				"down":{"uv":[4,4,0,8],"texture":"#1"}			}		},		{			"from":[-7,0,-7],			"to":[7,13,7],			"rotation":{"angle":0,"axis":"y","origin":[0,6.5,0]},			"faces":{				"north":{"uv":[4,3.5,7.5,6.75],"texture":"#1"},				"east":{"uv":[4,6.75,7.5,10],"texture":"#1"},				"south":{"uv":[7.5,0,11,3.25],"texture":"#1"},				"west":{"uv":[7.5,3.25,11,6.5],"texture":"#1"},				"up":{"uv":[0,0,0,0],"texture":"#1"},				"down":{"uv":[7.5,0,4,3.5],"texture":"#1"}			}		},		{			"from":[-8,-0.001,-8],			"to":[-5,2.999,-5],			"rotation":{"angle":0,"axis":"y","origin":[-6.5,1.499,-6.5]},			"faces":{				"north":{"uv":[11.5,6.5,12.25,7.25],"texture":"#1"},				"east":{"uv":[11.5,7.25,12.25,8],"texture":"#1"},				"south":{"uv":[11.5,8,12.25,8.75],"texture":"#1"},				"west":{"uv":[11.5,8.75,12.25,9.5],"texture":"#1"},				"up":{"uv":[12.25,10.25,11.5,9.5],"texture":"#1"},				"down":{"uv":[12.25,10.25,11.5,11],"texture":"#1"}			}		},		{			"from":[-8,-0.001,5],			"to":[-5,2.999,8],			"rotation":{"angle":0,"axis":"y","origin":[-6.5,1.499,6.5]},			"faces":{				"north":{"uv":[11.5,11,12.25,11.75],"texture":"#1"},				"east":{"uv":[7.5,11.75,8.25,12.5],"texture":"#1"},				"south":{"uv":[11.5,11.75,12.25,12.5],"texture":"#1"},				"west":{"uv":[0,12,0.75,12.75],"texture":"#1"},				"up":{"uv":[1.5,12.75,0.75,12],"texture":"#1"},				"down":{"uv":[2.25,12,1.5,12.75],"texture":"#1"}			}		},		{			"from":[5,-0.001,5],			"to":[8,2.999,8],			"rotation":{"angle":0,"axis":"y","origin":[6.5,1.499,6.5]},			"faces":{				"north":{"uv":[2.25,12,3,12.75],"texture":"#1"},				"east":{"uv":[5,12,5.75,12.75],"texture":"#1"},				"south":{"uv":[5.75,12,6.5,12.75],"texture":"#1"},				"west":{"uv":[10.5,12,11.25,12.75],"texture":"#1"},				"up":{"uv":[4.75,13,4,12.25],"texture":"#1"},				"down":{"uv":[13,6.5,12.25,7.25],"texture":"#1"}			}		},		{			"from":[5,-0.001,-8],			"to":[8,2.999,-5],			"rotation":{"angle":0,"axis":"y","origin":[6.5,1.499,-6.5]},			"faces":{				"north":{"uv":[12.25,7.25,13,8],"texture":"#1"},				"east":{"uv":[12.25,8,13,8.75],"texture":"#1"},				"south":{"uv":[12.25,8.75,13,9.5],"texture":"#1"},				"west":{"uv":[12.25,9.5,13,10.25],"texture":"#1"},				"up":{"uv":[13,11,12.25,10.25],"texture":"#1"},				"down":{"uv":[13,11,12.25,11.75],"texture":"#1"}			}		},		{			"from":[-3,24,-3],			"to":[3,29,3],			"rotation":{"angle":0,"axis":"y","origin":[0,26.5,0]},			"faces":{				"north":{"uv":[8.5,9.75,10,11],"texture":"#1"},				"east":{"uv":[4,10,5.5,11.25],"texture":"#1"},				"south":{"uv":[5.5,10,7,11.25],"texture":"#1"},				"west":{"uv":[10,9.75,11.5,11],"texture":"#1"},				"up":{"uv":[1.5,10.25,0,8.75],"texture":"#1"},				"down":{"uv":[3,8.75,1.5,10.25],"texture":"#1"}			}		},		{			"from":[-2,23,-2],			"to":[2,30,2],			"rotation":{"angle":0,"axis":"y","origin":[0,26.5,0]},			"faces":{				"north":{"uv":[0,10.25,1,12],"texture":"#1"},				"east":{"uv":[1,10.25,2,12],"texture":"#1"},				"south":{"uv":[2,10.25,3,12],"texture":"#1"},				"west":{"uv":[3,10.75,4,12.5],"texture":"#1"},				"up":{"uv":[11.5,12,10.5,11],"texture":"#1"},				"down":{"uv":[5,11.25,4,12.25],"texture":"#1"}			}		},		{			"from":[-1,22,-1],			"to":[1,29,1],			"rotation":{"angle":0,"axis":"y","origin":[0,25.5,0]},			"faces":{				"north":{"uv":[8.5,11,9,13.25],"texture":"#1"},				"east":{"uv":[9,11,9.5,13.25],"texture":"#1"},				"south":{"uv":[9.5,11,10,13.25],"texture":"#1"},				"west":{"uv":[10,11,10.5,13.25],"texture":"#1"},				"up":{"uv":[7,12.5,6.5,12],"texture":"#1"},				"down":{"uv":[12.75,11.75,12.25,12.25],"texture":"#1"}			}		},		{			"from":[-4,25,-2],			"to":[4,28,2],			"rotation":{"angle":0,"axis":"y","origin":[0,26.5,0]},			"faces":{				"north":{"uv":[11,0,13,0.75],"texture":"#1"},				"east":{"uv":[5,11.25,6,12],"texture":"#1"},				"south":{"uv":[11,0.75,13,1.5],"texture":"#1"},				"west":{"uv":[6,11.25,7,12],"texture":"#1"},				"up":{"uv":[9.5,9.75,7.5,8.75],"texture":"#1"},				"down":{"uv":[11.5,8.75,9.5,9.75],"texture":"#1"}			}		},		{			"from":[-5,26,-1],			"to":[5,27,1],			"rotation":{"angle":0,"axis":"y","origin":[0,26.5,0]},			"faces":{				"north":{"uv":[11.5,5.5,14,5.75],"texture":"#1"},				"east":{"uv":[8,12.5,8.5,12.75],"texture":"#1"},				"south":{"uv":[11.5,5.75,14,6],"texture":"#1"},				"west":{"uv":[13,10,13.5,10.25],"texture":"#1"},				"up":{"uv":[13.5,3.5,11,3],"texture":"#1"},				"down":{"uv":[13.5,3.5,11,4],"texture":"#1"}			}		},		{			"from":[-2,25,-4],			"to":[2,28,4],			"rotation":{"angle":0,"axis":"y","origin":[0,26.5,0]},			"faces":{				"north":{"uv":[11.5,4,12.5,4.75],"texture":"#1"},				"east":{"uv":[11,1.5,13,2.25],"texture":"#1"},				"south":{"uv":[11.5,4.75,12.5,5.5],"texture":"#1"},				"west":{"uv":[11,2.25,13,3],"texture":"#1"},				"up":{"uv":[4,10.75,3,8.75],"texture":"#1"},				"down":{"uv":[8.5,9.75,7.5,11.75],"texture":"#1"}			}		},		{			"from":[-1,26,-5],			"to":[1,27,5],			"rotation":{"angle":0,"axis":"y","origin":[0,26.5,0]},			"faces":{				"north":{"uv":[13,10.25,13.5,10.5],"texture":"#1"},				"east":{"uv":[11.5,6,14,6.25],"texture":"#1"},				"south":{"uv":[10.5,13,11,13.25],"texture":"#1"},				"west":{"uv":[11.5,6.25,14,6.5],"texture":"#1"},				"up":{"uv":[7.5,12.5,7,10],"texture":"#1"},				"down":{"uv":[11.5,4,11,6.5],"texture":"#1"}			}		},		{			"name":"hexadecagon",			"from":[3.712,20.5,-5.8033],			"to":[6.8946,21.5,-4.8033],			"rotation":{"angle":-45,"axis":"y","origin":[5.3033,21,-5.3033]},			"faces":{				"north":{"uv":[12.25,12.25,13,12.5],"texture":"#1"},				"east":{"uv":[2,13.5,2.25,13.75],"texture":"#1"},				"south":{"uv":[3,12.5,3.75,12.75],"texture":"#1"},				"west":{"uv":[2.25,13.5,2.5,13.75],"texture":"#1"},				"up":{"uv":[13.25,4.25,12.5,4],"texture":"#1"},				"down":{"uv":[13.25,4.25,12.5,4.5],"texture":"#1"}			}		},		{			"name":"hexadecagon",			"from":[1.27883,20.5,-7.4291],			"to":[4.46142,21.5,-6.4291],			"rotation":{"angle":-22.5,"axis":"y","origin":[2.87013,21,-6.9291]},			"faces":{				"north":{"uv":[12.5,4.5,13.25,4.75],"texture":"#1"},				"east":{"uv":[2.5,13.5,2.75,13.75],"texture":"#1"},				"south":{"uv":[12.5,4.75,13.25,5],"texture":"#1"},				"west":{"uv":[2.75,13.5,3,13.75],"texture":"#1"},				"up":{"uv":[13.25,5.25,12.5,5],"texture":"#1"},				"down":{"uv":[13.25,5.25,12.5,5.5],"texture":"#1"}			}		},		{			"name":"hexadecagon",			"from":[-1.5913,20.5,-8],			"to":[1.5913,21.5,-7],			"rotation":{"angle":0,"axis":"y","origin":[0,21,-7.5]},			"faces":{				"north":{"uv":[6.5,12.5,7.25,12.75],"texture":"#1"},				"east":{"uv":[13.5,3,13.75,3.25],"texture":"#1"},				"south":{"uv":[7.25,12.5,8,12.75],"texture":"#1"},				"west":{"uv":[13.5,3.25,13.75,3.5],"texture":"#1"},				"up":{"uv":[12,12.75,11.25,12.5],"texture":"#1"},				"down":{"uv":[12.75,12.5,12,12.75],"texture":"#1"}			}		},		{			"name":"hexadecagon",			"from":[-4.46142,20.5,-7.4291],			"to":[-1.27883,21.5,-6.4291],			"rotation":{"angle":22.5,"axis":"y","origin":[-2.87013,21,-6.9291]},			"faces":{				"north":{"uv":[0,12.75,0.75,13],"texture":"#1"},				"east":{"uv":[13.5,3.5,13.75,3.75],"texture":"#1"},				"south":{"uv":[0.75,12.75,1.5,13],"texture":"#1"},				"west":{"uv":[3.75,13.5,4,13.75],"texture":"#1"},				"up":{"uv":[2.25,13,1.5,12.75],"texture":"#1"},				"down":{"uv":[3,12.75,2.25,13],"texture":"#1"}			}		},		{			"name":"hexadecagon",			"from":[-6.8946,20.5,-5.8033],			"to":[-3.712,21.5,-4.8033],			"rotation":{"angle":45,"axis":"y","origin":[-5.3033,21,-5.3033]},			"faces":{				"north":{"uv":[3,12.75,3.75,13],"texture":"#1"},				"east":{"uv":[13.5,3.75,13.75,4],"texture":"#1"},				"south":{"uv":[4.75,12.75,5.5,13],"texture":"#1"},				"west":{"uv":[4,13.5,4.25,13.75],"texture":"#1"},				"up":{"uv":[6.25,13,5.5,12.75],"texture":"#1"},				"down":{"uv":[7,12.75,6.25,13],"texture":"#1"}			}		},		{			"name":"hexadecagon",			"from":[-6.8946,20.5,4.8033],			"to":[-3.712,21.5,5.8033],			"rotation":{"angle":-45,"axis":"y","origin":[-5.3033,21,5.3033]},			"faces":{				"north":{"uv":[7,12.75,7.75,13],"texture":"#1"},				"east":{"uv":[4.25,13.5,4.5,13.75],"texture":"#1"},				"south":{"uv":[7.75,12.75,8.5,13],"texture":"#1"},				"west":{"uv":[4.5,13.5,4.75,13.75],"texture":"#1"},				"up":{"uv":[11.25,13,10.5,12.75],"texture":"#1"},				"down":{"uv":[12,12.75,11.25,13],"texture":"#1"}			}		},		{			"name":"hexadecagon",			"from":[-4.46142,20.5,6.4291],			"to":[-1.27883,21.5,7.4291],			"rotation":{"angle":-22.5,"axis":"y","origin":[-2.87013,21,6.9291]},			"faces":{				"north":{"uv":[12.75,11.75,13.5,12],"texture":"#1"},				"east":{"uv":[5,13.5,5.25,13.75],"texture":"#1"},				"south":{"uv":[12,12.75,12.75,13],"texture":"#1"},				"west":{"uv":[5.25,13.5,5.5,13.75],"texture":"#1"},				"up":{"uv":[13.5,12.25,12.75,12],"texture":"#1"},				"down":{"uv":[13.5,12.5,12.75,12.75],"texture":"#1"}			}		},		{			"name":"hexadecagon",			"from":[-1.5913,20.5,7],			"to":[1.5913,21.5,8],			"rotation":{"angle":0,"axis":"y","origin":[0,21,7.5]},			"faces":{				"north":{"uv":[12.75,12.75,13.5,13],"texture":"#1"},				"east":{"uv":[5.5,13.5,5.75,13.75],"texture":"#1"},				"south":{"uv":[0,13,0.75,13.25],"texture":"#1"},				"west":{"uv":[5.75,13.5,6,13.75],"texture":"#1"},				"up":{"uv":[13.75,0.25,13,0],"texture":"#1"},				"down":{"uv":[13.75,0.25,13,0.5],"texture":"#1"}			}		},		{			"name":"hexadecagon",			"from":[1.27883,20.5,6.4291],			"to":[4.46142,21.5,7.4291],			"rotation":{"angle":22.5,"axis":"y","origin":[2.87013,21,6.9291]},			"faces":{				"north":{"uv":[13,0.5,13.75,0.75],"texture":"#1"},				"east":{"uv":[6,13.5,6.25,13.75],"texture":"#1"},				"south":{"uv":[0.75,13,1.5,13.25],"texture":"#1"},				"west":{"uv":[6.25,13.5,6.5,13.75],"texture":"#1"},				"up":{"uv":[13.75,1,13,0.75],"texture":"#1"},				"down":{"uv":[13.75,1,13,1.25],"texture":"#1"}			}		},		{			"name":"hexadecagon",			"from":[3.712,20.5,4.8033],			"to":[6.8946,21.5,5.8033],			"rotation":{"angle":45,"axis":"y","origin":[5.3033,21,5.3033]},			"faces":{				"north":{"uv":[13,1.25,13.75,1.5],"texture":"#1"},				"east":{"uv":[6.75,13.5,7,13.75],"texture":"#1"},				"south":{"uv":[1.5,13,2.25,13.25],"texture":"#1"},				"west":{"uv":[7,13.5,7.25,13.75],"texture":"#1"},				"up":{"uv":[13.75,1.75,13,1.5],"texture":"#1"},				"down":{"uv":[13.75,1.75,13,2],"texture":"#1"}			}		},		{			"name":"hexadecagon",			"from":[-7.4291,20.5,-4.46142],			"to":[-6.4291,21.5,-1.27883],			"rotation":{"angle":-22.5,"axis":"y","origin":[-6.9291,21,-2.87013]},			"faces":{				"north":{"uv":[7.75,13.5,8,13.75],"texture":"#1"},				"east":{"uv":[13,2,13.75,2.25],"texture":"#1"},				"south":{"uv":[8,13.5,8.25,13.75],"texture":"#1"},				"west":{"uv":[2.25,13,3,13.25],"texture":"#1"},				"up":{"uv":[8.5,12.5,8.25,11.75],"texture":"#1"},				"down":{"uv":[4,12.5,3.75,13.25],"texture":"#1"}			}		},		{			"name":"hexadecagon",			"from":[-8,20.5,-1.5913],			"to":[-7,21.5,1.5913],			"rotation":{"angle":0,"axis":"y","origin":[-7.5,21,0]},			"faces":{				"north":{"uv":[8.25,13.5,8.5,13.75],"texture":"#1"},				"east":{"uv":[13,2.25,13.75,2.5],"texture":"#1"},				"south":{"uv":[8.5,13.5,8.75,13.75],"texture":"#1"},				"west":{"uv":[13,2.5,13.75,2.75],"texture":"#1"},				"up":{"uv":[3.25,13.75,3,13],"texture":"#1"},				"down":{"uv":[3.5,13,3.25,13.75],"texture":"#1"}			}		},		{			"name":"hexadecagon",			"from":[-7.4291,20.5,1.27883],			"to":[-6.4291,21.5,4.46142],			"rotation":{"angle":22.5,"axis":"y","origin":[-6.9291,21,2.87013]},			"faces":{				"north":{"uv":[8.75,13.5,9,13.75],"texture":"#1"},				"east":{"uv":[13,2.75,13.75,3],"texture":"#1"},				"south":{"uv":[9,13.5,9.25,13.75],"texture":"#1"},				"west":{"uv":[4,13,4.75,13.25],"texture":"#1"},				"up":{"uv":[3.75,13.75,3.5,13],"texture":"#1"},				"down":{"uv":[5,13,4.75,13.75],"texture":"#1"}			}		},		{			"name":"hexadecagon",			"from":[6.4291,20.5,1.27883],			"to":[7.4291,21.5,4.46142],			"rotation":{"angle":-22.5,"axis":"y","origin":[6.9291,21,2.87013]},			"faces":{				"north":{"uv":[9.25,13.5,9.5,13.75],"texture":"#1"},				"east":{"uv":[5,13,5.75,13.25],"texture":"#1"},				"south":{"uv":[9.5,13.5,9.75,13.75],"texture":"#1"},				"west":{"uv":[5.75,13,6.5,13.25],"texture":"#1"},				"up":{"uv":[6.75,13.75,6.5,13],"texture":"#1"},				"down":{"uv":[13.25,6.5,13,7.25],"texture":"#1"}			}		},		{			"name":"hexadecagon",			"from":[7,20.5,-1.5913],			"to":[8,21.5,1.5913],			"rotation":{"angle":0,"axis":"y","origin":[7.5,21,0]},			"faces":{				"north":{"uv":[10,13.5,10.25,13.75],"texture":"#1"},				"east":{"uv":[6.75,13,7.5,13.25],"texture":"#1"},				"south":{"uv":[13.5,10,13.75,10.25],"texture":"#1"},				"west":{"uv":[13,7.25,13.75,7.5],"texture":"#1"},				"up":{"uv":[7.75,13.75,7.5,13],"texture":"#1"},				"down":{"uv":[13.25,7.5,13,8.25],"texture":"#1"}			}		},		{			"name":"hexadecagon",			"from":[6.4291,20.5,-4.46142],			"to":[7.4291,21.5,-1.27883],			"rotation":{"angle":22.5,"axis":"y","origin":[6.9291,21,-2.87013]},			"faces":{				"north":{"uv":[10.25,13.5,10.5,13.75],"texture":"#1"},				"east":{"uv":[7.75,13,8.5,13.25],"texture":"#1"},				"south":{"uv":[13.5,10.25,13.75,10.5],"texture":"#1"},				"west":{"uv":[13,8.25,13.75,8.5],"texture":"#1"},				"up":{"uv":[13.25,9.25,13,8.5],"texture":"#1"},				"down":{"uv":[13.25,9.25,13,10],"texture":"#1"}			}		},		{			"name":"hexadecagon",			"from":[2.18742,17.5,-3.68198],			"to":[4.17654,18.5,-2.68198],			"rotation":{"angle":-45,"axis":"y","origin":[3.18198,18,-3.18198]},			"faces":{				"north":{"uv":[13,10.5,13.5,10.75],"texture":"#1"},				"east":{"uv":[13.5,10.5,13.75,10.75],"texture":"#1"},				"south":{"uv":[13,10.75,13.5,11],"texture":"#1"},				"west":{"uv":[13.5,10.75,13.75,11],"texture":"#1"},				"up":{"uv":[11.5,13.25,11,13],"texture":"#1"},				"down":{"uv":[13.5,11,13,11.25],"texture":"#1"}			}		},		{			"name":"hexadecagon",			"from":[0.72751,17.5,-4.65746],			"to":[2.71664,18.5,-3.65746],			"rotation":{"angle":-22.5,"axis":"y","origin":[1.72208,18,-4.15746]},			"faces":{				"north":{"uv":[13,11.25,13.5,11.5],"texture":"#1"},				"east":{"uv":[11,13.5,11.25,13.75],"texture":"#1"},				"south":{"uv":[11.5,13,12,13.25],"texture":"#1"},				"west":{"uv":[13.5,11,13.75,11.25],"texture":"#1"},				"up":{"uv":[13.5,11.75,13,11.5],"texture":"#1"},				"down":{"uv":[12.5,13,12,13.25],"texture":"#1"}			}		},		{			"name":"hexadecagon",			"from":[-0.99456,17.5,-5],			"to":[0.99456,18.5,-4],			"rotation":{"angle":0,"axis":"y","origin":[0,18,-4.5]},			"faces":{				"north":{"uv":[13,12.25,13.5,12.5],"texture":"#1"},				"east":{"uv":[11.25,13.5,11.5,13.75],"texture":"#1"},				"south":{"uv":[12.5,13,13,13.25],"texture":"#1"},				"west":{"uv":[13.5,11.25,13.75,11.5],"texture":"#1"},				"up":{"uv":[13.5,13.25,13,13],"texture":"#1"},				"down":{"uv":[0.5,13.25,0,13.5],"texture":"#1"}			}		},		{			"name":"hexadecagon",			"from":[-2.71664,17.5,-4.65746],			"to":[-0.72751,18.5,-3.65746],			"rotation":{"angle":22.5,"axis":"y","origin":[-1.72208,18,-4.15746]},			"faces":{				"north":{"uv":[0.5,13.25,1,13.5],"texture":"#1"},				"east":{"uv":[11.5,13.5,11.75,13.75],"texture":"#1"},				"south":{"uv":[1,13.25,1.5,13.5],"texture":"#1"},				"west":{"uv":[13.5,11.5,13.75,11.75],"texture":"#1"},				"up":{"uv":[2,13.5,1.5,13.25],"texture":"#1"},				"down":{"uv":[2.5,13.25,2,13.5],"texture":"#1"}			}		},		{			"name":"hexadecagon",			"from":[-4.17654,17.5,-3.68198],			"to":[-2.18742,18.5,-2.68198],			"rotation":{"angle":45,"axis":"y","origin":[-3.18198,18,-3.18198]},			"faces":{				"north":{"uv":[2.5,13.25,3,13.5],"texture":"#1"},				"east":{"uv":[11.75,13.5,12,13.75],"texture":"#1"},				"south":{"uv":[3.75,13.25,4.25,13.5],"texture":"#1"},				"west":{"uv":[13.5,11.75,13.75,12],"texture":"#1"},				"up":{"uv":[13.75,4.25,13.25,4],"texture":"#1"},				"down":{"uv":[4.75,13.25,4.25,13.5],"texture":"#1"}			}		},		{			"name":"hexadecagon",			"from":[-4.17654,17.5,2.68198],			"to":[-2.18742,18.5,3.68198],			"rotation":{"angle":-45,"axis":"y","origin":[-3.18198,18,3.18198]},			"faces":{				"north":{"uv":[13.25,4.25,13.75,4.5],"texture":"#1"},				"east":{"uv":[13.5,12,13.75,12.25],"texture":"#1"},				"south":{"uv":[13.25,4.5,13.75,4.75],"texture":"#1"},				"west":{"uv":[13.5,12.25,13.75,12.5],"texture":"#1"},				"up":{"uv":[13.75,5,13.25,4.75],"texture":"#1"},				"down":{"uv":[5.5,13.25,5,13.5],"texture":"#1"}			}		},		{			"name":"hexadecagon",			"from":[-2.71664,17.5,3.65746],			"to":[-0.72751,18.5,4.65746],			"rotation":{"angle":-22.5,"axis":"y","origin":[-1.72208,18,4.15746]},			"faces":{				"north":{"uv":[13.25,5,13.75,5.25],"texture":"#1"},				"east":{"uv":[12.5,13.5,12.75,13.75],"texture":"#1"},				"south":{"uv":[13.25,5.25,13.75,5.5],"texture":"#1"},				"west":{"uv":[13.5,12.5,13.75,12.75],"texture":"#1"},				"up":{"uv":[6,13.5,5.5,13.25],"texture":"#1"},				"down":{"uv":[6.5,13.25,6,13.5],"texture":"#1"}			}		},		{			"name":"hexadecagon",			"from":[-0.99456,17.5,4],			"to":[0.99456,18.5,5],			"rotation":{"angle":0,"axis":"y","origin":[0,18,4.5]},			"faces":{				"north":{"uv":[13.25,6.5,13.75,6.75],"texture":"#1"},				"east":{"uv":[12.75,13.5,13,13.75],"texture":"#1"},				"south":{"uv":[6.75,13.25,7.25,13.5],"texture":"#1"},				"west":{"uv":[13.5,12.75,13.75,13],"texture":"#1"},				"up":{"uv":[13.75,7,13.25,6.75],"texture":"#1"},				"down":{"uv":[13.75,7,13.25,7.25],"texture":"#1"}			}		},		{			"name":"hexadecagon",			"from":[0.72751,17.5,3.65746],			"to":[2.71664,18.5,4.65746],			"rotation":{"angle":22.5,"axis":"y","origin":[1.72208,18,4.15746]},			"faces":{				"north":{"uv":[13.25,7.5,13.75,7.75],"texture":"#1"},				"east":{"uv":[13,13.5,13.25,13.75],"texture":"#1"},				"south":{"uv":[7.75,13.25,8.25,13.5],"texture":"#1"},				"west":{"uv":[13.5,13,13.75,13.25],"texture":"#1"},				"up":{"uv":[13.75,8,13.25,7.75],"texture":"#1"},				"down":{"uv":[13.75,8,13.25,8.25],"texture":"#1"}			}		},		{			"name":"hexadecagon",			"from":[2.18742,17.5,2.68198],			"to":[4.17654,18.5,3.68198],			"rotation":{"angle":45,"axis":"y","origin":[3.18198,18,3.18198]},			"faces":{				"north":{"uv":[8.25,13.25,8.75,13.5],"texture":"#1"},				"east":{"uv":[13.25,13.5,13.5,13.75],"texture":"#1"},				"south":{"uv":[13.25,8.5,13.75,8.75],"texture":"#1"},				"west":{"uv":[13.5,13.25,13.75,13.5],"texture":"#1"},				"up":{"uv":[9.25,13.5,8.75,13.25],"texture":"#1"},				"down":{"uv":[13.75,8.75,13.25,9],"texture":"#1"}			}		},		{			"name":"hexadecagon",			"from":[-4.65746,17.5,-2.71664],			"to":[-3.65746,18.5,-0.72751],			"rotation":{"angle":-22.5,"axis":"y","origin":[-4.15746,18,-1.72208]},			"faces":{				"north":{"uv":[13.5,13.5,13.75,13.75],"texture":"#1"},				"east":{"uv":[13.25,9,13.75,9.25],"texture":"#1"},				"south":{"uv":[13.75,0,14,0.25],"texture":"#1"},				"west":{"uv":[9.25,13.25,9.75,13.5],"texture":"#1"},				"up":{"uv":[11.5,12.5,11.25,12],"texture":"#1"},				"down":{"uv":[5,12.25,4.75,12.75],"texture":"#1"}			}		},		{			"name":"hexadecagon",			"from":[-5,17.5,-0.99456],			"to":[-4,18.5,0.99456],			"rotation":{"angle":0,"axis":"y","origin":[-4.5,18,0]},			"faces":{				"north":{"uv":[13.75,0.25,14,0.5],"texture":"#1"},				"east":{"uv":[13.25,9.25,13.75,9.5],"texture":"#1"},				"south":{"uv":[0.5,13.75,0.75,14],"texture":"#1"},				"west":{"uv":[13.25,9.5,13.75,9.75],"texture":"#1"},				"up":{"uv":[7.5,13.75,7.25,13.25],"texture":"#1"},				"down":{"uv":[10,13.25,9.75,13.75],"texture":"#1"}			}		},		{			"name":"hexadecagon",			"from":[-4.65746,17.5,0.72751],			"to":[-3.65746,18.5,2.71664],			"rotation":{"angle":22.5,"axis":"y","origin":[-4.15746,18,1.72208]},			"faces":{				"north":{"uv":[13.75,0.5,14,0.75],"texture":"#1"},				"east":{"uv":[13.25,9.75,13.75,10],"texture":"#1"},				"south":{"uv":[0.75,13.75,1,14],"texture":"#1"},				"west":{"uv":[10,13.25,10.5,13.5],"texture":"#1"},				"up":{"uv":[10.75,13.75,10.5,13.25],"texture":"#1"},				"down":{"uv":[11,13.25,10.75,13.75],"texture":"#1"}			}		},		{			"name":"hexadecagon",			"from":[3.65746,17.5,0.72751],			"to":[4.65746,18.5,2.71664],			"rotation":{"angle":-22.5,"axis":"y","origin":[4.15746,18,1.72208]},			"faces":{				"north":{"uv":[13.75,0.75,14,1],"texture":"#1"},				"east":{"uv":[11,13.25,11.5,13.5],"texture":"#1"},				"south":{"uv":[1,13.75,1.25,14],"texture":"#1"},				"west":{"uv":[11.5,13.25,12,13.5],"texture":"#1"},				"up":{"uv":[12.25,13.75,12,13.25],"texture":"#1"},				"down":{"uv":[12.5,13.25,12.25,13.75],"texture":"#1"}			}		},		{			"name":"hexadecagon",			"from":[4,17.5,-0.99456],			"to":[5,18.5,0.99456],			"rotation":{"angle":0,"axis":"y","origin":[4.5,18,0]},			"faces":{				"north":{"uv":[13.75,1,14,1.25],"texture":"#1"},				"east":{"uv":[12.5,13.25,13,13.5],"texture":"#1"},				"south":{"uv":[1.25,13.75,1.5,14],"texture":"#1"},				"west":{"uv":[13,13.25,13.5,13.5],"texture":"#1"},				"up":{"uv":[0.25,14,0,13.5],"texture":"#1"},				"down":{"uv":[0.5,13.5,0.25,14],"texture":"#1"}			}		},		{			"name":"hexadecagon",			"from":[3.65746,17.5,-2.71664],			"to":[4.65746,18.5,-0.72751],			"rotation":{"angle":22.5,"axis":"y","origin":[4.15746,18,-1.72208]},			"faces":{				"north":{"uv":[13.75,1.25,14,1.5],"texture":"#1"},				"east":{"uv":[0.5,13.5,1,13.75],"texture":"#1"},				"south":{"uv":[13.75,1.5,14,1.75],"texture":"#1"},				"west":{"uv":[1,13.5,1.5,13.75],"texture":"#1"},				"up":{"uv":[1.75,14,1.5,13.5],"texture":"#1"},				"down":{"uv":[2,13.5,1.75,14],"texture":"#1"}			}		}	],	"display":{		"head":{			"translation":[8.5,0,8.5]		},		"fixed":{			"rotation":[-90,0,0],			"translation":[16,15.5,-17],			"scale":[2,2,2]		}	},	"groups":[		{			"name":"bone",			"origin":[-8,0,-8],			"color":0,			"boneType":"",			"children":[				0,				1,				2,				3,				4,				5,				{					"name":"bone2",					"origin":[0,26.35714,0],					"color":0,					"boneType":"",					"children":[6,7,8,9,10,11,12]				},				{					"name":"hexadecagon",					"origin":[0,21,0],					"color":0,					"boneType":"",					"children":[13,14,15,16,17,18,19,20,21,22,23,24,25,26,27,28]				},				{					"name":"smallhexadecagon",					"origin":[-8,10,-8],					"color":0,					"boneType":"",					"children":[29,30,31,32,33,34,35,36,37,38,39,40,41,42,43,44]				}			]		}	]}