{"credit":"MadewithBlockbench","texture_size":[128,128],"textures":{"4":"decorations:dark_drawer","particle":"decorations:dark_drawer"},"elements":[{"from":[2.5,-7.5,0.75],"to":[8,-2.5,15],"faces":{"north":{"uv":[7.875,5,8.625,5.625],"texture":"#4"},"east":{"uv":[7.875,0,9.625,0.625],"texture":"#4"},"south":{"uv":[7.875,5.625,8.625,6.25],"texture":"#4"},"west":{"uv":[7.875,0.625,9.625,1.25],"texture":"#4"},"up":{"uv":[3.75,8,3,6.25],"texture":"#4"},"down":{"uv":[4.5,7,3.75,8.75],"texture":"#4"}}},{"from":[8,-7.5,0.75],"to":[13.5,-2.5,15],"faces":{"north":{"uv":[0.75,8.125,1.5,8.75],"texture":"#4"},"east":{"uv":[7.875,1.25,9.625,1.875],"texture":"#4"},"south":{"uv":[1,8,1.75,8.625],"texture":"#4"},"west":{"uv":[7.875,1.875,9.625,2.5],"texture":"#4"},"up":{"uv":[5.25,8.75,4.5,7],"texture":"#4"},"down":{"uv":[6,7,5.25,8.75],"texture":"#4"}}},{"from":[2.5,-13.5,0.75],"to":[8,-8.5,15],"faces":{"north":{"uv":[1.75,8,2.5,8.625],"texture":"#4"},"east":{"uv":[7.875,2.5,9.625,3.125],"texture":"#4"},"south":{"uv":[2.5,8,3.25,8.625],"texture":"#4"},"west":{"uv":[7.875,3.125,9.625,3.75],"texture":"#4"},"up":{"uv":[6.75,8.75,6,7],"texture":"#4"},"down":{"uv":[7.5,7,6.75,8.75],"texture":"#4"}}},{"from":[8,-13.5,0.75],"to":[13.5,-8.5,15],"faces":{"north":{"uv":[8.25,7.5,9,8.125],"texture":"#4"},"east":{"uv":[7.875,3.75,9.625,4.375],"texture":"#4"},"south":{"uv":[8.25,7.5,9,8.125],"texture":"#4"},"west":{"uv":[7.875,4.375,9.625,5],"texture":"#4"},"up":{"uv":[7.875,7,7.125,5.25],"texture":"#4"},"down":{"uv":[8.25,7,7.5,8.75],"texture":"#4"}}},{"name":"pusangGala","from":[2,-15,1],"to":[14,-1,15],"faces":{"north":{"uv":[1.5,6.25,3,8],"texture":"#4"},"east":{"uv":[2.125,4.5,3.875,6.25],"texture":"#4"},"south":{"uv":[6.375,0,7.875,1.75],"texture":"#4"},"west":{"uv":[3.875,5.25,5.625,7],"texture":"#4"},"up":{"uv":[7.875,3.5,6.375,1.75],"texture":"#4"},"down":{"uv":[7.875,3.5,6.375,5.25],"texture":"#4"}}},{"from":[7.5,-11,0.25],"to":[8.5,-10,1],"faces":{"north":{"uv":[3.875,4.5,4,4.625],"texture":"#4"},"east":{"uv":[4,4.5,4.125,4.625],"texture":"#4"},"south":{"uv":[4.125,4.5,4.25,4.625],"texture":"#4"},"west":{"uv":[3.875,4.625,4,4.75],"texture":"#4"},"up":{"uv":[4.125,4.75,4,4.625],"texture":"#4"},"down":{"uv":[4.25,4.625,4.125,4.75],"texture":"#4"}}},{"from":[7.5,-5,0.25],"to":[8.5,-4,1],"faces":{"north":{"uv":[3.875,4.75,4,4.875],"texture":"#4"},"east":{"uv":[4,4.75,4.125,4.875],"texture":"#4"},"south":{"uv":[4.125,4.75,4.25,4.875],"texture":"#4"},"west":{"uv":[3.875,4.875,4,5],"texture":"#4"},"up":{"uv":[4.125,5,4,4.875],"texture":"#4"},"down":{"uv":[4.25,4.875,4.125,5],"texture":"#4"}}},{"from":[14,-15,0.5],"to":[16.25,-1,17.6],"faces":{"north":{"uv":[3.25,8,3.5,9.75],"texture":"#4"},"east":{"uv":[4.25,0,6.375,1.75],"texture":"#4"},"south":{"uv":[3.5,8,3.75,9.75],"texture":"#4"},"west":{"uv":[4.25,1.75,6.375,3.5],"texture":"#4"},"up":{"uv":[0.25,10.125,0,8],"texture":"#4"},"down":{"uv":[0.5,8,0.25,10.125],"texture":"#4"}}},{"from":[-0.25,-15,0.5],"to":[2,-1,17.6],"faces":{"north":{"uv":[8.25,8.125,8.5,9.875],"texture":"#4"},"east":{"uv":[4.25,3.5,6.375,5.25],"texture":"#4"},"south":{"uv":[8.5,8.125,8.75,9.875],"texture":"#4"},"west":{"uv":[0,4.5,2.125,6.25],"texture":"#4"},"up":{"uv":[0.75,10.125,0.5,8],"texture":"#4"},"down":{"uv":[1,8,0.75,10.125],"texture":"#4"}}},{"from":[-0.5,-1,0],"to":[16.5,0,17.6],"faces":{"north":{"uv":[8.625,5.75,10.75,5.875],"texture":"#4"},"east":{"uv":[8.625,5.25,10.875,5.375],"texture":"#4"},"south":{"uv":[8.625,5.875,10.75,6],"texture":"#4"},"west":{"uv":[8.625,5.375,10.875,5.5],"texture":"#4"},"up":{"uv":[2.125,2.25,0,0],"texture":"#4"},"down":{"uv":[4.25,0,2.125,2.25],"texture":"#4"}}},{"from":[-0.5,-16,0],"to":[16.5,-15,17.6],"faces":{"north":{"uv":[8.625,6,10.75,6.125],"texture":"#4"},"east":{"uv":[8.625,5.5,10.875,5.625],"texture":"#4"},"south":{"uv":[8.625,6.125,10.75,6.25],"texture":"#4"},"west":{"uv":[8.625,5.625,10.875,5.75],"texture":"#4"},"up":{"uv":[2.125,4.5,0,2.25],"texture":"#4"},"down":{"uv":[4.25,2.25,2.125,4.5],"texture":"#4"}}},{"from":[2,-15,16],"to":[14,-1,17.6],"faces":{"north":{"uv":[5.625,5.25,7.125,7],"texture":"#4"},"east":{"uv":[1,8.625,1.25,10.375],"texture":"#4"},"south":{"uv":[0,6.25,1.5,8],"texture":"#4"},"west":{"uv":[1.25,8.625,1.5,10.375],"texture":"#4"},"up":{"uv":[3,8.875,1.5,8.625],"texture":"#4"},"down":{"uv":[10.125,5,8.625,5.25],"texture":"#4"}}}],"display":{"thirdperson_righthand":{"rotation":[75,45,0],"translation":[0,2.5,1.25],"scale":[0.20313,0.20313,0.20313]},"thirdperson_lefthand":{"rotation":[75,45,0],"translation":[0,2.5,1.25],"scale":[0.20313,0.20313,0.20313]},"firstperson_righthand":{"rotation":[0,125.5,0],"translation":[0,1.25,0],"scale":[0.16563,0.16563,0.16563]},"firstperson_lefthand":{"rotation":[0,125.5,0],"translation":[0,1,0],"scale":[0.16563,0.16563,0.16563]},"ground":{"translation":[0,3,0],"scale":[0.25,0.25,0.25]},"gui":{"rotation":[30,225,0],"translation":[0,6.25,0],"scale":[0.5,0.5,0.5]},"fixed":{"rotation":[-90,0,0],"translation":[-0.25,-2.5,-48.25],"scale":[2,2,2]}},"groups":[{"name":"tallshelf_birch","origin":[8,8,8],"color":0,"children":[]},{"name":"Drawers","origin":[8,8,8],"color":0,"children":[0,1,2,3]},{"name":"Behind","origin":[8,8,8],"color":0,"children":[4]},{"name":"Handles","origin":[8,8,8],"color":0,"children":[5,6]},{"name":"Frame","origin":[8,8,8],"color":0,"children":[7,8,9,10,11]}]}