{"credit":"MadewithBlockbench","textures":{"0":"decorations:farm_sign","particle":"decorations:farm_sign"},"elements":[{"from":[0.97813,7.27842,7],"to":[14.97813,8.27842,8],"rotation":{"angle":0,"axis":"z","origin":[-1.52187,7.77842,7.5]},"faces":{"north":{"uv":[0,5.25,8,6.25],"texture":"#0"},"east":{"uv":[0,5.25,8,6.25],"texture":"#0"},"south":{"uv":[0,5.25,8,6.25],"texture":"#0"},"west":{"uv":[0,5.25,8,6.25],"texture":"#0"},"up":{"uv":[0,5.25,8,6.25],"texture":"#0"},"down":{"uv":[0,5.25,8,6.25],"texture":"#0"}}},{"from":[-0.36769,16.73231,7],"to":[16.43231,17.73231,8],"rotation":{"angle":0,"axis":"z","origin":[-2.86769,8.23231,7.5]},"faces":{"north":{"uv":[0,5.25,8,6.25],"texture":"#0"},"east":{"uv":[0,5.25,8,6.25],"texture":"#0"},"south":{"uv":[0,5.25,8,6.25],"texture":"#0"},"west":{"uv":[0,5.25,8,6.25],"texture":"#0"},"up":{"uv":[0,5.25,8,6.25],"texture":"#0"},"down":{"uv":[0,5.25,8,6.25],"texture":"#0"}}},{"from":[-12.96634,-2.17261,7],"to":[-8.16634,-1.17261,8],"rotation":{"angle":0,"axis":"y","origin":[19.23366,16.62739,7.5]},"faces":{"north":{"uv":[0,5.25,3.75,6.25],"texture":"#0"},"east":{"uv":[0,5.25,3.75,6.25],"texture":"#0"},"south":{"uv":[0,5.25,3.75,6.25],"texture":"#0"},"west":{"uv":[0,5.25,3.75,6.25],"texture":"#0"},"up":{"uv":[0,5.25,3.75,6.25],"texture":"#0"},"down":{"uv":[0,5.25,3.75,6.25],"texture":"#0"}}},{"from":[-3.25963,4.44635,7],"to":[1.74037,5.44635,8],"rotation":{"angle":22.5,"axis":"z","origin":[-5.75963,4.94635,7.5]},"faces":{"north":{"uv":[0,6.5,4,7.5],"texture":"#0"},"east":{"uv":[0,6.5,4,7.5],"texture":"#0"},"south":{"uv":[0,6.5,4,7.5],"texture":"#0"},"west":{"uv":[0,6.5,4,7.5],"texture":"#0"},"up":{"uv":[0,6.5,4,7.5],"texture":"#0"},"down":{"uv":[0,6.5,4,7.5],"texture":"#0"}}},{"from":[-9.09102,3.20815,7],"to":[-8.09102,8.20815,8],"rotation":{"angle":-45,"axis":"z","origin":[-8.59102,0.70815,7.5]},"faces":{"north":{"uv":[0,6.5,4,7.5],"texture":"#0"},"east":{"uv":[0,6.5,4,7.5],"texture":"#0"},"south":{"uv":[0,6.5,4,7.5],"texture":"#0"},"west":{"uv":[0,6.5,4,7.5],"texture":"#0"},"up":{"uv":[0,6.5,4,7.5],"texture":"#0"},"down":{"uv":[0,6.5,4,7.5],"texture":"#0"}}},{"from":[-8.17157,-2.17157,7],"to":[-7.17157,2.82843,8],"rotation":{"angle":-22.5,"axis":"z","origin":[-7.67157,0.32843,7.5]},"faces":{"north":{"uv":[0,5.5,0.75,9],"texture":"#0"},"east":{"uv":[0,5.5,0.75,9],"texture":"#0"},"south":{"uv":[0,5.5,0.75,9],"texture":"#0"},"west":{"uv":[0,5.5,0.75,9],"texture":"#0"},"up":{"uv":[0,5.5,0.75,9],"texture":"#0"},"down":{"uv":[0,5.5,0.75,9],"texture":"#0"}}},{"from":[-13.97157,-2.17157,7],"to":[-12.97157,4.12843,8],"rotation":{"angle":0,"axis":"z","origin":[-12.47157,1.62843,7.5]},"faces":{"north":{"uv":[0,5.5,0.75,9],"texture":"#0"},"east":{"uv":[0,5.5,0.75,9],"texture":"#0"},"south":{"uv":[0,5.5,0.75,9],"texture":"#0"},"west":{"uv":[0,5.5,0.75,9],"texture":"#0"},"up":{"uv":[0,5.5,0.75,9],"texture":"#0"},"down":{"uv":[0,5.5,0.75,9],"texture":"#0"}}},{"from":[-14.96634,4.12739,7],"to":[-13.96634,9.12739,8],"rotation":{"angle":-22.5,"axis":"z","origin":[-14.46634,1.62739,7.5]},"faces":{"north":{"uv":[0,5.5,0.75,9],"texture":"#0"},"east":{"uv":[0,5.5,0.75,9],"texture":"#0"},"south":{"uv":[0,5.5,0.75,9],"texture":"#0"},"west":{"uv":[0,5.5,0.75,9],"texture":"#0"},"up":{"uv":[0,5.5,0.75,9],"texture":"#0"},"down":{"uv":[0,5.5,0.75,9],"texture":"#0"}}},{"from":[-10.97237,6.1265,7],"to":[-5.97237,7.1265,8],"rotation":{"angle":45,"axis":"z","origin":[-13.47237,6.6265,7.5]},"faces":{"north":{"uv":[0,6.5,4,7.5],"texture":"#0"},"east":{"uv":[0,6.5,4,7.5],"texture":"#0"},"south":{"uv":[0,6.5,4,7.5],"texture":"#0"},"west":{"uv":[0,6.5,4,7.5],"texture":"#0"},"up":{"uv":[0,6.5,4,7.5],"texture":"#0"},"down":{"uv":[0,6.5,4,7.5],"texture":"#0"}}},{"from":[-7.43684,9.66204,7],"to":[-2.43684,10.66204,8],"rotation":{"angle":45,"axis":"z","origin":[-9.93684,10.16204,7.5]},"faces":{"north":{"uv":[0,6.5,4,7.5],"texture":"#0"},"east":{"uv":[0,6.5,4,7.5],"texture":"#0"},"south":{"uv":[0,6.5,4,7.5],"texture":"#0"},"west":{"uv":[0,6.5,4,7.5],"texture":"#0"},"up":{"uv":[0,6.5,4,7.5],"texture":"#0"},"down":{"uv":[0,6.5,4,7.5],"texture":"#0"}}},{"from":[-4.98605,15.81366,7],"to":[0.01395,16.81366,8],"rotation":{"angle":22.5,"axis":"z","origin":[-2.48605,16.31366,7.5]},"faces":{"north":{"uv":[0,6.5,4,7.5],"texture":"#0"},"east":{"uv":[0,6.5,4,7.5],"texture":"#0"},"south":{"uv":[0,6.5,4,7.5],"texture":"#0"},"west":{"uv":[0,6.5,4,7.5],"texture":"#0"},"up":{"uv":[0,6.5,4,7.5],"texture":"#0"},"down":{"uv":[0,6.5,4,7.5],"texture":"#0"}}},{"from":[14.25963,4.44635,7],"to":[19.25963,5.44635,8],"rotation":{"angle":-22.5,"axis":"z","origin":[21.75963,4.94635,7.5]},"faces":{"north":{"uv":[0,6.5,4,7.5],"texture":"#0"},"east":{"uv":[0,6.5,4,7.5],"texture":"#0"},"south":{"uv":[0,6.5,4,7.5],"texture":"#0"},"west":{"uv":[0,6.5,4,7.5],"texture":"#0"},"up":{"uv":[0,6.5,4,7.5],"texture":"#0"},"down":{"uv":[0,6.5,4,7.5],"texture":"#0"}}},{"from":[24.09102,3.20815,7],"to":[25.09102,8.20815,8],"rotation":{"angle":45,"axis":"z","origin":[24.59102,0.70815,7.5]},"faces":{"north":{"uv":[0,6.5,4,7.5],"texture":"#0"},"east":{"uv":[0,6.5,4,7.5],"texture":"#0"},"south":{"uv":[0,6.5,4,7.5],"texture":"#0"},"west":{"uv":[0,6.5,4,7.5],"texture":"#0"},"up":{"uv":[0,6.5,4,7.5],"texture":"#0"},"down":{"uv":[0,6.5,4,7.5],"texture":"#0"}}},{"from":[23.17157,-2.17157,7],"to":[24.17157,2.82843,8],"rotation":{"angle":22.5,"axis":"z","origin":[23.67157,0.32843,7.5]},"faces":{"north":{"uv":[0,5.5,0.75,9],"texture":"#0"},"east":{"uv":[0,5.5,0.75,9],"texture":"#0"},"south":{"uv":[0,5.5,0.75,9],"texture":"#0"},"west":{"uv":[0,5.5,0.75,9],"texture":"#0"},"up":{"uv":[0,5.5,0.75,9],"texture":"#0"},"down":{"uv":[0,5.5,0.75,9],"texture":"#0"}}},{"from":[28.97157,-2.17157,7],"to":[29.97157,4.12843,8],"rotation":{"angle":0,"axis":"z","origin":[28.47157,1.62843,7.5]},"faces":{"north":{"uv":[0,5.5,0.75,9],"texture":"#0"},"east":{"uv":[0,5.5,0.75,9],"texture":"#0"},"south":{"uv":[0,5.5,0.75,9],"texture":"#0"},"west":{"uv":[0,5.5,0.75,9],"texture":"#0"},"up":{"uv":[0,5.5,0.75,9],"texture":"#0"},"down":{"uv":[0,5.5,0.75,9],"texture":"#0"}}},{"from":[29.96634,4.12739,7],"to":[30.96634,9.12739,8],"rotation":{"angle":22.5,"axis":"z","origin":[30.46634,1.62739,7.5]},"faces":{"north":{"uv":[0,5.5,0.75,9],"texture":"#0"},"east":{"uv":[0,5.5,0.75,9],"texture":"#0"},"south":{"uv":[0,5.5,0.75,9],"texture":"#0"},"west":{"uv":[0,5.5,0.75,9],"texture":"#0"},"up":{"uv":[0,5.5,0.75,9],"texture":"#0"},"down":{"uv":[0,5.5,0.75,9],"texture":"#0"}}},{"from":[21.97237,6.1265,7],"to":[26.97237,7.1265,8],"rotation":{"angle":-45,"axis":"z","origin":[29.47237,6.6265,7.5]},"faces":{"north":{"uv":[0,6.5,4,7.5],"texture":"#0"},"east":{"uv":[0,6.5,4,7.5],"texture":"#0"},"south":{"uv":[0,6.5,4,7.5],"texture":"#0"},"west":{"uv":[0,6.5,4,7.5],"texture":"#0"},"up":{"uv":[0,6.5,4,7.5],"texture":"#0"},"down":{"uv":[0,6.5,4,7.5],"texture":"#0"}}},{"from":[18.43684,9.66204,7],"to":[23.43684,10.66204,8],"rotation":{"angle":-45,"axis":"z","origin":[25.93684,10.16204,7.5]},"faces":{"north":{"uv":[0,6.5,4,7.5],"texture":"#0"},"east":{"uv":[0,6.5,4,7.5],"texture":"#0"},"south":{"uv":[0,6.5,4,7.5],"texture":"#0"},"west":{"uv":[0,6.5,4,7.5],"texture":"#0"},"up":{"uv":[0,6.5,4,7.5],"texture":"#0"},"down":{"uv":[0,6.5,4,7.5],"texture":"#0"}}},{"from":[24.16634,-2.17261,7],"to":[28.96634,-1.17261,8],"rotation":{"angle":0,"axis":"z","origin":[18.36634,16.62739,7.5]},"faces":{"north":{"uv":[0,5.25,3.75,6.25],"texture":"#0"},"east":{"uv":[0,5.25,3.75,6.25],"texture":"#0"},"south":{"uv":[0,5.25,3.75,6.25],"texture":"#0"},"west":{"uv":[0,5.25,3.75,6.25],"texture":"#0"},"up":{"uv":[0,5.25,3.75,6.25],"texture":"#0"},"down":{"uv":[0,5.25,3.75,6.25],"texture":"#0"}}},{"from":[15.98605,15.81366,7],"to":[20.98605,16.81366,8],"rotation":{"angle":-22.5,"axis":"z","origin":[18.48605,16.31366,7.5]},"faces":{"north":{"uv":[0,6.5,4,7.5],"texture":"#0"},"east":{"uv":[0,6.5,4,7.5],"texture":"#0"},"south":{"uv":[0,6.5,4,7.5],"texture":"#0"},"west":{"uv":[0,6.5,4,7.5],"texture":"#0"},"up":{"uv":[0,6.5,4,7.5],"texture":"#0"},"down":{"uv":[0,6.5,4,7.5],"texture":"#0"}}},{"from":[-2.66769,7.73231,7.1],"to":[18.63231,16.73231,7.9],"rotation":{"angle":0,"axis":"y","origin":[-2.86769,8.23231,7.5]},"faces":{"north":{"uv":[0,0,16,3.75],"texture":"#0"},"east":{"uv":[0,0,16,3.75],"texture":"#0"},"south":{"uv":[0,0,16,3.75],"texture":"#0"},"west":{"uv":[0,0,16,3.75],"texture":"#0"},"up":{"uv":[0,0,16,3.75],"texture":"#0"},"down":{"uv":[0,0,16,3.75],"texture":"#0"}}},{"from":[-3.96769,6.63231,7.2],"to":[0.43231,15.13231,7.8],"rotation":{"angle":22.5,"axis":"z","origin":[-2.86769,8.23231,7.5]},"faces":{"north":{"uv":[3.25,0.475,0,4],"texture":"#0"},"east":{"uv":[3.25,0.475,0,4],"texture":"#0"},"south":{"uv":[3.25,0.475,0,4],"texture":"#0"},"west":{"uv":[3.25,0.475,0,4],"texture":"#0"},"up":{"uv":[3.25,0.475,0,4],"texture":"#0"},"down":{"uv":[3.25,0.475,0,4],"texture":"#0"}}},{"from":[-10.06769,6.63231,7.3],"to":[-1.66769,14.53231,7.7],"rotation":{"angle":45,"axis":"z","origin":[-2.86769,8.23231,7.5]},"faces":{"north":{"uv":[8.75,0.75,3.75,4.1],"texture":"#0"},"east":{"uv":[8.75,0.75,3.75,4.1],"texture":"#0"},"south":{"uv":[8.75,0.75,3.75,4.1],"texture":"#0"},"west":{"uv":[8.75,0.75,3.75,4.1],"texture":"#0"},"up":{"uv":[8.75,0.75,3.75,4.1],"texture":"#0"},"down":{"uv":[8.75,0.75,3.75,4.1],"texture":"#0"}}},{"from":[-10.96769,-1.06769,7.4],"to":[-4.16769,3.63231,7.6],"rotation":{"angle":-22.5,"axis":"z","origin":[-2.86769,8.23231,7.5]},"faces":{"north":{"uv":[0,0.75,5.5,3.5],"rotation":90,"texture":"#0"},"east":{"uv":[0,0.75,5.5,3.5],"rotation":90,"texture":"#0"},"south":{"uv":[0,0.75,5.5,3.5],"rotation":90,"texture":"#0"},"west":{"uv":[0,0.75,5.5,3.5],"rotation":90,"texture":"#0"},"up":{"uv":[0,0.75,5.5,3.5],"rotation":90,"texture":"#0"},"down":{"uv":[0,0.75,5.5,3.5],"rotation":90,"texture":"#0"}}},{"from":[-13.96769,-2.06769,7.5],"to":[-8.16769,2.63231,7.5],"rotation":{"angle":0,"axis":"z","origin":[-2.86769,8.23231,7.5]},"faces":{"north":{"uv":[0,0.5,4,3.25],"rotation":90,"texture":"#0"},"east":{"uv":[0,0.5,4,3.25],"rotation":90,"texture":"#0"},"south":{"uv":[0,0.5,4,3.25],"rotation":90,"texture":"#0"},"west":{"uv":[0,0.5,4,3.25],"rotation":90,"texture":"#0"},"up":{"uv":[0,0.5,4,3.25],"rotation":90,"texture":"#0"},"down":{"uv":[0,0.5,4,3.25],"rotation":90,"texture":"#0"}}},{"from":[15.56769,6.63231,7.2],"to":[19.96769,15.13231,7.8],"rotation":{"angle":-22.5,"axis":"z","origin":[18.86769,8.23231,7.5]},"faces":{"north":{"uv":[3.25,0.475,0,4],"texture":"#0"},"east":{"uv":[3.25,0.475,0,4],"texture":"#0"},"south":{"uv":[3.25,0.475,0,4],"texture":"#0"},"west":{"uv":[3.25,0.475,0,4],"texture":"#0"},"up":{"uv":[3.25,0.475,0,4],"texture":"#0"},"down":{"uv":[3.25,0.475,0,4],"texture":"#0"}}},{"from":[17.66769,6.63231,7.3],"to":[26.06769,14.53231,7.7],"rotation":{"angle":-45,"axis":"z","origin":[18.86769,8.23231,7.5]},"faces":{"north":{"uv":[8.75,0.75,3.75,4.1],"texture":"#0"},"east":{"uv":[8.75,0.75,3.75,4.1],"texture":"#0"},"south":{"uv":[8.75,0.75,3.75,4.1],"texture":"#0"},"west":{"uv":[8.75,0.75,3.75,4.1],"texture":"#0"},"up":{"uv":[8.75,0.75,3.75,4.1],"texture":"#0"},"down":{"uv":[8.75,0.75,3.75,4.1],"texture":"#0"}}},{"from":[20.16769,-1.06769,7.4],"to":[26.96769,3.63231,7.6],"rotation":{"angle":22.5,"axis":"z","origin":[18.86769,8.23231,7.5]},"faces":{"north":{"uv":[0,3.5,5.5,0.75],"rotation":90,"texture":"#0"},"east":{"uv":[0,3.5,5.5,0.75],"rotation":90,"texture":"#0"},"south":{"uv":[0,3.5,5.5,0.75],"rotation":90,"texture":"#0"},"west":{"uv":[0,3.5,5.5,0.75],"rotation":90,"texture":"#0"},"up":{"uv":[0,3.5,5.5,0.75],"rotation":90,"texture":"#0"},"down":{"uv":[0,3.5,5.5,0.75],"rotation":90,"texture":"#0"}}},{"from":[24.16769,-2.06769,7.5],"to":[29.96769,2.63231,7.5],"rotation":{"angle":0,"axis":"z","origin":[18.86769,8.23231,7.5]},"faces":{"north":{"uv":[0,3.25,4,0.5],"rotation":90,"texture":"#0"},"east":{"uv":[0,3.25,4,0.5],"rotation":90,"texture":"#0"},"south":{"uv":[0,3.25,4,0.5],"rotation":90,"texture":"#0"},"west":{"uv":[0,3.25,4,0.5],"rotation":90,"texture":"#0"},"up":{"uv":[0,3.25,4,0.5],"rotation":90,"texture":"#0"},"down":{"uv":[0,3.25,4,0.5],"rotation":90,"texture":"#0"}}},{"from":[-2.66769,7.73231,7],"to":[18.63231,16.73231,7],"rotation":{"angle":0,"axis":"y","origin":[-2.86769,8.23231,7.5]},"faces":{"north":{"uv":[1.5,9.25,14,13],"texture":"#0"},"east":{"uv":[1.5,9.25,14,13],"texture":"#0"},"south":{"uv":[1.5,12.5,1.5,13],"texture":"#0"},"west":{"uv":[1.5,9.25,14,13],"texture":"#0"},"up":{"uv":[1.5,9.25,14,13],"texture":"#0"},"down":{"uv":[1.5,9.25,14,13],"texture":"#0"}}}],"display":{"firstperson_righthand":{"scale":[0.2,0.2,0.2]},"firstperson_lefthand":{"scale":[0.2,0.2,0.2]},"gui":{"rotation":[0,-180,0],"scale":[0.34375,0.49414,1]},"head":{"scale":[4,2.60547,4]},"fixed":{"translation":[0,-12.25,-12],"scale":[4,2.60352,4]}},"groups":[{"name":"PusangGala","origin":[18.48605,16.31366,7.5],"color":0,"boneType":"","children":[0,1,2,3,4,5,6,7,8,9,10,11,12,13,14,15,16,17,18,19]},{"name":"group","origin":[18.86769,8.23231,7.5],"color":0,"boneType":"","children":[20,21,22,23,24,25,26,27,28]},29]}