{"credit":"MadewithBlockbench","textures":{"0":"decorations:cosmetics_furnitures_sign","particle":"decorations:cosmetics_furnitures_sign"},"elements":[{"from":[-6.26538,-2.33416,7],"to":[-0.26538,-1.33416,8],"rotation":{"angle":-22.5,"axis":"z","origin":[5.73462,-1.83416,7.5]},"faces":{"north":{"uv":[3.5,9.5,1.25,10],"texture":"#0"},"east":{"uv":[3.5,9.5,1.25,10],"texture":"#0"},"south":{"uv":[3.5,9.5,1.25,10],"texture":"#0"},"west":{"uv":[3.5,9.5,1.25,10],"texture":"#0"},"up":{"uv":[3.5,9.5,1.25,10],"texture":"#0"},"down":{"uv":[3.5,9.5,1.25,10],"texture":"#0"}}},{"from":[0,0,7],"to":[16,1,8],"rotation":{"angle":0,"axis":"y","origin":[8,0.5,7.5]},"faces":{"north":{"uv":[0,8.5,12,9],"texture":"#0"},"east":{"uv":[0,8.5,12,9],"texture":"#0"},"south":{"uv":[0,8.5,12,9],"texture":"#0"},"west":{"uv":[0,8.5,12,9],"texture":"#0"},"up":{"uv":[0,8.5,12,9],"texture":"#0"},"down":{"uv":[0,8.5,12,9],"texture":"#0"}}},{"from":[0,14.4,7],"to":[16,15.4,8],"rotation":{"angle":0,"axis":"y","origin":[8,0.9,7.5]},"faces":{"north":{"uv":[0,8.5,12,9],"texture":"#0"},"east":{"uv":[0,8.5,12,9],"texture":"#0"},"south":{"uv":[0,8.5,12,9],"texture":"#0"},"west":{"uv":[0,8.5,12,9],"texture":"#0"},"up":{"uv":[0,8.5,12,9],"texture":"#0"},"down":{"uv":[0,8.5,12,9],"texture":"#0"}}},{"from":[-13.16059,2.21998,7],"to":[-5.16059,3.21998,8],"rotation":{"angle":0,"axis":"y","origin":[2.29613,-4.28002,7.5]},"faces":{"north":{"uv":[3.5,9.5,1.25,10],"texture":"#0"},"east":{"uv":[3.5,9.5,1.25,10],"texture":"#0"},"south":{"uv":[3.5,9.5,1.25,10],"texture":"#0"},"west":{"uv":[3.5,9.5,1.25,10],"texture":"#0"},"up":{"uv":[3.5,9.5,1.25,10],"texture":"#0"},"down":{"uv":[3.5,9.5,1.25,10],"texture":"#0"}}},{"from":[-6.26538,16.73416,7],"to":[-0.26538,17.73416,8],"rotation":{"angle":22.5,"axis":"z","origin":[5.73462,17.23416,7.5]},"faces":{"north":{"uv":[3.5,9.5,1.25,10],"texture":"#0"},"east":{"uv":[3.5,9.5,1.25,10],"texture":"#0"},"south":{"uv":[3.5,9.5,1.25,10],"texture":"#0"},"west":{"uv":[3.5,9.5,1.25,10],"texture":"#0"},"up":{"uv":[3.5,9.5,1.25,10],"texture":"#0"},"down":{"uv":[3.5,9.5,1.25,10],"texture":"#0"}}},{"from":[-13.16059,12.18002,7],"to":[-5.16059,13.18002,8],"rotation":{"angle":0,"axis":"y","origin":[2.29613,19.68002,7.5]},"faces":{"north":{"uv":[3.5,9.5,1.25,10],"texture":"#0"},"east":{"uv":[3.5,9.5,1.25,10],"texture":"#0"},"south":{"uv":[3.5,9.5,1.25,10],"texture":"#0"},"west":{"uv":[3.5,9.5,1.25,10],"texture":"#0"},"up":{"uv":[3.5,9.5,1.25,10],"texture":"#0"},"down":{"uv":[3.5,9.5,1.25,10],"texture":"#0"}}},{"from":[-13.16059,3.21998,7],"to":[-12.16059,12.21998,8],"rotation":{"angle":0,"axis":"z","origin":[2.29613,-4.28002,7.5]},"faces":{"north":{"uv":[1,9.25,0.5,12.75],"texture":"#0"},"east":{"uv":[1,9.25,0.5,12.75],"texture":"#0"},"south":{"uv":[1,9.25,0.5,12.75],"texture":"#0"},"west":{"uv":[1,9.25,0.5,12.75],"texture":"#0"},"up":{"uv":[1,9.25,0.5,12.75],"texture":"#0"},"down":{"uv":[1,9.25,0.5,12.75],"texture":"#0"}}},{"from":[16.26538,16.73416,7],"to":[22.26538,17.73416,8],"rotation":{"angle":-22.5,"axis":"z","origin":[10.26538,17.23416,7.5]},"faces":{"north":{"uv":[3.5,9.5,1.25,10],"texture":"#0"},"east":{"uv":[3.5,9.5,1.25,10],"texture":"#0"},"south":{"uv":[3.5,9.5,1.25,10],"texture":"#0"},"west":{"uv":[3.5,9.5,1.25,10],"texture":"#0"},"up":{"uv":[3.5,9.5,1.25,10],"texture":"#0"},"down":{"uv":[3.5,9.5,1.25,10],"texture":"#0"}}},{"from":[21.16059,12.18002,7],"to":[29.16059,13.18002,8],"rotation":{"angle":0,"axis":"y","origin":[13.70387,19.68002,7.5]},"faces":{"north":{"uv":[3.5,9.5,1.25,10],"texture":"#0"},"east":{"uv":[3.5,9.5,1.25,10],"texture":"#0"},"south":{"uv":[3.5,9.5,1.25,10],"texture":"#0"},"west":{"uv":[3.5,9.5,1.25,10],"texture":"#0"},"up":{"uv":[3.5,9.5,1.25,10],"texture":"#0"},"down":{"uv":[3.5,9.5,1.25,10],"texture":"#0"}}},{"from":[28.16059,3.21998,7],"to":[29.16059,12.21998,8],"rotation":{"angle":0,"axis":"z","origin":[13.70387,-4.28002,7.5]},"faces":{"north":{"uv":[1,9.25,0.5,12.75],"texture":"#0"},"east":{"uv":[1,9.25,0.5,12.75],"texture":"#0"},"south":{"uv":[1,9.25,0.5,12.75],"texture":"#0"},"west":{"uv":[1,9.25,0.5,12.75],"texture":"#0"},"up":{"uv":[1,9.25,0.5,12.75],"texture":"#0"},"down":{"uv":[1,9.25,0.5,12.75],"texture":"#0"}}},{"from":[21.16059,2.21998,7],"to":[29.16059,3.21998,8],"rotation":{"angle":0,"axis":"y","origin":[13.70387,-4.28002,7.5]},"faces":{"north":{"uv":[3.5,9.5,1.25,10],"texture":"#0"},"east":{"uv":[3.5,9.5,1.25,10],"texture":"#0"},"south":{"uv":[3.5,9.5,1.25,10],"texture":"#0"},"west":{"uv":[3.5,9.5,1.25,10],"texture":"#0"},"up":{"uv":[3.5,9.5,1.25,10],"texture":"#0"},"down":{"uv":[3.5,9.5,1.25,10],"texture":"#0"}}},{"from":[16.26538,-2.33416,7],"to":[22.26538,-1.33416,8],"rotation":{"angle":22.5,"axis":"z","origin":[10.26538,-1.83416,7.5]},"faces":{"north":{"uv":[3.5,9.5,1.25,10],"texture":"#0"},"east":{"uv":[3.5,9.5,1.25,10],"texture":"#0"},"south":{"uv":[3.5,9.5,1.25,10],"texture":"#0"},"west":{"uv":[3.5,9.5,1.25,10],"texture":"#0"},"up":{"uv":[3.5,9.5,1.25,10],"texture":"#0"},"down":{"uv":[3.5,9.5,1.25,10],"texture":"#0"}}},{"from":[-2.4,1,7.4],"to":[18.3,2.1,7.7],"faces":{"north":{"uv":[0,6.75,16,7.85],"texture":"#0"},"east":{"uv":[0,6.75,16,7.85],"texture":"#0"},"south":{"uv":[0,6.75,16,7.85],"texture":"#0"},"west":{"uv":[0,6.75,16,7.85],"texture":"#0"},"up":{"uv":[0,6.75,16,7.85],"texture":"#0"},"down":{"uv":[0,6.75,16,7.85],"texture":"#0"}}},{"from":[-4.8,2,7.4],"to":[20.8,3.1,7.7],"faces":{"north":{"uv":[0,5.75,16,6.85],"texture":"#0"},"east":{"uv":[0,5.75,16,6.85],"texture":"#0"},"south":{"uv":[0,5.75,16,6.85],"texture":"#0"},"west":{"uv":[0,5.75,16,6.85],"texture":"#0"},"up":{"uv":[0,5.75,16,6.85],"texture":"#0"},"down":{"uv":[0,5.75,16,6.85],"texture":"#0"}}},{"from":[-4.8,12.3,7.4],"to":[20.8,13.4,7.7],"rotation":{"angle":0,"axis":"y","origin":[0,16,0]},"faces":{"north":{"uv":[0,5.75,16,6.85],"texture":"#0"},"east":{"uv":[0,5.75,16,6.85],"texture":"#0"},"south":{"uv":[0,5.75,16,6.85],"texture":"#0"},"west":{"uv":[0,5.75,16,6.85],"texture":"#0"},"up":{"uv":[0,5.75,16,6.85],"texture":"#0"},"down":{"uv":[0,5.75,16,6.85],"texture":"#0"}}},{"from":[-12.1,3,7.4],"to":[28.2,12.4,7.7],"rotation":{"angle":0,"axis":"y","origin":[0,16,0]},"faces":{"north":{"uv":[0,3,15.25,5.9],"texture":"#0"},"east":{"uv":[0,3,15.25,5.9],"texture":"#0"},"south":{"uv":[0,3,15.25,5.9],"texture":"#0"},"west":{"uv":[0,3,15.25,5.9],"texture":"#0"},"up":{"uv":[0,3,15.25,5.9],"texture":"#0"},"down":{"uv":[0,3,15.25,5.9],"texture":"#0"}}},{"from":[-2.4,13.3,7.4],"to":[18.3,14.4,7.7],"rotation":{"angle":0,"axis":"y","origin":[0,16,0]},"faces":{"north":{"uv":[0,5.75,16,6.85],"texture":"#0"},"east":{"uv":[0,5.75,16,6.85],"texture":"#0"},"south":{"uv":[0,5.75,16,6.85],"texture":"#0"},"west":{"uv":[0,5.75,16,6.85],"texture":"#0"},"up":{"uv":[0,5.75,16,6.85],"texture":"#0"},"down":{"uv":[0,5.75,16,6.85],"texture":"#0"}}}],"display":{"thirdperson_righthand":{"scale":[0.1,0.1,0.1]},"thirdperson_lefthand":{"scale":[0.1,0.1,0.1]},"firstperson_righthand":{"translation":[0,0.75,0],"scale":[0.1,0.1,0.1]},"firstperson_lefthand":{"scale":[0.1,0.1,0.1]},"gui":{"scale":[0.33,0.33,0.33]},"fixed":{"translation":[0,0,-0.5],"scale":[4,4,4]}},"groups":[{"name":"group","origin":[10.26538,-1.83416,7.5],"color":0,"boneType":"","children":[0,1,2,3,4,5,6,7,8,9,10,11]},12,13,14,15,16]}