{"credit":"MadewithBlockbench","texture_size":[128,64],"textures":{"2":"decorations:garbage_can"},"elements":[{"from":[0.00869,16.00009,-0.00878],"to":[16.00869,18.00009,15.99122],"rotation":{"angle":0,"axis":"x","origin":[8.00869,-0.99991,7.99122]},"faces":{"north":{"uv":[10,7,12,7.5],"texture":"#2"},"east":{"uv":[11.75,0,13.75,0.5],"texture":"#2"},"south":{"uv":[11.75,0.5,13.75,1],"texture":"#2"},"west":{"uv":[11.75,1,13.75,1.5],"texture":"#2"},"up":{"uv":[10,4,8,0],"texture":"#2"},"down":{"uv":[10,4,8,8],"texture":"#2"}}},{"from":[1.00869,18.00009,0.99122],"to":[15.00869,20.00009,14.99122],"rotation":{"angle":0,"axis":"y","origin":[8.00869,-0.99991,7.99122]},"faces":{"north":{"uv":[11.75,1.5,13.5,2],"texture":"#2"},"east":{"uv":[11.75,2,13.5,2.5],"texture":"#2"},"south":{"uv":[11.75,2.5,13.5,3],"texture":"#2"},"west":{"uv":[11.75,3,13.5,3.5],"texture":"#2"},"up":{"uv":[11.75,3.5,10,0],"texture":"#2"},"down":{"uv":[11.75,3.5,10,7],"texture":"#2"}}},{"from":[1.01045,0.00005,0.9895],"to":[15.01045,17.00005,14.9895],"rotation":{"angle":0,"axis":"x","origin":[8.02003,14.50011,7.97986]},"faces":{"north":{"uv":[0,0,1.75,4.25],"texture":"#2"},"east":{"uv":[1.75,0,3.5,4.25],"texture":"#2"},"south":{"uv":[0,4.25,1.75,8.5],"texture":"#2"},"west":{"uv":[1.75,4.25,3.5,8.5],"texture":"#2"},"up":{"uv":[5.25,3.5,3.5,0],"texture":"#2"},"down":{"uv":[5.25,3.5,3.5,7],"texture":"#2"}}}],"display":{"thirdperson_righthand":{"rotation":[6,38,0],"scale":[0.2,0.2,0.2]},"thirdperson_lefthand":{"rotation":[6,38,0],"scale":[0.2,0.2,0.2]},"firstperson_righthand":{"rotation":[-8,111,0],"translation":[2.25,0.5,0.25],"scale":[0.4,0.4,0.4]},"firstperson_lefthand":{"rotation":[-8,111,0],"translation":[2.25,0.5,0.25],"scale":[0.4,0.4,0.4]},"ground":{"translation":[0,2,0],"scale":[0.2,0.2,0.2]},"gui":{"rotation":[30,135,0],"translation":[0,-0.75,0],"scale":[0.4,0.4,0.4]},"head":{"translation":[0,13.25,0]},"fixed":{"rotation":[-90,0,0],"translation":[0,0,-17],"scale":[2,2,2]}},"groups":[{"name":"group","origin":[8,8,8],"color":0,"boneType":"","children":[0,1,2]}]}