{"credit":"MadewithBlockbench","texture_size":[64,64],"textures":{"1":"decorations:hanging_plant"},"elements":[{"from":[5,0,5],"to":[11,6,11],"rotation":{"angle":0,"axis":"y","origin":[4,0,0]},"faces":{"north":{"uv":[5,5,6.5,6.5],"texture":"#1","tintindex":0},"east":{"uv":[5.25,0,6.75,1.5],"texture":"#1","tintindex":0},"south":{"uv":[5.25,1.5,6.75,3],"texture":"#1","tintindex":0},"west":{"uv":[5.25,3,6.75,4.5],"texture":"#1","tintindex":0},"up":{"uv":[8,6,6.5,4.5],"texture":"#1","tintindex":0},"down":{"uv":[6.5,6.5,5,8],"texture":"#1","tintindex":0}}},{"from":[6,12.25,6],"to":[10,13.25,10],"rotation":{"angle":0,"axis":"y","origin":[4,0,0]},"faces":{"north":{"uv":[1.25,4.5,2.25,4.75],"texture":"#1","tintindex":0},"east":{"uv":[1.25,4.75,2.25,5],"texture":"#1","tintindex":0},"south":{"uv":[6.75,3.75,7.75,4],"texture":"#1","tintindex":0},"west":{"uv":[6.75,4,7.75,4.25],"texture":"#1","tintindex":0},"up":{"uv":[7.75,2.25,6.75,1.25],"texture":"#1","tintindex":0},"down":{"uv":[7.75,2.25,6.75,3.25],"texture":"#1","tintindex":0}}},{"from":[6.15,6.25,7],"to":[6.15,14.25,9],"rotation":{"angle":-22.5,"axis":"z","origin":[4.5,9,8]},"faces":{"north":{"uv":[0,0,0,2],"texture":"#1","tintindex":0},"east":{"uv":[0,7,0.5,9],"texture":"#1","tintindex":0},"south":{"uv":[0,0,0,2],"texture":"#1","tintindex":0},"west":{"uv":[0.5,7,1,9],"texture":"#1","tintindex":0},"up":{"uv":[0,0.5,0,0],"texture":"#1","tintindex":0},"down":{"uv":[0,0,0,0.5],"texture":"#1","tintindex":0}}},{"from":[9.85,6.25,7],"to":[9.85,14.25,9],"rotation":{"angle":22.5,"axis":"z","origin":[11.5,9,8]},"faces":{"north":{"uv":[0,0,0,2],"texture":"#1","tintindex":0},"east":{"uv":[6.5,7.25,7,9.25],"texture":"#1","tintindex":0},"south":{"uv":[0,0,0,2],"texture":"#1","tintindex":0},"west":{"uv":[7,7.25,7.5,9.25],"texture":"#1","tintindex":0},"up":{"uv":[0,0.5,0,0],"texture":"#1","tintindex":0},"down":{"uv":[0,0,0,0.5],"texture":"#1","tintindex":0}}},{"from":[4,-3.5,5.5],"to":[4,6.5,10.5],"rotation":{"angle":0,"axis":"y","origin":[4.5,0,0]},"faces":{"north":{"uv":[0,0,0,2.5],"texture":"#1"},"east":{"uv":[0,4.5,1.25,7],"texture":"#1"},"south":{"uv":[0,0,0,2.5],"texture":"#1"},"west":{"uv":[1.25,5,2.5,7.5],"texture":"#1"},"up":{"uv":[0,1.25,0,0],"texture":"#1"},"down":{"uv":[0,0,0,1.25],"texture":"#1"}}},{"from":[12,-3.5,5.5],"to":[12,6.5,10.5],"rotation":{"angle":0,"axis":"y","origin":[11.5,0,0]},"faces":{"north":{"uv":[0,0,0,2.5],"texture":"#1"},"east":{"uv":[2.5,5,3.75,7.5],"texture":"#1"},"south":{"uv":[0,0,0,2.5],"texture":"#1"},"west":{"uv":[3.75,5,5,7.5],"texture":"#1"},"up":{"uv":[0,1.25,0,0],"texture":"#1"},"down":{"uv":[0,0,0,1.25],"texture":"#1"}}},{"from":[5,-3.5,12],"to":[11,6.5,12],"rotation":{"angle":0,"axis":"y","origin":[4,0,0]},"faces":{"north":{"uv":[2.25,0,3.75,2.5],"texture":"#1"},"east":{"uv":[0,0,0,2.5],"texture":"#1"},"south":{"uv":[2.25,2.5,3.75,5],"texture":"#1"},"west":{"uv":[0,0,0,2.5],"texture":"#1"},"up":{"uv":[1.5,0,0,0],"texture":"#1"},"down":{"uv":[1.5,0,0,0],"texture":"#1"}}},{"from":[5,-3.5,4],"to":[11,6.5,4],"rotation":{"angle":0,"axis":"y","origin":[4,0,16]},"faces":{"north":{"uv":[3.75,0,5.25,2.5],"texture":"#1"},"east":{"uv":[0,0,0,2.5],"texture":"#1"},"south":{"uv":[3.75,2.5,5.25,5],"texture":"#1"},"west":{"uv":[0,0,0,2.5],"texture":"#1"},"up":{"uv":[1.5,0,0,0],"texture":"#1"},"down":{"uv":[1.5,0,0,0],"texture":"#1"}}},{"from":[4,6.5,3.5],"to":[13,6.5,12.5],"rotation":{"angle":0,"axis":"y","origin":[4.5,0,0]},"faces":{"north":{"uv":[0,0,2.25,0],"texture":"#1"},"east":{"uv":[0,0,2.25,0],"texture":"#1"},"south":{"uv":[0,0,2.25,0],"texture":"#1"},"west":{"uv":[0,0,2.25,0],"texture":"#1"},"up":{"uv":[2.25,2.25,0,0],"texture":"#1"},"down":{"uv":[2.25,2.25,0,4.5],"texture":"#1"}}},{"from":[5.5,6,5.5],"to":[10.5,7,10.5],"rotation":{"angle":0,"axis":"y","origin":[4.5,0,0]},"faces":{"north":{"uv":[5.25,4.5,6.5,4.75],"texture":"#1"},"east":{"uv":[5.25,4.75,6.5,5],"texture":"#1"},"south":{"uv":[6.75,3.25,8,3.5],"texture":"#1"},"west":{"uv":[6.75,3.5,8,3.75],"texture":"#1"},"up":{"uv":[7.75,7.25,6.5,6],"texture":"#1"},"down":{"uv":[8,0,6.75,1.25],"texture":"#1"}}}],"display":{"thirdperson_righthand":{"rotation":[75,45,0],"translation":[0,2.5,0],"scale":[0.375,0.375,0.375]},"thirdperson_lefthand":{"rotation":[75,45,0],"translation":[0,2.5,0],"scale":[0.375,0.375,0.375]},"firstperson_righthand":{"rotation":[0,45,0],"translation":[1,2.5,0],"scale":[0.4,0.4,0.4]},"firstperson_lefthand":{"rotation":[0,45,0],"translation":[1,2.5,0],"scale":[0.4,0.4,0.4]},"ground":{"translation":[0,3,0],"scale":[0.25,0.25,0.25]},"gui":{"rotation":[30,225,0],"translation":[0,1.25,0],"scale":[0.625,0.625,0.625]},"head":{"translation":[1,-4,0],"scale":[1.5,1.5,1.5]},"fixed":{"rotation":[90,0,0],"translation":[0,0,-10],"scale":[2.01,2.01,2.09]}},"groups":[{"name":"vase","origin":[8,8,8],"color":0,"children":[0,1,2,3]},{"name":"plant","origin":[4.5,0,0],"color":0,"children":[4,5,6,7,8,9]}]}