{"credit":"MadewithBlockbench","texture_size":[64,64],"textures":{"2":"decorations:jungle_chair"},"elements":[{"from":[2.48,0,2.5],"to":[3.86,8,4],"faces":{"north":{"uv":[5,5.5,5.25,7.5],"texture":"#2"},"east":{"uv":[2,5.25,2.5,7.25],"texture":"#2"},"south":{"uv":[5.25,5.5,5.5,7.5],"texture":"#2"},"west":{"uv":[2.5,5.25,3,7.25],"texture":"#2"},"up":{"uv":[6.75,3.75,6.5,3.25],"texture":"#2"},"down":{"uv":[6.75,3.75,6.5,4.25],"texture":"#2"}}},{"from":[12.14,0,2.5],"to":[13.52,8,4],"faces":{"north":{"uv":[5.5,5.5,5.75,7.5],"texture":"#2"},"east":{"uv":[3,5.25,3.5,7.25],"texture":"#2"},"south":{"uv":[5.75,5.5,6,7.5],"texture":"#2"},"west":{"uv":[3.5,5.25,4,7.25],"texture":"#2"},"up":{"uv":[7,3.75,6.75,3.25],"texture":"#2"},"down":{"uv":[7,3.75,6.75,4.25],"texture":"#2"}}},{"from":[2.9216,8,2.48],"to":[13.0784,9.5,13.52],"faces":{"north":{"uv":[2,4.25,4.5,4.75],"texture":"#2"},"east":{"uv":[0,2.75,2.75,3.25],"texture":"#2"},"south":{"uv":[4.5,4.25,7,4.75],"texture":"#2"},"west":{"uv":[2.75,2.75,5.5,3.25],"texture":"#2"},"up":{"uv":[2.5,2.75,0,0],"texture":"#2"},"down":{"uv":[5,0,2.5,2.75],"texture":"#2"}}},{"from":[2.9216,8,1.52],"to":[13.0784,9.5,2.48],"faces":{"north":{"uv":[2,4.75,4.5,5.25],"texture":"#2"},"east":{"uv":[7,4.75,7.25,5.25],"texture":"#2"},"south":{"uv":[4.5,4.75,7,5.25],"texture":"#2"},"west":{"uv":[3.25,7.25,3.5,7.75],"texture":"#2"},"up":{"uv":[7.5,2.25,5,2],"texture":"#2"},"down":{"uv":[7.5,2.25,5,2.5],"texture":"#2"}}},{"from":[13.0784,8,2.48],"to":[14.0616,9.5,13.52],"faces":{"north":{"uv":[3.5,7.25,3.75,7.75],"texture":"#2"},"east":{"uv":[0,3.25,2.75,3.75],"texture":"#2"},"south":{"uv":[3.75,7.25,4,7.75],"texture":"#2"},"west":{"uv":[2.75,3.25,5.5,3.75],"texture":"#2"},"up":{"uv":[4.25,8,4,5.25],"texture":"#2"},"down":{"uv":[3.25,5.25,3,8],"texture":"#2"}}},{"from":[2.9216,8,13.52],"to":[13.0784,9.5,14.48],"faces":{"north":{"uv":[5,0,7.5,0.5],"texture":"#2"},"east":{"uv":[7.25,4.75,7.5,5.25],"texture":"#2"},"south":{"uv":[5,0.5,7.5,1],"texture":"#2"},"west":{"uv":[7.25,5.5,7.5,6],"texture":"#2"},"up":{"uv":[7.5,2.75,5,2.5],"texture":"#2"},"down":{"uv":[7.5,5.25,5,5.5],"texture":"#2"}}},{"from":[1.9384,8,2.48],"to":[2.9216,9.5,13.52],"faces":{"north":{"uv":[7.25,6,7.5,6.5],"texture":"#2"},"east":{"uv":[0,3.75,2.75,4.25],"texture":"#2"},"south":{"uv":[7.25,6.5,7.5,7],"texture":"#2"},"west":{"uv":[2.75,3.75,5.5,4.25],"texture":"#2"},"up":{"uv":[4.75,8,4.5,5.25],"texture":"#2"},"down":{"uv":[5.75,5.25,5.5,8],"texture":"#2"}}},{"from":[2.2535,7.999,1.80073],"to":[3.68998,9.499,2.76073],"rotation":{"angle":45,"axis":"y","origin":[2.9159,9.001,2.52073]},"faces":{"north":{"uv":[7.25,7,7.5,7.5],"texture":"#2"},"east":{"uv":[7.5,0,7.75,0.5],"texture":"#2"},"south":{"uv":[7.5,0.5,7.75,1],"texture":"#2"},"west":{"uv":[7.5,2,7.75,2.5],"texture":"#2"},"up":{"uv":[8,0.75,7.75,0.5],"texture":"#2"},"down":{"uv":[8,0.75,7.75,1],"texture":"#2"}}},{"from":[12.89833,7.999,1.7775],"to":[13.78153,9.499,3.1215],"rotation":{"angle":45,"axis":"y","origin":[13.11913,9.002,2.4975]},"faces":{"north":{"uv":[7.5,2.5,7.75,3],"texture":"#2"},"east":{"uv":[7.5,3,7.75,3.5],"texture":"#2"},"south":{"uv":[7.5,3.5,7.75,4],"texture":"#2"},"west":{"uv":[7.5,4,7.75,4.5],"texture":"#2"},"up":{"uv":[8,2.25,7.75,2],"texture":"#2"},"down":{"uv":[8,2.25,7.75,2.5],"texture":"#2"}}},{"from":[12.40114,7.999,13.32495],"to":[13.73762,9.499,14.28495],"rotation":{"angle":45,"axis":"y","origin":[12.97522,9.002,13.56495]},"faces":{"north":{"uv":[7.5,4.5,7.75,5],"texture":"#2"},"east":{"uv":[5,7.5,5.25,8],"texture":"#2"},"south":{"uv":[7.5,5,7.75,5.5],"texture":"#2"},"west":{"uv":[5.25,7.5,5.5,8],"texture":"#2"},"up":{"uv":[8,2.75,7.75,2.5],"texture":"#2"},"down":{"uv":[8,2.75,7.75,3],"texture":"#2"}}},{"from":[2.21847,7.999,12.8785],"to":[3.10167,9.499,14.2225],"rotation":{"angle":45,"axis":"y","origin":[2.88087,9.002,13.5025]},"faces":{"north":{"uv":[5.5,7.5,5.75,8],"texture":"#2"},"east":{"uv":[7.5,5.5,7.75,6],"texture":"#2"},"south":{"uv":[5.75,7.5,6,8],"texture":"#2"},"west":{"uv":[6,7.5,6.25,8],"texture":"#2"},"up":{"uv":[8,3.25,7.75,3],"texture":"#2"},"down":{"uv":[3.5,7.75,3.25,8],"texture":"#2"}}},{"name":"pusangGala","from":[2.48,0,12.48],"to":[3.86,22,13.89],"faces":{"north":{"uv":[0,4.25,0.25,9.75],"texture":"#2"},"east":{"uv":[0.25,4.25,0.5,9.75],"texture":"#2"},"south":{"uv":[0.5,4.25,0.75,9.75],"texture":"#2"},"west":{"uv":[0.75,4.25,1,9.75],"texture":"#2"},"up":{"uv":[8,3.5,7.75,3.25],"texture":"#2"},"down":{"uv":[3.75,7.75,3.5,8],"texture":"#2"}}},{"from":[12.14,0,12.48],"to":[13.52,22,13.89],"faces":{"north":{"uv":[1,4.25,1.25,9.75],"texture":"#2"},"east":{"uv":[1.25,4.25,1.5,9.75],"texture":"#2"},"south":{"uv":[1.5,4.25,1.75,9.75],"texture":"#2"},"west":{"uv":[1.75,4.25,2,9.75],"texture":"#2"},"up":{"uv":[8,3.75,7.75,3.5],"texture":"#2"},"down":{"uv":[4,7.75,3.75,8],"texture":"#2"}}},{"from":[4.79794,19.97032,12.499],"to":[11.23794,21.47032,13.909],"faces":{"north":{"uv":[5,1,6.5,1.5],"texture":"#2"},"east":{"uv":[7.5,6,7.75,6.5],"texture":"#2"},"south":{"uv":[5,1.5,6.5,2],"texture":"#2"},"west":{"uv":[6.25,7.5,6.5,8],"texture":"#2"},"up":{"uv":[7,3,5.5,2.75],"texture":"#2"},"down":{"uv":[7,3,5.5,3.25],"texture":"#2"}}},{"from":[7.655,12,12.715],"to":[8.345,20,13.42],"faces":{"north":{"uv":[6,5.5,6.25,7.5],"texture":"#2"},"east":{"uv":[6.25,5.5,6.5,7.5],"texture":"#2"},"south":{"uv":[6.5,5.5,6.75,7.5],"texture":"#2"},"west":{"uv":[6.75,5.5,7,7.5],"texture":"#2"},"up":{"uv":[8,4,7.75,3.75],"texture":"#2"},"down":{"uv":[8,4,7.75,4.25],"texture":"#2"}}},{"from":[9.955,12,12.715],"to":[10.645,20,13.42],"faces":{"north":{"uv":[7,2.75,7.25,4.75],"texture":"#2"},"east":{"uv":[7,5.5,7.25,7.5],"texture":"#2"},"south":{"uv":[2,7.25,2.25,9.25],"texture":"#2"},"west":{"uv":[2.25,7.25,2.5,9.25],"texture":"#2"},"up":{"uv":[8,4.5,7.75,4.25],"texture":"#2"},"down":{"uv":[8,4.5,7.75,4.75],"texture":"#2"}}},{"from":[5.355,12,12.715],"to":[6.045,20,13.42],"faces":{"north":{"uv":[2.5,7.25,2.75,9.25],"texture":"#2"},"east":{"uv":[2.75,7.25,3,9.25],"texture":"#2"},"south":{"uv":[7.25,2.75,7.5,4.75],"texture":"#2"},"west":{"uv":[3,7.25,3.25,9.25],"texture":"#2"},"up":{"uv":[8,5,7.75,4.75],"texture":"#2"},"down":{"uv":[8,5,7.75,5.25],"texture":"#2"}}},{"from":[8.26787,20.43178,12.49926],"to":[9.87787,21.93178,13.89046],"rotation":{"angle":22.5,"axis":"z","origin":[8.49787,8.93178,10.04117]},"faces":{"north":{"uv":[5.5,3.25,6,3.75],"texture":"#2"},"east":{"uv":[6.5,7.5,6.75,8],"texture":"#2"},"south":{"uv":[5.5,3.75,6,4.25],"texture":"#2"},"west":{"uv":[7.5,6.5,7.75,7],"texture":"#2"},"up":{"uv":[7.25,7.75,6.75,7.5],"texture":"#2"},"down":{"uv":[8,7,7.5,7.25],"texture":"#2"}}},{"from":[6.15801,20.43178,12.49926],"to":[7.76801,21.93178,13.89046],"rotation":{"angle":-22.5,"axis":"z","origin":[7.53801,8.93178,10.02631]},"faces":{"north":{"uv":[6,3.25,6.5,3.75],"texture":"#2"},"east":{"uv":[7.25,7.5,7.5,8],"texture":"#2"},"south":{"uv":[6,3.75,6.5,4.25],"texture":"#2"},"west":{"uv":[7.5,7.25,7.75,7.75],"texture":"#2"},"up":{"uv":[8.25,0.25,7.75,0],"texture":"#2"},"down":{"uv":[8.25,0.25,7.75,0.5],"texture":"#2"}}},{"from":[3.87794,11.47032,12.48046],"to":[12.15794,12.47032,13.89046],"faces":{"north":{"uv":[6.5,1,8.5,1.25],"texture":"#2"},"east":{"uv":[7.75,5.25,8,5.5],"texture":"#2"},"south":{"uv":[6.5,1.25,8.5,1.5],"texture":"#2"},"west":{"uv":[7.75,5.5,8,5.75],"texture":"#2"},"up":{"uv":[8.5,1.75,6.5,1.5],"texture":"#2"},"down":{"uv":[8.5,1.75,6.5,2],"texture":"#2"}}},{"from":[2.71,22,12.715],"to":[3.63,22.5,13.655],"faces":{"north":{"uv":[7.75,5.75,8,6],"texture":"#2"},"east":{"uv":[7.75,6,8,6.25],"texture":"#2"},"south":{"uv":[7.75,6.25,8,6.5],"texture":"#2"},"west":{"uv":[7.75,6.5,8,6.75],"texture":"#2"},"up":{"uv":[7,8,6.75,7.75],"texture":"#2"},"down":{"uv":[8,6.75,7.75,7],"texture":"#2"}}},{"from":[12.37,22,12.715],"to":[13.29,22.5,13.655],"faces":{"north":{"uv":[7,7.75,7.25,8],"texture":"#2"},"east":{"uv":[7.75,7.25,8,7.5],"texture":"#2"},"south":{"uv":[7.5,7.75,7.75,8],"texture":"#2"},"west":{"uv":[7.75,7.5,8,7.75],"texture":"#2"},"up":{"uv":[8,8,7.75,7.75],"texture":"#2"},"down":{"uv":[8.25,0.5,8,0.75],"texture":"#2"}}}],"display":{"thirdperson_righthand":{"rotation":[75,45,0],"translation":[0,2.5,0],"scale":[0.375,0.375,0.375]},"thirdperson_lefthand":{"rotation":[75,45,0],"translation":[0,2.5,0],"scale":[0.375,0.375,0.375]},"firstperson_righthand":{"rotation":[0,19,0],"scale":[0.4,0.4,0.4]},"firstperson_lefthand":{"rotation":[0,12,0],"scale":[0.4,0.4,0.4]},"ground":{"translation":[0,0.25,0],"scale":[0.5,0.5,0.5]},"gui":{"rotation":[30,225,0],"scale":[0.45,0.45,0.45]},"head":{"translation":[0,13.75,0],"scale":[0.8,0.8,0.8]},"fixed":{"rotation":[-90,0,0],"translation":[0,0,-15],"scale":[2,2,2]}},"groups":[{"name":"jungle","origin":[8,8,8],"color":0,"children":[{"name":"chair","origin":[8,8,8],"color":0,"children":[0,1,2,3,4,5,6,7,8,9,10]}]},{"name":"chair","origin":[8,8,8],"color":0,"children":[11,12,13,14,15,16,17,18,19,20,21]}]}