{"credit":"MadewithBlockbench","texture_size":[64,64],"textures":{"1":"decorations:library_board"},"elements":[{"from":[-4,0,7.5],"to":[20,16,8.5],"faces":{"north":{"uv":[0,4.25,6,8.25],"texture":"#1"},"east":{"uv":[0,8.25,0.25,12.25],"texture":"#1"},"south":{"uv":[6,4.25,12,8.25],"texture":"#1"},"west":{"uv":[0.25,8.25,0.5,12.25],"texture":"#1"},"up":{"uv":[12.25,0.25,6.25,0],"texture":"#1"},"down":{"uv":[12.25,0.25,6.25,0.5],"texture":"#1"}}},{"from":[-4.25,-0.25,7.25],"to":[20.25,16.25,8.75],"faces":{"north":{"uv":[0,0,6.125,4.125],"texture":"#1"}}}],"display":{"thirdperson_righthand":{"rotation":[55,27,0],"translation":[0,0.75,0],"scale":[0.35,0.35,0.35]},"thirdperson_lefthand":{"rotation":[55,27,0],"translation":[0,0.75,0],"scale":[0.35,0.35,0.35]},"firstperson_righthand":{"rotation":[0,123,0],"translation":[18,-3.75,-13]},"firstperson_lefthand":{"rotation":[0,123,0],"translation":[18,-3.75,-13]},"ground":{"translation":[0,10.25,0],"scale":[0.46,0.46,0.46]},"gui":{"rotation":[27,142,0],"translation":[0,1.5,0],"scale":[0.52,0.52,0.52]},"fixed":{"translation":[0,-16,-4.25],"scale":[4,4,4]}},"groups":[{"name":"bone","origin":[0,0,0],"color":0,"children":[0,1]}]}