{"credit":"MadewithBlockbench","texture_size":[64,64],"textures":{"2":"decorations:oak_chair","particle":"decorations:oak_chair"},"elements":[{"from":[2.48,0,2.5],"to":[3.86,8,4],"faces":{"north":{"uv":[7.5,0.5,7.75,2.5],"texture":"#2"},"east":{"uv":[5.75,2.5,6.25,4.5],"texture":"#2"},"south":{"uv":[7.75,0,8,2],"texture":"#2"},"west":{"uv":[3,5.75,3.5,7.75],"texture":"#2"},"up":{"uv":[4.5,8.25,4.25,7.75],"texture":"#2"},"down":{"uv":[8,5.75,7.75,6.25],"texture":"#2"}}},{"from":[2.48,0,12.5],"to":[3.86,22,14],"faces":{"north":{"uv":[2,2.75,2.25,8.25],"texture":"#2"},"east":{"uv":[0,2.75,0.5,8.25],"texture":"#2"},"south":{"uv":[2.25,2.75,2.5,8.25],"texture":"#2"},"west":{"uv":[0.5,2.75,1,8.25],"texture":"#2"},"up":{"uv":[8,6.75,7.75,6.25],"texture":"#2"},"down":{"uv":[8,6.75,7.75,7.25],"texture":"#2"}}},{"from":[12.14,0,2.5],"to":[13.52,8,4],"faces":{"north":{"uv":[3.75,7.75,4,9.75],"texture":"#2"},"east":{"uv":[3.5,5.75,4,7.75],"texture":"#2"},"south":{"uv":[4,7.75,4.25,9.75],"texture":"#2"},"west":{"uv":[4,5.75,4.5,7.75],"texture":"#2"},"up":{"uv":[8,7.75,7.75,7.25],"texture":"#2"},"down":{"uv":[8,7.75,7.75,8.25],"texture":"#2"}}},{"from":[12.14,0,12.5],"to":[13.52,22,14],"faces":{"north":{"uv":[2.5,2.75,2.75,8.25],"texture":"#2"},"east":{"uv":[1,2.75,1.5,8.25],"texture":"#2"},"south":{"uv":[2.75,2.75,3,8.25],"texture":"#2"},"west":{"uv":[1.5,2.75,2,8.25],"texture":"#2"},"up":{"uv":[8.25,0.5,8,0],"texture":"#2"},"down":{"uv":[8.25,0.5,8,1],"texture":"#2"}}},{"from":[2.9216,8,2.48],"to":[13.0784,9.5,13.52],"faces":{"north":{"uv":[5,0.5,7.5,1],"texture":"#2"},"east":{"uv":[3,2.75,5.75,3.25],"texture":"#2"},"south":{"uv":[5,1,7.5,1.5],"texture":"#2"},"west":{"uv":[3,3.25,5.75,3.75],"texture":"#2"},"up":{"uv":[2.5,2.75,0,0],"texture":"#2"},"down":{"uv":[5,0,2.5,2.75],"texture":"#2"}}},{"from":[3.86,19.5,12.5],"to":[12.14,21,14],"faces":{"north":{"uv":[4.5,5.75,6.5,6.25],"texture":"#2"},"east":{"uv":[7.75,2,8.25,2.5],"texture":"#2"},"south":{"uv":[5.75,4.5,7.75,5],"texture":"#2"},"west":{"uv":[7.75,4.25,8.25,4.75],"texture":"#2"},"up":{"uv":[8.25,3,6.25,2.5],"texture":"#2"},"down":{"uv":[8.25,3,6.25,3.5],"texture":"#2"}}},{"from":[2.9216,8,1.52],"to":[13.0784,9.5,2.48],"faces":{"north":{"uv":[5,1.5,7.5,2],"texture":"#2"},"east":{"uv":[8,1,8.25,1.5],"texture":"#2"},"south":{"uv":[5,2,7.5,2.5],"texture":"#2"},"west":{"uv":[8,1.5,8.25,2],"texture":"#2"},"up":{"uv":[8.25,5.25,5.75,5],"texture":"#2"},"down":{"uv":[8.75,3.5,6.25,3.75],"texture":"#2"}}},{"from":[13.0784,8,2.48],"to":[13.9616,9.5,13.52],"faces":{"north":{"uv":[8,5.25,8.25,5.75],"texture":"#2"},"east":{"uv":[3,3.75,5.75,4.25],"texture":"#2"},"south":{"uv":[8,5.75,8.25,6.25],"texture":"#2"},"west":{"uv":[3,4.25,5.75,4.75],"texture":"#2"},"up":{"uv":[4.75,9,4.5,6.25],"texture":"#2"},"down":{"uv":[5.25,6.25,5,9],"texture":"#2"}}},{"from":[2.9216,8,13.52],"to":[13.0784,9.5,14.48],"faces":{"north":{"uv":[3,5.25,5.5,5.75],"texture":"#2"},"east":{"uv":[8,6.25,8.25,6.75],"texture":"#2"},"south":{"uv":[5.5,5.25,8,5.75],"texture":"#2"},"west":{"uv":[8,6.75,8.25,7.25],"texture":"#2"},"up":{"uv":[8.75,4,6.25,3.75],"texture":"#2"},"down":{"uv":[8.75,4,6.25,4.25],"texture":"#2"}}},{"from":[2.0384,8,2.48],"to":[2.9216,9.5,13.52],"faces":{"north":{"uv":[8,7.25,8.25,7.75],"texture":"#2"},"east":{"uv":[3,4.75,5.75,5.25],"texture":"#2"},"south":{"uv":[8,7.75,8.25,8.25],"texture":"#2"},"west":{"uv":[5,0,7.75,0.5],"texture":"#2"},"up":{"uv":[5.25,9,5,6.25],"texture":"#2"},"down":{"uv":[5.75,6.25,5.5,9],"texture":"#2"}}},{"from":[7.655,9,12.75],"to":[8.345,19.5,13.5],"faces":{"north":{"uv":[5.5,6.25,5.75,9],"texture":"#2"},"east":{"uv":[5.75,6.25,6,9],"texture":"#2"},"south":{"uv":[6,6.25,6.25,9],"texture":"#2"},"west":{"uv":[6.25,6.25,6.5,9],"texture":"#2"},"up":{"uv":[5.25,2.75,5,2.5],"texture":"#2"},"down":{"uv":[5.5,2.5,5.25,2.75],"texture":"#2"}}},{"from":[9.955,9,12.75],"to":[10.645,19.5,13.5],"faces":{"north":{"uv":[6.5,5.75,6.75,8.5],"texture":"#2"},"east":{"uv":[6.75,5.75,7,8.5],"texture":"#2"},"south":{"uv":[7,5.75,7.25,8.5],"texture":"#2"},"west":{"uv":[7.25,5.75,7.5,8.5],"texture":"#2"},"up":{"uv":[5.75,2.75,5.5,2.5],"texture":"#2"},"down":{"uv":[6.5,4.25,6.25,4.5],"texture":"#2"}}},{"from":[5.355,9,12.75],"to":[6.045,19.5,13.5],"faces":{"north":{"uv":[7.5,5.75,7.75,8.5],"texture":"#2"},"east":{"uv":[3,7.75,3.25,10.5],"texture":"#2"},"south":{"uv":[3.25,7.75,3.5,10.5],"texture":"#2"},"west":{"uv":[3.5,7.75,3.75,10.5],"texture":"#2"},"up":{"uv":[6.75,4.5,6.5,4.25],"texture":"#2"},"down":{"uv":[7,4.25,6.75,4.5],"texture":"#2"}}},{"from":[2.31278,7.999,1.76],"to":[3.54926,9.499,2.72],"rotation":{"angle":45,"axis":"y","origin":[2.97518,9,2.48]},"faces":{"north":{"uv":[0,8.25,0.25,8.75],"texture":"#2"},"east":{"uv":[8.25,0,8.5,0.5],"texture":"#2"},"south":{"uv":[0.25,8.25,0.5,8.75],"texture":"#2"},"west":{"uv":[0.5,8.25,0.75,8.75],"texture":"#2"},"up":{"uv":[7.25,4.5,7,4.25],"texture":"#2"},"down":{"uv":[7.5,4.25,7.25,4.5],"texture":"#2"}}},{"from":[12.8576,7.999,1.81823],"to":[13.7408,9.499,3.16223],"rotation":{"angle":45,"axis":"y","origin":[13.0784,9.001,2.53823]},"faces":{"north":{"uv":[8.25,0.5,8.5,1],"texture":"#2"},"east":{"uv":[0.75,8.25,1,8.75],"texture":"#2"},"south":{"uv":[1,8.25,1.25,8.75],"texture":"#2"},"west":{"uv":[8.25,1,8.5,1.5],"texture":"#2"},"up":{"uv":[7.75,4.5,7.5,4.25],"texture":"#2"},"down":{"uv":[8,4.75,7.75,5],"texture":"#2"}}},{"from":[12.45074,7.999,13.28],"to":[13.68722,9.499,14.24],"rotation":{"angle":45,"axis":"y","origin":[13.02482,9.001,13.52]},"faces":{"north":{"uv":[1.25,8.25,1.5,8.75],"texture":"#2"},"east":{"uv":[1.5,8.25,1.75,8.75],"texture":"#2"},"south":{"uv":[8.25,1.5,8.5,2],"texture":"#2"},"west":{"uv":[1.75,8.25,2,8.75],"texture":"#2"},"up":{"uv":[8.25,5,8,4.75],"texture":"#2"},"down":{"uv":[8.5,2.5,8.25,2.75],"texture":"#2"}}},{"from":[2.2592,7.999,12.83777],"to":[3.1424,9.499,14.18177],"rotation":{"angle":45,"axis":"y","origin":[2.9216,9.001,13.46177]},"faces":{"north":{"uv":[2,8.25,2.25,8.75],"texture":"#2"},"east":{"uv":[8.25,2,8.5,2.5],"texture":"#2"},"south":{"uv":[2.25,8.25,2.5,8.75],"texture":"#2"},"west":{"uv":[2.5,8.25,2.75,8.75],"texture":"#2"},"up":{"uv":[3,8.5,2.75,8.25],"texture":"#2"},"down":{"uv":[8.5,2.75,8.25,3],"texture":"#2"}}}],"display":{"thirdperson_righthand":{"rotation":[75,45,0],"translation":[0,2.5,0],"scale":[0.375,0.375,0.375]},"thirdperson_lefthand":{"rotation":[75,45,0],"translation":[0,2.5,0],"scale":[0.375,0.375,0.375]},"firstperson_righthand":{"rotation":[0,19,0],"scale":[0.4,0.4,0.4]},"firstperson_lefthand":{"rotation":[0,12,0],"scale":[0.4,0.4,0.4]},"ground":{"translation":[0,0.25,0],"scale":[0.5,0.5,0.5]},"gui":{"rotation":[30,225,0],"scale":[0.45,0.45,0.45]},"head":{"translation":[0,13.75,0],"scale":[0.8,0.8,0.8]},"fixed":{"rotation":[-90,0,0],"translation":[0,0,-15],"scale":[2,2,2]}},"groups":[{"name":"chair","origin":[8,8,8],"color":0,"children":[0,1,2,3,4,5,6,7,8,9,10,11,12,13,14,15,16]}]}