{"credit":"MadewithBlockbench","texture_size":[16,8],"textures":{"0":"decorations:picnic_table","particle":"decorations:picnic_table"},"elements":[{"from":[-8,14,0],"to":[24,16,16],"rotation":{"angle":0,"axis":"y","origin":[8,22,8]},"faces":{"north":{"uv":[0,12.5,8,13.5],"texture":"#0"},"east":{"uv":[8,0,8.5,8],"rotation":90,"texture":"#0"},"south":{"uv":[0,12.5,8,13.5],"texture":"#0"},"west":{"uv":[8,8,8.5,0],"rotation":90,"texture":"#0"},"up":{"uv":[0,0,8,8],"texture":"#0"},"down":{"uv":[0,8,8,0],"texture":"#0"}}},{"from":[-8,7,-9],"to":[24,9,-1],"rotation":{"angle":0,"axis":"y","origin":[8,22,8]},"faces":{"north":{"uv":[0,12.5,8,13.5],"texture":"#0"},"east":{"uv":[8,12.5,8.5,8.5],"rotation":90,"texture":"#0"},"south":{"uv":[0,12.5,8,13.5],"texture":"#0"},"west":{"uv":[8,8.5,8.5,12.5],"rotation":90,"texture":"#0"},"up":{"uv":[0,8.5,8,12.5],"rotation":180,"texture":"#0"},"down":{"uv":[0,12.5,8,8.5],"rotation":180,"texture":"#0"}}},{"from":[-8,7,17],"to":[24,9,25],"rotation":{"angle":0,"axis":"y","origin":[8,22,8]},"faces":{"north":{"uv":[0,12.5,8,13.5],"texture":"#0"},"east":{"uv":[8,12.5,8.5,8.5],"rotation":90,"texture":"#0"},"south":{"uv":[0,12.5,8,13.5],"texture":"#0"},"west":{"uv":[8,8.5,8.5,12.5],"rotation":90,"texture":"#0"},"up":{"uv":[0,8.5,8,12.5],"rotation":180,"texture":"#0"},"down":{"uv":[0,12.5,8,8.5],"rotation":180,"texture":"#0"}}},{"from":[-3.1,0.25,0.2],"to":[-1.1,14.25,4.2],"rotation":{"angle":0,"axis":"x","origin":[8,8,8]},"faces":{"north":{"uv":[9.75,0,10,10],"rotation":180,"texture":"#0"},"east":{"uv":[9,0,10,10],"texture":"#0"},"south":{"uv":[9,0,9.25,10],"texture":"#0"},"west":{"uv":[10,0,9,10],"texture":"#0"},"up":{"uv":[9,9.5,10,10],"rotation":90,"texture":"#0"},"down":{"uv":[9,9.5,10,10],"rotation":270,"texture":"#0"}}},{"from":[17.9,0.05,0.2],"to":[19.9,14.05,4.2],"rotation":{"angle":0,"axis":"x","origin":[8,8,8]},"faces":{"north":{"uv":[9.75,0,10,10],"rotation":180,"texture":"#0"},"east":{"uv":[9,0,10,10],"texture":"#0"},"south":{"uv":[9,0,9.25,10],"texture":"#0"},"west":{"uv":[10,0,9,10],"texture":"#0"},"up":{"uv":[9,9.5,10,10],"rotation":90,"texture":"#0"},"down":{"uv":[9,9.5,10,10],"rotation":270,"texture":"#0"}}},{"from":[17.9,0.25,11.8],"to":[19.9,14.25,15.8],"rotation":{"angle":0,"axis":"x","origin":[8,8,8]},"faces":{"north":{"uv":[9.75,0,10,10],"rotation":180,"texture":"#0"},"east":{"uv":[9,0,10,10],"texture":"#0"},"south":{"uv":[9,0,9.25,10],"texture":"#0"},"west":{"uv":[10,0,9,10],"texture":"#0"},"up":{"uv":[9,9.5,10,10],"rotation":90,"texture":"#0"},"down":{"uv":[9,9.5,10,10],"rotation":270,"texture":"#0"}}},{"from":[-3.1,0.25,11.7],"to":[-1.1,14.25,15.7],"rotation":{"angle":0,"axis":"x","origin":[8,8,8]},"faces":{"north":{"uv":[9.75,0,10,10],"rotation":180,"texture":"#0"},"east":{"uv":[9,0,10,10],"texture":"#0"},"south":{"uv":[9,0,9.25,10],"texture":"#0"},"west":{"uv":[10,0,9,10],"texture":"#0"},"up":{"uv":[9,9.5,10,10],"rotation":90,"texture":"#0"},"down":{"uv":[9,9.5,10,10],"rotation":270,"texture":"#0"}}},{"from":[-2.5,5,-6.5],"to":[-2.5,8,22.5],"faces":{"north":{"uv":[0.25,1,7.5,2.5],"texture":"#0"},"east":{"uv":[0.25,1,7.5,2.5],"texture":"#0"},"south":{"uv":[0.25,1,7.5,2.5],"texture":"#0"},"west":{"uv":[0.25,1,7.5,2.5],"texture":"#0"},"up":{"uv":[0.25,1,7.5,2.5],"texture":"#0"},"down":{"uv":[0.25,1,7.5,2.5],"texture":"#0"}}},{"from":[18.5,5,-6.5],"to":[18.5,8,22.5],"faces":{"north":{"uv":[0,1,7.25,2.5],"texture":"#0"},"east":{"uv":[0,1,7.25,2.5],"texture":"#0"},"south":{"uv":[0,1,7.25,2.5],"texture":"#0"},"west":{"uv":[0,1,7.25,2.5],"texture":"#0"},"up":{"uv":[0,1,7.25,2.5],"texture":"#0"},"down":{"uv":[0,1,7.25,2.5],"texture":"#0"}}}],"display":{"thirdperson_righthand":{"rotation":[27,39,0],"scale":[0.2,0.2,0.2]},"thirdperson_lefthand":{"rotation":[27,39,0],"scale":[0.2,0.2,0.2]},"firstperson_righthand":{"rotation":[0,114,0],"translation":[22.5,-8.25,-17.75]},"firstperson_lefthand":{"rotation":[0,114,0],"translation":[22.5,-8.25,-17.75]},"ground":{"translation":[0,3.25,0],"scale":[0.3,0.3,0.3]},"gui":{"rotation":[30,45,0],"scale":[0.34,0.34,0.34]},"head":{"rotation":[0,90,0],"translation":[0,-1,0]},"fixed":{"rotation":[-90,0,0],"translation":[0,0,-16],"scale":[2,2,2]}},"groups":[{"name":"PusangGala","origin":[0,0,0],"color":0,"boneType":"","children":[0,1,2,3,4,5,6,7,8]}]}