{"credit":"MadewithBlockbench","parent":"./cit_item","texture_size":[160,160],"textures":{"21":"decorations:plant_stand"},"elements":[{"from":[0,0,14],"to":[2,16,16],"faces":{"north":{"uv":[1.2,0,1.8,3.2],"texture":"#21"},"east":{"uv":[1.2,0,1.8,3.2],"texture":"#21"},"south":{"uv":[1.2,0,1.8,3.2],"texture":"#21"},"west":{"uv":[1.2,0,1.8,3.2],"texture":"#21"},"up":{"uv":[1.2,0,1.8,3.2],"texture":"#21"},"down":{"uv":[2.2,2.2,3,3],"texture":"#21"}}},{"from":[14,0,14],"to":[16,16,16],"faces":{"north":{"uv":[1.2,0,1.8,3.2],"texture":"#21"},"east":{"uv":[1.2,0,1.8,3.2],"texture":"#21"},"south":{"uv":[1.2,0,1.8,3.2],"texture":"#21"},"west":{"uv":[1.2,0,1.8,3.2],"texture":"#21"},"up":{"uv":[1.2,0,1.8,3.2],"texture":"#21"},"down":{"uv":[2.2,2.2,3,3],"texture":"#21"}}},{"from":[14,16,14],"to":[16,29.25,16],"faces":{"north":{"uv":[1.2,0,1.8,3.2],"texture":"#21"},"east":{"uv":[1.2,0,1.8,3.2],"texture":"#21"},"south":{"uv":[1.2,0,1.8,3.2],"texture":"#21"},"west":{"uv":[1.2,0,1.8,3.2],"texture":"#21"},"up":{"uv":[0.2,2.2,1,3],"texture":"#21"},"down":{"uv":[1.2,0,1.8,3.2],"texture":"#21"}}},{"from":[0,16,14],"to":[2,29.25,16],"faces":{"north":{"uv":[1.2,0,1.8,3.2],"texture":"#21"},"east":{"uv":[1.2,0,1.8,3.2],"texture":"#21"},"south":{"uv":[1.2,0,1.8,3.2],"texture":"#21"},"west":{"uv":[1.2,0,1.8,3.2],"texture":"#21"},"up":{"uv":[0.2,2.2,1,3],"texture":"#21"},"down":{"uv":[1.2,0,1.8,3.2],"texture":"#21"}}},{"from":[14.1,10.5475,11.57957],"to":[15.9,26.5475,13.57957],"rotation":{"angle":22.5,"axis":"x","origin":[7.8,21.5475,19.57957]},"faces":{"north":{"uv":[1.2,0,1.8,3.2],"texture":"#21"},"east":{"uv":[1.2,0,1.8,3.2],"texture":"#21"},"south":{"uv":[1.2,0,1.8,3.2],"texture":"#21"},"west":{"uv":[1.2,0,1.8,3.2],"texture":"#21"},"up":{"uv":[0.2,2.2,1,3],"texture":"#21"},"down":{"uv":[1.2,0,1.8,3.2],"texture":"#21"}}},{"from":[0.1,10.5475,11.57957],"to":[1.9,26.5475,13.57957],"rotation":{"angle":22.5,"axis":"x","origin":[8.1,21.5475,19.57957]},"faces":{"north":{"uv":[1.2,0,1.8,3.2],"texture":"#21"},"east":{"uv":[1.2,0,1.8,3.2],"texture":"#21"},"south":{"uv":[1.2,0,1.8,3.2],"texture":"#21"},"west":{"uv":[1.2,0,1.8,3.2],"texture":"#21"},"up":{"uv":[0.2,2.2,1,3],"texture":"#21"},"down":{"uv":[1.2,0,1.8,3.2],"texture":"#21"}}},{"from":[14.1,-4.23458,5.45663],"to":[15.9,11.76542,7.45663],"rotation":{"angle":22.5,"axis":"x","origin":[7.8,6.76542,13.45663]},"faces":{"north":{"uv":[1.2,0,1.8,3.2],"texture":"#21"},"east":{"uv":[1.2,0,1.8,3.2],"texture":"#21"},"south":{"uv":[1.2,0,1.8,3.2],"texture":"#21"},"west":{"uv":[1.2,0,1.8,3.2],"texture":"#21"},"up":{"uv":[1.2,0,1.8,3.2],"texture":"#21"},"down":{"uv":[2.2,2.2,3,3],"texture":"#21"}}},{"from":[0.1,-4.23458,5.45663],"to":[1.9,11.76542,7.45663],"rotation":{"angle":22.5,"axis":"x","origin":[8.1,6.76542,13.45663]},"faces":{"north":{"uv":[1.2,0,1.8,3.2],"texture":"#21"},"east":{"uv":[1.2,0,1.8,3.2],"texture":"#21"},"south":{"uv":[1.2,0,1.8,3.2],"texture":"#21"},"west":{"uv":[1.2,0,1.8,3.2],"texture":"#21"},"up":{"uv":[1.2,0,1.8,3.2],"texture":"#21"},"down":{"uv":[2.2,2.2,3,3],"texture":"#21"}}},{"from":[2,23,8],"to":[14,24,9],"faces":{"north":{"uv":[9.6,9.6,11.8,9.8],"texture":"#21"},"east":{"uv":[9.6,9.6,9.8,9.8],"texture":"#21"},"south":{"uv":[9.6,9.6,11.8,9.8],"texture":"#21"},"west":{"uv":[9.6,9.6,9.8,9.8],"texture":"#21"},"up":{"uv":[9.6,9.6,11.8,9.8],"texture":"#21"},"down":{"uv":[9.6,9.6,11.8,9.8],"texture":"#21"}}},{"from":[2,23,15],"to":[14,24,16],"faces":{"north":{"uv":[9.6,9.6,11.8,9.8],"texture":"#21"},"east":{"uv":[9.6,9.6,11.8,9.8],"texture":"#21"},"south":{"uv":[9.6,9.6,11.8,9.8],"texture":"#21"},"west":{"uv":[9.6,9.6,11.8,9.8],"texture":"#21"},"up":{"uv":[9.6,9.6,11.8,9.8],"texture":"#21"},"down":{"uv":[9.6,9.6,11.8,9.8],"texture":"#21"}}},{"from":[13,23,9],"to":[14,24,15],"faces":{"north":{"uv":[9.6,9.6,11.8,9.8],"rotation":270,"texture":"#21"},"east":{"uv":[9.6,9.6,11.8,9.8],"rotation":180,"texture":"#21"},"south":{"uv":[9.6,9.6,11.8,9.8],"rotation":270,"texture":"#21"},"west":{"uv":[9.6,9.6,11.8,9.8],"rotation":270,"texture":"#21"},"up":{"uv":[9.6,9.6,11.8,9.8],"rotation":270,"texture":"#21"},"down":{"uv":[9.6,9.6,11.8,9.8],"rotation":270,"texture":"#21"}}},{"from":[2,23,9],"to":[3,24,15],"faces":{"north":{"uv":[9.6,9.6,11.8,9.8],"rotation":270,"texture":"#21"},"east":{"uv":[9.6,9.6,11.8,9.8],"rotation":270,"texture":"#21"},"south":{"uv":[9.6,9.6,11.8,9.8],"rotation":270,"texture":"#21"},"west":{"uv":[9.6,9.6,11.8,9.8],"rotation":180,"texture":"#21"},"up":{"uv":[9.6,9.6,11.8,9.8],"rotation":270,"texture":"#21"},"down":{"uv":[9.6,9.6,11.8,9.8],"rotation":270,"texture":"#21"}}},{"from":[3,23,9],"to":[13,23.5,15],"faces":{"north":{"uv":[9.6,9.6,12.8,11.8],"texture":"#21"},"east":{"uv":[9.6,9.6,12.8,11.8],"texture":"#21"},"south":{"uv":[9.6,9.6,12.8,11.8],"texture":"#21"},"west":{"uv":[9.6,9.6,12.8,11.8],"texture":"#21"},"up":{"uv":[9.6,9.6,12.8,11.8],"texture":"#21"},"down":{"uv":[9.6,9.6,12.8,11.8],"texture":"#21"}}},{"from":[2,17,5],"to":[14,18,6],"faces":{"north":{"uv":[9.6,9.6,11.8,9.8],"texture":"#21"},"east":{"uv":[9.6,9.6,9.8,9.8],"texture":"#21"},"south":{"uv":[9.6,9.6,11.8,9.8],"texture":"#21"},"west":{"uv":[9.6,9.6,9.8,9.8],"texture":"#21"},"up":{"uv":[9.6,9.6,11.8,9.8],"texture":"#21"},"down":{"uv":[9.6,9.6,11.8,9.8],"texture":"#21"}}},{"from":[2,17,12],"to":[14,18,13],"faces":{"north":{"uv":[9.6,9.6,11.8,9.8],"texture":"#21"},"east":{"uv":[9.6,9.6,9.8,9.8],"texture":"#21"},"south":{"uv":[9.6,9.6,11.8,9.8],"texture":"#21"},"west":{"uv":[9.6,9.6,9.8,9.8],"texture":"#21"},"up":{"uv":[9.6,9.6,11.8,9.8],"texture":"#21"},"down":{"uv":[9.6,9.6,11.8,9.8],"texture":"#21"}}},{"from":[13,17,6],"to":[14,18,12],"faces":{"north":{"uv":[9.6,9.6,11.8,9.8],"rotation":270,"texture":"#21"},"east":{"uv":[9.6,9.6,11.8,9.8],"rotation":180,"texture":"#21"},"south":{"uv":[9.6,9.6,11.8,9.8],"rotation":270,"texture":"#21"},"west":{"uv":[9.6,9.6,11.8,9.8],"rotation":270,"texture":"#21"},"up":{"uv":[9.6,9.6,11.8,9.8],"rotation":270,"texture":"#21"},"down":{"uv":[9.6,9.6,11.8,9.8],"rotation":270,"texture":"#21"}}},{"from":[2,17,6],"to":[3,18,12],"faces":{"north":{"uv":[9.6,9.6,11.8,9.8],"rotation":270,"texture":"#21"},"east":{"uv":[9.6,9.6,11.8,9.8],"rotation":270,"texture":"#21"},"south":{"uv":[9.6,9.6,11.8,9.8],"rotation":270,"texture":"#21"},"west":{"uv":[9.6,9.6,11.8,9.8],"rotation":180,"texture":"#21"},"up":{"uv":[9.6,9.6,11.8,9.8],"rotation":270,"texture":"#21"},"down":{"uv":[9.6,9.6,11.8,9.8],"rotation":270,"texture":"#21"}}},{"from":[3,17,6],"to":[13,17.5,12],"faces":{"north":{"uv":[9.6,9.6,12.8,11.8],"texture":"#21"},"east":{"uv":[9.6,9.6,12.8,11.8],"texture":"#21"},"south":{"uv":[9.6,9.6,12.8,11.8],"texture":"#21"},"west":{"uv":[9.6,9.6,12.8,11.8],"texture":"#21"},"up":{"uv":[9.6,9.6,12.8,11.8],"texture":"#21"},"down":{"uv":[9.6,9.6,12.8,11.8],"texture":"#21"}}},{"from":[2,11,3],"to":[14,12,4],"faces":{"north":{"uv":[9.6,9.6,11.8,9.8],"texture":"#21"},"east":{"uv":[9.6,9.6,9.8,9.8],"texture":"#21"},"south":{"uv":[9.6,9.6,11.8,9.8],"texture":"#21"},"west":{"uv":[9.6,9.6,9.8,9.8],"texture":"#21"},"up":{"uv":[9.6,9.6,11.8,9.8],"texture":"#21"},"down":{"uv":[9.6,9.6,11.8,9.8],"texture":"#21"}}},{"from":[2,11,10],"to":[14,12,11],"faces":{"north":{"uv":[9.6,9.6,11.8,9.8],"texture":"#21"},"east":{"uv":[9.6,9.6,9.8,9.8],"texture":"#21"},"south":{"uv":[9.6,9.6,11.8,9.8],"texture":"#21"},"west":{"uv":[9.6,9.6,9.8,9.8],"texture":"#21"},"up":{"uv":[9.6,9.6,11.8,9.8],"texture":"#21"},"down":{"uv":[9.6,9.6,11.8,9.8],"texture":"#21"}}},{"from":[13,11,4],"to":[14,12,10],"faces":{"north":{"uv":[9.6,9.6,11.8,9.8],"rotation":270,"texture":"#21"},"east":{"uv":[9.6,9.6,11.8,9.8],"rotation":180,"texture":"#21"},"south":{"uv":[9.6,9.6,11.8,9.8],"rotation":270,"texture":"#21"},"west":{"uv":[9.6,9.6,11.8,9.8],"rotation":270,"texture":"#21"},"up":{"uv":[9.6,9.6,11.8,9.8],"rotation":270,"texture":"#21"},"down":{"uv":[9.6,9.6,11.8,9.8],"rotation":270,"texture":"#21"}}},{"from":[2,11,4],"to":[3,12,10],"faces":{"north":{"uv":[9.6,9.6,11.8,9.8],"rotation":270,"texture":"#21"},"east":{"uv":[9.6,9.6,11.8,9.8],"rotation":270,"texture":"#21"},"south":{"uv":[9.6,9.6,11.8,9.8],"rotation":270,"texture":"#21"},"west":{"uv":[9.6,9.6,11.8,9.8],"rotation":180,"texture":"#21"},"up":{"uv":[9.6,9.6,11.8,9.8],"rotation":270,"texture":"#21"},"down":{"uv":[9.6,9.6,11.8,9.8],"rotation":270,"texture":"#21"}}},{"from":[3,11,4],"to":[13,11.5,10],"faces":{"north":{"uv":[9.6,9.6,12.8,11.8],"texture":"#21"},"east":{"uv":[9.6,9.6,12.8,11.8],"texture":"#21"},"south":{"uv":[9.6,9.6,12.8,11.8],"texture":"#21"},"west":{"uv":[9.6,9.6,12.8,11.8],"texture":"#21"},"up":{"uv":[9.6,9.6,12.8,11.8],"texture":"#21"},"down":{"uv":[9.6,9.6,12.8,11.8],"texture":"#21"}}},{"from":[2,5,1],"to":[14,6,2],"faces":{"north":{"uv":[9.6,9.6,11.8,9.8],"texture":"#21"},"east":{"uv":[9.6,9.6,9.8,9.8],"texture":"#21"},"south":{"uv":[9.6,9.6,11.8,9.8],"texture":"#21"},"west":{"uv":[9.6,9.6,9.8,9.8],"texture":"#21"},"up":{"uv":[9.6,9.6,11.8,9.8],"texture":"#21"},"down":{"uv":[9.6,9.6,11.8,9.8],"texture":"#21"}}},{"from":[2,5,8],"to":[14,6,9],"faces":{"north":{"uv":[9.6,9.6,11.8,9.8],"texture":"#21"},"east":{"uv":[9.6,9.6,9.8,9.8],"texture":"#21"},"south":{"uv":[9.6,9.6,11.8,9.8],"texture":"#21"},"west":{"uv":[9.6,9.6,9.8,9.8],"texture":"#21"},"up":{"uv":[9.6,9.6,11.8,9.8],"texture":"#21"},"down":{"uv":[9.6,9.6,11.8,9.8],"texture":"#21"}}},{"from":[13,5,2],"to":[14,6,8],"faces":{"north":{"uv":[9.6,9.6,11.8,9.8],"rotation":270,"texture":"#21"},"east":{"uv":[9.6,9.6,11.8,9.8],"rotation":180,"texture":"#21"},"south":{"uv":[9.6,9.6,11.8,9.8],"rotation":270,"texture":"#21"},"west":{"uv":[9.6,9.6,11.8,9.8],"rotation":270,"texture":"#21"},"up":{"uv":[9.6,9.6,11.8,9.8],"rotation":270,"texture":"#21"},"down":{"uv":[9.6,9.6,11.8,9.8],"rotation":270,"texture":"#21"}}},{"from":[2,5,2],"to":[3,6,8],"faces":{"north":{"uv":[9.6,9.6,11.8,9.8],"rotation":270,"texture":"#21"},"east":{"uv":[9.6,9.6,11.8,9.8],"rotation":270,"texture":"#21"},"south":{"uv":[9.6,9.6,11.8,9.8],"rotation":270,"texture":"#21"},"west":{"uv":[9.6,9.6,11.8,9.8],"rotation":180,"texture":"#21"},"up":{"uv":[9.6,9.6,11.8,9.8],"rotation":270,"texture":"#21"},"down":{"uv":[9.6,9.6,11.8,9.8],"rotation":270,"texture":"#21"}}},{"from":[3,5,2],"to":[13,5.5,8],"faces":{"north":{"uv":[9.6,9.6,12.8,11.8],"texture":"#21"},"east":{"uv":[9.6,9.6,12.8,11.8],"texture":"#21"},"south":{"uv":[9.6,9.6,12.8,11.8],"texture":"#21"},"west":{"uv":[9.6,9.6,12.8,11.8],"texture":"#21"},"up":{"uv":[9.6,9.6,12.8,11.8],"texture":"#21"},"down":{"uv":[9.6,9.6,12.8,11.8],"texture":"#21"}}},{"from":[2,17,14.5],"to":[14,18,15.5],"faces":{"north":{"uv":[9.6,9.6,11.8,9.8],"texture":"#21"},"east":{"uv":[9.6,9.6,11.8,9.8],"texture":"#21"},"south":{"uv":[9.6,9.6,11.8,9.8],"texture":"#21"},"west":{"uv":[9.6,9.6,11.8,9.8],"texture":"#21"},"up":{"uv":[9.6,9.6,11.8,9.8],"texture":"#21"},"down":{"uv":[9.6,9.6,11.8,9.8],"texture":"#21"}}},{"from":[2,12,14.5],"to":[14,13,15.5],"faces":{"north":{"uv":[9.6,9.6,11.8,9.8],"texture":"#21"},"east":{"uv":[9.6,9.6,11.8,9.8],"texture":"#21"},"south":{"uv":[9.6,9.6,11.8,9.8],"texture":"#21"},"west":{"uv":[9.6,9.6,11.8,9.8],"texture":"#21"},"up":{"uv":[9.6,9.6,11.8,9.8],"texture":"#21"},"down":{"uv":[9.6,9.6,11.8,9.8],"texture":"#21"}}},{"from":[2,7,14.5],"to":[14,8,15.5],"faces":{"north":{"uv":[9.6,9.6,11.8,9.8],"texture":"#21"},"east":{"uv":[9.6,9.6,11.8,9.8],"texture":"#21"},"south":{"uv":[9.6,9.6,11.8,9.8],"texture":"#21"},"west":{"uv":[9.6,9.6,11.8,9.8],"texture":"#21"},"up":{"uv":[9.6,9.6,11.8,9.8],"texture":"#21"},"down":{"uv":[9.6,9.6,11.8,9.8],"texture":"#21"}}},{"from":[2,2,14.5],"to":[14,3,15.5],"faces":{"north":{"uv":[9.6,9.6,11.8,9.8],"texture":"#21"},"east":{"uv":[9.6,9.6,11.8,9.8],"texture":"#21"},"south":{"uv":[9.6,9.6,11.8,9.8],"texture":"#21"},"west":{"uv":[9.6,9.6,11.8,9.8],"texture":"#21"},"up":{"uv":[9.6,9.6,11.8,9.8],"texture":"#21"},"down":{"uv":[9.6,9.6,11.8,9.8],"texture":"#21"}}},{"from":[0.5,12.5,3.75],"to":[1,13,7.75],"rotation":{"angle":-22.5,"axis":"x","origin":[8,29,16]},"faces":{"north":{"uv":[7,9.8,8.8,10],"texture":"#21"},"east":{"uv":[7,9.8,8.8,10],"texture":"#21"},"south":{"uv":[7,9.8,8.8,10],"texture":"#21"},"west":{"uv":[7,9.8,8.8,10],"texture":"#21"},"up":{"uv":[7,9.8,8.8,10],"texture":"#21"},"down":{"uv":[7,9.8,8.8,10],"texture":"#21"}}},{"from":[0.5,4.65499,12.68304],"to":[1,5.15499,16.68304],"rotation":{"angle":22.5,"axis":"x","origin":[8,21.15499,24.93304]},"faces":{"north":{"uv":[7,9.8,8.8,10],"texture":"#21"},"east":{"uv":[7,9.8,8.8,10],"texture":"#21"},"south":{"uv":[7,9.8,8.8,10],"texture":"#21"},"west":{"uv":[7,9.8,8.8,10],"texture":"#21"},"up":{"uv":[7,9.8,8.8,10],"texture":"#21"},"down":{"uv":[7,9.8,8.8,10],"texture":"#21"}}},{"from":[14.75,12.5,3.75],"to":[15.25,13,7.75],"rotation":{"angle":-22.5,"axis":"x","origin":[22.25,29,16]},"faces":{"north":{"uv":[7,9.8,8.8,10],"texture":"#21"},"east":{"uv":[7,9.8,8.8,10],"texture":"#21"},"south":{"uv":[7,9.8,8.8,10],"texture":"#21"},"west":{"uv":[7,9.8,8.8,10],"texture":"#21"},"up":{"uv":[7,9.8,8.8,10],"texture":"#21"},"down":{"uv":[7,9.8,8.8,10],"texture":"#21"}}},{"from":[14.75,4.65499,12.68304],"to":[15.25,5.15499,16.68304],"rotation":{"angle":22.5,"axis":"x","origin":[22.25,21.15499,24.93304]},"faces":{"north":{"uv":[7,9.8,8.8,10],"texture":"#21"},"east":{"uv":[7,9.8,8.8,10],"texture":"#21"},"south":{"uv":[7,9.8,8.8,10],"texture":"#21"},"west":{"uv":[7,9.8,8.8,10],"texture":"#21"},"up":{"uv":[7,9.8,8.8,10],"texture":"#21"},"down":{"uv":[7,9.8,8.8,10],"texture":"#21"}}},{"from":[10.02708,24.04144,12.19085],"to":[11.80648,25.56664,12.44505],"rotation":{"angle":0,"axis":"y","origin":[0,12,4]},"faces":{"north":{"uv":[9.6,0,10.6,1],"texture":"#21"},"east":{"uv":[9.6,0,10.6,1],"texture":"#21"},"south":{"uv":[9.6,0,10.6,1],"texture":"#21"},"west":{"uv":[9.6,0,10.6,1],"texture":"#21"},"up":{"uv":[9.6,0,10.6,0.2],"texture":"#21"},"down":{"uv":[9.6,0,10.6,1],"texture":"#21"}}},{"from":[10.02708,23.53304,10.41145],"to":[12.06068,24.04144,12.44505],"rotation":{"angle":0,"axis":"y","origin":[0,12,4]},"faces":{"north":{"uv":[9.6,0.4,10.6,0.8],"texture":"#21"},"east":{"uv":[9.6,0.4,10.6,0.8],"texture":"#21"},"south":{"uv":[9.6,0.4,10.6,0.8],"texture":"#21"},"west":{"uv":[9.6,0.4,10.6,0.8],"texture":"#21"},"up":{"uv":[9.6,0.4,10.6,0.8],"texture":"#21"},"down":{"uv":[9.6,0.4,10.6,0.8],"texture":"#21"}}},{"from":[10.28128,24.04144,10.66565],"to":[11.80648,25.31244,12.19085],"rotation":{"angle":0,"axis":"y","origin":[0,12,4]},"faces":{"north":{"uv":[3.2,0,4.2,1],"texture":"#21"},"east":{"uv":[3.2,0,4.2,1],"texture":"#21"},"south":{"uv":[3.2,0,4.2,1],"texture":"#21"},"west":{"uv":[3.2,0,4.2,1],"texture":"#21"},"up":{"uv":[3.2,0,4.2,1],"texture":"#21"},"down":{"uv":[3.2,0,4.2,1],"texture":"#21"}}},{"from":[10.02708,24.04144,10.41145],"to":[10.28128,25.56664,12.19085],"rotation":{"angle":0,"axis":"y","origin":[0,12,4]},"faces":{"north":{"uv":[9.6,0,10.6,1],"texture":"#21"},"east":{"uv":[9.6,0,10.6,1],"texture":"#21"},"south":{"uv":[9.6,0,10.6,1],"texture":"#21"},"west":{"uv":[9.6,0,10.6,1],"texture":"#21"},"up":{"uv":[9.6,0,10.6,0.2],"rotation":90,"texture":"#21"},"down":{"uv":[9.6,0,10.6,1],"texture":"#21"}}},{"from":[10.28128,24.04144,10.41145],"to":[12.06068,25.56664,10.66565],"rotation":{"angle":0,"axis":"y","origin":[0,12,4]},"faces":{"north":{"uv":[9.6,0,10.6,1],"texture":"#21"},"east":{"uv":[9.6,0,10.6,1],"texture":"#21"},"south":{"uv":[9.6,0,10.6,1],"texture":"#21"},"west":{"uv":[9.6,0,10.6,1],"texture":"#21"},"up":{"uv":[9.6,0,10.6,0.2],"texture":"#21"},"down":{"uv":[9.6,0,10.6,1],"texture":"#21"}}},{"from":[11.80648,24.04144,10.66565],"to":[12.06068,25.56664,12.44505],"rotation":{"angle":0,"axis":"y","origin":[0,12,4]},"faces":{"north":{"uv":[9.6,0,10.6,1],"texture":"#21"},"east":{"uv":[9.6,0,10.6,1],"texture":"#21"},"south":{"uv":[9.6,0,10.6,1],"texture":"#21"},"west":{"uv":[9.6,0,10.6,1],"texture":"#21"},"up":{"uv":[9.6,0,10.6,0.2],"rotation":90,"texture":"#21"},"down":{"uv":[9.6,0,10.6,1],"texture":"#21"}}},{"from":[10.82087,25.31244,10.38097],"to":[10.82087,27.09184,12.28747],"rotation":{"angle":-45,"axis":"y","origin":[10.82087,25.82084,11.65197]},"faces":{"north":{"uv":[14.4,0,15.95,1.4],"texture":"#21"},"east":{"uv":[14.4,0,15.95,1.4],"texture":"#21"},"south":{"uv":[14.4,0,15.95,1.4],"texture":"#21"},"west":{"uv":[14.4,0,15.95,1.4],"texture":"#21"},"up":{"uv":[14.4,0,15.95,1.4],"rotation":90,"texture":"#21"},"down":{"uv":[14.4,0,15.95,1.4],"rotation":270,"texture":"#21"}}},{"from":[11.35747,25.31244,10.34303],"to":[11.35747,27.09184,12.24953],"rotation":{"angle":45,"axis":"y","origin":[11.35747,26.07504,11.74113]},"faces":{"north":{"uv":[14.4,0,15.95,1.4],"texture":"#21"},"east":{"uv":[14.4,0,15.95,1.4],"texture":"#21"},"south":{"uv":[14.4,0,15.95,1.4],"texture":"#21"},"west":{"uv":[14.4,0,15.95,1.4],"texture":"#21"},"up":{"uv":[14.4,0,15.95,1.4],"rotation":90,"texture":"#21"},"down":{"uv":[14.4,0,15.95,1.4],"rotation":270,"texture":"#21"}}},{"from":[6.97668,24.04144,12.19085],"to":[8.75608,25.56664,12.44505],"rotation":{"angle":0,"axis":"y","origin":[0,12,4]},"faces":{"north":{"uv":[9.6,0,10.6,1],"texture":"#21"},"east":{"uv":[9.6,0,10.6,1],"texture":"#21"},"south":{"uv":[9.6,0,10.6,1],"texture":"#21"},"west":{"uv":[9.6,0,10.6,1],"texture":"#21"},"up":{"uv":[9.6,0,10.6,0.2],"texture":"#21"},"down":{"uv":[9.6,0,10.6,1],"texture":"#21"}}},{"from":[6.97668,23.53304,10.41145],"to":[9.01028,24.04144,12.44505],"rotation":{"angle":0,"axis":"y","origin":[0,12,4]},"faces":{"north":{"uv":[9.6,0.4,10.6,0.8],"texture":"#21"},"east":{"uv":[9.6,0.4,10.6,0.8],"texture":"#21"},"south":{"uv":[9.6,0.4,10.6,0.8],"texture":"#21"},"west":{"uv":[9.6,0.4,10.6,0.8],"texture":"#21"},"up":{"uv":[9.6,0.4,10.6,0.8],"texture":"#21"},"down":{"uv":[9.6,0.4,10.6,0.8],"texture":"#21"}}},{"from":[7.23088,24.04144,10.66565],"to":[8.75608,25.31244,12.19085],"rotation":{"angle":0,"axis":"y","origin":[0,12,4]},"faces":{"north":{"uv":[3.2,0,4.2,1],"texture":"#21"},"east":{"uv":[3.2,0,4.2,1],"texture":"#21"},"south":{"uv":[3.2,0,4.2,1],"texture":"#21"},"west":{"uv":[3.2,0,4.2,1],"texture":"#21"},"up":{"uv":[3.2,0,4.2,1],"texture":"#21"},"down":{"uv":[3.2,0,4.2,1],"texture":"#21"}}},{"from":[6.97668,24.04144,10.41145],"to":[7.23088,25.56664,12.19085],"rotation":{"angle":0,"axis":"y","origin":[0,12,4]},"faces":{"north":{"uv":[9.6,0,10.6,1],"texture":"#21"},"east":{"uv":[9.6,0,10.6,1],"texture":"#21"},"south":{"uv":[9.6,0,10.6,1],"texture":"#21"},"west":{"uv":[9.6,0,10.6,1],"texture":"#21"},"up":{"uv":[9.6,0,10.6,0.2],"rotation":90,"texture":"#21"},"down":{"uv":[9.6,0,10.6,1],"texture":"#21"}}},{"from":[7.23088,24.04144,10.41145],"to":[9.01028,25.56664,10.66565],"rotation":{"angle":0,"axis":"y","origin":[0,12,4]},"faces":{"north":{"uv":[9.6,0,10.6,1],"texture":"#21"},"east":{"uv":[9.6,0,10.6,1],"texture":"#21"},"south":{"uv":[9.6,0,10.6,1],"texture":"#21"},"west":{"uv":[9.6,0,10.6,1],"texture":"#21"},"up":{"uv":[9.6,0,10.6,0.2],"texture":"#21"},"down":{"uv":[9.6,0,10.6,1],"texture":"#21"}}},{"from":[8.75608,24.04144,10.66565],"to":[9.01028,25.56664,12.44505],"rotation":{"angle":0,"axis":"y","origin":[0,12,4]},"faces":{"north":{"uv":[9.6,0,10.6,1],"texture":"#21"},"east":{"uv":[9.6,0,10.6,1],"texture":"#21"},"south":{"uv":[9.6,0,10.6,1],"texture":"#21"},"west":{"uv":[9.6,0,10.6,1],"texture":"#21"},"up":{"uv":[9.6,0,10.6,0.2],"rotation":90,"texture":"#21"},"down":{"uv":[9.6,0,10.6,1],"texture":"#21"}}},{"from":[7.77047,25.31244,10.38097],"to":[7.77047,27.09184,12.28747],"rotation":{"angle":-45,"axis":"y","origin":[7.77047,25.82084,11.65197]},"faces":{"north":{"uv":[14.4,0,15.95,1.4],"texture":"#21"},"east":{"uv":[14.4,0,15.95,1.4],"texture":"#21"},"south":{"uv":[14.4,0,15.95,1.4],"texture":"#21"},"west":{"uv":[14.4,0,15.95,1.4],"texture":"#21"},"up":{"uv":[14.4,0,15.95,1.4],"rotation":90,"texture":"#21"},"down":{"uv":[14.4,0,15.95,1.4],"rotation":270,"texture":"#21"}}},{"from":[8.30707,25.31244,10.34303],"to":[8.30707,27.09184,12.24953],"rotation":{"angle":45,"axis":"y","origin":[8.30707,26.07504,11.74113]},"faces":{"north":{"uv":[14.4,0,15.95,1.4],"texture":"#21"},"east":{"uv":[14.4,0,15.95,1.4],"texture":"#21"},"south":{"uv":[14.4,0,15.95,1.4],"texture":"#21"},"west":{"uv":[14.4,0,15.95,1.4],"texture":"#21"},"up":{"uv":[14.4,0,15.95,1.4],"rotation":90,"texture":"#21"},"down":{"uv":[14.4,0,15.95,1.4],"rotation":270,"texture":"#21"}}},{"from":[3.97668,24.04144,12.19085],"to":[5.75608,25.56664,12.44505],"rotation":{"angle":0,"axis":"y","origin":[0,12,4]},"faces":{"north":{"uv":[9.6,0,10.6,1],"texture":"#21"},"east":{"uv":[9.6,0,10.6,1],"texture":"#21"},"south":{"uv":[9.6,0,10.6,1],"texture":"#21"},"west":{"uv":[9.6,0,10.6,1],"texture":"#21"},"up":{"uv":[9.6,0,10.6,0.2],"texture":"#21"},"down":{"uv":[9.6,0,10.6,1],"texture":"#21"}}},{"from":[3.97668,23.53304,10.41145],"to":[6.01028,24.04144,12.44505],"rotation":{"angle":0,"axis":"y","origin":[0,12,4]},"faces":{"north":{"uv":[9.6,0.4,10.6,0.8],"texture":"#21"},"east":{"uv":[9.6,0.4,10.6,0.8],"texture":"#21"},"south":{"uv":[9.6,0.4,10.6,0.8],"texture":"#21"},"west":{"uv":[9.6,0.4,10.6,0.8],"texture":"#21"},"up":{"uv":[9.6,0.4,10.6,0.8],"texture":"#21"},"down":{"uv":[9.6,0.4,10.6,0.8],"texture":"#21"}}},{"from":[4.23088,24.04144,10.66565],"to":[5.75608,25.31244,12.19085],"rotation":{"angle":0,"axis":"y","origin":[0,12,4]},"faces":{"north":{"uv":[3.2,0,4.2,1],"texture":"#21"},"east":{"uv":[3.2,0,4.2,1],"texture":"#21"},"south":{"uv":[3.2,0,4.2,1],"texture":"#21"},"west":{"uv":[3.2,0,4.2,1],"texture":"#21"},"up":{"uv":[3.2,0,4.2,1],"texture":"#21"},"down":{"uv":[3.2,0,4.2,1],"texture":"#21"}}},{"from":[3.97668,24.04144,10.41145],"to":[4.23088,25.56664,12.19085],"rotation":{"angle":0,"axis":"y","origin":[0,12,4]},"faces":{"north":{"uv":[9.6,0,10.6,1],"texture":"#21"},"east":{"uv":[9.6,0,10.6,1],"texture":"#21"},"south":{"uv":[9.6,0,10.6,1],"texture":"#21"},"west":{"uv":[9.6,0,10.6,1],"texture":"#21"},"up":{"uv":[9.6,0,10.6,0.2],"rotation":90,"texture":"#21"},"down":{"uv":[9.6,0,10.6,1],"texture":"#21"}}},{"from":[4.23088,24.04144,10.41145],"to":[6.01028,25.56664,10.66565],"rotation":{"angle":0,"axis":"y","origin":[0,12,4]},"faces":{"north":{"uv":[9.6,0,10.6,1],"texture":"#21"},"east":{"uv":[9.6,0,10.6,1],"texture":"#21"},"south":{"uv":[9.6,0,10.6,1],"texture":"#21"},"west":{"uv":[9.6,0,10.6,1],"texture":"#21"},"up":{"uv":[9.6,0,10.6,0.2],"texture":"#21"},"down":{"uv":[9.6,0,10.6,1],"texture":"#21"}}},{"from":[5.75608,24.04144,10.66565],"to":[6.01028,25.56664,12.44505],"rotation":{"angle":0,"axis":"y","origin":[0,12,4]},"faces":{"north":{"uv":[9.6,0,10.6,1],"texture":"#21"},"east":{"uv":[9.6,0,10.6,1],"texture":"#21"},"south":{"uv":[9.6,0,10.6,1],"texture":"#21"},"west":{"uv":[9.6,0,10.6,1],"texture":"#21"},"up":{"uv":[9.6,0,10.6,0.2],"rotation":90,"texture":"#21"},"down":{"uv":[9.6,0,10.6,1],"texture":"#21"}}},{"from":[4.77047,25.31244,10.38097],"to":[4.77047,27.09184,12.28747],"rotation":{"angle":-45,"axis":"y","origin":[4.77047,25.82084,11.65197]},"faces":{"north":{"uv":[14.4,0,15.95,1.4],"texture":"#21"},"east":{"uv":[14.4,0,15.95,1.4],"texture":"#21"},"south":{"uv":[14.4,0,15.95,1.4],"texture":"#21"},"west":{"uv":[14.4,0,15.95,1.4],"texture":"#21"},"up":{"uv":[14.4,0,15.95,1.4],"rotation":90,"texture":"#21"},"down":{"uv":[14.4,0,15.95,1.4],"rotation":270,"texture":"#21"}}},{"from":[5.30707,25.31244,10.34303],"to":[5.30707,27.09184,12.24953],"rotation":{"angle":45,"axis":"y","origin":[5.30707,26.07504,11.74113]},"faces":{"north":{"uv":[14.4,0,15.95,1.4],"texture":"#21"},"east":{"uv":[14.4,0,15.95,1.4],"texture":"#21"},"south":{"uv":[14.4,0,15.95,1.4],"texture":"#21"},"west":{"uv":[14.4,0,15.95,1.4],"texture":"#21"},"up":{"uv":[14.4,0,15.95,1.4],"rotation":90,"texture":"#21"},"down":{"uv":[14.4,0,15.95,1.4],"rotation":270,"texture":"#21"}}},{"name":"flower_pot","from":[6.4152,5.6784,1.8408],"to":[10.3672,7.2592,5.7928],"rotation":{"angle":0,"axis":"y","origin":[-2,-12,-4]},"faces":{"north":{"uv":[7.4,1,6.4,1.4],"texture":"#21"},"east":{"uv":[7.4,1,6.4,1.4],"texture":"#21"},"south":{"uv":[7.4,1,6.4,1.4],"texture":"#21"},"west":{"uv":[7.4,1,6.4,1.4],"texture":"#21"},"up":{"uv":[7.4,1,8.4,0],"texture":"#21"},"down":{"uv":[6.4,1,7.4,0],"texture":"#21"}}},{"from":[5.2296,8.0496,0.6552],"to":[11.5528,8.05355,6.9784],"rotation":{"angle":-45,"axis":"y","origin":[8.3912,8.0496,3.8168]},"faces":{"up":{"uv":[6.4,3.2,8,1.6],"texture":"#21"},"down":{"uv":[6.4,3.2,8,1.6],"texture":"#21"}}},{"from":[6.6128,9.2352,2.0384],"to":[10.1696,9.23915,5.5952],"rotation":{"angle":-45,"axis":"y","origin":[8.3912,11.2112,3.8168]},"faces":{"up":{"uv":[6.6,2.6,7.5,1.7],"texture":"#21"},"down":{"uv":[6.6,2.6,7.5,1.7],"texture":"#21"}}},{"from":[5.2296,10.4208,6.188],"to":[11.5528,10.42475,9.3496],"rotation":{"angle":45,"axis":"x","origin":[8.3912,11.2112,3.8168]},"faces":{"up":{"uv":[6.4,3.2,8,2.4],"rotation":180,"texture":"#21"},"down":{"uv":[6.4,2.4,8,3.2],"rotation":180,"texture":"#21"}}},{"from":[5.2296,10.4208,-1.716],"to":[11.5528,10.42475,1.4456],"rotation":{"angle":-45,"axis":"x","origin":[8.3912,11.2112,3.8168]},"faces":{"up":{"uv":[6.4,3.2,8,2.4],"texture":"#21"},"down":{"uv":[6.4,2.4,8,3.2],"texture":"#21"}}},{"from":[2.8584,10.4208,0.6552],"to":[6.02,10.42475,6.9784],"rotation":{"angle":45,"axis":"z","origin":[8.3912,11.2112,3.8168]},"faces":{"up":{"uv":[8,2.4,6.4,3.2],"rotation":90,"texture":"#21"},"down":{"uv":[8,3.2,6.4,2.4],"rotation":270,"texture":"#21"}}},{"from":[10.7624,10.4208,0.6552],"to":[13.924,10.42475,6.9784],"rotation":{"angle":-45,"axis":"z","origin":[8.3912,11.2112,3.8168]},"faces":{"up":{"uv":[8,2.4,6.4,3.2],"rotation":270,"texture":"#21"},"down":{"uv":[8,3.2,6.4,2.4],"rotation":90,"texture":"#21"}}},{"from":[5.2296,10.0256,4.6072],"to":[11.5528,10.02955,7.7688],"rotation":{"angle":22.5,"axis":"x","origin":[8.3912,10.816,3.8168]},"faces":{"up":{"uv":[8,3.2,9.6,2.4],"rotation":180,"texture":"#21"},"down":{"uv":[8,2.4,9.6,3.2],"rotation":180,"texture":"#21"}}},{"from":[9.1816,10.0256,0.6552],"to":[12.3432,10.02955,6.9784],"rotation":{"angle":-22.5,"axis":"z","origin":[8.3912,10.816,3.8168]},"faces":{"up":{"uv":[9.6,2.4,8,3.2],"rotation":270,"texture":"#21"},"down":{"uv":[8,2.4,9.6,3.2],"rotation":270,"texture":"#21"}}},{"from":[5.2296,10.0256,-0.1352],"to":[11.5528,10.02955,3.0264],"rotation":{"angle":-22.5,"axis":"x","origin":[8.3912,10.816,3.8168]},"faces":{"up":{"uv":[8,3.2,9.6,2.4],"texture":"#21"},"down":{"uv":[8,2.4,9.6,3.2],"texture":"#21"}}},{"from":[4.4392,10.0256,0.6552],"to":[7.6008,10.02955,6.9784],"rotation":{"angle":22.5,"axis":"z","origin":[8.3912,10.816,3.8168]},"faces":{"up":{"uv":[9.6,2.4,8,3.2],"rotation":90,"texture":"#21"},"down":{"uv":[8,2.4,9.6,3.2],"rotation":90,"texture":"#21"}}},{"from":[7.2056,1.3552,0.94765],"to":[11.1576,7.2592,0.9516],"rotation":{"angle":0,"axis":"y","origin":[-2,-12,-4]},"faces":{"north":{"uv":[8,1.5,9,3.2],"texture":"#21"},"south":{"uv":[9.6,0,8.6,2],"texture":"#21"}}},{"from":[7.2056,3.3072,2.92365],"to":[11.1576,6.4688,2.9276],"rotation":{"angle":22.5,"axis":"x","origin":[7.996,10.816,4.212]},"faces":{"north":{"uv":[8.6,0.6,9.6,1.4],"texture":"#21"},"south":{"uv":[9.6,0.6,8.6,1.4],"texture":"#21"}}},{"name":"flower_pot","from":[7.48,17.14,7.4],"to":[10,19.66,9.92],"rotation":{"angle":0,"axis":"y","origin":[2,-6,-4]},"faces":{"north":{"uv":[10.8,4.2,9.6,5.4],"texture":"#21"},"east":{"uv":[10.8,5.2,9.6,6.4],"texture":"#21"},"south":{"uv":[10.8,4.2,9.6,5.4],"texture":"#21"},"west":{"uv":[10.8,5.2,9.6,6.4],"texture":"#21"},"up":{"uv":[10.8,3.2,9.6,4.4],"rotation":180,"texture":"#21"},"down":{"uv":[12,3.2,10.8,4.4],"rotation":180,"texture":"#21"}}},{"name":"flower_pot","from":[11.34,17.14,6.13],"to":[13.02,18.82,7.81],"rotation":{"angle":0,"axis":"y","origin":[2,-6,-4]},"faces":{"north":{"uv":[12,5.6,11.2,6.4],"texture":"#21"},"east":{"uv":[12,5.6,11.2,6.4],"texture":"#21"},"south":{"uv":[12,5.6,11.2,6.4],"texture":"#21"},"west":{"uv":[12,5.6,11.2,6.4],"texture":"#21"},"up":{"uv":[12,4.8,11.2,5.6],"rotation":180,"texture":"#21"},"down":{"uv":[12.8,4.8,12,5.6],"rotation":180,"texture":"#21"}}},{"from":[10.42,16.72,5.048],"to":[10.4242,23.44,11.768],"rotation":{"angle":22.5,"axis":"z","origin":[8.74,20.08,8.66]},"faces":{"east":{"uv":[6.4,3.2,3.2,6.4],"texture":"#21"},"west":{"uv":[6.4,3.2,3.2,6.4],"texture":"#21"}}},{"from":[7.0558,16.72,5.048],"to":[7.06,23.44,11.768],"rotation":{"angle":-22.5,"axis":"z","origin":[8.74,20.08,8.66]},"faces":{"east":{"uv":[6.4,3.2,3.2,6.4],"texture":"#21"},"west":{"uv":[6.4,3.2,3.2,6.4],"texture":"#21"}}},{"from":[5.128,16.3,6.9758],"to":[11.848,23.02,6.98],"rotation":{"angle":22.5,"axis":"x","origin":[8.74,20.08,8.66]},"faces":{"north":{"uv":[6.4,3.2,3.2,6.4],"texture":"#21"},"south":{"uv":[6.4,3.2,3.2,6.4],"texture":"#21"}}},{"from":[5.128,16.72,10.34],"to":[11.848,23.44,10.3442],"rotation":{"angle":-22.5,"axis":"x","origin":[8.74,20.08,8.66]},"faces":{"north":{"uv":[6.4,3.2,3.2,6.4],"texture":"#21"},"south":{"uv":[6.4,3.2,3.2,6.4],"texture":"#21"}}},{"from":[8.74,19.24,5.636],"to":[8.7442,25.96,11.684],"rotation":{"angle":-45,"axis":"y","origin":[8.74,25.12,8.66],"rescale":true},"faces":{"east":{"uv":[3.2,3.2,0,6.4],"texture":"#21"},"west":{"uv":[3.2,3.2,0,6.4],"texture":"#21"}}},{"from":[5.716,19.24,8.6558],"to":[11.764,25.96,8.66],"rotation":{"angle":-45,"axis":"y","origin":[8.74,25.12,8.66],"rescale":true},"faces":{"north":{"uv":[3.2,3.2,0,6.4],"texture":"#21"},"south":{"uv":[3.2,3.2,0,6.4],"texture":"#21"}}},{"from":[10.668,18.82,6.9658],"to":[13.692,22.18,6.97],"rotation":{"angle":-22.5,"axis":"y","origin":[12.18,20.08,6.97],"rescale":true},"faces":{"north":{"uv":[8,3.2,6.4,4.8],"texture":"#21"},"south":{"uv":[8,3.2,6.4,4.8],"texture":"#21"}}},{"from":[12.18,18.82,5.458],"to":[12.1842,22.18,8.482],"rotation":{"angle":-22.5,"axis":"y","origin":[12.18,20.5,6.97],"rescale":true},"faces":{"east":{"uv":[8,3.2,6.4,4.8],"texture":"#21"},"west":{"uv":[8,3.2,6.4,4.8],"texture":"#21"}}},{"name":"flower_pot","from":[4.1,17.6,9.1],"to":[5.9,19.4,10.9],"faces":{"north":{"uv":[13.8,5.2,15,6.4],"texture":"#21"},"east":{"uv":[13.8,5.2,15,6.4],"texture":"#21"},"south":{"uv":[13.8,5.2,15,6.4],"texture":"#21"},"west":{"uv":[13.8,5.2,15,6.4],"texture":"#21"},"up":{"uv":[12.8,3.2,14,4.4],"texture":"#21"},"down":{"uv":[14.8,3.2,16,4.4],"texture":"#21"}}},{"from":[2.6,17,9.4],"to":[7.4,21.8,9.403],"rotation":{"angle":45,"axis":"x","origin":[5,20,10]},"faces":{"north":{"uv":[0,12.8,1.6,14.4],"texture":"#21"},"south":{"uv":[0,12.8,1.6,14.4],"texture":"#21"}}},{"from":[2.6,17,10.6],"to":[7.4,21.8,10.603],"rotation":{"angle":-45,"axis":"x","origin":[5,20,10]},"faces":{"north":{"uv":[1.6,12.8,0,14.4],"texture":"#21"},"south":{"uv":[1.6,12.8,0,14.4],"texture":"#21"}}},{"from":[5.6,17,7.6],"to":[5.603,21.8,12.4],"rotation":{"angle":45,"axis":"z","origin":[5,20,10]},"faces":{"east":{"uv":[0,12.8,1.6,14.4],"texture":"#21"},"west":{"uv":[0,12.8,1.6,14.4],"texture":"#21"}}},{"from":[4.4,17,7.6],"to":[4.403,21.8,12.4],"rotation":{"angle":-45,"axis":"z","origin":[5,20,10]},"faces":{"east":{"uv":[1.6,12.8,0,14.4],"texture":"#21"},"west":{"uv":[1.6,12.8,0,14.4],"texture":"#21"}}},{"from":[2.6,19.1,9.4],"to":[7.4,23.9,9.403],"rotation":{"angle":45,"axis":"x","origin":[5,21.5,10]},"faces":{"north":{"uv":[1.6,12.8,3.2,14.4],"texture":"#21"},"south":{"uv":[1.6,12.8,3.2,14.4],"texture":"#21"}}},{"from":[2.6,19.1,10.6],"to":[7.4,23.9,10.603],"rotation":{"angle":-45,"axis":"x","origin":[5,21.5,10]},"faces":{"north":{"uv":[3.2,12.8,1.6,14.4],"texture":"#21"},"south":{"uv":[3.2,12.8,1.6,14.4],"texture":"#21"}}},{"from":[4.4,19.1,7.6],"to":[4.403,23.9,12.4],"rotation":{"angle":-45,"axis":"z","origin":[5,21.5,10]},"faces":{"east":{"uv":[3.2,12.8,1.6,14.4],"texture":"#21"},"west":{"uv":[3.2,12.8,1.6,14.4],"texture":"#21"}}},{"from":[5.6,19.1,7.6],"to":[5.603,23.9,12.4],"rotation":{"angle":45,"axis":"z","origin":[5,21.5,10]},"faces":{"east":{"uv":[1.6,12.8,3.2,14.4],"texture":"#21"},"west":{"uv":[1.6,12.8,3.2,14.4],"texture":"#21"}}},{"from":[3.8,16.4,8.8],"to":[6.2,21.2,11.2],"faces":{"north":{"uv":[0.4,14.4,1.2,16],"texture":"#21"},"east":{"uv":[0.4,14.4,1.2,16],"texture":"#21"},"south":{"uv":[0.4,14.4,1.2,16],"texture":"#21"},"west":{"uv":[0.4,14.4,1.2,16],"texture":"#21"}}},{"from":[5.28,11.54,2.9],"to":[12.72,12.78,9.1],"rotation":{"angle":0,"axis":"y","origin":[1,6,1]},"faces":{"north":{"uv":[13,9.8,15.4,10.3],"texture":"#21"},"east":{"uv":[13,9.8,15,10.3],"texture":"#21"},"south":{"uv":[13,9.8,15.4,10.3],"texture":"#21"},"west":{"uv":[13,9.8,15,10.3],"texture":"#21"},"up":{"uv":[12.8,9.6,16,12.8],"rotation":90,"texture":"#21"},"down":{"uv":[13,9.8,15,12.2],"rotation":270,"texture":"#21"}}},{"from":[5.28001,12.46892,2.28108],"to":[12.72001,13.08892,2.90108],"rotation":{"angle":0,"axis":"y","origin":[1,6,1]},"faces":{"north":{"uv":[0.2,6.8,2.6,7],"texture":"#21"},"east":{"uv":[0.2,6.6,2.2,7.1],"texture":"#21"},"south":{"uv":[0.2,6.6,2.6,7.1],"texture":"#21"},"west":{"uv":[0.2,6.6,2.2,7.1],"texture":"#21"},"up":{"uv":[0.2,7,2.2,7.2],"rotation":180,"texture":"#21"},"down":{"uv":[0.2,6.6,2.2,9],"rotation":270,"texture":"#21"}}},{"from":[5.2762,12.72914,-0.91048],"to":[12.7162,13.96914,-0.29048],"rotation":{"angle":-45,"axis":"x","origin":[8.6862,17.06914,2.49952]},"faces":{"north":{"uv":[0.2,6.6,2.6,7.1],"texture":"#21"},"east":{"uv":[0.2,6.6,0.4,6.9],"texture":"#21"},"south":{"uv":[0.2,6.6,2.6,7.1],"texture":"#21"},"west":{"uv":[0.2,6.6,0.4,6.9],"texture":"#21"},"up":{"uv":[0.2,6.6,2.2,9],"rotation":90,"texture":"#21"},"down":{"uv":[0.2,6.6,2.2,9],"rotation":270,"texture":"#21"}}},{"from":[15.91818,12.74462,2.88844],"to":[16.53818,13.98462,9.08844],"rotation":{"angle":-45,"axis":"z","origin":[13.12818,17.08462,6.29844]},"faces":{"north":{"uv":[0.2,6.6,0.4,6.9],"texture":"#21"},"east":{"uv":[0.2,6.6,2.2,7.1],"texture":"#21"},"south":{"uv":[0.2,6.6,0.4,7.1],"texture":"#21"},"west":{"uv":[0.2,6.6,2.2,7.1],"texture":"#21"},"up":{"uv":[0.2,6.6,2.2,9],"rotation":180,"texture":"#21"},"down":{"uv":[0.2,6.6,2.2,9],"rotation":180,"texture":"#21"}}},{"from":[12.72662,12.4844,2.89224],"to":[13.34662,13.1044,9.09224],"rotation":{"angle":0,"axis":"y","origin":[1,6,1]},"faces":{"north":{"uv":[0.2,6.6,2.6,7.1],"texture":"#21"},"east":{"uv":[0.2,6.6,2.2,6.8],"texture":"#21"},"south":{"uv":[0.2,6.6,2.6,7.1],"texture":"#21"},"west":{"uv":[0.2,6.6,2.2,7.1],"texture":"#21"},"up":{"uv":[0.2,6.8,2.2,7],"rotation":90,"texture":"#21"},"down":{"uv":[0.2,6.6,2.2,9],"rotation":180,"texture":"#21"}}},{"from":[4.65338,12.4844,2.89224],"to":[5.27338,13.1044,9.09224],"rotation":{"angle":0,"axis":"y","origin":[1,6,1]},"faces":{"north":{"uv":[0.2,6.6,2.6,7.1],"texture":"#21"},"east":{"uv":[0.2,6.6,2.2,7.1],"texture":"#21"},"south":{"uv":[0.2,6.6,2.6,7.1],"texture":"#21"},"west":{"uv":[0.2,6.6,2.2,7.1],"texture":"#21"},"up":{"uv":[0.2,7.2,2.2,7.4],"rotation":90,"texture":"#21"},"down":{"uv":[0.2,6.6,2.2,9],"rotation":180,"texture":"#21"}}},{"from":[1.46182,12.74462,2.88844],"to":[2.08182,13.98462,9.08844],"rotation":{"angle":45,"axis":"z","origin":[4.87182,17.08462,6.29844]},"faces":{"north":{"uv":[0.2,6.6,0.4,6.9],"texture":"#21"},"east":{"uv":[0.2,6.6,2.2,7.1],"texture":"#21"},"south":{"uv":[0.2,6.6,0.4,6.9],"texture":"#21"},"west":{"uv":[0.2,6.6,2.2,7.1],"texture":"#21"},"up":{"uv":[0.2,6.6,2.2,9],"rotation":180,"texture":"#21"},"down":{"uv":[0.2,6.6,2.2,9],"rotation":180,"texture":"#21"}}},{"from":[5.2762,12.72914,12.29048],"to":[12.7162,13.96914,12.91048],"rotation":{"angle":45,"axis":"x","origin":[8.6862,17.06914,9.50048]},"faces":{"north":{"uv":[0.2,6.6,2.6,7.1],"texture":"#21"},"east":{"uv":[0.2,6.6,0.4,7.1],"texture":"#21"},"south":{"uv":[0.2,6.6,2.6,7.1],"texture":"#21"},"west":{"uv":[0.2,6.6,0.4,6.9],"texture":"#21"},"up":{"uv":[0.2,6.6,2.2,9],"rotation":90,"texture":"#21"},"down":{"uv":[0.2,6.6,2.2,9],"rotation":270,"texture":"#21"}}},{"from":[5.28001,12.46892,9.09892],"to":[12.72001,13.08892,9.71892],"rotation":{"angle":0,"axis":"y","origin":[1,6,1]},"faces":{"north":{"uv":[0.2,6.6,2.6,7.1],"texture":"#21"},"east":{"uv":[0.2,6.6,2.2,7.1],"texture":"#21"},"south":{"uv":[0.2,6.6,2.6,6.8],"texture":"#21"},"west":{"uv":[0.2,6.6,2.2,7.1],"texture":"#21"},"up":{"uv":[0.2,6.6,0.4,9],"rotation":90,"texture":"#21"},"down":{"uv":[0.2,6.6,2.2,6.8],"rotation":270,"texture":"#21"}}},{"from":[12.40968,12.46969,2.4084],"to":[13.02968,13.08969,3.2764],"rotation":{"angle":45,"axis":"y","origin":[12.71968,12.77969,2.7184]},"faces":{"north":{"uv":[0.2,6.6,2.6,7.1],"texture":"#21"},"east":{"uv":[0.2,6.6,0.6,6.9],"texture":"#21"},"south":{"uv":[0.2,6.6,2.6,7.1],"texture":"#21"},"west":{"uv":[0.2,6.6,2.2,7.1],"texture":"#21"},"up":{"uv":[0.2,6.6,0.6,6.8],"rotation":180,"texture":"#21"},"down":{"uv":[0.2,6.6,2.2,9],"rotation":180,"texture":"#21"}}},{"from":[4.78176,12.48435,8.78226],"to":[5.40176,13.10435,9.65026],"rotation":{"angle":45,"axis":"y","origin":[5.09176,12.79435,9.09226]},"faces":{"north":{"uv":[0.2,6.6,2.6,7.1],"texture":"#21"},"east":{"uv":[0.2,6.6,2.2,7.1],"texture":"#21"},"south":{"uv":[0.2,6.6,2.6,7.1],"texture":"#21"},"west":{"uv":[0.2,6.6,0.4,6.9],"texture":"#21"},"up":{"uv":[0.2,6.6,0.4,6.8],"rotation":180,"texture":"#21"},"down":{"uv":[0.2,6.6,2.2,9],"rotation":180,"texture":"#21"}}},{"from":[4.9571,12.48439,2.40684],"to":[5.5771,13.10439,3.27484],"rotation":{"angle":-45,"axis":"y","origin":[5.2671,12.79439,2.71684]},"faces":{"north":{"uv":[0.2,6.6,2.6,7.1],"texture":"#21"},"east":{"uv":[0.2,6.6,2.2,7.1],"texture":"#21"},"south":{"uv":[0.2,6.6,2.6,7.1],"texture":"#21"},"west":{"uv":[0.2,6.6,0.4,6.9],"texture":"#21"},"up":{"uv":[0.2,6.6,0.4,6.8],"rotation":180,"texture":"#21"},"down":{"uv":[0.2,6.6,2.2,9],"rotation":180,"texture":"#21"}}},{"from":[12.59828,12.4844,8.78231],"to":[13.21828,13.1044,9.65031],"rotation":{"angle":-45,"axis":"y","origin":[12.90828,12.7944,9.09231]},"faces":{"north":{"uv":[0.2,6.6,2.6,7.1],"texture":"#21"},"east":{"uv":[0.2,6.6,0.4,6.9],"texture":"#21"},"south":{"uv":[0.2,6.6,2.6,7.1],"texture":"#21"},"west":{"uv":[0.2,6.6,2.2,7.1],"texture":"#21"},"up":{"uv":[0.2,6.6,0.6,6.8],"rotation":180,"texture":"#21"},"down":{"uv":[0.2,6.6,2.2,9],"rotation":180,"texture":"#21"}}},{"from":[9.341,12.532,2.125],"to":[11.201,14.392,2.125],"rotation":{"angle":45,"axis":"y","origin":[13.216,12.036,1.288]},"faces":{"north":{"uv":[14.4,0,16,1.6],"texture":"#21"},"east":{"uv":[14.4,0,16,1.6],"texture":"#21"},"south":{"uv":[14.4,0,16,1.6],"texture":"#21"},"west":{"uv":[14.4,0,16,1.6],"texture":"#21"},"up":{"uv":[14.4,0,16,1.6],"rotation":90,"texture":"#21"},"down":{"uv":[14.4,0,16,1.6],"rotation":270,"texture":"#21"}}},{"from":[10.271,12.532,1.195],"to":[10.271,14.392,3.055],"rotation":{"angle":45,"axis":"y","origin":[13.216,12.036,1.288]},"faces":{"north":{"uv":[14.4,0,16,1.6],"texture":"#21"},"east":{"uv":[14.4,0,16,1.6],"texture":"#21"},"south":{"uv":[14.4,0,16,1.6],"texture":"#21"},"west":{"uv":[14.4,0,16,1.6],"texture":"#21"},"up":{"uv":[14.4,0,16,1.6],"rotation":90,"texture":"#21"},"down":{"uv":[14.4,0,16,1.6],"rotation":270,"texture":"#21"}}},{"from":[3.885,12.346,2.373],"to":[5.745,14.206,2.373],"rotation":{"angle":45,"axis":"y","origin":[7.76,12.036,1.536]},"faces":{"north":{"uv":[14.4,0,16,1.6],"texture":"#21"},"east":{"uv":[14.4,0,16,1.6],"texture":"#21"},"south":{"uv":[14.4,0,16,1.6],"texture":"#21"},"west":{"uv":[14.4,0,16,1.6],"texture":"#21"},"up":{"uv":[14.4,0,16,1.6],"rotation":90,"texture":"#21"},"down":{"uv":[14.4,0,16,1.6],"rotation":270,"texture":"#21"}}},{"from":[4.815,12.346,1.443],"to":[4.815,14.206,3.303],"rotation":{"angle":45,"axis":"y","origin":[7.76,12.036,1.536]},"faces":{"north":{"uv":[14.4,0,16,1.6],"texture":"#21"},"east":{"uv":[14.4,0,16,1.6],"texture":"#21"},"south":{"uv":[14.4,0,16,1.6],"texture":"#21"},"west":{"uv":[14.4,0,16,1.6],"texture":"#21"},"up":{"uv":[14.4,0,16,1.6],"rotation":90,"texture":"#21"},"down":{"uv":[14.4,0,16,1.6],"rotation":270,"texture":"#21"}}},{"from":[8.659,12.718,3.427],"to":[10.519,14.578,3.427],"rotation":{"angle":45,"axis":"y","origin":[12.534,12.222,2.59]},"faces":{"north":{"uv":[4.8,6.4,6.4,8],"texture":"#21"},"east":{"uv":[4.8,6.4,6.4,8],"texture":"#21"},"south":{"uv":[4.8,6.4,6.4,8],"texture":"#21"},"west":{"uv":[4.8,6.4,6.4,8],"texture":"#21"},"up":{"uv":[4.8,6.4,6.4,8],"rotation":90,"texture":"#21"},"down":{"uv":[4.8,6.4,6.4,8],"rotation":270,"texture":"#21"}}},{"from":[9.589,12.718,2.497],"to":[9.589,14.578,4.357],"rotation":{"angle":45,"axis":"y","origin":[12.534,12.222,2.59]},"faces":{"north":{"uv":[4.8,6.4,6.4,8],"texture":"#21"},"east":{"uv":[4.8,6.4,6.4,8],"texture":"#21"},"south":{"uv":[4.8,6.4,6.4,8],"texture":"#21"},"west":{"uv":[4.8,6.4,6.4,8],"texture":"#21"},"up":{"uv":[4.8,6.4,6.4,8],"rotation":90,"texture":"#21"},"down":{"uv":[4.8,6.4,6.4,8],"rotation":270,"texture":"#21"}}},{"from":[5.373,12.532,2.125],"to":[7.233,14.392,2.125],"rotation":{"angle":45,"axis":"y","origin":[9.248,12.222,1.288]},"faces":{"north":{"uv":[4.8,6.4,6.4,8],"texture":"#21"},"east":{"uv":[4.8,6.4,6.4,8],"texture":"#21"},"south":{"uv":[4.8,6.4,6.4,8],"texture":"#21"},"west":{"uv":[4.8,6.4,6.4,8],"texture":"#21"},"up":{"uv":[4.8,6.4,6.4,8],"rotation":90,"texture":"#21"},"down":{"uv":[4.8,6.4,6.4,8],"rotation":270,"texture":"#21"}}},{"from":[6.303,12.532,1.195],"to":[6.303,14.392,3.055],"rotation":{"angle":45,"axis":"y","origin":[9.248,12.222,1.288]},"faces":{"north":{"uv":[4.8,6.4,6.4,8],"texture":"#21"},"east":{"uv":[4.8,6.4,6.4,8],"texture":"#21"},"south":{"uv":[4.8,6.4,6.4,8],"texture":"#21"},"west":{"uv":[4.8,6.4,6.4,8],"texture":"#21"},"up":{"uv":[4.8,6.4,6.4,8],"rotation":90,"texture":"#21"},"down":{"uv":[4.8,6.4,6.4,8],"rotation":270,"texture":"#21"}}},{"from":[8.2932,12.7552,6.8804],"to":[9.7068,14.4044,8.294],"rotation":{"angle":0,"axis":"y","origin":[1,6,1]},"faces":{"north":{"uv":[3.6,1.8,4.8,3.2],"texture":"#21"},"east":{"uv":[3.6,1.8,4.8,3.2],"texture":"#21"},"south":{"uv":[3.6,1.8,4.8,3.2],"texture":"#21"},"west":{"uv":[3.6,1.8,4.8,3.2],"texture":"#21"},"up":{"uv":[4.8,11.2,6,12.4],"rotation":90,"texture":"#21"}}},{"from":[7.822,12.9908,6.6448],"to":[10.178,14.1688,8.5296],"rotation":{"angle":0,"axis":"y","origin":[1,6,1]},"faces":{"north":{"uv":[3.2,2,5.2,3],"texture":"#21"},"south":{"uv":[3.2,2,5.2,3],"texture":"#21"},"up":{"uv":[4.6,10.8,6.2,12.8],"rotation":90,"texture":"#21"},"down":{"uv":[4.6,10.8,6.2,12.8],"rotation":270,"texture":"#21"}}},{"from":[8.0576,12.9908,6.4092],"to":[9.9424,14.1688,8.7652],"rotation":{"angle":0,"axis":"y","origin":[1,6,1]},"faces":{"east":{"uv":[3.2,2,5.2,3],"texture":"#21"},"west":{"uv":[3.2,2,5.2,3],"texture":"#21"},"up":{"uv":[4.4,11,6.4,12.6],"rotation":90,"texture":"#21"},"down":{"uv":[4.4,11,6.4,12.6],"rotation":270,"texture":"#21"}}},{"from":[8.5288,14.4044,7.5872],"to":[9.4712,15.1112,7.5872],"rotation":{"angle":45,"axis":"y","origin":[9,13.462,7.5872],"rescale":true},"faces":{"north":{"uv":[5.6,1,6.4,1.6],"texture":"#21"},"south":{"uv":[5.6,1,6.4,1.6],"texture":"#21"}}},{"from":[9,14.4044,7.116],"to":[9,15.1112,8.0584],"rotation":{"angle":45,"axis":"y","origin":[9,13.462,7.5872],"rescale":true},"faces":{"east":{"uv":[5.6,1,6.4,1.6],"texture":"#21"},"west":{"uv":[5.6,1,6.4,1.6],"texture":"#21"}}},{"from":[5.91029,12.77851,5.61882],"to":[7.40871,14.52666,7.11724],"rotation":{"angle":0,"axis":"y","origin":[1,6,1]},"faces":{"north":{"uv":[3.6,1.8,4.8,3.2],"texture":"#21"},"east":{"uv":[3.6,1.8,4.8,3.2],"texture":"#21"},"south":{"uv":[3.6,1.8,4.8,3.2],"texture":"#21"},"west":{"uv":[3.6,1.8,4.8,3.2],"texture":"#21"},"up":{"uv":[4.8,11.2,6,12.4],"rotation":270,"texture":"#21"}}},{"from":[5.41082,13.02825,5.36909],"to":[7.90818,14.27693,7.36698],"rotation":{"angle":0,"axis":"y","origin":[1,6,1]},"faces":{"north":{"uv":[3.2,2,5.2,3],"texture":"#21"},"south":{"uv":[3.2,2,5.2,3],"texture":"#21"},"up":{"uv":[4.6,10.8,6.2,12.8],"rotation":270,"texture":"#21"},"down":{"uv":[4.6,10.8,6.2,12.8],"rotation":90,"texture":"#21"}}},{"from":[5.66056,13.02825,5.11935],"to":[7.65844,14.27693,7.61671],"rotation":{"angle":0,"axis":"y","origin":[1,6,1]},"faces":{"east":{"uv":[3.2,2,5.2,3],"texture":"#21"},"west":{"uv":[3.2,2,5.2,3],"texture":"#21"},"up":{"uv":[4.4,11,6.4,12.6],"rotation":270,"texture":"#21"},"down":{"uv":[4.4,11,6.4,12.6],"rotation":90,"texture":"#21"}}},{"from":[6.16003,14.52666,6.36803],"to":[7.15897,15.27587,6.36803],"rotation":{"angle":45,"axis":"y","origin":[6.6595,13.52772,6.36803],"rescale":true},"faces":{"north":{"uv":[5.6,1,6.4,1.6],"texture":"#21"},"south":{"uv":[5.6,1,6.4,1.6],"texture":"#21"}}},{"from":[6.6595,14.52666,5.86856],"to":[6.6595,15.27587,6.8675],"rotation":{"angle":45,"axis":"y","origin":[6.6595,13.52772,6.36803],"rescale":true},"faces":{"east":{"uv":[5.6,1,6.4,1.6],"texture":"#21"},"west":{"uv":[5.6,1,6.4,1.6],"texture":"#21"}}},{"from":[10.302,13.5736,6.434],"to":[11.418,13.57732,7.178],"rotation":{"angle":-22.5,"axis":"x","origin":[10.86,13.5736,6.806]},"faces":{"up":{"uv":[6.4,6.4,7,6.8],"rotation":180,"texture":"#21"},"down":{"uv":[6.4,6.8,7,6.4],"rotation":180,"texture":"#21"}}},{"from":[10.488,13.5736,5.876],"to":[11.232,13.57732,6.992],"rotation":{"angle":-22.5,"axis":"z","origin":[10.86,13.5736,5.318]},"faces":{"up":{"uv":[6.4,7,7,7.4],"rotation":270,"texture":"#21"},"down":{"uv":[7,7,6.4,7.4],"rotation":270,"texture":"#21"}}},{"from":[10.674,13.5736,6.062],"to":[11.79,13.57732,6.806],"rotation":{"angle":22.5,"axis":"x","origin":[10.86,13.5736,6.434]},"faces":{"north":{"uv":[6.4,6.4,6.4,6.4],"texture":"#21"},"up":{"uv":[6.4,6.4,7,6.8],"texture":"#21"},"down":{"uv":[6.4,6.8,7,6.4],"texture":"#21"}}},{"from":[10.86,13.5736,6.248],"to":[11.604,13.57732,7.364],"rotation":{"angle":22.5,"axis":"z","origin":[11.232,13.5736,6.434]},"faces":{"up":{"uv":[6.4,7,7,7.4],"rotation":90,"texture":"#21"},"down":{"uv":[7,7,6.4,7.4],"rotation":90,"texture":"#21"}}},{"from":[8.814,13.2016,4.202],"to":[9.93,13.20532,4.946],"rotation":{"angle":-22.5,"axis":"x","origin":[9.372,13.2016,4.574]},"faces":{"up":{"uv":[6.4,6.4,7,6.8],"rotation":180,"texture":"#21"},"down":{"uv":[6.4,6.8,7,6.4],"rotation":180,"texture":"#21"}}},{"from":[9,13.2016,3.644],"to":[9.744,13.20532,4.76],"rotation":{"angle":-22.5,"axis":"z","origin":[9.372,13.2016,3.086]},"faces":{"up":{"uv":[6.4,7,7,7.4],"rotation":270,"texture":"#21"},"down":{"uv":[7,7,6.4,7.4],"rotation":270,"texture":"#21"}}},{"from":[9.186,13.2016,3.83],"to":[10.302,13.20532,4.574],"rotation":{"angle":22.5,"axis":"x","origin":[9.372,13.2016,4.202]},"faces":{"north":{"uv":[6.4,6.4,6.4,6.4],"texture":"#21"},"up":{"uv":[6.4,6.4,7,6.8],"texture":"#21"},"down":{"uv":[6.4,6.8,7,6.4],"texture":"#21"}}},{"from":[9.372,13.2016,4.016],"to":[10.116,13.20532,5.132],"rotation":{"angle":22.5,"axis":"z","origin":[9.744,13.2016,4.202]},"faces":{"up":{"uv":[6.4,7,7,7.4],"rotation":90,"texture":"#21"},"down":{"uv":[7,7,6.4,7.4],"rotation":90,"texture":"#21"}}},{"from":[7.512,12.6436,3.086],"to":[13.464,12.64732,9.038],"rotation":{"angle":0,"axis":"y","origin":[1,6,1]},"faces":{"up":{"uv":[0,9.6,3.2,12.8],"rotation":180,"texture":"#21"},"down":{"uv":[0,9.6,3.2,12.8],"rotation":180,"texture":"#21"}}},{"from":[7.512,12.8296,3.086],"to":[13.464,12.83332,9.038],"rotation":{"angle":0,"axis":"y","origin":[1,6,1]},"faces":{"up":{"uv":[12.8,6.4,16,9.6],"rotation":180,"texture":"#21"},"down":{"uv":[12.8,6.4,16,9.6],"rotation":180,"texture":"#21"}}},{"from":[7.512,13.0156,3.086],"to":[13.464,13.01932,9.038],"rotation":{"angle":0,"axis":"y","origin":[1,6,1]},"faces":{"up":{"uv":[9.6,6.4,12.8,9.6],"rotation":180,"texture":"#21"},"down":{"uv":[9.6,6.4,12.8,9.6],"rotation":180,"texture":"#21"}}},{"from":[6.334,13.1396,7.55],"to":[7.078,13.14332,8.666],"rotation":{"angle":-22.5,"axis":"z","origin":[6.706,13.1396,8.108]},"faces":{"up":{"uv":[6.4,6.4,7,6.8],"rotation":270,"texture":"#21"},"down":{"uv":[6.4,6.8,7,6.4],"rotation":90,"texture":"#21"}}},{"from":[6.52,13.1396,7.736],"to":[7.636,13.14332,8.48],"rotation":{"angle":22.5,"axis":"x","origin":[8.194,13.1396,8.108]},"faces":{"up":{"uv":[6.4,7,7,7.4],"texture":"#21"},"down":{"uv":[7,7,6.4,7.4],"rotation":180,"texture":"#21"}}},{"from":[6.706,13.1396,7.922],"to":[7.45,13.14332,9.038],"rotation":{"angle":22.5,"axis":"z","origin":[7.078,13.1396,8.108]},"faces":{"east":{"uv":[6.4,6.4,6.4,6.4],"texture":"#21"},"up":{"uv":[6.4,6.4,7,6.8],"rotation":90,"texture":"#21"},"down":{"uv":[6.4,6.8,7,6.4],"rotation":270,"texture":"#21"}}},{"from":[6.148,13.1396,8.108],"to":[7.264,13.14332,8.852],"rotation":{"angle":-22.5,"axis":"x","origin":[7.078,13.1396,8.48]},"faces":{"up":{"uv":[6.4,7,7,7.4],"rotation":180,"texture":"#21"},"down":{"uv":[7,7,6.4,7.4],"texture":"#21"}}},{"from":[8.3552,13.12968,5.1072],"to":[8.9504,13.13266,6],"rotation":{"angle":-22.5,"axis":"z","origin":[8.6528,13.12968,5.5536]},"faces":{"up":{"uv":[6.4,6.4,7,6.8],"rotation":270,"texture":"#21"},"down":{"uv":[6.4,6.8,7,6.4],"rotation":90,"texture":"#21"}}},{"from":[8.504,13.12968,5.256],"to":[9.3968,13.13266,5.8512],"rotation":{"angle":22.5,"axis":"x","origin":[9.8432,13.12968,5.5536]},"faces":{"up":{"uv":[6.4,7,7,7.4],"texture":"#21"},"down":{"uv":[7,7,6.4,7.4],"rotation":180,"texture":"#21"}}},{"from":[8.6528,13.12968,5.4048],"to":[9.248,13.13266,6.2976],"rotation":{"angle":22.5,"axis":"z","origin":[8.9504,13.12968,5.5536]},"faces":{"east":{"uv":[6.4,6.4,6.4,6.4],"texture":"#21"},"up":{"uv":[6.4,6.4,7,6.8],"rotation":90,"texture":"#21"},"down":{"uv":[6.4,6.8,7,6.4],"rotation":270,"texture":"#21"}}},{"from":[8.2064,13.12968,5.5536],"to":[9.0992,13.13266,6.1488],"rotation":{"angle":-22.5,"axis":"x","origin":[8.9504,13.12968,5.8512]},"faces":{"up":{"uv":[6.4,7,7,7.4],"rotation":180,"texture":"#21"},"down":{"uv":[7,7,6.4,7.4],"texture":"#21"}}},{"from":[4.474,12.6436,3.024],"to":[10.426,12.64732,8.976],"rotation":{"angle":0,"axis":"y","origin":[1,6,1]},"faces":{"up":{"uv":[0,9.6,3.2,12.8],"rotation":270,"texture":"#21"},"down":{"uv":[0,9.6,3.2,12.8],"rotation":90,"texture":"#21"}}},{"from":[4.474,12.8296,3.024],"to":[10.426,12.83332,8.976],"rotation":{"angle":0,"axis":"y","origin":[1,6,1]},"faces":{"up":{"uv":[12.8,6.4,16,9.6],"rotation":270,"texture":"#21"},"down":{"uv":[12.8,6.4,16,9.6],"rotation":90,"texture":"#21"}}},{"from":[4.474,13.0156,3.024],"to":[10.426,13.01932,8.976],"rotation":{"angle":0,"axis":"y","origin":[1,6,1]},"faces":{"up":{"uv":[9.6,6.4,12.8,9.6],"rotation":270,"texture":"#21"},"down":{"uv":[9.6,6.4,12.8,9.6],"rotation":90,"texture":"#21"}}}],"display":{"thirdperson_righthand":{"rotation":[75,45,0],"translation":[0,2.5,2],"scale":[0.5,0.5,0.5]},"thirdperson_lefthand":{"rotation":[75,45,0],"translation":[0,2.5,2],"scale":[0.5,0.5,0.5]},"firstperson_righthand":{"rotation":[0,45,0],"translation":[0,3.5,0],"scale":[0.4,0.4,0.4]},"firstperson_lefthand":{"rotation":[0,45,0],"translation":[0,3.5,0],"scale":[0.4,0.4,0.4]},"ground":{"translation":[0,4.25,0]},"gui":{"rotation":[30,145,0],"translation":[0,-2.25,0],"scale":[0.5,0.5,0.5]},"head":{"rotation":[0,-90,0],"translation":[0,13.75,0]},"fixed":{"rotation":[-90,0,0],"translation":[0,0,-15],"scale":[2,2,2]}},"groups":[{"name":"Frame","origin":[8,8,8],"color":0,"children":[0,1,2,3,4,5,6,7]},{"name":"Shelf","origin":[8,8,8],"color":0,"children":[8,9,10,11,12]},{"name":"Shelf2","origin":[8,8,8],"color":0,"children":[13,14,15,16,17]},{"name":"Shelf3","origin":[8,8,8],"color":0,"children":[18,19,20,21,22]},{"name":"Shelf4","origin":[8,8,8],"color":0,"children":[23,24,25,26,27]},28,29,30,31,32,33,34,35,{"name":"succulent2","origin":[8,8,8],"color":0,"children":[{"name":"Succulent","origin":[8,8,8],"color":0,"children":[{"name":"Pot","origin":[8,8,8],"color":0,"children":[36,37,38,39,40,41]},{"name":"Plants","origin":[8,8,8],"color":0,"children":[42,43]}]},{"name":"Succulent2","origin":[8,8,8],"color":0,"children":[{"name":"Pot","origin":[8,8,8],"color":0,"children":[44,45,46,47,48,49]},{"name":"Plants","origin":[8,8,8],"color":0,"children":[50,51]}]},{"name":"Succulent5","origin":[8,8,8],"color":0,"children":[{"name":"Pot","origin":[8,8,8],"color":0,"children":[52,53,54,55,56,57]},{"name":"Plants","origin":[8,8,8],"color":0,"children":[58,59]}]}]},{"name":"acacia_sapling_0","origin":[8,8,8],"color":0,"children":[60,{"name":"plant","origin":[8,8,8],"color":0,"children":[61,62,63,64,65,66,67,68,69,70,71,72]}]},{"name":"birch_sapling_0","origin":[8,8,8],"color":0,"children":[73,74,{"name":"plant","origin":[8,8,8],"color":0,"children":[75,76,77,78,79,80]},{"name":"plant","origin":[8,8,8],"color":0,"children":[81,82]}]},{"name":"oak_sapling_0","origin":[8,8,8],"color":0,"children":[83,{"name":"plant","origin":[8,8,8],"color":0,"children":[84,85,86,87,88,89,90,91,92]}]},{"name":"succulent3","origin":[8,8,8],"color":0,"children":[{"name":"Pot","origin":[8,8,8],"color":0,"children":[93,94,95,96,97,98,99,100,101,102,103,104,105]},{"name":"Succulent","origin":[8,8,8],"color":0,"children":[106,107]},{"name":"Succulent4","origin":[8,8,8],"color":0,"children":[108,109]},{"name":"Succulent2","origin":[8,8,8],"color":0,"children":[110,111]},{"name":"Succulent3","origin":[8,8,8],"color":0,"children":[112,113]},{"name":"cactus","origin":[8,8,8],"color":0,"children":[114,115,116,117,118]},{"name":"cactus2","origin":[8,8,8],"color":0,"children":[119,120,121,122,123]},{"name":"grass_5","origin":[8,8,8],"color":0,"children":[{"name":"flower_0","origin":[8,8,8],"color":0,"children":[124,125,126,127]},{"name":"flower_1","origin":[8,8,8],"color":0,"children":[128,129,130,131]},132,133,134]},{"name":"grass_2","origin":[8,8,8],"color":0,"children":[{"name":"flower_0","origin":[8,8,8],"color":0,"children":[135,136,137,138]},{"name":"flower_2","origin":[8,8,8],"color":0,"children":[139,140,141,142]},143,144,145]}]}]}