{"credit":"MadewithBlockbench","textures":{"particle":"decorations:rocks","texture":"decorations:rocks"},"elements":[{"from":[9,0,8],"to":[13,4,12],"rotation":{"angle":-22.5,"axis":"y","origin":[11,2,10]},"faces":{"north":{"uv":[8,6,16,16],"texture":"#texture"},"east":{"uv":[3,5,16,16],"rotation":90,"texture":"#texture"},"south":{"uv":[0,3,16,16],"rotation":270,"texture":"#texture"},"west":{"uv":[0,8,16,16],"texture":"#texture"},"up":{"uv":[2,7,16,16],"texture":"#texture"},"down":{"uv":[0,10,8,16],"texture":"#texture"}}},{"from":[7,0,5],"to":[9,2,8],"faces":{"north":{"uv":[0,7,5,12],"texture":"#texture"},"east":{"uv":[0,7,8,12],"texture":"#texture"},"south":{"uv":[0,7,5,12],"texture":"#texture"},"west":{"uv":[0,7,8,12],"texture":"#texture"},"up":{"uv":[8,7,13,16],"texture":"#texture"},"down":{"uv":[0,10,5,16],"texture":"#texture"}}},{"from":[11.5,0,3],"to":[13,1.5,5.5],"rotation":{"angle":-45,"axis":"y","origin":[12,1,4.5]},"faces":{"north":{"uv":[0,7,5,12],"texture":"#texture"},"east":{"uv":[0,7,8,12],"texture":"#texture"},"south":{"uv":[0,7,5,12],"texture":"#texture"},"west":{"uv":[0,7,8,12],"texture":"#texture"},"up":{"uv":[8,7,13,16],"texture":"#texture"},"down":{"uv":[0,10,5,16],"texture":"#texture"}}},{"from":[5.20926,0,13.64429],"to":[6.70926,0.5,16.14429],"rotation":{"angle":45,"axis":"y","origin":[5.45926,0.75,11.39429]},"faces":{"north":{"uv":[0,7,5,12],"texture":"#texture"},"east":{"uv":[0,7,8,12],"texture":"#texture"},"south":{"uv":[0,7,5,12],"texture":"#texture"},"west":{"uv":[0,7,8,12],"texture":"#texture"},"up":{"uv":[8,7,13,16],"texture":"#texture"},"down":{"uv":[0,10,5,16],"texture":"#texture"}}},{"from":[4.45926,0,7.39429],"to":[5.95926,0.5,9.89429],"rotation":{"angle":0,"axis":"y","origin":[5.45926,0.75,11.39429]},"faces":{"north":{"uv":[0,7,5,12],"texture":"#texture"},"east":{"uv":[0,7,8,12],"texture":"#texture"},"south":{"uv":[0,7,5,12],"texture":"#texture"},"west":{"uv":[0,7,8,12],"texture":"#texture"},"up":{"uv":[8,7,13,16],"texture":"#texture"},"down":{"uv":[0,10,5,16],"texture":"#texture"}}},{"from":[3.45926,0,7.89429],"to":[4.95926,1,10.39429],"rotation":{"angle":-45,"axis":"y","origin":[3.20926,0.25,12.64429]},"faces":{"north":{"uv":[0,7,5,12],"texture":"#texture"},"east":{"uv":[0,7,8,12],"texture":"#texture"},"south":{"uv":[0,7,5,12],"texture":"#texture"},"west":{"uv":[0,7,8,12],"texture":"#texture"},"up":{"uv":[8,7,13,16],"texture":"#texture"},"down":{"uv":[0,10,5,16],"texture":"#texture"}}},{"from":[8.48647,0,7.3522],"to":[8.73647,1.25,11.1022],"rotation":{"angle":-22.5,"axis":"y","origin":[8.61147,1.875,10.2272]},"faces":{"north":{"uv":[0,7,5,8],"rotation":270,"texture":"#texture"},"east":{"uv":[0,7,5,16],"rotation":90,"texture":"#texture"},"south":{"uv":[0,7,6,8],"rotation":270,"texture":"#texture"},"west":{"uv":[0,7,5,16],"rotation":270,"texture":"#texture"},"up":{"uv":[0,3,1,16],"texture":"#texture"},"down":{"uv":[0,3,1,16],"rotation":180,"texture":"#texture"}}}],"display":{"thirdperson_righthand":{"rotation":[75,45,0],"translation":[0,2.5,0],"scale":[0.375,0.375,0.375]},"thirdperson_lefthand":{"rotation":[75,45,0],"translation":[0,2.5,0],"scale":[0.375,0.375,0.375]},"firstperson_righthand":{"rotation":[0,45,0],"scale":[0.4,0.4,0.4]},"firstperson_lefthand":{"rotation":[0,225,0],"scale":[0.4,0.4,0.4]},"ground":{"translation":[0,3,0],"scale":[0.25,0.25,0.25]},"gui":{"rotation":[30,225,0],"scale":[0.625,0.625,0.625]},"head":{"translation":[0,-16.75,0],"scale":[2,2,2]},"fixed":{"rotation":[-90,0,0],"translation":[0,0,-16],"scale":[2,2,2]}},"groups":[{"name":"PusangGala","origin":[8.61147,1.875,10.2272],"color":0,"boneType":"","children":[0,1,2,3,4,5,6]}]}