{"credit":"MadewithBlockbench","textures":{"particle":"decorations:rocks","texture":"decorations:rocks"},"elements":[{"from":[8.6667,0,5.3333],"to":[13.00003,1,7.99997],"shade":false,"rotation":{"angle":22.5,"axis":"y","origin":[10.83337,0.5,6.66664]},"faces":{"north":{"uv":[3,15,7.33333,16],"texture":"#texture"},"east":{"uv":[0,15,2.66667,16],"texture":"#texture"},"south":{"uv":[8.66667,15,13,16],"texture":"#texture"},"west":{"uv":[13.33333,15,16,16],"texture":"#texture"},"up":{"uv":[8.66667,13.33333,13,16],"texture":"#texture"},"down":{"uv":[11.66667,13.33333,16,16],"texture":"#texture"}}},{"from":[2,0,1.3333],"to":[7.66667,4.66667,7.99997],"shade":false,"faces":{"north":{"uv":[4,8,16,16],"texture":"#texture"},"east":{"uv":[2,12,15,16],"texture":"#texture"},"south":{"uv":[2,8,16,16],"texture":"#texture"},"west":{"uv":[0,8,16,16],"texture":"#texture"},"up":{"uv":[4,6,12,15],"texture":"#texture"},"down":{"uv":[12.33333,13.33333,16,16],"texture":"#texture"}}},{"from":[1,0,9.6667],"to":[4.33333,0.33333,12.33337],"shade":false,"faces":{"north":{"uv":[12.66667,15.66667,16,16],"texture":"#texture"},"east":{"uv":[2.66667,15.66667,5.33333,16],"texture":"#texture"},"south":{"uv":[0,15.66667,3.33333,16],"texture":"#texture"},"west":{"uv":[10.66667,15.66667,13.33333,16],"texture":"#texture"},"up":{"uv":[0,10.66667,3.33333,13.33333],"texture":"#texture"},"down":{"uv":[0,13.33334,3.33333,16],"texture":"#texture"}}},{"from":[13,0,0.6667],"to":[16,0.66667,3.6667],"shade":false,"faces":{"north":{"uv":[7,15.33333,10,16],"texture":"#texture"},"east":{"uv":[5.33333,15.33333,8.33333,16],"texture":"#texture"},"south":{"uv":[6,15.33333,9,16],"texture":"#texture"},"west":{"uv":[7.66667,15.33333,10.66667,16],"texture":"#texture"},"up":{"uv":[4,10.66667,7,13.66667],"texture":"#texture"},"down":{"uv":[2,13,5,16],"texture":"#texture"}}},{"from":[7.7,0,2],"to":[11.7,2.66667,4.66667],"shade":false,"faces":{"north":{"uv":[3,10,11,16],"texture":"#texture"},"east":{"uv":[5,8,10,16],"texture":"#texture"},"south":{"uv":[5,10,13,16],"texture":"#texture"},"west":{"uv":[8,15.33333,10.66667,16],"texture":"#texture"},"up":{"uv":[8,8,16,13],"texture":"#texture"},"down":{"uv":[12,13.33333,16,16],"texture":"#texture"}}},{"from":[3,0,14],"to":[7,0.66667,16.66667],"shade":false,"faces":{"north":{"uv":[4,15.33333,8,16],"texture":"#texture"},"east":{"uv":[8.33333,15.33333,11,16],"texture":"#texture"},"south":{"uv":[8,15.33333,12,16],"texture":"#texture"},"west":{"uv":[5,15.33333,7.66667,16],"texture":"#texture"},"up":{"uv":[8,9,15,14.66667],"texture":"#texture"},"down":{"uv":[4,13.33333,8,16],"texture":"#texture"}}},{"from":[6.6667,0,10.3333],"to":[10.00003,1,12.99997],"shade":false,"rotation":{"angle":-22.5,"axis":"y","origin":[8.33337,0.5,11.66664]},"faces":{"north":{"uv":[6,15,9.33333,16],"texture":"#texture"},"east":{"uv":[11,15,13.66667,16],"texture":"#texture"},"south":{"uv":[6.66667,15,10,16],"texture":"#texture"},"west":{"uv":[2.33333,15,5,16],"texture":"#texture"},"up":{"uv":[8.66667,12.33333,12,15],"texture":"#texture"},"down":{"uv":[6.66667,11,10,13.66667],"texture":"#texture"}}},{"from":[12.66664,0,8.99997],"to":[14.99997,1,11.99997],"shade":false,"rotation":{"angle":-22.5,"axis":"y","origin":[13.8333,0.5,10.49997]},"faces":{"north":{"uv":[0.33333,15,2.66667,16],"texture":"#texture"},"east":{"uv":[5.33333,15,8.33333,16],"texture":"#texture"},"south":{"uv":[13.33333,15,15.66667,16],"texture":"#texture"},"west":{"uv":[7.66667,15,10.66667,16],"texture":"#texture"},"up":{"uv":[5.33333,13.33333,8.33333,15.66667],"rotation":270,"texture":"#texture"},"down":{"uv":[5.33333,0.33333,8.33333,2.66667],"rotation":90,"texture":"#texture"}}},{"from":[-1.6667,0,5],"to":[1.3333,0.66667,7.66667],"shade":false,"faces":{"north":{"uv":[8.66667,15.33333,11.66667,16],"texture":"#texture"},"east":{"uv":[8.33333,15.33333,11,16],"texture":"#texture"},"south":{"uv":[4.33333,15.33333,7.33333,16],"texture":"#texture"},"west":{"uv":[5,15.33333,7.66667,16],"texture":"#texture"},"up":{"uv":[2.33333,12,5.33333,14.66667],"texture":"#texture"},"down":{"uv":[0,13.33333,3,16],"texture":"#texture"}}}],"display":{"thirdperson_righthand":{"rotation":[75,45,0],"translation":[0,2.5,0],"scale":[0.375,0.375,0.375]},"thirdperson_lefthand":{"rotation":[75,45,0],"translation":[0,2.5,0],"scale":[0.375,0.375,0.375]},"firstperson_righthand":{"rotation":[0,45,0],"scale":[0.4,0.4,0.4]},"firstperson_lefthand":{"rotation":[0,225,0],"scale":[0.4,0.4,0.4]},"ground":{"translation":[0,3,0],"scale":[0.25,0.25,0.25]},"gui":{"rotation":[30,225,0],"scale":[0.625,0.625,0.625]},"head":{"translation":[0,-16.75,0],"scale":[2,2,2]},"fixed":{"rotation":[-90,0,0],"translation":[0,0,-12.25],"scale":[1.5,1.5,1.5]}},"groups":[{"name":"PusangGala","origin":[0,0,0],"color":0,"boneType":"","children":[0,1,2,3,4,5,6,7,8]}]}