{"credit":"MadewithBlockbench","texture_size":[32,32],"textures":{"2":"decorations:single_chair","particle":"decorations:single_chair"},"elements":[{"from":[10,0,5],"to":[11,4.5,6],"rotation":{"angle":0,"axis":"y","origin":[10.5,0,5]},"faces":{"north":{"uv":[7.5,0,8,2.25],"texture":"#2"},"east":{"uv":[7,7.5,7.5,9.75],"texture":"#2"},"south":{"uv":[7.5,7.5,8,9.75],"texture":"#2"},"west":{"uv":[8,0,8.5,2.25],"texture":"#2"},"up":{"uv":[9.5,9,9,8.5],"texture":"#2"},"down":{"uv":[9.5,9,9,9.5],"texture":"#2"}}},{"from":[4.75,4.5,4.75],"to":[11.25,5,11.25],"rotation":{"angle":0,"axis":"y","origin":[10.25,4.5,3.75]},"faces":{"north":{"uv":[7.5,2.5,10.75,2.75],"texture":"#2"},"east":{"uv":[7.5,3,10.75,3.25],"texture":"#2"},"south":{"uv":[9,7.5,12.25,7.75],"texture":"#2"},"west":{"uv":[9,8,12.25,8.25],"texture":"#2"},"up":{"uv":[3.25,3.25,0,0],"texture":"#2"},"down":{"uv":[3.25,3.5,0,6.75],"texture":"#2"}}},{"from":[5,0,5],"to":[6,4.5,6],"rotation":{"angle":0,"axis":"y","origin":[5.5,0,5]},"faces":{"north":{"uv":[8,7.5,8.5,9.75],"texture":"#2"},"east":{"uv":[8.5,0,9,2.25],"texture":"#2"},"south":{"uv":[8.5,7.5,9,9.75],"texture":"#2"},"west":{"uv":[9,0,9.5,2.25],"texture":"#2"},"up":{"uv":[10,0.5,9.5,0],"texture":"#2"},"down":{"uv":[10,0.5,9.5,1],"texture":"#2"}}},{"from":[5.005,0.005,10.005],"to":[5.995,11.495,10.995],"rotation":{"angle":0,"axis":"y","origin":[5.5,0,10]},"faces":{"north":{"uv":[3.5,6,4,11.75],"texture":"#2"},"east":{"uv":[4,6,4.5,11.75],"texture":"#2"},"south":{"uv":[4.5,6,5,11.75],"texture":"#2"},"west":{"uv":[5,6,5.5,11.75],"texture":"#2"},"up":{"uv":[10,1.5,9.5,1],"texture":"#2"},"down":{"uv":[10,1.5,9.5,2],"texture":"#2"}}},{"from":[10.005,0.005,10.005],"to":[10.995,11.495,10.995],"rotation":{"angle":0,"axis":"y","origin":[10.5,0,10]},"faces":{"north":{"uv":[5.5,6,6,11.75],"texture":"#2"},"east":{"uv":[6,6,6.5,11.75],"texture":"#2"},"south":{"uv":[6.5,0,7,5.75],"texture":"#2"},"west":{"uv":[6.5,6,7,11.75],"texture":"#2"},"up":{"uv":[10,2.5,9.5,2],"texture":"#2"},"down":{"uv":[10,8.5,9.5,9],"texture":"#2"}}},{"from":[4.9,11.3,9.995],"to":[11.11,12.31,11.005],"rotation":{"angle":0,"axis":"y","origin":[7,7.4,10]},"faces":{"north":{"uv":[7,5.5,10,6],"texture":"#2"},"east":{"uv":[9,9.5,9.5,10],"texture":"#2"},"south":{"uv":[7,6,10,6.5],"texture":"#2"},"west":{"uv":[9.5,9,10,9.5],"texture":"#2"},"up":{"uv":[10,7,7,6.5],"texture":"#2"},"down":{"uv":[10,7,7,7.5],"texture":"#2"}}},{"from":[8.38,4.505,10.005],"to":[9.37,11.495,10.995],"rotation":{"angle":0,"axis":"y","origin":[8.875,0,10]},"faces":{"north":{"uv":[0,7,0.5,10.5],"texture":"#2"},"east":{"uv":[7,0,7.5,3.5],"texture":"#2"},"south":{"uv":[0.5,7,1,10.5],"texture":"#2"},"west":{"uv":[1,7,1.5,10.5],"texture":"#2"},"up":{"uv":[10,10,9.5,9.5],"texture":"#2"},"down":{"uv":[10.5,0,10,0.5],"texture":"#2"}}},{"from":[6.63,4.505,10.005],"to":[7.62,11.495,10.995],"shade":false,"rotation":{"angle":0,"axis":"y","origin":[7.125,0,10]},"faces":{"north":{"uv":[1.5,7,2,10.5],"texture":"#2"},"east":{"uv":[2,7,2.5,10.5],"texture":"#2"},"south":{"uv":[2.5,7,3,10.5],"texture":"#2"},"west":{"uv":[3,7,3.5,10.5],"texture":"#2"},"up":{"uv":[10.5,1,10,0.5],"texture":"#2"},"down":{"uv":[10.5,1,10,1.5],"texture":"#2"}}},{"from":[5.01,4.76,5.01],"to":[10.99,5.74,10.99],"rotation":{"angle":0,"axis":"y","origin":[11,4.75,4.25]},"faces":{"north":{"uv":[7,3.5,10,4],"texture":"#2","tintindex":0},"east":{"uv":[7,4,10,4.5],"texture":"#2","tintindex":0},"south":{"uv":[7,4.5,10,5],"texture":"#2","tintindex":0},"west":{"uv":[7,5,10,5.5],"texture":"#2","tintindex":0},"up":{"uv":[6.5,3,3.5,0],"texture":"#2","tintindex":0},"down":{"uv":[6.5,3,3.5,6],"texture":"#2","tintindex":0}}}],"gui_light":"front","display":{"gui":{"rotation":[25,-145,0],"translation":[0.5,1.75,0],"scale":[1.2,1.2,1.2]},"head":{"translation":[0,-15.25,0],"scale":[3.5,3.5,3.5]},"fixed":{"rotation":[-90,0,0],"translation":[0,0,-32.5],"scale":[4,4,4]}},"groups":[0,1,2,3,4,5,6,7,{"name":"group","origin":[11,4.75,4.25],"color":0,"boneType":"","children":[8]}]}