{"credit":"MadewithBlockbench","texture_size":[128,128],"textures":{"5":"decorations:skill_tree_board","particle":"decorations:skill_tree_board"},"elements":[{"from":[-12,9,-1.4],"to":[13,28,-1.4],"faces":{"north":{"uv":[0,0,3.125,2.375],"texture":"#5"},"east":{"uv":[0,0,0,2.375],"texture":"#5"},"south":{"uv":[0,2.375,3.125,4.75],"texture":"#5"},"west":{"uv":[0,0,0,2.375],"texture":"#5"},"up":{"uv":[3.125,0,0,0],"texture":"#5"},"down":{"uv":[3.125,0,0,0],"texture":"#5"}}},{"from":[-2,0,0],"to":[3,32,1],"faces":{"north":{"uv":[0,4.75,0.625,9.75],"texture":"#5"},"east":{"uv":[5.625,6.25,5.75,11.25],"texture":"#5"},"south":{"uv":[0.625,4.75,1.25,9.75],"texture":"#5"},"west":{"uv":[5.75,6.25,5.875,11.25],"texture":"#5"},"up":{"uv":[6.75,6.375,6.125,6.25],"texture":"#5"},"down":{"uv":[6.75,6.375,6.125,6.5],"texture":"#5"}}},{"from":[-16,6.4,-1],"to":[16,10.4,0],"faces":{"north":{"uv":[1.25,4.75,5.625,5.25],"texture":"#5"},"east":{"uv":[6.125,6.5,6.25,7],"texture":"#5"},"south":{"uv":[1.25,5.25,5.625,5.75],"texture":"#5"},"west":{"uv":[6.25,6.5,6.375,7],"texture":"#5"},"up":{"uv":[10.625,2.625,6.25,2.5],"texture":"#5"},"down":{"uv":[10.625,2.625,6.25,2.75],"texture":"#5"}}},{"from":[-16,26.8,-1],"to":[16,30.6,0],"faces":{"north":{"uv":[6.25,1,10.625,1.46875],"texture":"#5"},"east":{"uv":[6.75,6.5,6.875,6.96875],"texture":"#5"},"south":{"uv":[1.25,6.25,5.625,6.71875],"texture":"#5"},"west":{"uv":[1.625,6.875,1.75,7.34375],"texture":"#5"},"up":{"uv":[10.625,2.875,6.25,2.75],"texture":"#5"},"down":{"uv":[10.625,2.875,6.25,3],"texture":"#5"}}},{"from":[-16,10.6,-1],"to":[16,14.4,0],"faces":{"north":{"uv":[6.25,1.5,10.625,1.96875],"texture":"#5"},"east":{"uv":[1.75,6.875,1.875,7.34375],"texture":"#5"},"south":{"uv":[6.25,2,10.625,2.46875],"texture":"#5"},"west":{"uv":[1.875,6.875,2,7.34375],"texture":"#5"},"up":{"uv":[10.625,3.125,6.25,3],"texture":"#5"},"down":{"uv":[10.625,3.125,6.25,3.25],"texture":"#5"}}},{"from":[-16,14.5,-1],"to":[16,18.5,0],"faces":{"north":{"uv":[5.625,4.75,10,5.25],"texture":"#5"},"east":{"uv":[6.375,6.5,6.5,7],"texture":"#5"},"south":{"uv":[5.625,5.25,10,5.75],"texture":"#5"},"west":{"uv":[6.5,6.5,6.625,7],"texture":"#5"},"up":{"uv":[10.625,3.375,6.25,3.25],"texture":"#5"},"down":{"uv":[10.625,3.375,6.25,3.5],"texture":"#5"}}},{"from":[-16,18.5,-1],"to":[16,22.5,0],"faces":{"north":{"uv":[1.25,5.75,5.625,6.25],"texture":"#5"},"east":{"uv":[6.625,6.5,6.75,7],"texture":"#5"},"south":{"uv":[5.625,5.75,10,6.25],"texture":"#5"},"west":{"uv":[1.25,6.75,1.375,7.25],"texture":"#5"},"up":{"uv":[10.625,3.625,6.25,3.5],"texture":"#5"},"down":{"uv":[10.625,3.625,6.25,3.75],"texture":"#5"}}},{"from":[-16,22.5,-1],"to":[16,26.5,0],"faces":{"north":{"uv":[6.25,0,10.625,0.5],"texture":"#5"},"east":{"uv":[1.375,6.75,1.5,7.25],"texture":"#5"},"south":{"uv":[6.25,0.5,10.625,1],"texture":"#5"},"west":{"uv":[1.5,6.75,1.625,7.25],"texture":"#5"},"up":{"uv":[10.625,3.875,6.25,3.75],"texture":"#5"},"down":{"uv":[10.625,3.875,6.25,4],"texture":"#5"}}},{"from":[-12,9,-1.3],"to":[13,28,-0.9],"faces":{"north":{"uv":[3.125,0,6.25,2.375],"texture":"#5"},"east":{"uv":[5.875,6.25,5.92188,8.625],"texture":"#5"},"south":{"uv":[3.125,2.375,6.25,4.75],"texture":"#5"},"west":{"uv":[6,6.25,6.04688,8.625],"texture":"#5"},"up":{"uv":[9.375,4.04688,6.25,4],"texture":"#5"},"down":{"uv":[9.375,4.125,6.25,4.17188],"texture":"#5"}}},{"from":[0,29,-2],"to":[1,30,2],"faces":{"north":{"uv":[3.75,6.875,3.875,7],"texture":"#5"},"east":{"uv":[1.625,6.75,2.125,6.875],"texture":"#5"},"south":{"uv":[4.625,6.875,4.75,7],"texture":"#5"},"west":{"uv":[2.125,6.75,2.625,6.875],"texture":"#5"},"up":{"uv":[2.75,7.25,2.625,6.75],"texture":"#5"},"down":{"uv":[2.875,6.75,2.75,7.25],"texture":"#5"}}},{"from":[0,7,-2],"to":[1,8,2],"faces":{"north":{"uv":[4.75,6.875,4.875,7],"texture":"#5"},"east":{"uv":[2.875,6.75,3.375,6.875],"texture":"#5"},"south":{"uv":[4.875,6.875,5,7],"texture":"#5"},"west":{"uv":[3.375,6.75,3.875,6.875],"texture":"#5"},"up":{"uv":[4,7.25,3.875,6.75],"texture":"#5"},"down":{"uv":[4.125,6.75,4,7.25],"texture":"#5"}}},{"from":[2,0,-2],"to":[4,1,0],"faces":{"north":{"uv":[2,6.875,2.25,7],"texture":"#5"},"east":{"uv":[2.25,6.875,2.5,7],"texture":"#5"},"south":{"uv":[2.875,6.875,3.125,7],"texture":"#5"},"west":{"uv":[3.125,6.875,3.375,7],"texture":"#5"},"up":{"uv":[4.375,7,4.125,6.75],"texture":"#5"},"down":{"uv":[4.625,6.75,4.375,7],"texture":"#5"}}},{"from":[-3,0,2],"to":[-2,0.4,3],"faces":{"north":{"uv":[3,7,3.125,7.04688],"texture":"#5"},"east":{"uv":[3.125,7,3.25,7.04688],"texture":"#5"},"south":{"uv":[3.25,7,3.375,7.04688],"texture":"#5"},"west":{"uv":[3.75,7,3.875,7.04688],"texture":"#5"},"up":{"uv":[5.125,7,5,6.875],"texture":"#5"},"down":{"uv":[5.25,6.875,5.125,7],"texture":"#5"}}},{"from":[-1,0,-1.1],"to":[3,1,-0.1],"faces":{"north":{"uv":[4.625,6.75,5.125,6.875],"texture":"#5"},"east":{"uv":[5.25,6.875,5.375,7],"texture":"#5"},"south":{"uv":[5.125,6.75,5.625,6.875],"texture":"#5"},"west":{"uv":[5.375,6.875,5.5,7],"texture":"#5"},"up":{"uv":[7.25,6.375,6.75,6.25],"texture":"#5"},"down":{"uv":[7.25,6.375,6.75,6.5],"texture":"#5"}}},{"from":[-2,0,1.1],"to":[4,1,2.1],"faces":{"north":{"uv":[6.25,4.25,7,4.375],"texture":"#5"},"east":{"uv":[5.5,6.875,5.625,7],"texture":"#5"},"south":{"uv":[6.25,4.375,7,4.5],"texture":"#5"},"west":{"uv":[6.875,6.5,7,6.625],"texture":"#5"},"up":{"uv":[7,4.625,6.25,4.5],"texture":"#5"},"down":{"uv":[7,4.625,6.25,4.75],"texture":"#5"}}},{"from":[2,1,-1.1],"to":[3,2,-0.1],"faces":{"north":{"uv":[6.875,6.625,7,6.75],"texture":"#5"},"east":{"uv":[6.875,6.75,7,6.875],"texture":"#5"},"south":{"uv":[6.875,6.875,7,7],"texture":"#5"},"west":{"uv":[2,7,2.125,7.125],"texture":"#5"},"up":{"uv":[2.25,7.125,2.125,7],"texture":"#5"},"down":{"uv":[2.375,7,2.25,7.125],"texture":"#5"}}},{"from":[-2,0,1.9],"to":[-1,2,2.9],"faces":{"north":{"uv":[2.5,6.875,2.625,7.125],"texture":"#5"},"east":{"uv":[3.375,6.875,3.5,7.125],"texture":"#5"},"south":{"uv":[3.5,6.875,3.625,7.125],"texture":"#5"},"west":{"uv":[3.625,6.875,3.75,7.125],"texture":"#5"},"up":{"uv":[2.5,7.125,2.375,7],"texture":"#5"},"down":{"uv":[3,7,2.875,7.125],"texture":"#5"}}}],"display":{"thirdperson_righthand":{"translation":[1.25,0,2.25],"scale":[0.3,0.3,0.3]},"thirdperson_lefthand":{"translation":[1.25,0,1.5],"scale":[0.3,0.3,0.3]},"firstperson_righthand":{"translation":[8.75,0,0],"scale":[0.32,0.32,0.32]},"firstperson_lefthand":{"scale":[0.32,0.32,0.32]},"ground":{"scale":[0.32,0.32,0.32]},"gui":{"rotation":[0,-180,0],"translation":[-3.5,-4.5,0],"scale":[0.41,0.41,0.41]},"head":{"translation":[14,-28.25,15],"scale":[2,2,2]},"fixed":{"translation":[4.75,-5.25,3.5],"scale":[0.5,0.5,0.5]}},"groups":[{"name":"group","origin":[0,0,0],"color":0,"boneType":"","children":[0,1,2,3,4,5,6,7,8,9,10,11,12,13,14,15,16]}]}