{"credit":"MadewithBlockbench","texture_size":[128,128],"textures":{"3":"decorations:sofa_left_yellow"},"elements":[{"name":"Slab","from":[-0.25,0,0],"to":[16.1,3.5,16.75],"faces":{"north":{"uv":[4.25,2.875,6.25,3.375],"texture":"#3"},"east":{"uv":[4,0.875,6.125,1.375],"texture":"#3"},"south":{"uv":[4.25,3.375,6.25,3.875],"texture":"#3"},"west":{"uv":[4,1.375,6.125,1.875],"texture":"#3"},"up":{"uv":[2,2.125,0,0],"texture":"#3"},"down":{"uv":[4,0,2,2.125],"texture":"#3"}}},{"from":[-0.425,2,-0.305],"to":[2.025,4,14.045],"faces":{"north":{"uv":[4,1.875,4.25,2.125],"texture":"#3"},"east":{"uv":[5.875,0.5,7.625,0.75],"texture":"#3"},"south":{"uv":[6.625,1.375,6.875,1.625],"texture":"#3"},"west":{"uv":[6,5.25,7.75,5.5],"texture":"#3"},"up":{"uv":[1.25,7.75,1,6],"texture":"#3"},"down":{"uv":[1.5,6,1.25,7.75],"texture":"#3"}}},{"from":[-0.425,0,14.045],"to":[2.025,16,17.145],"faces":{"north":{"uv":[0,6,0.25,8],"texture":"#3"},"east":{"uv":[1.75,5.5,2.125,7.5],"texture":"#3"},"south":{"uv":[0.25,6,0.5,8],"texture":"#3"},"west":{"uv":[2.125,5.5,2.5,7.5],"texture":"#3"},"up":{"uv":[6.875,1.375,6.625,1],"texture":"#3"},"down":{"uv":[6.875,5.75,6.625,6.125],"texture":"#3"}}},{"from":[15.025,0,14.045],"to":[17.375,16,17.145],"faces":{"north":{"uv":[0.5,6,0.75,8],"texture":"#3"},"east":{"uv":[2.5,5.5,2.875,7.5],"texture":"#3"},"south":{"uv":[0.75,6,1,8],"texture":"#3"},"west":{"uv":[2.875,5.5,3.25,7.5],"texture":"#3"},"up":{"uv":[7,4.75,6.75,4.375],"texture":"#3"},"down":{"uv":[7.125,1,6.875,1.375],"texture":"#3"}}},{"from":[-0.425,0,-0.305],"to":[2.025,2,2.045],"faces":{"north":{"uv":[6.75,3.625,7,3.875],"texture":"#3"},"east":{"uv":[6.875,1.375,7.125,1.625],"texture":"#3"},"south":{"uv":[6.875,5.75,7.125,6],"texture":"#3"},"west":{"uv":[7,3.625,7.25,3.875],"texture":"#3"},"up":{"uv":[7.25,4.125,7,3.875],"texture":"#3"},"down":{"uv":[7.25,4.125,7,4.375],"texture":"#3"}}},{"from":[15.125,0,-0.405],"to":[17.475,11,1.945],"faces":{"north":{"uv":[6.25,6.375,6.5,7.75],"texture":"#3"},"east":{"uv":[6.5,6.375,6.75,7.75],"texture":"#3"},"south":{"uv":[6.75,6.375,7,7.75],"texture":"#3"},"west":{"uv":[3.25,6.875,3.5,8.25],"texture":"#3"},"up":{"uv":[7.25,4.625,7,4.375],"texture":"#3"},"down":{"uv":[5.25,7,5,7.25],"texture":"#3"}}},{"from":[16.125,3,7.445],"to":[17.225,11,8.545],"faces":{"north":{"uv":[6.375,1.875,6.5,2.875],"texture":"#3"},"east":{"uv":[6.5,1.875,6.625,2.875],"texture":"#3"},"south":{"uv":[6.625,1.875,6.75,2.875],"texture":"#3"},"west":{"uv":[6.75,1.875,6.875,2.875],"texture":"#3"},"up":{"uv":[6,0.875,5.875,0.75],"texture":"#3"},"down":{"uv":[6.125,0.75,6,0.875],"texture":"#3"}}},{"from":[16.125,3,4.195],"to":[17.225,11,5.295],"faces":{"north":{"uv":[6.875,1.875,7,2.875],"texture":"#3"},"east":{"uv":[3.5,6.875,3.625,7.875],"texture":"#3"},"south":{"uv":[3.625,6.875,3.75,7.875],"texture":"#3"},"west":{"uv":[3.75,6.875,3.875,7.875],"texture":"#3"},"up":{"uv":[7,6.125,6.875,6],"texture":"#3"},"down":{"uv":[7.125,4.625,7,4.75],"texture":"#3"}}},{"from":[16.125,3,10.695],"to":[17.225,11,11.795],"faces":{"north":{"uv":[3.875,6.875,4,7.875],"texture":"#3"},"east":{"uv":[4,6.875,4.125,7.875],"texture":"#3"},"south":{"uv":[4.125,6.875,4.25,7.875],"texture":"#3"},"west":{"uv":[7,1.875,7.125,2.875],"texture":"#3"},"up":{"uv":[7.25,0.875,7.125,0.75],"texture":"#3"},"down":{"uv":[7.25,0.875,7.125,1],"texture":"#3"}}},{"from":[16.025,2,1.895],"to":[17.525,4,14.045],"faces":{"north":{"uv":[5.25,7,5.5,7.25],"texture":"#3"},"east":{"uv":[5.5,6.125,7,6.375],"texture":"#3"},"south":{"uv":[7,6,7.25,6.25],"texture":"#3"},"west":{"uv":[6.25,2.875,7.75,3.125],"texture":"#3"},"up":{"uv":[1.75,7.5,1.5,6],"texture":"#3"},"down":{"uv":[5.75,6.375,5.5,7.875],"texture":"#3"}}},{"from":[2.025,2,-0.305],"to":[15.125,4,2.045],"faces":{"north":{"uv":[6,5.5,7.625,5.75],"texture":"#3"},"east":{"uv":[7,6.25,7.25,6.5],"texture":"#3"},"south":{"uv":[6.125,1.625,7.75,1.875],"texture":"#3"},"west":{"uv":[7,6.5,7.25,6.75],"texture":"#3"},"up":{"uv":[7.75,5,6.125,4.75],"texture":"#3"},"down":{"uv":[7.75,5,6.125,5.25],"texture":"#3"}}},{"from":[-0.425,4,-0.305],"to":[16.125,8.1,14.045],"faces":{"north":{"uv":[4.25,1.875,6.375,2.375],"texture":"#3","tintindex":0},"east":{"uv":[4.25,5.25,6,5.75],"texture":"#3","tintindex":0},"south":{"uv":[4.25,2.375,6.375,2.875],"texture":"#3","tintindex":0},"west":{"uv":[0,5.5,1.75,6],"texture":"#3","tintindex":0},"up":{"uv":[2.125,3.875,0,2.125],"texture":"#3","tintindex":0},"down":{"uv":[4.25,2.125,2.125,3.875],"texture":"#3","tintindex":0}}},{"from":[-0.425,8,10.045],"to":[15.025,15,14.045],"faces":{"north":{"uv":[3.25,3.875,5.125,4.75],"texture":"#3","tintindex":0},"east":{"uv":[6.125,0.75,6.625,1.625],"texture":"#3","tintindex":0},"south":{"uv":[4,0,5.875,0.875],"texture":"#3","tintindex":0},"west":{"uv":[5,6.125,5.5,7],"texture":"#3","tintindex":0},"up":{"uv":[6.125,5.25,4.25,4.75],"texture":"#3","tintindex":0},"down":{"uv":[7,3.875,5.125,4.375],"texture":"#3","tintindex":0}}},{"from":[2.025,2,14.245],"to":[15.025,15.25,16.845],"faces":{"north":{"uv":[0,3.875,1.625,5.5],"texture":"#3"},"east":{"uv":[4.25,5.75,4.625,7.375],"texture":"#3"},"south":{"uv":[1.625,3.875,3.25,5.5],"texture":"#3"},"west":{"uv":[4.625,5.75,5,7.375],"texture":"#3"},"up":{"uv":[6.75,4.75,5.125,4.375],"texture":"#3"},"down":{"uv":[7.125,6.125,5.5,6.5],"texture":"#3"}}},{"from":[15.025,10.5,-1.305],"to":[18.875,12,15.295],"faces":{"north":{"uv":[6.25,3.625,6.75,3.875],"texture":"#3"},"east":{"uv":[5.875,0,8,0.25],"texture":"#3"},"south":{"uv":[6.625,0.75,7.125,1],"texture":"#3"},"west":{"uv":[5.875,0.25,8,0.5],"texture":"#3"},"up":{"uv":[3.75,6.875,3.25,4.75],"texture":"#3"},"down":{"uv":[4.25,4.75,3.75,6.875],"texture":"#3"}}},{"from":[14.025,2,1.695],"to":[16.375,4,14.045],"faces":{"north":{"uv":[7,6.75,7.25,7],"texture":"#3"},"east":{"uv":[6.25,3.125,7.75,3.375],"texture":"#3"},"south":{"uv":[7,7,7.25,7.25],"texture":"#3"},"west":{"uv":[6.25,3.375,7.75,3.625],"texture":"#3"},"up":{"uv":[6,7.875,5.75,6.375],"texture":"#3"},"down":{"uv":[6.25,6.375,6,7.875],"texture":"#3"}}}],"display":{"thirdperson_righthand":{"rotation":[75,45,0],"translation":[0,2.5,0],"scale":[0.375,0.375,0.375]},"thirdperson_lefthand":{"rotation":[75,45,0],"translation":[0,2.5,0],"scale":[0.375,0.375,0.375]},"firstperson_righthand":{"rotation":[0,45,0],"scale":[0.4,0.4,0.4]},"firstperson_lefthand":{"rotation":[0,225,0],"scale":[0.4,0.4,0.4]},"ground":{"translation":[0,-1.75,0],"scale":[0.25,0.25,0.25]},"gui":{"rotation":[30,225,0],"scale":[0.625,0.625,0.625]},"head":{"translation":[0,13.5,0],"scale":[0.8,0.8,0.8]},"fixed":{"rotation":[-90,0,0],"translation":[0,0,-16.25],"scale":[2,2,2]}},"groups":[0,{"name":"Couch","origin":[8,8,8],"color":0,"boneType":"","children":[1,{"name":"Legs","origin":[8,8,8],"color":0,"boneType":"","children":[2,3,4,5,6,7,8]},9,10,11,12,13,14,15]}]}