{"credit":"MadewithBlockbench","texture_size":[64,64],"textures":{"0":"decorations:standing_mirror","particle":"decorations:standing_mirror"},"elements":[{"from":[2,2,8.25],"to":[3,31,10.25],"rotation":{"angle":0,"axis":"x","origin":[8,16.5,10]},"faces":{"north":{"uv":[2,6.75,2.25,14],"texture":"#0","tintindex":0},"east":{"uv":[5,0,5.5,7.25],"texture":"#0","tintindex":0},"south":{"uv":[2.25,6.75,2.5,14],"texture":"#0","tintindex":0},"west":{"uv":[5.5,0,6,7.25],"texture":"#0","tintindex":0},"up":{"uv":[8.75,5.25,8.5,4.75],"texture":"#0","tintindex":0},"down":{"uv":[7.25,8.5,7,9],"texture":"#0","tintindex":0}}},{"from":[3,3,9.25],"to":[13,30,10.25],"rotation":{"angle":0,"axis":"x","origin":[8,16.5,10]},"faces":{"north":{"uv":[0,0,2.5,6.75],"texture":"#0"},"east":{"uv":[3,6.75,3.25,13.5],"texture":"#0","tintindex":0},"south":{"uv":[2.5,0,5,6.75],"texture":"#0","tintindex":0},"west":{"uv":[3.25,6.75,3.5,13.5],"texture":"#0","tintindex":0},"up":{"uv":[8.5,7.5,6,7.25],"texture":"#0","tintindex":0},"down":{"uv":[10,2,7.5,2.25],"texture":"#0","tintindex":0}}},{"from":[13,2,8.25],"to":[14,31,10.25],"rotation":{"angle":0,"axis":"x","origin":[8,16.5,10]},"faces":{"north":{"uv":[2.5,6.75,2.75,14],"texture":"#0","tintindex":0},"east":{"uv":[6,0,6.5,7.25],"texture":"#0","tintindex":0},"south":{"uv":[2.75,6.75,3,14],"texture":"#0","tintindex":0},"west":{"uv":[6.5,0,7,7.25],"texture":"#0","tintindex":0},"up":{"uv":[7.5,9,7.25,8.5],"texture":"#0","tintindex":0},"down":{"uv":[8.75,7.25,8.5,7.75],"texture":"#0","tintindex":0}}},{"from":[3,2,8.25],"to":[13,3,10.25],"rotation":{"angle":0,"axis":"x","origin":[8,16.5,10]},"faces":{"north":{"uv":[7.5,2.25,10,2.5],"texture":"#0","tintindex":0},"east":{"uv":[7.5,5,8,5.25],"texture":"#0","tintindex":0},"south":{"uv":[7.5,2.5,10,2.75],"texture":"#0","tintindex":0},"west":{"uv":[8,5,8.5,5.25],"texture":"#0","tintindex":0},"up":{"uv":[9.5,5.75,7,5.25],"texture":"#0","tintindex":0},"down":{"uv":[9.5,5.75,7,6.25],"texture":"#0","tintindex":0}}},{"from":[3,30,8.25],"to":[13,31,10.25],"rotation":{"angle":0,"axis":"x","origin":[8,16.5,10]},"faces":{"north":{"uv":[7.5,2.75,10,3],"texture":"#0","tintindex":0},"east":{"uv":[7.5,8.5,8,8.75],"texture":"#0","tintindex":0},"south":{"uv":[7.5,3,10,3.25],"texture":"#0","tintindex":0},"west":{"uv":[8.5,7.75,9,8],"texture":"#0","tintindex":0},"up":{"uv":[9.5,6.75,7,6.25],"texture":"#0","tintindex":0},"down":{"uv":[9.5,6.75,7,7.25],"texture":"#0","tintindex":0}}},{"from":[14,2,9],"to":[15,17,11],"rotation":{"angle":0,"axis":"y","origin":[16,0,0]},"faces":{"north":{"uv":[5,7.25,5.25,11],"texture":"#0","tintindex":0},"east":{"uv":[0,6.75,0.5,10.5],"texture":"#0","tintindex":0},"south":{"uv":[5.25,7.25,5.5,11],"texture":"#0","tintindex":0},"west":{"uv":[0.5,6.75,1,10.5],"texture":"#0","tintindex":0},"up":{"uv":[8.25,9,8,8.5],"texture":"#0","tintindex":0},"down":{"uv":[8.75,8,8.5,8.5],"texture":"#0","tintindex":0}}},{"from":[0,17,8.5],"to":[2,19,11.5],"faces":{"north":{"uv":[6,8.25,6.5,8.75],"texture":"#0","tintindex":0},"east":{"uv":[6.5,7.5,7.25,8],"texture":"#0","tintindex":0},"south":{"uv":[8.5,4.25,9,4.75],"texture":"#0","tintindex":0},"west":{"uv":[7.25,7.5,8,8],"texture":"#0","tintindex":0},"up":{"uv":[8.5,5,8,4.25],"texture":"#0","tintindex":0},"down":{"uv":[7,8,6.5,8.75],"texture":"#0","tintindex":0}}},{"from":[14,0,2],"to":[16,2,15],"rotation":{"angle":0,"axis":"y","origin":[16,0,0]},"faces":{"north":{"uv":[8,7.5,8.5,8],"texture":"#0","tintindex":0},"east":{"uv":[7,1,10.25,1.5],"texture":"#0","tintindex":0},"south":{"uv":[8,8,8.5,8.5],"texture":"#0","tintindex":0},"west":{"uv":[7,1.5,10.25,2],"texture":"#0","tintindex":0},"up":{"uv":[5,10,4.5,6.75],"texture":"#0","tintindex":0},"down":{"uv":[7.5,2,7,5.25],"texture":"#0","tintindex":0}}},{"from":[0,0,2],"to":[2,2,15],"faces":{"north":{"uv":[7,8,7.5,8.5],"texture":"#0","tintindex":0},"east":{"uv":[7,0,10.25,0.5],"texture":"#0","tintindex":0},"south":{"uv":[7.5,8,8,8.5],"texture":"#0","tintindex":0},"west":{"uv":[7,0.5,10.25,1],"texture":"#0","tintindex":0},"up":{"uv":[4,10,3.5,6.75],"texture":"#0","tintindex":0},"down":{"uv":[4.5,6.75,4,10],"texture":"#0","tintindex":0}}},{"from":[1,2,9],"to":[2,17,11],"faces":{"north":{"uv":[5.5,7.25,5.75,11],"texture":"#0","tintindex":0},"east":{"uv":[1,6.75,1.5,10.5],"texture":"#0","tintindex":0},"south":{"uv":[5.75,7.25,6,11],"texture":"#0","tintindex":0},"west":{"uv":[1.5,6.75,2,10.5],"texture":"#0","tintindex":0},"up":{"uv":[8.5,9,8.25,8.5],"texture":"#0","tintindex":0},"down":{"uv":[8.75,8.5,8.5,9],"texture":"#0","tintindex":0}}},{"from":[14,17,8.5],"to":[16,19,11.5],"rotation":{"angle":0,"axis":"y","origin":[16,0,0]},"faces":{"north":{"uv":[8.25,3.25,8.75,3.75],"texture":"#0","tintindex":0},"east":{"uv":[7.5,3.25,8.25,3.75],"texture":"#0","tintindex":0},"south":{"uv":[8.25,3.75,8.75,4.25],"texture":"#0","tintindex":0},"west":{"uv":[7.5,3.75,8.25,4.25],"texture":"#0","tintindex":0},"up":{"uv":[8,5,7.5,4.25],"texture":"#0","tintindex":0},"down":{"uv":[6.5,7.5,6,8.25],"texture":"#0","tintindex":0}}}],"display":{"thirdperson_righthand":{"rotation":[75,45,0],"translation":[0,2.5,0],"scale":[0.375,0.375,0.375]},"thirdperson_lefthand":{"rotation":[75,45,0],"translation":[0,2.5,0],"scale":[0.375,0.375,0.375]},"firstperson_righthand":{"rotation":[0,115,0],"translation":[2.5,1.25,0],"scale":[0.2,0.2,0.2]},"firstperson_lefthand":{"rotation":[0,115,0],"translation":[2.5,1.25,0],"scale":[0.2,0.2,0.2]},"ground":{"translation":[0,3,0],"scale":[0.25,0.25,0.25]},"gui":{"rotation":[30,225,0],"translation":[0,-3,0],"scale":[0.425,0.425,0.425]},"head":{"translation":[0,-30.5,0],"scale":[1.6,1.6,1.6]},"fixed":{"rotation":[-90,0,0],"translation":[0,-4,-23.5],"scale":[3,3,3]}},"groups":[{"name":"root","origin":[8,8,8],"color":0,"children":[0,1,2,3,4]},5,6,7,8,9,10]}