{"credit":"MadewithBlockbench","textures":{"0":"decorations:step_ladder","particle":"decorations:step_ladder"},"elements":[{"from":[1,10,14],"to":[15,12,20],"faces":{"north":{"uv":[0,3,7,4],"texture":"#0"},"east":{"uv":[7,0,8,3],"rotation":90,"texture":"#0"},"south":{"uv":[0,3,7,4],"texture":"#0"},"west":{"uv":[7,3,8,0],"rotation":90,"texture":"#0"},"up":{"uv":[0,0,7,3],"texture":"#0"},"down":{"uv":[0,0,7,3],"rotation":180,"texture":"#0"}}},{"from":[1,10,-4],"to":[15,12,2],"faces":{"north":{"uv":[0,3,7,4],"texture":"#0"},"east":{"uv":[7,3,8,0],"rotation":90,"texture":"#0"},"south":{"uv":[0,3,7,4],"texture":"#0"},"west":{"uv":[7,0,8,3],"rotation":90,"texture":"#0"},"up":{"uv":[0,0,7,3],"rotation":180,"texture":"#0"},"down":{"uv":[0,0,7,3],"texture":"#0"}}},{"from":[1,20,10],"to":[15,22,16],"faces":{"north":{"uv":[0,3,7,4],"texture":"#0"},"east":{"uv":[7,0,8,3],"rotation":90,"texture":"#0"},"south":{"uv":[0,3,7,4],"texture":"#0"},"west":{"uv":[7,3,8,0],"rotation":90,"texture":"#0"},"up":{"uv":[0,0,7,3],"texture":"#0"},"down":{"uv":[0,0,7,3],"rotation":180,"texture":"#0"}}},{"from":[-1,27.2,5],"to":[17,29.2,11],"faces":{"north":{"uv":[0,7.5,9,8.5],"texture":"#0"},"east":{"uv":[7,0,8,3],"rotation":90,"texture":"#0"},"south":{"uv":[0,7.5,9,8.5],"texture":"#0"},"west":{"uv":[7,0,8,3],"rotation":90,"texture":"#0"},"up":{"uv":[0,4.5,9,7.5],"texture":"#0"},"down":{"uv":[0,8.5,9,11.5],"rotation":180,"texture":"#0"}}},{"from":[-0.02,-4,15],"to":[1.98,26,17],"rotation":{"angle":-22.5,"axis":"x","origin":[8,8,8]},"faces":{"north":{"uv":[10,0,11,15],"texture":"#0"},"east":{"uv":[9,0,10,15],"texture":"#0"},"south":{"uv":[11,0,10,15],"texture":"#0"},"west":{"uv":[9,0,10,15],"texture":"#0"},"up":{"uv":[9,0,9.5,0.5],"texture":"#0"},"down":{"uv":[11,14.5,10.5,15],"texture":"#0"}}},{"from":[14.01,-4,15],"to":[16.01,26,17],"rotation":{"angle":-22.5,"axis":"x","origin":[8,8,8]},"faces":{"north":{"uv":[11,0,10,15],"texture":"#0"},"east":{"uv":[9,0,10,15],"texture":"#0"},"south":{"uv":[10,0,11,15],"texture":"#0"},"west":{"uv":[9,0,10,15],"texture":"#0"},"up":{"uv":[9,0,9.5,0.5],"texture":"#0"},"down":{"uv":[11,14.5,10.5,15],"texture":"#0"}}},{"from":[14.02,-4,-1],"to":[16.02,26,1],"rotation":{"angle":22.5,"axis":"x","origin":[8,8,8]},"faces":{"north":{"uv":[11,0,10,15],"texture":"#0"},"east":{"uv":[9,0,10,15],"texture":"#0"},"south":{"uv":[10,0,11,15],"texture":"#0"},"west":{"uv":[9,0,10,15],"texture":"#0"},"up":{"uv":[9,0,9.5,0.5],"texture":"#0"},"down":{"uv":[11,14.5,10.5,15],"texture":"#0"}}},{"from":[-0.01,-4,-1],"to":[1.99,26,1],"rotation":{"angle":22.5,"axis":"x","origin":[8,8,8]},"faces":{"north":{"uv":[10,0,11,15],"texture":"#0"},"east":{"uv":[9,0,10,15],"texture":"#0"},"south":{"uv":[11,0,10,15],"texture":"#0"},"west":{"uv":[9,0,10,15],"texture":"#0"},"up":{"uv":[9,0,9.5,0.5],"texture":"#0"},"down":{"uv":[11,14.5,10.5,15],"texture":"#0"}}}],"display":{"thirdperson_righthand":{"rotation":[41,47,0],"scale":[0.2,0.2,0.2]},"thirdperson_lefthand":{"rotation":[41,47,0],"scale":[0.2,0.2,0.2]},"firstperson_righthand":{"rotation":[-4,-56,-6],"translation":[16.25,-9,-12.75]},"firstperson_lefthand":{"rotation":[-4,-56,-6],"translation":[16.25,-9,-12.75]},"ground":{"translation":[0,2.75,0],"scale":[0.3,0.3,0.3]},"gui":{"rotation":[30,45,0],"translation":[0,-2,0],"scale":[0.45,0.45,0.45]},"head":{"rotation":[0,90,0]},"fixed":{"rotation":[-90,0,0],"translation":[0,0,-16],"scale":[2,2,2]}},"groups":[{"name":"group","origin":[8,8,8],"color":0,"boneType":"","children":[0,1,2,3,4,5,6,7]}]}