{"credit":"MadewithBlockbench","texture_size":[32,32],"textures":{"2":"decorations:stool","particle":"decorations:stool"},"elements":[{"from":[3,6,3],"to":[13,8,13],"rotation":{"angle":0,"axis":"y","origin":[11,13,11]},"faces":{"north":{"uv":[0,10,5,11],"texture":"#2","tintindex":0},"east":{"uv":[10,0,15,1],"texture":"#2","tintindex":0},"south":{"uv":[10,1,15,2],"texture":"#2","tintindex":0},"west":{"uv":[10,2,15,3],"texture":"#2","tintindex":0},"up":{"uv":[5,5,0,0],"texture":"#2","tintindex":0},"down":{"uv":[5,5,0,10],"texture":"#2"}}},{"from":[3.75,0,3.75],"to":[5.25,5,5.25],"rotation":{"angle":0,"axis":"y","origin":[11,10,11]},"faces":{"north":{"uv":[10,3,11,5.5],"texture":"#2"},"east":{"uv":[5,10,6,12.5],"texture":"#2"},"south":{"uv":[10,5.5,11,8],"texture":"#2"},"west":{"uv":[6,10,7,12.5],"texture":"#2"},"up":{"uv":[12,11,11,10],"texture":"#2"},"down":{"uv":[12,11,11,12],"texture":"#2"}}},{"from":[3.75,0,10.75],"to":[5.25,5,12.25],"rotation":{"angle":0,"axis":"y","origin":[11,10,18]},"faces":{"north":{"uv":[7,10,8,12.5],"texture":"#2"},"east":{"uv":[8,10,9,12.5],"texture":"#2"},"south":{"uv":[10,8,11,10.5],"texture":"#2"},"west":{"uv":[9,10,10,12.5],"texture":"#2"},"up":{"uv":[13,4,12,3],"texture":"#2"},"down":{"uv":[13,4,12,5],"texture":"#2"}}},{"from":[10.75,0,3.75],"to":[12.25,5,5.25],"rotation":{"angle":0,"axis":"y","origin":[18,10,11]},"faces":{"north":{"uv":[10,10.5,11,13],"texture":"#2"},"east":{"uv":[0,11,1,13.5],"texture":"#2"},"south":{"uv":[1,11,2,13.5],"texture":"#2"},"west":{"uv":[2,11,3,13.5],"texture":"#2"},"up":{"uv":[13,6,12,5],"texture":"#2"},"down":{"uv":[13,6,12,7],"texture":"#2"}}},{"from":[10.75,0,10.75],"to":[12.25,5,12.25],"rotation":{"angle":0,"axis":"y","origin":[18,10,18]},"faces":{"north":{"uv":[3,11,4,13.5],"texture":"#2"},"east":{"uv":[11,3,12,5.5],"texture":"#2"},"south":{"uv":[4,11,5,13.5],"texture":"#2"},"west":{"uv":[11,5.5,12,8],"texture":"#2"},"up":{"uv":[13,8,12,7],"texture":"#2"},"down":{"uv":[13,10,12,11],"texture":"#2"}}},{"from":[3,5,3],"to":[13,6,13],"faces":{"north":{"uv":[11,8,16,8.5],"texture":"#2"},"east":{"uv":[11,8.5,16,9],"texture":"#2"},"south":{"uv":[11,9,16,9.5],"texture":"#2"},"west":{"uv":[11,9.5,16,10],"texture":"#2"},"up":{"uv":[10,5,5,0],"texture":"#2"},"down":{"uv":[10,5,5,10],"texture":"#2"}}}],"display":{"thirdperson_righthand":{"translation":[0,1.75,0]},"gui":{"rotation":[22.5,-45,0],"translation":[0,3,0],"scale":[1.1,1.1,1.1]},"head":{"translation":[0,-27.25,0],"scale":[2,2,2]},"fixed":{"rotation":[-90,0,0],"translation":[0,0,-31],"scale":[3.3,4,3.3]}},"groups":[{"name":"main","origin":[8,8,8],"color":0,"children":[0]},1,2,3,4,5]}