{"credit":"MadewithBlockbench","texture_size":[128,128],"textures":{"1":"decorations:tent"},"elements":[{"from":[7.13,14.38,-4.87],"to":[8.87,15.62,-3.13],"faces":{"north":{"uv":[6,0.75,6.1875,0.875],"texture":"#1","tintindex":0},"east":{"uv":[6,0.875,6.1875,1],"texture":"#1","tintindex":0},"south":{"uv":[6,1,6.1875,1.125],"texture":"#1","tintindex":0},"west":{"uv":[6,1.125,6.1875,1.25],"texture":"#1","tintindex":0}}},{"from":[7.13,14.38,19.13],"to":[8.87,15.62,20.87],"faces":{"north":{"uv":[6,1.25,6.1875,1.375],"texture":"#1","tintindex":0},"east":{"uv":[6,1.375,6.1875,1.5],"texture":"#1","tintindex":0},"south":{"uv":[6,1.5,6.1875,1.625],"texture":"#1","tintindex":0},"west":{"uv":[6,1.625,6.1875,1.75],"texture":"#1","tintindex":0}}},{"from":[-7.85,0.4,-4.6],"to":[-6.65,1.1,-3.4],"faces":{"north":{"uv":[6,2.75,6.125,2.8125],"texture":"#1","tintindex":0},"east":{"uv":[6,2.875,6.125,2.9375],"texture":"#1","tintindex":0},"south":{"uv":[6,3,6.125,3.0625],"texture":"#1","tintindex":0},"west":{"uv":[6,3.125,6.125,3.1875],"texture":"#1","tintindex":0}}},{"from":[-7.85,0.4,19.4],"to":[-6.65,1.1,20.6],"faces":{"north":{"uv":[6,3.25,6.125,3.3125],"texture":"#1","tintindex":0},"east":{"uv":[6,3.375,6.125,3.4375],"texture":"#1","tintindex":0},"south":{"uv":[6,3.5,6.125,3.5625],"texture":"#1","tintindex":0},"west":{"uv":[6,3.625,6.125,3.6875],"texture":"#1","tintindex":0}}},{"from":[22.65,0.4,19.4],"to":[23.85,1.1,20.6],"faces":{"north":{"uv":[6,3.75,6.125,3.8125],"texture":"#1","tintindex":0},"east":{"uv":[6,3.875,6.125,3.9375],"texture":"#1","tintindex":0},"south":{"uv":[6,4,6.125,4.0625],"texture":"#1","tintindex":0},"west":{"uv":[6,4.125,6.125,4.1875],"texture":"#1","tintindex":0}}},{"from":[22.65,0.4,-4.6],"to":[23.85,1.1,-3.4],"faces":{"north":{"uv":[6,4.25,6.125,4.3125],"texture":"#1","tintindex":0},"east":{"uv":[6,4.375,6.125,4.4375],"texture":"#1","tintindex":0},"south":{"uv":[6,4.5,6.125,4.5625],"texture":"#1","tintindex":0},"west":{"uv":[6,4.625,6.125,4.6875],"texture":"#1","tintindex":0}}},{"from":[7.5,-6,-4],"to":[8,16,20],"rotation":{"angle":45,"axis":"z","origin":[8,16,8]},"faces":{"north":{"uv":[2.75,5.75,2.8125,8.5],"texture":"#1","tintindex":0},"east":{"uv":[0,0,3,2.75],"texture":"#1","tintindex":0},"south":{"uv":[2.875,5.75,2.9375,8.5],"texture":"#1","tintindex":0},"west":{"uv":[0,2.75,3,5.5],"texture":"#1","tintindex":0},"down":{"uv":[2.5625,5.75,2.5,8.75],"texture":"#1","tintindex":0}}},{"from":[8,-6,-4],"to":[8.5,16,20],"rotation":{"angle":-45,"axis":"z","origin":[8,16,8]},"faces":{"north":{"uv":[3,5.75,3.0625,8.5],"texture":"#1","tintindex":0},"east":{"uv":[3,0,6,2.75],"texture":"#1","tintindex":0},"south":{"uv":[3.125,5.75,3.1875,8.5],"texture":"#1","tintindex":0},"west":{"uv":[3,2.75,6,5.5],"texture":"#1","tintindex":0},"down":{"uv":[2.6875,5.75,2.625,8.75],"texture":"#1","tintindex":0}}},{"from":[7.25,0,-4.75],"to":[8.75,17,-3.25],"rotation":{"angle":0,"axis":"y","origin":[8,8,3]},"faces":{"north":{"uv":[0.5,5.75,0.6875,7.875],"texture":"#1"},"east":{"uv":[0.75,5.75,0.9375,7.875],"texture":"#1"},"south":{"uv":[1,5.75,1.1875,7.875],"texture":"#1"},"west":{"uv":[1.25,5.75,1.4375,7.875],"texture":"#1"},"up":{"uv":[5.4375,5.9375,5.25,5.75],"texture":"#1"},"down":{"uv":[5.6875,5.75,5.5,5.9375],"texture":"#1"}}},{"from":[7.25,0,19.25],"to":[8.75,17,20.75],"rotation":{"angle":0,"axis":"y","origin":[8,8,3]},"faces":{"north":{"uv":[1.5,5.75,1.6875,7.875],"texture":"#1"},"east":{"uv":[1.75,5.75,1.9375,7.875],"texture":"#1"},"south":{"uv":[2,5.75,2.1875,7.875],"texture":"#1"},"west":{"uv":[2.25,5.75,2.4375,7.875],"texture":"#1"},"up":{"uv":[5.9375,5.9375,5.75,5.75],"texture":"#1"},"down":{"uv":[6.1875,0,6,0.1875],"texture":"#1"}}},{"from":[-7.75,0,-4.5],"to":[-6.75,3,-3.5],"rotation":{"angle":0,"axis":"y","origin":[8,8,3]},"faces":{"north":{"uv":[3.25,5.75,3.375,6.125],"texture":"#1"},"east":{"uv":[3.375,5.75,3.5,6.125],"texture":"#1"},"south":{"uv":[3.5,5.75,3.625,6.125],"texture":"#1"},"west":{"uv":[3.625,5.75,3.75,6.125],"texture":"#1"},"up":{"uv":[6.125,1.875,6,1.75],"texture":"#1"},"down":{"uv":[6.125,1.875,6,2],"texture":"#1"}}},{"from":[-7.75,0,19.5],"to":[-6.75,3,20.5],"rotation":{"angle":0,"axis":"y","origin":[8,8,3]},"faces":{"north":{"uv":[3.75,5.75,3.875,6.125],"texture":"#1"},"east":{"uv":[3.875,5.75,4,6.125],"texture":"#1"},"south":{"uv":[4,5.75,4.125,6.125],"texture":"#1"},"west":{"uv":[4.125,5.75,4.25,6.125],"texture":"#1"},"up":{"uv":[6.125,2.125,6,2],"texture":"#1"},"down":{"uv":[6.125,2.125,6,2.25],"texture":"#1"}}},{"from":[22.75,0,19.5],"to":[23.75,3,20.5],"rotation":{"angle":0,"axis":"y","origin":[8,8,3]},"faces":{"north":{"uv":[4.25,5.75,4.375,6.125],"texture":"#1"},"east":{"uv":[4.375,5.75,4.5,6.125],"texture":"#1"},"south":{"uv":[4.5,5.75,4.625,6.125],"texture":"#1"},"west":{"uv":[4.625,5.75,4.75,6.125],"texture":"#1"},"up":{"uv":[6.125,2.375,6,2.25],"texture":"#1"},"down":{"uv":[6.125,2.375,6,2.5],"texture":"#1"}}},{"from":[22.75,0,-4.5],"to":[23.75,3,-3.5],"rotation":{"angle":0,"axis":"y","origin":[8,8,3]},"faces":{"north":{"uv":[4.75,5.75,4.875,6.125],"texture":"#1"},"east":{"uv":[4.875,5.75,5,6.125],"texture":"#1"},"south":{"uv":[5,5.75,5.125,6.125],"texture":"#1"},"west":{"uv":[5.125,5.75,5.25,6.125],"texture":"#1"},"up":{"uv":[6.125,2.625,6,2.5],"texture":"#1"},"down":{"uv":[6.125,2.625,6,2.75],"texture":"#1"}}},{"from":[7.25,14.25,-6],"to":[8.75,15.75,22],"rotation":{"angle":0,"axis":"x","origin":[8,8,3]},"faces":{"north":{"uv":[6,0.25,6.1875,0.4375],"texture":"#1"},"east":{"uv":[0,5.5,3.5,5.6875],"texture":"#1"},"south":{"uv":[6,0.5,6.1875,0.6875],"texture":"#1"},"west":{"uv":[3.5,5.5,7,5.6875],"texture":"#1"},"up":{"uv":[0.1875,9.25,0,5.75],"texture":"#1"},"down":{"uv":[0.4375,5.75,0.25,9.25],"texture":"#1"}}}],"display":{"thirdperson_righthand":{"rotation":[0,35,0],"translation":[0,1.25,0],"scale":[0.2,0.2,0.2]},"thirdperson_lefthand":{"rotation":[0,35,0],"translation":[0,1.25,0],"scale":[0.2,0.2,0.2]},"firstperson_righthand":{"rotation":[-12,12,0],"translation":[19,-2.75,-11.25]},"firstperson_lefthand":{"rotation":[-12,12,0],"translation":[19,-2.75,-11.25]},"ground":{"translation":[0,6.75,0],"scale":[0.4,0.4,0.4]},"gui":{"rotation":[30,135,0],"translation":[0,1,0],"scale":[0.4,0.4,0.4]},"head":{"translation":[0,5.5,0]},"fixed":{"rotation":[-90,0,0],"translation":[0,-18.5,-33],"scale":[4,4,4]}}}