{"credit":"MadewithBlockbench","textures":{"0":"decorations:umbrella_tarp","particle":"decorations:umbrella_tarp"},"elements":[{"from":[7,10,-15],"to":[10,11,31.2],"faces":{"north":{"uv":[15,0,16,16],"rotation":90,"texture":"#0","tintindex":0},"east":{"uv":[15,0,16,16],"rotation":90,"texture":"#0","tintindex":0},"south":{"uv":[15,0,16,16],"rotation":90,"texture":"#0","tintindex":0},"west":{"uv":[15,0,16,16],"rotation":90,"texture":"#0","tintindex":0},"up":{"uv":[15,0,16,16],"rotation":90,"texture":"#0"},"down":{"uv":[15,0,16,16],"rotation":90,"texture":"#0"}}},{"from":[10,10,6.9],"to":[31.1,11,9.4],"faces":{"north":{"uv":[15,8.625,16,16],"rotation":90,"texture":"#0","tintindex":0},"east":{"uv":[15,8.625,16,16],"rotation":90,"texture":"#0","tintindex":0},"south":{"uv":[15,8.625,16,16],"rotation":90,"texture":"#0","tintindex":0},"west":{"uv":[15,8.625,16,16],"rotation":90,"texture":"#0","tintindex":0},"up":{"uv":[15,8.625,16,16],"rotation":90,"texture":"#0","tintindex":0},"down":{"uv":[15,8.625,16,16],"rotation":90,"texture":"#0","tintindex":0}}},{"from":[-15.1,10,6.9],"to":[7,11,9.4],"faces":{"north":{"uv":[15,0,16,7],"rotation":90,"texture":"#0","tintindex":0},"east":{"uv":[15,0,16,7],"rotation":90,"texture":"#0","tintindex":0},"south":{"uv":[15,0,16,7],"rotation":90,"texture":"#0","tintindex":0},"west":{"uv":[15,0,16,7],"rotation":90,"texture":"#0","tintindex":0},"up":{"uv":[15,0,16,7],"rotation":90,"texture":"#0","tintindex":0},"down":{"uv":[15,0,16,7],"rotation":90,"texture":"#0"}}},{"from":[-16,10,-16],"to":[-15,11,32],"faces":{"north":{"uv":[15,0,16,1.375],"rotation":90,"texture":"#0"},"east":{"uv":[15,0,16,16],"rotation":90,"texture":"#0"},"south":{"uv":[15,0,16,1.375],"rotation":90,"texture":"#0"},"west":{"uv":[15,0,16,16],"rotation":90,"texture":"#0"},"up":{"uv":[15,0,16,16],"rotation":90,"texture":"#0"},"down":{"uv":[15,0,16,16],"rotation":90,"texture":"#0"}}},{"from":[31,10,-16],"to":[32,11,32],"faces":{"north":{"uv":[15,0,16,1.375],"rotation":90,"texture":"#0"},"east":{"uv":[15,0,16,16],"rotation":270,"texture":"#0"},"south":{"uv":[15,0,16,1.375],"rotation":90,"texture":"#0"},"west":{"uv":[15,0,16,16],"rotation":270,"texture":"#0"},"up":{"uv":[15,0,16,16],"rotation":270,"texture":"#0"},"down":{"uv":[15,0,16,16],"rotation":270,"texture":"#0"}}},{"from":[-15,10,-16],"to":[31,11,-15],"faces":{"north":{"uv":[15,0,16,16],"rotation":90,"texture":"#0"},"east":{"uv":[15,0,16,16],"rotation":90,"texture":"#0"},"south":{"uv":[15,0,16,16],"rotation":90,"texture":"#0"},"west":{"uv":[15,0,16,16],"rotation":90,"texture":"#0"},"up":{"uv":[15,0,16,16],"rotation":90,"texture":"#0"},"down":{"uv":[15,0,16,16],"rotation":90,"texture":"#0"}}},{"from":[-15,10,31],"to":[31,11,32],"faces":{"north":{"uv":[15,0,16,16],"rotation":90,"texture":"#0"},"east":{"uv":[15,0,16,16],"rotation":90,"texture":"#0"},"south":{"uv":[15,0,16,16],"rotation":90,"texture":"#0"},"west":{"uv":[15,0,16,16],"rotation":90,"texture":"#0"},"up":{"uv":[15,0,16,16],"rotation":90,"texture":"#0"},"down":{"uv":[15,0,16,16],"rotation":90,"texture":"#0"}}},{"from":[-15.9,4.1,-15.9],"to":[31.9,13.9,31.9],"rotation":{"angle":0,"axis":"y","origin":[8,-14,8]},"faces":{"north":{"uv":[0.125,6.5,6.125,7.75],"texture":"#0","tintindex":0},"east":{"uv":[0.125,6.5,6.125,7.75],"texture":"#0","tintindex":0},"south":{"uv":[0.125,6.5,6.125,7.75],"texture":"#0","tintindex":0},"west":{"uv":[0.125,6.5,6.125,7.75],"texture":"#0","tintindex":0},"up":{"uv":[0,0,6,6],"texture":"#0"}}},{"from":[31.9,13.9,32],"to":[-15.9,4.1,-15.8],"rotation":{"angle":0,"axis":"y","origin":[8,-14,8]},"faces":{"north":{"uv":[0.125,6.5,6.125,7.75],"rotation":180,"texture":"#0","tintindex":0},"east":{"uv":[0.125,6.5,6.125,7.75],"rotation":180,"texture":"#0","tintindex":0},"south":{"uv":[0.125,6.5,6.125,7.75],"rotation":180,"texture":"#0","tintindex":0},"west":{"uv":[0.125,6.5,6.125,7.75],"rotation":180,"texture":"#0","tintindex":0},"down":{"uv":[0,0,6,6],"texture":"#0"}}},{"from":[-15.9,4.1,-15.9],"to":[31.9,13.9,31.9],"rotation":{"angle":0,"axis":"y","origin":[8,-14,8]},"faces":{"north":{"uv":[0.125,6.5,6.125,7.75],"texture":"#0","tintindex":0},"east":{"uv":[0.125,6.5,6.125,7.75],"texture":"#0","tintindex":0},"south":{"uv":[0.125,6.5,6.125,7.75],"texture":"#0","tintindex":0},"west":{"uv":[0.125,6.5,6.125,7.75],"texture":"#0","tintindex":0},"up":{"uv":[0,8.5,6,14.5],"texture":"#0","tintindex":0}}},{"name":"cubeinside","from":[31.9,13.9,31.9],"to":[-15.9,4.1,-15.9],"rotation":{"angle":0,"axis":"y","origin":[-8,14,-8]},"faces":{"north":{"uv":[0.125,7.75,6.125,6.5],"texture":"#0","tintindex":0},"east":{"uv":[0.125,7.75,6.125,6.5],"texture":"#0","tintindex":0},"south":{"uv":[0.125,7.75,6.125,6.5],"texture":"#0","tintindex":0},"west":{"uv":[0.125,7.75,6.125,6.5],"texture":"#0","tintindex":0},"down":{"uv":[6,8.5,0,14.5],"texture":"#0","tintindex":0}}},{"from":[6,14,6],"to":[10,15,10],"faces":{"north":{"uv":[15,0,16,1],"texture":"#0"},"east":{"uv":[15,0,16,1],"texture":"#0"},"south":{"uv":[15,0,16,1],"texture":"#0"},"west":{"uv":[15,0,16,1],"texture":"#0"},"up":{"uv":[15,0,16,1],"texture":"#0"},"down":{"uv":[15,0,16,1],"texture":"#0"}}},{"from":[7,15,7],"to":[9,21,9],"faces":{"north":{"uv":[8.5,0.75,9,2],"texture":"#0"},"east":{"uv":[8.5,0.75,9,2],"texture":"#0"},"south":{"uv":[8.5,0.75,9,2],"texture":"#0"},"west":{"uv":[8.5,0.75,9,2],"texture":"#0"},"up":{"uv":[8.5,0.75,9,1.25],"texture":"#0"},"down":{"uv":[8.5,0.75,9,2],"texture":"#0"}}}],"display":{"thirdperson_righthand":{"rotation":[43,21,0],"translation":[0,1.25,-1],"scale":[0.1,0.1,0.1]},"thirdperson_lefthand":{"rotation":[43,21,0],"translation":[0,1.25,-1],"scale":[0.1,0.1,0.1]},"firstperson_righthand":{"rotation":[10,40,0],"translation":[34.75,-10.75,-27]},"firstperson_lefthand":{"rotation":[10,40,0],"translation":[34.75,-10.75,-27]},"ground":{"translation":[0,3,0],"scale":[0.2,0.2,0.2]},"gui":{"rotation":[30,45,0],"scale":[0.2,0.2,0.2]},"head":{"rotation":[16,0,0],"translation":[0,2.75,0]},"fixed":{"rotation":[-90,0,0],"translation":[0,0,11.5],"scale":[2,2,2]}},"groups":[{"name":"PusangGala","origin":[-8,14,-8],"color":0,"boneType":"","children":[0,1,2,3,4,5,6,7,8,9,10,11,12]}]}