{"credit":"MadewithBlockbench","texture_size":[32,32],"textures":{"0":"decorations:wall_shelf","particle":"decorations:wall_shelf"},"elements":[{"from":[1,0,12],"to":[2,2,16],"faces":{"north":{"uv":[6,10.5,6.5,11.5],"texture":"#0"},"east":{"uv":[7.5,4.5,9.5,5.5],"texture":"#0"},"south":{"uv":[6.5,10.5,7,11.5],"texture":"#0"},"west":{"uv":[7.5,5.5,9.5,6.5],"texture":"#0"},"up":{"uv":[10.5,11.5,10,9.5],"texture":"#0"},"down":{"uv":[11,1,10.5,3],"texture":"#0"}}},{"from":[8,0,12],"to":[9,2,16],"rotation":{"angle":0,"axis":"y","origin":[16,0,0]},"faces":{"north":{"uv":[7,10.5,7.5,11.5],"texture":"#0"},"east":{"uv":[7.5,6.5,9.5,7.5],"texture":"#0"},"south":{"uv":[10.5,7,11,8],"texture":"#0"},"west":{"uv":[7.5,7.5,9.5,8.5],"texture":"#0"},"up":{"uv":[5.5,12.5,5,10.5],"texture":"#0"},"down":{"uv":[6,10.5,5.5,12.5],"texture":"#0"}}},{"from":[0,2,10],"to":[10,3,16],"faces":{"north":{"uv":[7.5,3.5,12.5,4],"texture":"#0"},"east":{"uv":[1,9.5,4,10],"texture":"#0"},"south":{"uv":[7.5,4,12.5,4.5],"texture":"#0"},"west":{"uv":[9.5,4.5,12.5,5],"texture":"#0"},"up":{"uv":[5,3,0,0],"texture":"#0"},"down":{"uv":[5,3,0,6],"texture":"#0"}}},{"from":[0,18,10],"to":[10,19,16],"rotation":{"angle":0,"axis":"y","origin":[0,1,0]},"faces":{"north":{"uv":[7.5,3.5,12.5,4],"texture":"#0"},"east":{"uv":[1,9.5,4,10],"texture":"#0"},"south":{"uv":[7.5,4,12.5,4.5],"texture":"#0"},"west":{"uv":[9.5,4.5,12.5,5],"texture":"#0"},"up":{"uv":[5,3,0,0],"texture":"#0"},"down":{"uv":[5,3,0,6],"texture":"#0"}}},{"from":[8,16,12],"to":[9,18,16],"rotation":{"angle":0,"axis":"y","origin":[16,1,0]},"faces":{"north":{"uv":[7,10.5,7.5,11.5],"texture":"#0"},"east":{"uv":[7.5,6.5,9.5,7.5],"texture":"#0"},"south":{"uv":[10.5,7,11,8],"texture":"#0"},"west":{"uv":[7.5,7.5,9.5,8.5],"texture":"#0"},"up":{"uv":[5.5,12.5,5,10.5],"texture":"#0"},"down":{"uv":[6,10.5,5.5,12.5],"texture":"#0"}}},{"from":[1,16,12],"to":[2,18,16],"rotation":{"angle":0,"axis":"y","origin":[0,1,0]},"faces":{"north":{"uv":[6,10.5,6.5,11.5],"texture":"#0"},"east":{"uv":[7.5,4.5,9.5,5.5],"texture":"#0"},"south":{"uv":[6.5,10.5,7,11.5],"texture":"#0"},"west":{"uv":[7.5,5.5,9.5,6.5],"texture":"#0"},"up":{"uv":[10.5,11.5,10,9.5],"texture":"#0"},"down":{"uv":[11,1,10.5,3],"texture":"#0"}}},{"from":[10,11,10],"to":[20,12,16],"rotation":{"angle":0,"axis":"y","origin":[0,2,0]},"faces":{"north":{"uv":[7.5,3.5,12.5,4],"texture":"#0"},"east":{"uv":[1,9.5,4,10],"texture":"#0"},"south":{"uv":[7.5,4,12.5,4.5],"texture":"#0"},"west":{"uv":[9.5,4.5,12.5,5],"texture":"#0"},"up":{"uv":[5,3,0,0],"texture":"#0"},"down":{"uv":[5,3,0,6],"texture":"#0"}}},{"from":[18,9,12],"to":[19,11,16],"rotation":{"angle":0,"axis":"y","origin":[16,2,0]},"faces":{"north":{"uv":[7,10.5,7.5,11.5],"texture":"#0"},"east":{"uv":[7.5,6.5,9.5,7.5],"texture":"#0"},"south":{"uv":[10.5,7,11,8],"texture":"#0"},"west":{"uv":[7.5,7.5,9.5,8.5],"texture":"#0"},"up":{"uv":[5.5,12.5,5,10.5],"texture":"#0"},"down":{"uv":[6,10.5,5.5,12.5],"texture":"#0"}}},{"from":[11,9,12],"to":[12,11,16],"rotation":{"angle":0,"axis":"y","origin":[0,2,0]},"faces":{"north":{"uv":[6,10.5,6.5,11.5],"texture":"#0"},"east":{"uv":[7.5,4.5,9.5,5.5],"texture":"#0"},"south":{"uv":[6.5,10.5,7,11.5],"texture":"#0"},"west":{"uv":[7.5,5.5,9.5,6.5],"texture":"#0"},"up":{"uv":[10.5,11.5,10,9.5],"texture":"#0"},"down":{"uv":[11,1,10.5,3],"texture":"#0"}}},{"from":[2.5,3.25,12],"to":[7.5,10.25,13],"rotation":{"angle":22.5,"axis":"x","origin":[4.5,6,11.5]},"faces":{"north":{"uv":[5,0,7.5,3.5],"texture":"#0"},"east":{"uv":[7.5,8.5,8,12],"texture":"#0"},"south":{"uv":[5,3.5,7.5,7],"texture":"#0"},"west":{"uv":[8,8.5,8.5,12],"texture":"#0"},"up":{"uv":[12,5.5,9.5,5],"texture":"#0"},"down":{"uv":[12,5.5,9.5,6],"texture":"#0"}}},{"from":[4.5,1.25,13],"to":[5.5,6.25,14],"rotation":{"angle":-22.5,"axis":"x","origin":[4.5,6,11.5]},"faces":{"north":{"uv":[4,9.5,4.5,12],"texture":"#0"},"east":{"uv":[4.5,9.5,5,12],"texture":"#0"},"south":{"uv":[9.5,6,10,8.5],"texture":"#0"},"west":{"uv":[9.5,8.5,10,11],"texture":"#0"},"up":{"uv":[11,3.5,10.5,3],"texture":"#0"},"down":{"uv":[11,8,10.5,8.5],"texture":"#0"}}},{"from":[12.5,12.25,12],"to":[17.5,19.25,13],"rotation":{"angle":22.5,"axis":"x","origin":[14.5,15,11.5]},"faces":{"north":{"uv":[0,6,2.5,9.5],"texture":"#0"},"east":{"uv":[8.5,8.5,9,12],"texture":"#0"},"south":{"uv":[2.5,6,5,9.5],"texture":"#0"},"west":{"uv":[9,8.5,9.5,12],"texture":"#0"},"up":{"uv":[12.5,0.5,10,0],"texture":"#0"},"down":{"uv":[12.5,0.5,10,1],"texture":"#0"}}},{"from":[14.5,10.25,13],"to":[15.5,15.25,14],"rotation":{"angle":-22.5,"axis":"x","origin":[14.5,15,11.5]},"faces":{"north":{"uv":[1,10,1.5,12.5],"texture":"#0"},"east":{"uv":[10,1,10.5,3.5],"texture":"#0"},"south":{"uv":[1.5,10,2,12.5],"texture":"#0"},"west":{"uv":[2,10,2.5,12.5],"texture":"#0"},"up":{"uv":[11,9,10.5,8.5],"texture":"#0"},"down":{"uv":[11,9,10.5,9.5],"texture":"#0"}}},{"from":[2.5,19.25,12],"to":[7.5,26.25,13],"rotation":{"angle":22.5,"axis":"x","origin":[5.5,22,11.5]},"faces":{"north":{"uv":[5,7,7.5,10.5],"texture":"#0"},"east":{"uv":[0,9.5,0.5,13],"texture":"#0"},"south":{"uv":[7.5,0,10,3.5],"texture":"#0"},"west":{"uv":[0.5,9.5,1,13],"texture":"#0"},"up":{"uv":[12.5,6.5,10,6],"texture":"#0"},"down":{"uv":[12.5,6.5,10,7],"texture":"#0"}}},{"from":[4.5,17.25,13],"to":[5.5,22.25,14],"rotation":{"angle":-22.5,"axis":"x","origin":[5.5,22,11.5]},"faces":{"north":{"uv":[2.5,10,3,12.5],"texture":"#0"},"east":{"uv":[3,10,3.5,12.5],"texture":"#0"},"south":{"uv":[3.5,10,4,12.5],"texture":"#0"},"west":{"uv":[10,7,10.5,9.5],"texture":"#0"},"up":{"uv":[11,10,10.5,9.5],"texture":"#0"},"down":{"uv":[11,10,10.5,10.5],"texture":"#0"}}}],"display":{"thirdperson_righthand":{"rotation":[75,45,0],"translation":[-1.5,2.5,0],"scale":[0.375,0.375,0.375]},"thirdperson_lefthand":{"rotation":[75,45,0],"translation":[-1.5,2.5,0],"scale":[0.375,0.375,0.375]},"firstperson_righthand":{"rotation":[0,118,0],"translation":[0,-0.75,1],"scale":[0.4,0.4,0.4]},"firstperson_lefthand":{"rotation":[0,118,0],"translation":[0,-0.75,1],"scale":[0.4,0.4,0.4]},"ground":{"translation":[0,3,0],"scale":[0.25,0.25,0.25]},"gui":{"rotation":[30,225,0],"translation":[2.25,-4.25,0],"scale":[0.625,0.625,0.625]},"head":{"translation":[0,-30.25,-3],"scale":[1.6,1.6,1.6]},"fixed":{"translation":[-1.75,16.25,-33.5],"scale":[4,4,4]}},"groups":[{"name":"root","origin":[8,8,8],"color":0,"children":[0,1,2,3,4,5,6,7,8,9,10,11,12,13,14]}]}