{"credit":"MadewithBlockbench","texture_size":[32,32],"textures":{"1":"decorations:watering_plant","particle":"decorations:watering_plant"},"elements":[{"from":[4.33144,4.25197,6.3007],"to":[5.23144,4.85197,6.9007],"faces":{"north":{"uv":[7.5,10.5,8,11],"texture":"#1","tintindex":0},"east":{"uv":[8.5,10.5,9,11],"texture":"#1"},"south":{"uv":[9,10.5,9.5,11],"texture":"#1"},"west":{"uv":[10.5,9,11,9.5],"texture":"#1"},"up":{"uv":[10,11,9.5,10.5],"texture":"#1"},"down":{"uv":[11,9.5,10.5,10],"texture":"#1"}}},{"from":[2.93492,3.79752,6.30095],"to":[3.53492,4.09752,6.90095],"rotation":{"angle":-45,"axis":"z","origin":[3.43492,3.89752,6.50095]},"faces":{"north":{"uv":[10,10.5,10.5,11],"texture":"#1","tintindex":0},"east":{"uv":[10.5,10.5,11,11],"texture":"#1"},"south":{"uv":[0,11,0.5,11.5],"texture":"#1"},"west":{"uv":[0.5,11,1,11.5],"texture":"#1"},"up":{"uv":[1.5,11.5,1,11],"texture":"#1"},"down":{"uv":[11.5,1,11,1.5],"texture":"#1"}}},{"from":[2.89615,3.70401,6.30109],"to":[3.49615,4.00401,6.90109],"rotation":{"angle":-22.5,"axis":"z","origin":[3.39615,3.80401,6.50109]},"faces":{"north":{"uv":[1.5,11,2,11.5],"texture":"#1","tintindex":0},"east":{"uv":[11,1.5,11.5,2],"texture":"#1"},"south":{"uv":[11,2,11.5,2.5],"texture":"#1"},"west":{"uv":[2.5,11,3,11.5],"texture":"#1"},"up":{"uv":[11.5,3,11,2.5],"texture":"#1"},"down":{"uv":[3.5,10.5,3,11],"texture":"#1"}}},{"from":[2.89554,1.60304,6.30141],"to":[3.49554,3.90304,6.90141],"faces":{"north":{"uv":[9,8,9.5,9],"texture":"#1","tintindex":0},"east":{"uv":[9,9,9.5,10],"texture":"#1"},"south":{"uv":[9.5,4,10,5],"texture":"#1"},"west":{"uv":[9.5,8,10,9],"texture":"#1"},"up":{"uv":[11.5,3.5,11,3],"texture":"#1"},"down":{"uv":[4,10.5,3.5,11],"texture":"#1"}}},{"from":[2.93418,1.50968,6.30118],"to":[3.53418,1.80968,6.90118],"rotation":{"angle":22.5,"axis":"z","origin":[3.43418,1.60968,6.50118]},"faces":{"north":{"uv":[11,3.5,11.5,4],"texture":"#1","tintindex":0},"east":{"uv":[4,11,4.5,11.5],"texture":"#1"},"south":{"uv":[11,4,11.5,4.5],"texture":"#1"},"west":{"uv":[11,4.5,11.5,5],"texture":"#1"},"up":{"uv":[5.5,11.5,5,11],"texture":"#1"},"down":{"uv":[11.5,5,11,5.5],"texture":"#1"}}},{"from":[3.30561,1.0382,6.30093],"to":[3.60561,1.6382,6.90093],"rotation":{"angle":-45,"axis":"z","origin":[3.50561,1.5382,6.50093]},"faces":{"north":{"uv":[5.5,11,6,11.5],"texture":"#1","tintindex":0},"east":{"uv":[11,5.5,11.5,6],"texture":"#1"},"south":{"uv":[6,11,6.5,11.5],"texture":"#1"},"west":{"uv":[11,6,11.5,6.5],"texture":"#1"},"up":{"uv":[7,11.5,6.5,11],"texture":"#1"},"down":{"uv":[11.5,6.5,11,7],"texture":"#1"}}},{"from":[3.39895,0.99951,6.3007],"to":[4.59895,1.59951,6.9007],"rotation":{"angle":-22.5,"axis":"z","origin":[3.59895,1.49951,6.5007]},"faces":{"north":{"uv":[5.5,10.5,6,11],"texture":"#1","tintindex":0},"east":{"uv":[6,10.5,6.5,11],"texture":"#1"},"south":{"uv":[10.5,6,11,6.5],"texture":"#1"},"west":{"uv":[10.5,6.5,11,7],"texture":"#1"},"up":{"uv":[7.5,11,7,10.5],"texture":"#1"},"down":{"uv":[11,7,10.5,7.5],"texture":"#1"}}},{"from":[4.33149,0.65488,6.3007],"to":[5.23149,1.25488,6.9007],"faces":{"north":{"uv":[7,11,7.5,11.5],"texture":"#1","tintindex":0},"east":{"uv":[11,7,11.5,7.5],"texture":"#1"},"south":{"uv":[7.5,11,8,11.5],"texture":"#1"},"west":{"uv":[11,7.5,11.5,8],"texture":"#1"},"up":{"uv":[8.5,11.5,8,11],"texture":"#1"},"down":{"uv":[11.5,8,11,8.5],"texture":"#1"}}},{"from":[3.40651,3.86907,6.3007],"to":[4.60651,4.46907,6.9007],"rotation":{"angle":22.5,"axis":"z","origin":[3.50651,3.96907,6.5007]},"faces":{"north":{"uv":[8.5,11,9,11.5],"texture":"#1","tintindex":0},"east":{"uv":[11,8.5,11.5,9],"texture":"#1"},"south":{"uv":[9,11,9.5,11.5],"texture":"#1"},"west":{"uv":[11,9,11.5,9.5],"texture":"#1"},"up":{"uv":[10,11.5,9.5,11],"texture":"#1"},"down":{"uv":[11.5,9.5,11,10],"texture":"#1"}}},{"from":[11.11498,5.71193,6.30693],"to":[13.31498,6.11193,6.70693],"rotation":{"angle":-22.5,"axis":"z","origin":[6.01498,8.01193,7.00693]},"faces":{"north":{"uv":[9,6.5,10,7],"texture":"#1","tintindex":0},"east":{"uv":[10,11,10.5,11.5],"texture":"#1"},"south":{"uv":[9.5,5,10.5,5.5],"texture":"#1"},"west":{"uv":[11,10,11.5,10.5],"texture":"#1"},"up":{"uv":[10.5,9.5,9.5,9],"texture":"#1"},"down":{"uv":[10.5,9,9.5,9.5],"texture":"#1"}}},{"from":[6.3,0.1,4.4],"to":[8.8,0.6,4.8],"faces":{"north":{"uv":[8.5,1,10,1.5],"texture":"#1","tintindex":0},"east":{"uv":[10.5,11,11,11.5],"texture":"#1"},"south":{"uv":[8.5,1.5,10,2],"texture":"#1"},"west":{"uv":[11,10.5,11.5,11],"texture":"#1"},"up":{"uv":[10,2.5,8.5,2],"texture":"#1"},"down":{"uv":[10,2.5,8.5,3],"texture":"#1"}}},{"from":[5.4,0.1,5.2],"to":[5.8,0.6,7.7],"faces":{"north":{"uv":[11,11,11.5,11.5],"texture":"#1","tintindex":0},"east":{"uv":[8.5,3,10,3.5],"texture":"#1"},"south":{"uv":[0,11.5,0.5,12],"texture":"#1"},"west":{"uv":[8.5,3.5,10,4],"texture":"#1"},"up":{"uv":[9,5.5,8.5,4],"texture":"#1"},"down":{"uv":[10,5.5,9.5,7],"texture":"#1"}}},{"from":[9.2,0.1,5.3],"to":[9.6,0.6,7.8],"faces":{"north":{"uv":[11.5,0,12,0.5],"texture":"#1","tintindex":0},"east":{"uv":[8.5,7,10,7.5],"texture":"#1"},"south":{"uv":[0.5,11.5,1,12],"texture":"#1"},"west":{"uv":[8.5,7.5,10,8],"texture":"#1"},"up":{"uv":[9,9.5,8.5,8],"texture":"#1"},"down":{"uv":[10,4,9.5,5.5],"texture":"#1"}}},{"from":[6.2,0.1,8.2],"to":[8.7,0.6,8.6],"faces":{"north":{"uv":[10,1,11,1.5],"texture":"#1","tintindex":0},"east":{"uv":[11.5,0.5,12,1],"texture":"#1"},"south":{"uv":[10,1.5,11,2],"texture":"#1"},"west":{"uv":[1,11.5,1.5,12],"texture":"#1"},"up":{"uv":[3,10.5,2,10],"texture":"#1"},"down":{"uv":[11,2,10,2.5],"texture":"#1"}}},{"from":[5.7,0.1,4.8],"to":[9.3,0.6,8.2],"faces":{"north":{"uv":[8.5,0,10.5,0.5],"texture":"#1","tintindex":0},"east":{"uv":[9,5.5,10.5,6],"texture":"#1"},"south":{"uv":[8.5,0.5,10.5,1],"texture":"#1"},"west":{"uv":[9,6,10.5,6.5],"texture":"#1"},"up":{"uv":[2,1.5,0,0],"texture":"#1"},"down":{"uv":[2,1.5,0,3],"texture":"#1"}}},{"from":[6.23158,-0.00542,8.3773],"to":[7.23158,5.29458,8.8773],"rotation":{"angle":-22.5,"axis":"y","origin":[6.73158,0.49458,8.3773]},"faces":{"north":{"uv":[2,0,2.5,2.5],"texture":"#1","tintindex":0},"east":{"uv":[2.5,0,3,2.5],"texture":"#1"},"south":{"uv":[2,2.5,2.5,5],"texture":"#1"},"west":{"uv":[2.5,2.5,3,5],"texture":"#1"},"up":{"uv":[12,1.5,11.5,1],"texture":"#1"},"down":{"uv":[2,11.5,1.5,12],"texture":"#1"}}},{"from":[7.00218,-0.00542,4.00324],"to":[8.00218,5.29458,4.50324],"faces":{"north":{"uv":[0,3,0.5,5.5],"texture":"#1","tintindex":0},"east":{"uv":[3,0,3.5,2.5],"texture":"#1"},"south":{"uv":[0.5,3,1,5.5],"texture":"#1"},"west":{"uv":[1,3,1.5,5.5],"texture":"#1"},"up":{"uv":[12,2,11.5,1.5],"texture":"#1"},"down":{"uv":[2.5,11.5,2,12],"texture":"#1"}}},{"from":[6.22967,-0.00161,4.15462],"to":[7.22967,5.29839,4.65462],"rotation":{"angle":22.5,"axis":"y","origin":[6.72967,0.49839,4.65462]},"faces":{"north":{"uv":[1.5,3,2,5.5],"texture":"#1","tintindex":0},"east":{"uv":[3,2.5,3.5,5],"texture":"#1"},"south":{"uv":[3.5,0,4,2.5],"texture":"#1"},"west":{"uv":[3.5,2.5,4,5],"texture":"#1"},"up":{"uv":[12,2.5,11.5,2],"texture":"#1"},"down":{"uv":[3,11.5,2.5,12],"texture":"#1"}}},{"from":[5.57715,-0.00352,4.59227],"to":[6.57715,5.29648,5.09227],"rotation":{"angle":45,"axis":"y","origin":[6.07715,0.49648,5.09227]},"faces":{"north":{"uv":[4,0,4.5,2.5],"texture":"#1","tintindex":0},"east":{"uv":[4,2.5,4.5,5],"texture":"#1"},"south":{"uv":[4.5,0,5,2.5],"texture":"#1"},"west":{"uv":[4.5,2.5,5,5],"texture":"#1"},"up":{"uv":[12,3,11.5,2.5],"texture":"#1"},"down":{"uv":[3.5,11.5,3,12],"texture":"#1"}}},{"from":[5.14179,-0.00542,5.24631],"to":[5.64179,5.29458,6.24631],"rotation":{"angle":-22.5,"axis":"y","origin":[5.64179,0.49458,5.74631]},"faces":{"north":{"uv":[5,0,5.5,2.5],"texture":"#1","tintindex":0},"east":{"uv":[2,5,2.5,7.5],"texture":"#1"},"south":{"uv":[2.5,5,3,7.5],"texture":"#1"},"west":{"uv":[5,2.5,5.5,5],"texture":"#1"},"up":{"uv":[12,3.5,11.5,3],"texture":"#1"},"down":{"uv":[3,10.5,2.5,11],"texture":"#1"}}},{"from":[7.77277,-0.00542,4.15652],"to":[8.77277,5.29458,4.65652],"rotation":{"angle":-22.5,"axis":"y","origin":[8.27277,0.49458,4.65652]},"faces":{"north":{"uv":[3,5,3.5,7.5],"texture":"#1","tintindex":0},"east":{"uv":[3.5,5,4,7.5],"texture":"#1"},"south":{"uv":[4,5,4.5,7.5],"texture":"#1"},"west":{"uv":[4.5,5,5,7.5],"texture":"#1"},"up":{"uv":[12,4,11.5,3.5],"texture":"#1"},"down":{"uv":[4.5,11.5,4,12],"texture":"#1"}}},{"from":[8.92605,-0.00542,4.59303],"to":[9.42605,5.29458,5.59303],"rotation":{"angle":45,"axis":"y","origin":[8.92605,0.49458,5.09303]},"faces":{"north":{"uv":[5,5,5.5,7.5],"texture":"#1","tintindex":0},"east":{"uv":[0,5.5,0.5,8],"texture":"#1"},"south":{"uv":[5.5,0,6,2.5],"texture":"#1"},"west":{"uv":[0.5,5.5,1,8],"texture":"#1"},"up":{"uv":[12,4.5,11.5,4],"texture":"#1"},"down":{"uv":[5,11,4.5,11.5],"texture":"#1"}}},{"from":[9.51584,-0.00542,6.01691],"to":[10.01584,5.29458,7.01691],"faces":{"north":{"uv":[1,5.5,1.5,8],"texture":"#1","tintindex":0},"east":{"uv":[1.5,5.5,2,8],"texture":"#1"},"south":{"uv":[5.5,2.5,6,5],"texture":"#1"},"west":{"uv":[5.5,5,6,7.5],"texture":"#1"},"up":{"uv":[12,5,11.5,4.5],"texture":"#1"},"down":{"uv":[5.5,10,5,10.5],"texture":"#1"}}},{"from":[9.36256,-0.00542,5.24631],"to":[9.86256,5.29458,6.24631],"rotation":{"angle":22.5,"axis":"y","origin":[9.36256,0.49458,5.74631]},"faces":{"north":{"uv":[6,0,6.5,2.5],"texture":"#1","tintindex":0},"east":{"uv":[6,2.5,6.5,5],"texture":"#1"},"south":{"uv":[6,5,6.5,7.5],"texture":"#1"},"west":{"uv":[6.5,0,7,2.5],"texture":"#1"},"up":{"uv":[12,5.5,11.5,5],"texture":"#1"},"down":{"uv":[5.5,10,5,10.5],"texture":"#1"}}},{"from":[7.00218,-0.00542,8.53058],"to":[8.00218,5.29458,9.03058],"faces":{"north":{"uv":[6.5,2.5,7,5],"texture":"#1","tintindex":0},"east":{"uv":[6.5,5,7,7.5],"texture":"#1"},"south":{"uv":[7,0,7.5,2.5],"texture":"#1"},"west":{"uv":[7,2.5,7.5,5],"texture":"#1"},"up":{"uv":[12,6,11.5,5.5],"texture":"#1"},"down":{"uv":[6.5,11.5,6,12],"texture":"#1"}}},{"from":[7.77277,-0.00542,8.3773],"to":[8.77277,5.29458,8.8773],"rotation":{"angle":22.5,"axis":"y","origin":[8.27277,0.49458,8.3773]},"faces":{"north":{"uv":[7,5,7.5,7.5],"texture":"#1","tintindex":0},"east":{"uv":[7.5,0,8,2.5],"texture":"#1"},"south":{"uv":[2,7.5,2.5,10],"texture":"#1"},"west":{"uv":[2.5,7.5,3,10],"texture":"#1"},"up":{"uv":[12,6.5,11.5,6],"texture":"#1"},"down":{"uv":[7,11.5,6.5,12],"texture":"#1"}}},{"from":[8.42605,-0.00542,7.94079],"to":[9.42605,5.29458,8.44079],"rotation":{"angle":45,"axis":"y","origin":[8.92605,0.49458,7.94079]},"faces":{"north":{"uv":[7.5,2.5,8,5],"texture":"#1","tintindex":0},"east":{"uv":[3,7.5,3.5,10],"texture":"#1"},"south":{"uv":[3.5,7.5,4,10],"texture":"#1"},"west":{"uv":[4,7.5,4.5,10],"texture":"#1"},"up":{"uv":[12,7,11.5,6.5],"texture":"#1"},"down":{"uv":[7.5,11.5,7,12],"texture":"#1"}}},{"from":[9.36256,-0.00542,6.78751],"to":[9.86256,5.29458,7.78751],"rotation":{"angle":-22.5,"axis":"y","origin":[9.36256,0.49458,7.28751]},"faces":{"north":{"uv":[4.5,7.5,5,10],"texture":"#1","tintindex":0},"east":{"uv":[5,7.5,5.5,10],"texture":"#1"},"south":{"uv":[7.5,5,8,7.5],"texture":"#1"},"west":{"uv":[5.5,7.5,6,10],"texture":"#1"},"up":{"uv":[12,7.5,11.5,7],"texture":"#1"},"down":{"uv":[7.5,10,7,10.5],"texture":"#1"}}},{"from":[4.98851,-0.00542,6.01691],"to":[5.48851,5.29458,7.01691],"faces":{"north":{"uv":[6,7.5,6.5,10],"texture":"#1","tintindex":0},"east":{"uv":[6.5,7.5,7,10],"texture":"#1"},"south":{"uv":[7,7.5,7.5,10],"texture":"#1"},"west":{"uv":[7.5,7.5,8,10],"texture":"#1"},"up":{"uv":[12,8,11.5,7.5],"texture":"#1"},"down":{"uv":[8.5,10.5,8,11],"texture":"#1"}}},{"from":[5.14179,-0.00542,6.78751],"to":[5.64179,5.29458,7.78751],"rotation":{"angle":22.5,"axis":"y","origin":[5.64179,0.49458,7.28751]},"faces":{"north":{"uv":[0,8,0.5,10.5],"texture":"#1","tintindex":0},"east":{"uv":[8,0,8.5,2.5],"texture":"#1"},"south":{"uv":[0.5,8,1,10.5],"texture":"#1"},"west":{"uv":[1,8,1.5,10.5],"texture":"#1"},"up":{"uv":[12,8.5,11.5,8],"texture":"#1"},"down":{"uv":[9,12,8.5,12.5],"texture":"#1"}}},{"from":[5.5783,-0.00542,7.44079],"to":[6.0783,5.29458,8.44079],"rotation":{"angle":45,"axis":"y","origin":[6.0783,0.49458,7.94079]},"faces":{"north":{"uv":[1.5,8,2,10.5],"texture":"#1","tintindex":0},"east":{"uv":[8,2.5,8.5,5],"texture":"#1"},"south":{"uv":[8,5,8.5,7.5],"texture":"#1"},"west":{"uv":[8,7.5,8.5,10],"texture":"#1"},"up":{"uv":[12,9,11.5,8.5],"texture":"#1"},"down":{"uv":[10,11.5,9.5,12],"texture":"#1"}}},{"from":[8.40648,-0.30688,6.01762],"to":[8.62648,0.57312,6.89762],"rotation":{"angle":45,"axis":"z","origin":[5.81648,8.01312,6.90762]},"faces":{"north":{"uv":[11.5,9,12,9.5],"texture":"#1","tintindex":0},"east":{"uv":[9.5,11.5,10,12],"texture":"#1"},"south":{"uv":[11.5,9.5,12,10],"texture":"#1"},"west":{"uv":[10,11.5,10.5,12],"texture":"#1"},"up":{"uv":[12,10.5,11.5,10],"texture":"#1"},"down":{"uv":[11,11.5,10.5,12],"texture":"#1"}}},{"from":[3.34648,-0.41688,5.90762],"to":[5.54648,0.68312,7.00762],"rotation":{"angle":45,"axis":"z","origin":[5.81648,8.01312,6.90762]},"faces":{"north":{"uv":[10,2.5,11,3],"texture":"#1","tintindex":0},"east":{"uv":[11.5,10.5,12,11],"texture":"#1"},"south":{"uv":[3,10,4,10.5],"texture":"#1"},"west":{"uv":[11,11.5,11.5,12],"texture":"#1"},"up":{"uv":[11,3.5,10,3],"texture":"#1"},"down":{"uv":[11,3,10,3.5],"texture":"#1"}}},{"from":[5.54648,-0.30688,6.01762],"to":[6.64648,0.57312,6.89762],"rotation":{"angle":45,"axis":"z","origin":[5.81648,8.01312,6.90762]},"faces":{"north":{"uv":[11.5,11,12,11.5],"texture":"#1","tintindex":0},"east":{"uv":[11.5,11.5,12,12],"texture":"#1"},"south":{"uv":[0,12,0.5,12.5],"texture":"#1"},"west":{"uv":[12,0,12.5,0.5],"texture":"#1"},"up":{"uv":[1,12.5,0.5,12],"texture":"#1"},"down":{"uv":[12.5,1,12,1.5],"texture":"#1"}}},{"from":[6.64648,-0.19688,6.12762],"to":[7.74648,0.46312,6.78762],"rotation":{"angle":45,"axis":"z","origin":[5.81648,8.01312,6.90762]},"faces":{"north":{"uv":[1,12,1.5,12.5],"texture":"#1","tintindex":0},"east":{"uv":[12,1,12.5,1.5],"texture":"#1"},"south":{"uv":[1.5,12,2,12.5],"texture":"#1"},"west":{"uv":[12,1.5,12.5,2],"texture":"#1"},"up":{"uv":[2.5,12.5,2,12],"texture":"#1"},"down":{"uv":[12.5,2.5,12,3],"texture":"#1"}}},{"from":[7.74648,-0.08688,6.23762],"to":[8.84648,0.35312,6.67762],"rotation":{"angle":45,"axis":"z","origin":[5.81648,8.01312,6.90762]},"faces":{"north":{"uv":[2.5,12,3,12.5],"texture":"#1","tintindex":0},"east":{"uv":[12,2.5,12.5,3],"texture":"#1"},"south":{"uv":[3,12,3.5,12.5],"texture":"#1"},"west":{"uv":[12,3,12.5,3.5],"texture":"#1"},"up":{"uv":[4,12.5,3.5,12],"texture":"#1"},"down":{"uv":[12.5,3,12,3.5],"texture":"#1"}}},{"from":[8.84648,-0.63688,5.68762],"to":[9.17648,0.80312,7.12762],"rotation":{"angle":45,"axis":"z","origin":[5.81648,8.01312,6.90762]},"faces":{"north":{"uv":[4,12,4.5,12.5],"texture":"#1","tintindex":0},"east":{"uv":[12,4,12.5,4.5],"texture":"#1"},"south":{"uv":[4.5,12,5,12.5],"texture":"#1"},"west":{"uv":[12,4.5,12.5,5],"texture":"#1"},"up":{"uv":[5.5,12.5,5,12],"texture":"#1"},"down":{"uv":[12.5,4.5,12,5],"texture":"#1"}}},{"from":[8.84648,-0.63688,5.35762],"to":[9.17648,0.80312,5.68762],"rotation":{"angle":45,"axis":"z","origin":[5.81648,8.01312,6.90762]},"faces":{"north":{"uv":[5.5,12,6,12.5],"texture":"#1","tintindex":0},"east":{"uv":[12,5.5,12.5,6],"texture":"#1"},"south":{"uv":[6,12,6.5,12.5],"texture":"#1"},"west":{"uv":[12,6,12.5,6.5],"texture":"#1"},"up":{"uv":[7,12.5,6.5,12],"texture":"#1"},"down":{"uv":[12.5,5.5,12,6],"texture":"#1"}}},{"from":[8.84648,-0.63688,7.12762],"to":[9.17648,0.80312,7.45762],"rotation":{"angle":45,"axis":"z","origin":[5.81648,8.01312,6.90762]},"faces":{"north":{"uv":[7,12,7.5,12.5],"texture":"#1","tintindex":0},"east":{"uv":[12,7,12.5,7.5],"texture":"#1"},"south":{"uv":[7.5,12,8,12.5],"texture":"#1"},"west":{"uv":[12,7.5,12.5,8],"texture":"#1"},"up":{"uv":[8.5,12.5,8,12],"texture":"#1"},"down":{"uv":[12.5,7,12,7.5],"texture":"#1"}}},{"from":[8.84648,0.80312,5.68762],"to":[9.17648,1.13312,7.12762],"rotation":{"angle":45,"axis":"z","origin":[5.81648,8.01312,6.90762]},"faces":{"north":{"uv":[8.5,12,9,12.5],"texture":"#1","tintindex":0},"east":{"uv":[12,8.5,12.5,9],"texture":"#1"},"south":{"uv":[9,12,9.5,12.5],"texture":"#1"},"west":{"uv":[12,9,12.5,9.5],"texture":"#1"},"up":{"uv":[10,12.5,9.5,12],"texture":"#1"},"down":{"uv":[13,9.5,12.5,10],"texture":"#1"}}},{"from":[8.84648,-0.96688,5.68762],"to":[9.17648,-0.63688,7.12762],"rotation":{"angle":45,"axis":"z","origin":[5.81648,8.01312,6.90762]},"faces":{"north":{"uv":[10,12,10.5,12.5],"texture":"#1","tintindex":0},"east":{"uv":[12,10,12.5,10.5],"texture":"#1"},"south":{"uv":[10.5,12,11,12.5],"texture":"#1"},"west":{"uv":[12,10.5,12.5,11],"texture":"#1"},"up":{"uv":[11.5,12.5,11,12],"texture":"#1"},"down":{"uv":[13,11,12.5,11.5],"texture":"#1"}}},{"from":[9.17648,-0.63688,5.68762],"to":[9.39648,0.80312,7.12762],"rotation":{"angle":45,"axis":"z","origin":[5.81648,8.01312,6.90762]},"faces":{"north":{"uv":[11.5,12,12,12.5],"texture":"#1","tintindex":0},"east":{"uv":[12,11.5,12.5,12],"texture":"#1"},"south":{"uv":[12,12,12.5,12.5],"texture":"#1"},"west":{"uv":[0,12.5,0.5,13],"texture":"#1"},"up":{"uv":[13,0.5,12.5,0],"texture":"#1"},"down":{"uv":[1,12,0.5,12.5],"texture":"#1"}}},{"from":[8.62648,-0.63688,5.68762],"to":[8.84648,0.80312,7.12762],"rotation":{"angle":45,"axis":"z","origin":[5.81648,8.01312,6.90762]},"faces":{"north":{"uv":[12.5,0.5,13,1],"texture":"#1","tintindex":0},"east":{"uv":[1,12.5,1.5,13],"texture":"#1"},"south":{"uv":[12.5,1,13,1.5],"texture":"#1"},"west":{"uv":[1.5,12.5,2,13],"texture":"#1"},"up":{"uv":[13,2,12.5,1.5],"texture":"#1"},"down":{"uv":[2.5,12,2,12.5],"texture":"#1"}}},{"from":[9.37648,-0.33688,6.78762],"to":[9.49648,-0.09688,7.02762],"rotation":{"angle":45,"axis":"z","origin":[5.81648,8.01312,6.90762]},"faces":{"north":{"uv":[12.5,2,13,2.5],"texture":"#1","tintindex":0},"east":{"uv":[2.5,12.5,3,13],"texture":"#1"},"south":{"uv":[12.5,2.5,13,3],"texture":"#1"},"west":{"uv":[3,12.5,3.5,13],"texture":"#1"},"up":{"uv":[13,3.5,12.5,3],"texture":"#1"},"down":{"uv":[4.5,12.5,4,13],"texture":"#1"}}},{"from":[9.37648,-0.33688,5.78762],"to":[9.49648,-0.09688,6.02762],"rotation":{"angle":45,"axis":"z","origin":[5.81648,8.01312,6.90762]},"faces":{"north":{"uv":[12.5,3.5,13,4],"texture":"#1","tintindex":0},"east":{"uv":[4,12.5,4.5,13],"texture":"#1"},"south":{"uv":[12.5,4,13,4.5],"texture":"#1"},"west":{"uv":[4.5,12.5,5,13],"texture":"#1"},"up":{"uv":[13,5,12.5,4.5],"texture":"#1"},"down":{"uv":[6,12.5,5.5,13],"texture":"#1"}}},{"from":[9.37648,-0.53688,6.28762],"to":[9.49648,-0.29688,6.52762],"rotation":{"angle":45,"axis":"z","origin":[5.81648,8.01312,6.90762]},"faces":{"north":{"uv":[12.5,5,13,5.5],"texture":"#1","tintindex":0},"east":{"uv":[5.5,12.5,6,13],"texture":"#1"},"south":{"uv":[12.5,5.5,13,6],"texture":"#1"},"west":{"uv":[6,12.5,6.5,13],"texture":"#1"},"up":{"uv":[13,6.5,12.5,6],"texture":"#1"},"down":{"uv":[7.5,12.5,7,13],"texture":"#1"}}},{"from":[9.37648,-0.03688,6.28762],"to":[9.49648,0.20312,6.52762],"rotation":{"angle":45,"axis":"z","origin":[5.81648,8.01312,6.90762]},"faces":{"north":{"uv":[12.5,6.5,13,7],"texture":"#1","tintindex":0},"east":{"uv":[7,12.5,7.5,13],"texture":"#1"},"south":{"uv":[12.5,7,13,7.5],"texture":"#1"},"west":{"uv":[7.5,12.5,8,13],"texture":"#1"},"up":{"uv":[13,8,12.5,7.5],"texture":"#1"},"down":{"uv":[9,12.5,8.5,13],"texture":"#1"}}},{"from":[9.37648,0.26312,6.78762],"to":[9.49648,0.50312,7.02762],"rotation":{"angle":45,"axis":"z","origin":[5.81648,8.01312,6.90762]},"faces":{"north":{"uv":[12.5,8,13,8.5],"texture":"#1","tintindex":0},"east":{"uv":[8.5,12.5,9,13],"texture":"#1"},"south":{"uv":[12.5,8.5,13,9],"texture":"#1"},"west":{"uv":[9,12.5,9.5,13],"texture":"#1"},"up":{"uv":[13,9.5,12.5,9],"texture":"#1"},"down":{"uv":[10.5,12.5,10,13],"texture":"#1"}}},{"from":[9.37648,0.46312,6.28762],"to":[9.49648,0.70312,6.52762],"rotation":{"angle":45,"axis":"z","origin":[5.81648,8.01312,6.90762]},"faces":{"north":{"uv":[12.5,9.5,13,10],"texture":"#1","tintindex":0},"east":{"uv":[10,12.5,10.5,13],"texture":"#1"},"south":{"uv":[12.5,10,13,10.5],"texture":"#1"},"west":{"uv":[10.5,12.5,11,13],"texture":"#1"},"up":{"uv":[13,11,12.5,10.5],"texture":"#1"},"down":{"uv":[12,12.5,11.5,13],"texture":"#1"}}},{"from":[9.37648,0.26312,5.78762],"to":[9.49648,0.50312,6.02762],"rotation":{"angle":45,"axis":"z","origin":[5.81648,8.01312,6.90762]},"faces":{"north":{"uv":[12.5,11,13,11.5],"texture":"#1","tintindex":0},"east":{"uv":[11.5,12.5,12,13],"texture":"#1"},"south":{"uv":[12.5,11.5,13,12],"texture":"#1"},"west":{"uv":[12,12.5,12.5,13],"texture":"#1"},"up":{"uv":[13,12.5,12.5,12],"texture":"#1"},"down":{"uv":[13,12,12.5,12.5],"texture":"#1"}}},{"from":[7.2,5.2,8.52734],"to":[7.8,6.2,9.02734],"faces":{"north":{"uv":[0,13,0.5,13.5],"texture":"#1","tintindex":0},"east":{"uv":[13,0,13.5,0.5],"texture":"#1"},"south":{"uv":[0.5,13,1,13.5],"texture":"#1"},"west":{"uv":[13,0.5,13.5,1],"texture":"#1"},"up":{"uv":[1.5,13.5,1,13],"texture":"#1"},"down":{"uv":[13.5,1,13,1.5],"texture":"#1"}}},{"from":[7.2,5.9706,8.37406],"to":[7.8,6.9706,8.87406],"rotation":{"angle":-22.5,"axis":"x","origin":[7.5,6.4706,8.37406]},"faces":{"north":{"uv":[1.5,13,2,13.5],"texture":"#1","tintindex":0},"east":{"uv":[13,1.5,13.5,2],"texture":"#1"},"south":{"uv":[2,13,2.5,13.5],"texture":"#1"},"west":{"uv":[13,2,13.5,2.5],"texture":"#1"},"up":{"uv":[3,13.5,2.5,13],"texture":"#1"},"down":{"uv":[13.5,2.5,13,3],"texture":"#1"}}},{"from":[7.2,7.06322,8.99821],"to":[7.8,8.06322,9.49821],"rotation":{"angle":-45,"axis":"x","origin":[7.5,6.06322,8.99821]},"faces":{"north":{"uv":[3,13,3.5,13.5],"texture":"#1","tintindex":0},"east":{"uv":[13,3,13.5,3.5],"texture":"#1"},"south":{"uv":[3.5,13,4,13.5],"texture":"#1"},"west":{"uv":[13,3.5,13.5,4],"texture":"#1"},"up":{"uv":[4.5,13.5,4,13],"texture":"#1"},"down":{"uv":[13.5,4,13,4.5],"texture":"#1"}}},{"from":[7.2,6.60368,6.59397],"to":[7.8,7.10368,7.59397],"rotation":{"angle":22.5,"axis":"x","origin":[7.5,6.60368,9.59397]},"faces":{"north":{"uv":[4.5,13,5,13.5],"texture":"#1","tintindex":0},"east":{"uv":[13,4.5,13.5,5],"texture":"#1"},"south":{"uv":[5,13,5.5,13.5],"texture":"#1"},"west":{"uv":[13,5,13.5,5.5],"texture":"#1"},"up":{"uv":[6,13.5,5.5,13],"texture":"#1"},"down":{"uv":[13.5,5.5,13,6],"texture":"#1"}}},{"from":[7.2,7.71367,6.01367],"to":[7.8,8.21367,7.01367],"faces":{"north":{"uv":[6,13,6.5,13.5],"texture":"#1","tintindex":0},"east":{"uv":[13,6,13.5,6.5],"texture":"#1"},"south":{"uv":[6.5,13,7,13.5],"texture":"#1"},"west":{"uv":[13,6.5,13.5,7],"texture":"#1"},"up":{"uv":[7.5,13.5,7,13],"texture":"#1"},"down":{"uv":[13.5,7,13,7.5],"texture":"#1"}}},{"from":[7.2,6.60368,5.43337],"to":[7.8,7.10368,6.43337],"rotation":{"angle":-22.5,"axis":"x","origin":[7.5,6.60368,3.43337]},"faces":{"north":{"uv":[7.5,13,8,13.5],"texture":"#1","tintindex":0},"east":{"uv":[13,7.5,13.5,8],"texture":"#1"},"south":{"uv":[8,13,8.5,13.5],"texture":"#1"},"west":{"uv":[13,8,13.5,8.5],"texture":"#1"},"up":{"uv":[9,13.5,8.5,13],"texture":"#1"},"down":{"uv":[13.5,8.5,13,9],"texture":"#1"}}},{"from":[7.2,7.06322,3.52913],"to":[7.8,8.06322,4.02913],"rotation":{"angle":45,"axis":"x","origin":[7.5,6.06322,4.02913]},"faces":{"north":{"uv":[9,13,9.5,13.5],"texture":"#1","tintindex":0},"east":{"uv":[13,9,13.5,9.5],"texture":"#1"},"south":{"uv":[9.5,13,10,13.5],"texture":"#1"},"west":{"uv":[13,9.5,13.5,10],"texture":"#1"},"up":{"uv":[10.5,13.5,10,13],"texture":"#1"},"down":{"uv":[13.5,10,13,10.5],"texture":"#1"}}},{"from":[7.2,5.9706,4.15328],"to":[7.8,6.9706,4.65328],"rotation":{"angle":22.5,"axis":"x","origin":[7.5,6.4706,4.65328]},"faces":{"north":{"uv":[10.5,13,11,13.5],"texture":"#1","tintindex":0},"east":{"uv":[13,10.5,13.5,11],"texture":"#1"},"south":{"uv":[11,13,11.5,13.5],"texture":"#1"},"west":{"uv":[13,11,13.5,11.5],"texture":"#1"},"up":{"uv":[12,13.5,11.5,13],"texture":"#1"},"down":{"uv":[13.5,11.5,13,12],"texture":"#1"}}},{"from":[7.2,5.2,4],"to":[7.8,6.2,4.5],"faces":{"north":{"uv":[12,13,12.5,13.5],"texture":"#1","tintindex":0},"east":{"uv":[13,12,13.5,12.5],"texture":"#1"},"south":{"uv":[12.5,13,13,13.5],"texture":"#1"},"west":{"uv":[13,12.5,13.5,13],"texture":"#1"},"up":{"uv":[13.5,13.5,13,13],"texture":"#1"},"down":{"uv":[0.5,13.5,0,14],"texture":"#1"}}},{"from":[7.10113,5.29458,7.03037],"to":[7.90113,5.69458,8.53037],"faces":{"north":{"uv":[13.5,0,14,0.5],"texture":"#1","tintindex":0},"east":{"uv":[4,10,5,10.5],"texture":"#1"},"south":{"uv":[0.5,13.5,1,14],"texture":"#1"},"west":{"uv":[10,4,11,4.5],"texture":"#1"},"up":{"uv":[9,10.5,8.5,9.5],"texture":"#1"},"down":{"uv":[5.5,10,5,11],"texture":"#1"}}},{"from":[7.09922,5.29839,4.50155],"to":[7.89922,5.69839,6.00155],"faces":{"north":{"uv":[13.5,0.5,14,1],"texture":"#1","tintindex":0},"east":{"uv":[10,4.5,11,5],"texture":"#1"},"south":{"uv":[1,13.5,1.5,14],"texture":"#1"},"west":{"uv":[5.5,10,6.5,10.5],"texture":"#1"},"up":{"uv":[7,11,6.5,10],"texture":"#1"},"down":{"uv":[10.5,6.5,10,7.5],"texture":"#1"}}},{"from":[7.66982,5.29839,4.65483],"to":[8.46982,5.69839,5.75483],"rotation":{"angle":-22.5,"axis":"y","origin":[8.16982,0.89839,5.15483]},"faces":{"north":{"uv":[13.5,1,14,1.5],"texture":"#1","tintindex":0},"east":{"uv":[1.5,13.5,2,14],"texture":"#1"},"south":{"uv":[13.5,1.5,14,2],"texture":"#1"},"west":{"uv":[2,13.5,2.5,14],"texture":"#1"},"up":{"uv":[14,2.5,13.5,2],"texture":"#1"},"down":{"uv":[3,13.5,2.5,14],"texture":"#1"}}},{"from":[7.33833,5.29839,5.0148],"to":[9.13833,5.69839,5.8148],"rotation":{"angle":45,"axis":"y","origin":[8.63833,0.89839,5.5148]},"faces":{"north":{"uv":[7,10,8,10.5],"texture":"#1","tintindex":0},"east":{"uv":[13.5,2.5,14,3],"texture":"#1"},"south":{"uv":[10,7.5,11,8],"texture":"#1"},"west":{"uv":[3,13.5,3.5,14],"texture":"#1"},"up":{"uv":[11,8.5,10,8],"texture":"#1"},"down":{"uv":[11,8,10,8.5],"texture":"#1"}}},{"from":[8.43341,5.29839,5.52666],"to":[9.43341,5.69839,6.32666],"rotation":{"angle":22.5,"axis":"y","origin":[8.93341,0.89839,6.02666]},"faces":{"north":{"uv":[13.5,3,14,3.5],"texture":"#1","tintindex":0},"east":{"uv":[3.5,13.5,4,14],"texture":"#1"},"south":{"uv":[13.5,3.5,14,4],"texture":"#1"},"west":{"uv":[4,13.5,4.5,14],"texture":"#1"},"up":{"uv":[14,4.5,13.5,4],"texture":"#1"},"down":{"uv":[5,13,4.5,13.5],"texture":"#1"}}},{"from":[7.41206,5.29458,6.11943],"to":[9.51206,5.69458,6.91943],"faces":{"north":{"uv":[9,10,10,10.5],"texture":"#1","tintindex":0},"east":{"uv":[13.5,4.5,14,5],"texture":"#1"},"south":{"uv":[10,10,11,10.5],"texture":"#1"},"west":{"uv":[5,13.5,5.5,14],"texture":"#1"},"up":{"uv":[1,11,0,10.5],"texture":"#1"},"down":{"uv":[11.5,0,10.5,0.5],"texture":"#1"}}},{"from":[8.43532,5.29458,6.70526],"to":[9.43532,5.69458,7.50526],"rotation":{"angle":-22.5,"axis":"y","origin":[8.93532,0.89458,7.00526]},"faces":{"north":{"uv":[13.5,5,14,5.5],"texture":"#1","tintindex":0},"east":{"uv":[5.5,13.5,6,14],"texture":"#1"},"south":{"uv":[13.5,5.5,14,6],"texture":"#1"},"west":{"uv":[6,13.5,6.5,14],"texture":"#1"},"up":{"uv":[14,6.5,13.5,6],"texture":"#1"},"down":{"uv":[6.5,13.5,6,14],"texture":"#1"}}},{"from":[8.14023,5.29458,6.21712],"to":[8.94023,5.69458,8.01712],"rotation":{"angle":45,"axis":"y","origin":[8.64023,0.89458,7.51712]},"faces":{"north":{"uv":[13.5,6.5,14,7],"texture":"#1","tintindex":0},"east":{"uv":[10.5,0.5,11.5,1],"texture":"#1"},"south":{"uv":[7,13.5,7.5,14],"texture":"#1"},"west":{"uv":[1,10.5,2,11],"texture":"#1"},"up":{"uv":[8.5,11,8,10],"texture":"#1"},"down":{"uv":[2.5,10.5,2,11.5],"texture":"#1"}}},{"from":[7.67173,5.29458,7.37709],"to":[8.47173,5.69458,8.37709],"rotation":{"angle":22.5,"axis":"y","origin":[8.17173,0.89458,7.87709]},"faces":{"north":{"uv":[13.5,7,14,7.5],"texture":"#1","tintindex":0},"east":{"uv":[7.5,13.5,8,14],"texture":"#1"},"south":{"uv":[13.5,7.5,14,8],"texture":"#1"},"west":{"uv":[8,13.5,8.5,14],"texture":"#1"},"up":{"uv":[14,8.5,13.5,8],"texture":"#1"},"down":{"uv":[9,13.5,8.5,14],"texture":"#1"}}},{"from":[7.01997,5.29839,4.61677],"to":[7.51997,5.69839,5.61677],"rotation":{"angle":22.5,"axis":"y","origin":[7.01997,0.89839,5.61677]},"faces":{"north":{"uv":[13.5,8.5,14,9],"texture":"#1","tintindex":0},"east":{"uv":[9,13.5,9.5,14],"texture":"#1"},"south":{"uv":[13.5,9,14,9.5],"texture":"#1"},"west":{"uv":[9.5,13.5,10,14],"texture":"#1"},"up":{"uv":[14,10,13.5,9.5],"texture":"#1"},"down":{"uv":[10.5,13.5,10,14],"texture":"#1"}}},{"from":[6.98381,5.29458,5.40649],"to":[7.48381,5.69458,7.60649],"faces":{"north":{"uv":[13.5,10,14,10.5],"texture":"#1","tintindex":0},"east":{"uv":[2.5,10.5,3.5,11],"texture":"#1"},"south":{"uv":[10.5,13.5,11,14],"texture":"#1"},"west":{"uv":[3.5,10.5,4.5,11],"texture":"#1"},"up":{"uv":[5,11.5,4.5,10.5],"texture":"#1"},"down":{"uv":[11,5,10.5,6],"texture":"#1"}}},{"from":[7.02187,5.29458,7.41515],"to":[7.52187,5.69458,8.41515],"rotation":{"angle":-22.5,"axis":"y","origin":[7.02187,0.89458,7.41515]},"faces":{"north":{"uv":[13.5,10.5,14,11],"texture":"#1","tintindex":0},"east":{"uv":[11,13.5,11.5,14],"texture":"#1"},"south":{"uv":[13.5,11,14,11.5],"texture":"#1"},"west":{"uv":[11.5,13.5,12,14],"texture":"#1"},"up":{"uv":[14,12,13.5,11.5],"texture":"#1"},"down":{"uv":[12.5,13.5,12,14],"texture":"#1"}}}],"display":{"thirdperson_righthand":{"rotation":[74,106,-11],"translation":[0.25,5.5,3.25]},"thirdperson_lefthand":{"rotation":[74,-67,7],"translation":[-3.25,4.5,3.25]},"firstperson_righthand":{"rotation":[0,101,0],"translation":[1.5,4.25,0]},"firstperson_lefthand":{"rotation":[0,-72,0],"translation":[-0.25,4.25,0]},"ground":{"translation":[0,4.5,0]},"gui":{"rotation":[30,225,0],"translation":[-1,3.75,0]},"head":{"translation":[0.75,18.75,2.25],"scale":[1.5,1.5,1.5]},"fixed":{"rotation":[-90,0,0],"translation":[0.75,4.25,-23],"scale":[3,3,3]}},"groups":[{"name":"handle","origin":[8,8,8],"color":0,"children":[0,1,2,3,4,5,6,7,8,9]},{"name":"Bottom","origin":[8,8,8],"color":0,"children":[10,11,12,13,14]},{"name":"Walls","origin":[8,8,8],"color":0,"children":[15,16,17,18,19,20,21,22,23,24,25,26,27,28,29,30]},{"name":"Spout","origin":[8,8,8],"color":0,"children":[31,32,33,34,35,36,37,38,39,40,41,42,43,44,45,46,47,48,49]},{"name":"handle","origin":[8,8,8],"color":0,"children":[50,51,52,53,54,55,56,57,58]},{"name":"Lid","origin":[8,8,8],"color":0,"children":[59,60,61,62,63,64,65,66,67,68,69,70]}]}