{
	"format_version": "1.12.0",
	"minecraft:geometry": [
		{
			"description": {
				"identifier": "geometry.windmill_blade",
				"texture_width": 16,
				"texture_height": 16,
				"visible_bounds_width": 8,
				"visible_bounds_height": 8,
				"visible_bounds_offset": [0, 1, 0]
			},
			"bones": [
				{
					"name": "bone2",
					"pivot": [8, 0, -7],
					"cubes": [
						{
							"origin": [-3, -2, -1],
							"size": [6, 6, 4],
							"uv": {
								"north": {"uv": [5.625, 2.4], "uv_size": [2, 1.9625]},
								"east": {"uv": [5.625, 4.5375], "uv_size": [1.975, 1.9375]},
								"south": {"uv": [5.625, 2.4], "uv_size": [2, 1.9625]},
								"west": {"uv": [5.625, 4.5125], "uv_size": [2, 1.9625]},
								"up": {"uv": [7.625, 6.4625], "uv_size": [-2, -1.95]},
								"down": {"uv": [7.625, 6.4875], "uv_size": [-2, -1.95]}
							}
						}
					]
				},
				{
					"name": "bone",
					"parent": "bone2",
					"pivot": [0, 1, 1],
					"cubes": [
						{
							"origin": [-53.775, 1.775, 1],
							"size": [46.8, 7.15, 0],
							"uv": {
								"north": {"uv": [4.63, 14.125], "uv_size": [-2.13, -11.875]},
								"east": {"uv": [0, 0], "uv_size": [0, 0]},
								"south": {"uv": [4.63, 14.125], "uv_size": [-2.13, -11.875]},
								"west": {"uv": [0, 0], "uv_size": [0, 0]},
								"up": {"uv": [0, 0], "uv_size": [0, 0]},
								"down": {"uv": [0, 0], "uv_size": [0, 0]}
							}
						},
						{
							"origin": [-53.775, 9.675, 1],
							"size": [46.8, 6.95, 0],
							"uv": {
								"north": {"uv": [4.63, 14.125], "uv_size": [-2.13, -11.875]},
								"east": {"uv": [0, 0], "uv_size": [0, 0]},
								"south": {"uv": [4.63, 14.125], "uv_size": [-2.13, -11.875]},
								"west": {"uv": [0, 0], "uv_size": [0, 0]},
								"up": {"uv": [0, 0], "uv_size": [0, 0]},
								"down": {"uv": [0, 0], "uv_size": [0, 0]}
							}
						},
						{
							"origin": [-5.225, 0.275, 0],
							"size": [3, 2, 2],
							"uv": {
								"north": {"uv": [6.5, 11], "uv_size": [1, 1.5]},
								"east": {"uv": [6.5, 11], "uv_size": [1, 1.5]},
								"south": {"uv": [6.5, 11], "uv_size": [1, 1.5]},
								"west": {"uv": [6.375, 1.75], "uv_size": [0.5, 0.5]},
								"up": {"uv": [7.5, 12.5], "uv_size": [-1, -1.5]},
								"down": {"uv": [7.5, 12.5], "uv_size": [-1, -1.5]}
							}
						},
						{
							"origin": [-55.175, 2.025, 0.25],
							"size": [1.5, 16.2, 1.5],
							"uv": {
								"north": {"uv": [9.75, 1.75], "uv_size": [4.5, 0.625]},
								"east": {"uv": [9.75, 1.75], "uv_size": [4.5, 0.625]},
								"south": {"uv": [9.75, 1.75], "uv_size": [4.5, 0.625]},
								"west": {"uv": [9.75, 1.75], "uv_size": [4.5, 0.625]},
								"up": {"uv": [14.25, 2.375], "uv_size": [-4.5, -0.625]},
								"down": {"uv": [14.25, 2.375], "uv_size": [-4.5, -0.625]}
							}
						},
						{
							"origin": [-55.225, 0.525, 0.25],
							"size": [50, 1.5, 1.5],
							"uv": {
								"north": {"uv": [8, 1.75], "uv_size": [0.625, 12]},
								"east": {"uv": [8, 1.75], "uv_size": [0.625, 12]},
								"south": {"uv": [8, 1.75], "uv_size": [0.625, 12]},
								"west": {"uv": [8, 1.75], "uv_size": [0.625, 12]},
								"up": {"uv": [8.625, 13.75], "uv_size": [-0.625, -12]},
								"down": {"uv": [8.625, 13.75], "uv_size": [-0.625, -12]}
							}
						},
						{
							"origin": [-53.875, 1.775, 0.85],
							"size": [46.9, 16.15, 0.2],
							"uv": {
								"north": {"uv": [9.75, 2.5125], "uv_size": [4.8175, 11.75]},
								"east": {"uv": [0, 0], "uv_size": [0, 0]},
								"south": {"uv": [9.745, 2.375], "uv_size": [4.6925, 11.875]},
								"west": {"uv": [14.38, 4.375], "uv_size": [-4.63, -0.25]},
								"up": {"uv": [10.125, 14.25], "uv_size": [-0.375, -11.875]},
								"down": {"uv": [0, 0], "uv_size": [0, 0]}
							}
						},
						{
							"origin": [-7.65, -52.8, 1],
							"size": [7.15, 46.8, 0],
							"uv": {
								"north": {"uv": [2.5, 2.25], "uv_size": [2.13, 11.875]},
								"east": {"uv": [0, 0], "uv_size": [0, 0]},
								"south": {"uv": [2.5, 2.25], "uv_size": [2.13, 11.875]},
								"west": {"uv": [0, 0], "uv_size": [0, 0]},
								"up": {"uv": [0, 0], "uv_size": [0, 0]},
								"down": {"uv": [0, 0], "uv_size": [0, 0]}
							}
						},
						{
							"origin": [-15.35, -52.8, 1],
							"size": [6.95, 46.8, 0],
							"uv": {
								"north": {"uv": [2.5, 2.25], "uv_size": [2.13, 11.875]},
								"east": {"uv": [0, 0], "uv_size": [0, 0]},
								"south": {"uv": [2.5, 2.25], "uv_size": [2.13, 11.875]},
								"west": {"uv": [0, 0], "uv_size": [0, 0]},
								"up": {"uv": [0, 0], "uv_size": [0, 0]},
								"down": {"uv": [0, 0], "uv_size": [0, 0]}
							}
						},
						{
							"origin": [-1, -4.25, 0],
							"size": [2, 3, 2],
							"uv": {
								"north": {"uv": [7.5, 12.5], "uv_size": [-1, -1.5]},
								"east": {"uv": [7.5, 12.5], "uv_size": [-1, -1.5]},
								"south": {"uv": [7.5, 12.5], "uv_size": [-1, -1.5]},
								"west": {"uv": [7.5, 12.5], "uv_size": [-1, -1.5]},
								"up": {"uv": [6.375, 1.75], "uv_size": [0.5, 0.5]},
								"down": {"uv": [6.5, 11], "uv_size": [1, 1.5]}
							}
						},
						{
							"origin": [-16.95, -54.2, 0.25],
							"size": [16.2, 1.5, 1.5],
							"uv": {
								"north": {"uv": [14.25, 2.375], "uv_size": [-4.5, -0.625]},
								"east": {"uv": [14.25, 2.375], "uv_size": [-4.5, -0.625]},
								"south": {"uv": [14.25, 2.375], "uv_size": [-4.5, -0.625]},
								"west": {"uv": [14.25, 2.375], "uv_size": [-4.5, -0.625]},
								"up": {"uv": [9.75, 1.75], "uv_size": [4.5, 0.625]},
								"down": {"uv": [9.75, 1.75], "uv_size": [4.5, 0.625]}
							}
						},
						{
							"origin": [-0.75, -54.25, 0.25],
							"size": [1.5, 50, 1.5],
							"uv": {
								"north": {"uv": [8.625, 13.75], "uv_size": [-0.625, -12]},
								"east": {"uv": [8.625, 13.75], "uv_size": [-0.625, -12]},
								"south": {"uv": [8.625, 13.75], "uv_size": [-0.625, -12]},
								"west": {"uv": [8.625, 13.75], "uv_size": [-0.625, -12]},
								"up": {"uv": [8, 1.75], "uv_size": [0.625, 12]},
								"down": {"uv": [8, 1.75], "uv_size": [0.625, 12]}
							}
						},
						{
							"origin": [-16.65, -52.9, 0.85],
							"size": [16.15, 46.9, 0.2],
							"uv": {
								"north": {"uv": [14.5675, 14.2625], "uv_size": [-4.8175, -11.75]},
								"east": {"uv": [10.125, 14.25], "uv_size": [-0.375, -11.875]},
								"south": {"uv": [14.4375, 14.25], "uv_size": [-4.6925, -11.875]},
								"west": {"uv": [0, 0], "uv_size": [0, 0]},
								"up": {"uv": [14.38, 4.375], "uv_size": [-4.63, -0.25]},
								"down": {"uv": [0, 0], "uv_size": [0, 0]}
							}
						},
						{
							"origin": [6.825, -6.425, 1],
							"size": [46.8, 7.15, 0],
							"uv": {
								"north": {"uv": [4.63, 14.125], "uv_size": [-2.13, -11.875]},
								"east": {"uv": [0, 0], "uv_size": [0, 0]},
								"south": {"uv": [4.63, 14.125], "uv_size": [-2.13, -11.875]},
								"west": {"uv": [0, 0], "uv_size": [0, 0]},
								"up": {"uv": [0, 0], "uv_size": [0, 0]},
								"down": {"uv": [0, 0], "uv_size": [0, 0]}
							}
						},
						{
							"origin": [6.825, -14.125, 1],
							"size": [46.8, 6.95, 0],
							"uv": {
								"north": {"uv": [4.63, 14.125], "uv_size": [-2.13, -11.875]},
								"east": {"uv": [0, 0], "uv_size": [0, 0]},
								"south": {"uv": [4.63, 14.125], "uv_size": [-2.13, -11.875]},
								"west": {"uv": [0, 0], "uv_size": [0, 0]},
								"up": {"uv": [0, 0], "uv_size": [0, 0]},
								"down": {"uv": [0, 0], "uv_size": [0, 0]}
							}
						},
						{
							"origin": [2.075, 0.225, 0],
							"size": [3, 2, 2],
							"uv": {
								"north": {"uv": [6.5, 11], "uv_size": [1, 1.5]},
								"east": {"uv": [6.375, 1.75], "uv_size": [0.5, 0.5]},
								"south": {"uv": [6.5, 11], "uv_size": [1, 1.5]},
								"west": {"uv": [6.5, 11], "uv_size": [1, 1.5]},
								"up": {"uv": [7.5, 12.5], "uv_size": [-1, -1.5]},
								"down": {"uv": [7.5, 12.5], "uv_size": [-1, -1.5]}
							}
						},
						{
							"origin": [53.525, -15.725, 0.25],
							"size": [1.5, 16.2, 1.5],
							"uv": {
								"north": {"uv": [9.75, 1.75], "uv_size": [4.5, 0.625]},
								"east": {"uv": [9.75, 1.75], "uv_size": [4.5, 0.625]},
								"south": {"uv": [9.75, 1.75], "uv_size": [4.5, 0.625]},
								"west": {"uv": [9.75, 1.75], "uv_size": [4.5, 0.625]},
								"up": {"uv": [14.25, 2.375], "uv_size": [-4.5, -0.625]},
								"down": {"uv": [14.25, 2.375], "uv_size": [-4.5, -0.625]}
							}
						},
						{
							"origin": [5.075, 0.475, 0.25],
							"size": [50, 1.5, 1.5],
							"uv": {
								"north": {"uv": [8, 1.75], "uv_size": [0.625, 12]},
								"east": {"uv": [8, 1.75], "uv_size": [0.625, 12]},
								"south": {"uv": [8, 1.75], "uv_size": [0.625, 12]},
								"west": {"uv": [8, 1.75], "uv_size": [0.625, 12]},
								"up": {"uv": [8.625, 13.75], "uv_size": [-0.625, -12]},
								"down": {"uv": [8.625, 13.75], "uv_size": [-0.625, -12]}
							}
						},
						{
							"origin": [6.825, -15.425, 0.85],
							"size": [46.9, 16.15, 0.2],
							"uv": {
								"north": {"uv": [9.75, 2.5125], "uv_size": [4.8175, 11.75]},
								"east": {"uv": [14.38, 4.375], "uv_size": [-4.63, -0.25]},
								"south": {"uv": [9.745, 2.375], "uv_size": [4.6925, 11.875]},
								"west": {"uv": [0, 0], "uv_size": [0, 0]},
								"up": {"uv": [0, 0], "uv_size": [0, 0]},
								"down": {"uv": [10.125, 14.25], "uv_size": [-0.375, -11.875]}
							}
						},
						{
							"origin": [0.5, 8, 1],
							"size": [7.15, 46.8, 0],
							"uv": {
								"north": {"uv": [4.63, 14.125], "uv_size": [-2.13, -11.875]},
								"east": {"uv": [0, 0], "uv_size": [0, 0]},
								"south": {"uv": [4.63, 14.125], "uv_size": [-2.13, -11.875]},
								"west": {"uv": [0, 0], "uv_size": [0, 0]},
								"up": {"uv": [0, 0], "uv_size": [0, 0]},
								"down": {"uv": [0, 0], "uv_size": [0, 0]}
							}
						},
						{
							"origin": [8.4, 8, 1],
							"size": [6.95, 46.8, 0],
							"uv": {
								"north": {"uv": [4.63, 14.125], "uv_size": [-2.13, -11.875]},
								"east": {"uv": [0, 0], "uv_size": [0, 0]},
								"south": {"uv": [4.63, 14.125], "uv_size": [-2.13, -11.875]},
								"west": {"uv": [0, 0], "uv_size": [0, 0]},
								"up": {"uv": [0, 0], "uv_size": [0, 0]},
								"down": {"uv": [0, 0], "uv_size": [0, 0]}
							}
						},
						{
							"origin": [-1, 3.25, 0],
							"size": [2, 3, 2],
							"uv": {
								"north": {"uv": [6.5, 11], "uv_size": [1, 1.5]},
								"east": {"uv": [6.5, 11], "uv_size": [1, 1.5]},
								"south": {"uv": [6.5, 11], "uv_size": [1, 1.5]},
								"west": {"uv": [6.5, 11], "uv_size": [1, 1.5]},
								"up": {"uv": [7.5, 12.5], "uv_size": [-1, -1.5]},
								"down": {"uv": [6.875, 2.25], "uv_size": [-0.5, -0.5]}
							}
						},
						{
							"origin": [0.75, 54.7, 0.25],
							"size": [16.2, 1.5, 1.5],
							"uv": {
								"north": {"uv": [9.75, 1.75], "uv_size": [4.5, 0.625]},
								"east": {"uv": [9.75, 1.75], "uv_size": [4.5, 0.625]},
								"south": {"uv": [9.75, 1.75], "uv_size": [4.5, 0.625]},
								"west": {"uv": [9.75, 1.75], "uv_size": [4.5, 0.625]},
								"up": {"uv": [14.25, 2.375], "uv_size": [-4.5, -0.625]},
								"down": {"uv": [14.25, 2.375], "uv_size": [-4.5, -0.625]}
							}
						},
						{
							"origin": [-0.75, 6.25, 0.25],
							"size": [1.5, 50, 1.5],
							"uv": {
								"north": {"uv": [8, 1.75], "uv_size": [0.625, 12]},
								"east": {"uv": [8, 1.75], "uv_size": [0.625, 12]},
								"south": {"uv": [8, 1.75], "uv_size": [0.625, 12]},
								"west": {"uv": [8, 1.75], "uv_size": [0.625, 12]},
								"up": {"uv": [8.625, 13.75], "uv_size": [-0.625, -12]},
								"down": {"uv": [8.625, 13.75], "uv_size": [-0.625, -12]}
							}
						},
						{
							"origin": [0.5, 8, 0.85],
							"size": [16.15, 46.9, 0.2],
							"uv": {
								"north": {"uv": [9.75, 2.5125], "uv_size": [4.8175, 11.75]},
								"east": {"uv": [0, 0], "uv_size": [0, 0]},
								"south": {"uv": [9.745, 2.375], "uv_size": [4.6925, 11.875]},
								"west": {"uv": [9.75, 2.375], "uv_size": [0.375, 11.875]},
								"up": {"uv": [0, 0], "uv_size": [0, 0]},
								"down": {"uv": [9.75, 4.125], "uv_size": [4.63, 0.25]}
							}
						},
						{
							"origin": [-1, 0, -1.1],
							"size": [2, 2, 4.2],
							"uv": {
								"north": {"uv": [6.375, 1.75], "uv_size": [0.4875, 0.475]},
								"east": {"uv": [6.375, 1.75], "uv_size": [0.4875, 0.475]},
								"south": {"uv": [6.375, 1.75], "uv_size": [0.4875, 0.475]},
								"west": {"uv": [6.375, 1.75], "uv_size": [0.4875, 0.475]},
								"up": {"uv": [6.8625, 2.225], "uv_size": [-0.4875, -0.475]},
								"down": {"uv": [6.8625, 2.225], "uv_size": [-0.4875, -0.475]}
							}
						}
					]
				},
				{
					"name": "hitbox",
					"pivot": [0, 0, 0],
					"cubes": [
						{
							"origin": [-5, -3, -2],
							"size": [10, 8, 6],
							"uv": {
								"north": {"uv": [0, 0], "uv_size": [10, 8]},
								"east": {"uv": [0, 0], "uv_size": [6, 8]},
								"south": {"uv": [0, 0], "uv_size": [10, 8]},
								"west": {"uv": [0, 0], "uv_size": [6, 8]},
								"up": {"uv": [10, 6], "uv_size": [-10, -6]},
								"down": {"uv": [10, 6], "uv_size": [-10, -6]}
							}
						}
					]
				}
			]
		}
	]
}