{"credit":"MadewithBlockbench","texture_size":[32,32],"textures":{"3":"decorations:witch_cauldron"},"elements":[{"from":[14,0,3],"to":[14,5.25,7],"rotation":{"angle":0,"axis":"y","origin":[3,3.125,13]},"faces":{"north":{"uv":[0,0,0,2.625],"texture":"#3"},"east":{"uv":[0,3,2,5.625],"texture":"#3"},"south":{"uv":[0,0,0,2.625],"texture":"#3"},"west":{"uv":[2,3,4,5.625],"texture":"#3"},"up":{"uv":[0,2,0,0],"texture":"#3"},"down":{"uv":[0,0,0,2],"texture":"#3"}}},{"from":[13.5,0,0.5],"to":[13.5,5.25,3.5],"rotation":{"angle":0,"axis":"y","origin":[13.5,2.625,2]},"faces":{"north":{"uv":[0,0,0,2.625],"texture":"#3"},"east":{"uv":[7.5,2,9,4.625],"texture":"#3"},"south":{"uv":[0,0,0,2.625],"texture":"#3"},"west":{"uv":[4,7.5,5.5,10.125],"texture":"#3"},"up":{"uv":[0,1.5,0,0],"texture":"#3"},"down":{"uv":[0,0,0,1.5],"texture":"#3"}}},{"from":[12,0,2],"to":[15,5.25,2],"rotation":{"angle":0,"axis":"y","origin":[12.5,3.625,2]},"faces":{"north":{"uv":[6,2,7.5,4.625],"texture":"#3"},"east":{"uv":[0,0,0,2.625],"texture":"#3"},"south":{"uv":[6,5,7.5,7.625],"texture":"#3"},"west":{"uv":[0,0,0,2.625],"texture":"#3"},"up":{"uv":[1.5,0,0,0],"texture":"#3"},"down":{"uv":[1.5,0,0,0],"texture":"#3"}}},{"from":[12,0,5],"to":[16,5.25,5],"rotation":{"angle":0,"axis":"y","origin":[1.23069,1.93125,13.21819]},"faces":{"north":{"uv":[0,0,2,2.625],"texture":"#3"},"east":{"uv":[0,0,0,2.625],"texture":"#3"},"south":{"uv":[2,0,4,2.625],"texture":"#3"},"west":{"uv":[0,0,0,2.625],"texture":"#3"},"up":{"uv":[2,0,0,0],"texture":"#3"},"down":{"uv":[2,0,0,0],"texture":"#3"}}},{"from":[6,0.5,6],"to":[10,5,10],"rotation":{"angle":0,"axis":"y","origin":[8,14,8]},"faces":{"north":{"uv":[4,0,6,2.25],"texture":"#3"},"east":{"uv":[4,2.5,6,4.75],"texture":"#3"},"south":{"uv":[4,5,6,7.25],"texture":"#3"},"west":{"uv":[0,6,2,8.25],"texture":"#3"},"up":{"uv":[8,2,6,0],"texture":"#3"},"down":{"uv":[4,6,2,8],"texture":"#3"}}},{"from":[10,0.5,6],"to":[11,4.25,10],"rotation":{"angle":0,"axis":"y","origin":[10.5,14.25,8]},"faces":{"north":{"uv":[1,10.5,1.5,12.375],"texture":"#3"},"east":{"uv":[8,0,10,1.875],"texture":"#3"},"south":{"uv":[1.5,10.5,2,12.375],"texture":"#3"},"west":{"uv":[2,8,4,9.875],"texture":"#3"},"up":{"uv":[10,11,9.5,9],"texture":"#3"},"down":{"uv":[10.5,0,10,2],"texture":"#3"}}},{"from":[10,0.5,5.5],"to":[10.5,4.25,6],"rotation":{"angle":0,"axis":"y","origin":[10.5,14.25,4]},"faces":{"north":{"uv":[11.5,4,11.75,5.875],"texture":"#3"},"east":{"uv":[4.5,11.5,4.75,13.375],"texture":"#3"},"south":{"uv":[5,11.5,5.25,13.375],"texture":"#3"},"west":{"uv":[5.5,11.5,5.75,13.375],"texture":"#3"},"up":{"uv":[12.25,11.25,12,11],"texture":"#3"},"down":{"uv":[12.25,11.5,12,11.75],"texture":"#3"}}},{"from":[10,0.5,10],"to":[10.5,4.25,10.5],"rotation":{"angle":0,"axis":"y","origin":[10.5,14.25,12]},"faces":{"north":{"uv":[11.5,6,11.75,7.875],"texture":"#3"},"east":{"uv":[7,11.5,7.25,13.375],"texture":"#3"},"south":{"uv":[7.5,11.5,7.75,13.375],"texture":"#3"},"west":{"uv":[8,11.5,8.25,13.375],"texture":"#3"},"up":{"uv":[12.25,12.25,12,12],"texture":"#3"},"down":{"uv":[0.25,12.5,0,12.75],"texture":"#3"}}},{"from":[5.5,0.5,5.5],"to":[6,4.25,6],"rotation":{"angle":0,"axis":"y","origin":[5.5,14.25,4]},"faces":{"north":{"uv":[8.5,11.5,8.75,13.375],"texture":"#3"},"east":{"uv":[9,11.5,9.25,13.375],"texture":"#3"},"south":{"uv":[9.5,11.5,9.75,13.375],"texture":"#3"},"west":{"uv":[10,11.5,10.25,13.375],"texture":"#3"},"up":{"uv":[0.75,12.75,0.5,12.5],"texture":"#3"},"down":{"uv":[1.25,12.5,1,12.75],"texture":"#3"}}},{"from":[5.5,0.5,10],"to":[6,4.25,10.5],"rotation":{"angle":0,"axis":"y","origin":[5.5,14.25,12]},"faces":{"north":{"uv":[10.5,11.5,10.75,13.375],"texture":"#3"},"east":{"uv":[11.5,11,11.75,12.875],"texture":"#3"},"south":{"uv":[12,4,12.25,5.875],"texture":"#3"},"west":{"uv":[12,6,12.25,7.875],"texture":"#3"},"up":{"uv":[1.75,12.75,1.5,12.5],"texture":"#3"},"down":{"uv":[2.25,12.5,2,12.75],"texture":"#3"}}},{"from":[6,0.5,5],"to":[10,4.25,6],"rotation":{"angle":0,"axis":"y","origin":[8,14.25,8]},"faces":{"north":{"uv":[5.5,8,7.5,9.875],"texture":"#3"},"east":{"uv":[2,10.5,2.5,12.375],"texture":"#3"},"south":{"uv":[0,8.5,2,10.375],"texture":"#3"},"west":{"uv":[2.5,10.5,3,12.375],"texture":"#3"},"up":{"uv":[4,10.5,2,10],"texture":"#3"},"down":{"uv":[7.5,10,5.5,10.5],"texture":"#3"}}},{"from":[6,5,5.25],"to":[10,5.75,6],"rotation":{"angle":0,"axis":"y","origin":[8,17.375,5.5]},"faces":{"north":{"uv":[10.5,10.5,12.5,10.875],"texture":"#3"},"east":{"uv":[5.5,7.5,5.875,7.875],"texture":"#3"},"south":{"uv":[11,0,13,0.375],"texture":"#3"},"west":{"uv":[9,4,9.375,4.375],"texture":"#3"},"up":{"uv":[13,0.875,11,0.5],"texture":"#3"},"down":{"uv":[13,1,11,1.375],"texture":"#3"}}},{"from":[5.25,5,6],"to":[6,5.75,10],"rotation":{"angle":0,"axis":"y","origin":[8,17.375,8]},"faces":{"north":{"uv":[9,4.5,9.375,4.875],"texture":"#3"},"east":{"uv":[11,1.5,13,1.875],"texture":"#3"},"south":{"uv":[7,10.5,7.375,10.875],"texture":"#3"},"west":{"uv":[11,2,13,2.375],"texture":"#3"},"up":{"uv":[6.375,12.5,6,10.5],"texture":"#3"},"down":{"uv":[6.875,10.5,6.5,12.5],"texture":"#3"}}},{"from":[6,5,10],"to":[10,5.75,10.75],"rotation":{"angle":0,"axis":"y","origin":[8,17.375,10.5]},"faces":{"north":{"uv":[11,2.5,13,2.875],"texture":"#3"},"east":{"uv":[11.5,8,11.875,8.375],"texture":"#3"},"south":{"uv":[11,3,13,3.375],"texture":"#3"},"west":{"uv":[11.5,8.5,11.875,8.875],"texture":"#3"},"up":{"uv":[13,3.875,11,3.5],"texture":"#3"},"down":{"uv":[6,11,4,11.375],"texture":"#3"}}},{"from":[6.1875,4.7125,6.1875],"to":[9.8125,5.65,9.8125],"rotation":{"angle":0,"axis":"y","origin":[8,17.18125,8]},"faces":{"north":{"uv":[4,10.5,5.875,11],"texture":"#3"},"east":{"uv":[10.5,9,12.375,9.5],"texture":"#3"},"south":{"uv":[10.5,9.5,12.375,10],"texture":"#3"},"west":{"uv":[10.5,10,12.375,10.5],"texture":"#3"},"up":{"uv":[11.375,5.875,9.5,4],"texture":"#3"},"down":{"uv":[11.375,6,9.5,7.875],"texture":"#3"}}},{"from":[10,5,6],"to":[10.75,5.75,10],"rotation":{"angle":0,"axis":"y","origin":[8,17.375,8]},"faces":{"north":{"uv":[12,8,12.375,8.375],"texture":"#3"},"east":{"uv":[7,11,9,11.375],"texture":"#3"},"south":{"uv":[12,8.5,12.375,8.875],"texture":"#3"},"west":{"uv":[9,11,11,11.375],"texture":"#3"},"up":{"uv":[11.375,13,11,11],"texture":"#3"},"down":{"uv":[4.375,11.5,4,13.5],"texture":"#3"}}},{"from":[5,0.5,6],"to":[6,4.25,10],"rotation":{"angle":0,"axis":"y","origin":[5.5,14.25,8]},"faces":{"north":{"uv":[3,10.5,3.5,12.375],"texture":"#3"},"east":{"uv":[9,2,11,3.875],"texture":"#3"},"south":{"uv":[3.5,10.5,4,12.375],"texture":"#3"},"west":{"uv":[7.5,9,9.5,10.875],"texture":"#3"},"up":{"uv":[10.5,11,10,9],"texture":"#3"},"down":{"uv":[0.5,10.5,0,12.5],"texture":"#3"}}},{"from":[6,0.5,10],"to":[10,4.25,11],"rotation":{"angle":0,"axis":"y","origin":[8,14.25,8]},"faces":{"north":{"uv":[7.5,5,9.5,6.875],"texture":"#3"},"east":{"uv":[10.5,0,11,1.875],"texture":"#3"},"south":{"uv":[7.5,7,9.5,8.875],"texture":"#3"},"west":{"uv":[0.5,10.5,1,12.375],"texture":"#3"},"up":{"uv":[11.5,8.5,9.5,8],"texture":"#3"},"down":{"uv":[11.5,8.5,9.5,9],"texture":"#3"}}}],"display":{"thirdperson_righthand":{"translation":[0,4,0],"scale":[0.5,0.5,0.5]},"thirdperson_lefthand":{"translation":[0,4,0],"scale":[0.5,0.5,0.5]},"firstperson_righthand":{"rotation":[0,34,0],"translation":[0,-0.25,0],"scale":[0.7,0.7,0.7]},"firstperson_lefthand":{"rotation":[0,34,0],"translation":[0,-0.25,0],"scale":[0.7,0.7,0.7]},"ground":{"translation":[0,2.75,0],"scale":[0.5,0.5,0.5]},"gui":{"rotation":[17,22,0],"translation":[-0.25,-0.5,0],"scale":[0.7,0.7,0.7]},"fixed":{"rotation":[-90,0,0],"translation":[0,-1,-30.75],"scale":[4,4,4]}},"groups":[0,1,2,3,{"name":"group","origin":[8,14.25,8],"color":0,"children":[4,5,6,7,8,9,10,11,12,13,14,15,16,17]}]}