{"credit":"MadewithBlockbench","texture_size":[128,128],"textures":{"2":"decorations:wooden_bench"},"elements":[{"from":[-6,0,13],"to":[22,14,13],"rotation":{"angle":0,"axis":"y","origin":[23,0,0]},"faces":{"north":{"uv":[0,0,3.5,1.75],"texture":"#2"},"south":{"uv":[0,1.75,3.5,3.5],"texture":"#2"},"west":{"uv":[0,0,0,1.75],"texture":"#2"},"up":{"uv":[3.5,0,0,0],"texture":"#2"},"down":{"uv":[3.5,0,0,0],"texture":"#2"}}},{"from":[-6,0,0],"to":[22,0,12],"faces":{"up":{"uv":[3.5,5,0,3.5],"texture":"#2"},"down":{"uv":[7,0,3.5,1.5],"texture":"#2"}}},{"from":[22,-9,12],"to":[24.5,14,14.5],"rotation":{"angle":0,"axis":"y","origin":[11,8,13]},"faces":{"north":{"uv":[0,5.375,0.3125,8.25],"texture":"#2"},"east":{"uv":[0.375,5.375,0.6875,8.25],"texture":"#2"},"south":{"uv":[0.75,5.375,1.0625,8.25],"texture":"#2"},"west":{"uv":[1.125,5.375,1.4375,8.25],"texture":"#2"},"up":{"uv":[6.5625,6.9375,6.25,6.625],"texture":"#2"},"down":{"uv":[6.9375,6.5,6.625,6.8125],"texture":"#2"}}},{"from":[-8.3,-9,12],"to":[-5.8,14,14.5],"rotation":{"angle":0,"axis":"z","origin":[11,8,13]},"faces":{"north":{"uv":[1.5,5.375,1.8125,8.25],"texture":"#2"},"east":{"uv":[1.875,5.375,2.1875,8.25],"texture":"#2"},"south":{"uv":[2.25,5.375,2.5625,8.25],"texture":"#2"},"west":{"uv":[2.625,5.375,2.9375,8.25],"texture":"#2"},"up":{"uv":[6.9375,7.1875,6.625,6.875],"texture":"#2"},"down":{"uv":[7.3125,0,7,0.3125],"texture":"#2"}}},{"from":[-8,-10,-2],"to":[-5.5,-2,0.5],"rotation":{"angle":0,"axis":"y","origin":[10.8,7,12.4]},"faces":{"north":{"uv":[6.25,5.625,6.5625,6.625],"texture":"#2"},"east":{"uv":[3,6.375,3.3125,7.375],"texture":"#2"},"south":{"uv":[3.375,6.375,3.6875,7.375],"texture":"#2"},"west":{"uv":[3.75,6.375,4.0625,7.375],"texture":"#2"},"up":{"uv":[7.3125,0.6875,7,0.375],"texture":"#2"},"down":{"uv":[7.3125,0.75,7,1.0625],"texture":"#2"}}},{"from":[-8.4,14,12],"to":[24.6,16.5,14.5],"rotation":{"angle":0,"axis":"z","origin":[-6.5,8.2,13]},"faces":{"north":{"uv":[3.5,1.5,7.625,1.8125],"texture":"#2"},"east":{"uv":[7,1.125,7.3125,1.4375],"texture":"#2"},"south":{"uv":[3.5,1.875,7.625,2.1875],"texture":"#2"},"west":{"uv":[7,4.5,7.3125,4.8125],"texture":"#2"},"up":{"uv":[7.625,2.5625,3.5,2.25],"texture":"#2"},"down":{"uv":[7.625,2.625,3.5,2.9375],"texture":"#2"}}},{"from":[-5.8,-2,12],"to":[22.2,0.5,14.5],"rotation":{"angle":0,"axis":"y","origin":[-6.5,8.2,13]},"faces":{"north":{"uv":[3.5,4.5,7,4.8125],"texture":"#2"},"east":{"uv":[7,4.875,7.3125,5.1875],"texture":"#2"},"south":{"uv":[3.5,4.875,7,5.1875],"texture":"#2"},"west":{"uv":[7,5.25,7.3125,5.5625],"texture":"#2"},"up":{"uv":[3.5,5.3125,0,5],"texture":"#2"},"down":{"uv":[3.5,4.5,7,4.8125],"texture":"#2"}}},{"from":[-8.4,-2,-2],"to":[24.6,0.5,0.5],"rotation":{"angle":0,"axis":"y","origin":[-6.5,8.2,13]},"faces":{"north":{"uv":[3.5,3,7.625,3.3125],"texture":"#2"},"east":{"uv":[7,5.625,7.3125,5.9375],"texture":"#2"},"south":{"uv":[3.5,3.375,7.625,3.6875],"texture":"#2"},"west":{"uv":[7,6,7.3125,6.3125],"texture":"#2"},"up":{"uv":[7.625,4.0625,3.5,3.75],"texture":"#2"},"down":{"uv":[3.5,4.875,7,5.1875],"texture":"#2"}}},{"from":[-5.8,-2,12],"to":[22.2,0.5,14.5],"rotation":{"angle":0,"axis":"y","origin":[-6.5,8.2,13]},"faces":{"north":{"uv":[3.5,4.5,7,4.8125],"texture":"#2"},"east":{"uv":[7,4.875,7.3125,5.1875],"texture":"#2"},"south":{"uv":[3.5,4.875,7,5.1875],"texture":"#2"},"west":{"uv":[7,5.25,7.3125,5.5625],"texture":"#2"},"up":{"uv":[3.5,5.3125,0,5],"texture":"#2"},"down":{"uv":[3.5,4.5,7,4.8125],"texture":"#2"}}},{"from":[21.5,-9,-2],"to":[24,-2,0.5],"rotation":{"angle":0,"axis":"y","origin":[11.1,8,12.4]},"faces":{"north":{"uv":[5.125,6.375,5.4375,7.25],"texture":"#2"},"east":{"uv":[5.5,6.375,5.8125,7.25],"texture":"#2"},"south":{"uv":[5.875,6.375,6.1875,7.25],"texture":"#2"},"west":{"uv":[6.625,5.625,6.9375,6.5],"texture":"#2"},"up":{"uv":[6.5625,7.3125,6.25,7],"texture":"#2"},"down":{"uv":[7.3125,6.375,7,6.6875],"texture":"#2"}}},{"from":[22.5,-2,0.4],"to":[24,0.5,13.4],"rotation":{"angle":0,"axis":"x","origin":[11.1,8,12.4]},"faces":{"north":{"uv":[7,6.75,7.1875,7.0625],"texture":"#2"},"east":{"uv":[3,5.625,4.625,5.9375],"texture":"#2"},"south":{"uv":[7,7.125,7.1875,7.4375],"texture":"#2"},"west":{"uv":[4.625,5.625,6.25,5.9375],"texture":"#2"},"up":{"uv":[4.3125,8,4.125,6.375],"texture":"#2"},"down":{"uv":[4.5625,6.375,4.375,8],"texture":"#2"}}},{"from":[-7.5,-2,0.4],"to":[-6,0.5,13.4],"rotation":{"angle":0,"axis":"x","origin":[11.1,8,12.4]},"faces":{"north":{"uv":[5.125,7.25,5.3125,7.5625],"texture":"#2"},"east":{"uv":[3,6,4.625,6.3125],"texture":"#2"},"south":{"uv":[5.375,7.25,5.5625,7.5625],"texture":"#2"},"west":{"uv":[4.625,6,6.25,6.3125],"texture":"#2"},"up":{"uv":[4.8125,8,4.625,6.375],"texture":"#2"},"down":{"uv":[5.0625,6.375,4.875,8],"texture":"#2"}}}],"display":{"thirdperson_righthand":{"rotation":[0,156,0],"translation":[0,1.25,-0.25],"scale":[0.1,0.1,0.1]},"thirdperson_lefthand":{"rotation":[0,156,0],"translation":[0,1.25,-0.25],"scale":[0.1,0.1,0.1]},"firstperson_righthand":{"rotation":[2,125,0],"translation":[8,3.25,-2.5],"scale":[0.5,0.5,0.5]},"firstperson_lefthand":{"rotation":[2,125,0],"translation":[8,3.25,-2.5],"scale":[0.5,0.5,0.5]},"ground":{"translation":[0,2.5,0],"scale":[0.2,0.2,0.2]},"gui":{"rotation":[30,135,0],"translation":[0,2.25,0],"scale":[0.4,0.4,0.4]},"head":{"translation":[0,13.25,0],"scale":[0.4,0.4,0.4]},"fixed":{"rotation":[-90,0,0],"translation":[-16,4,-35],"scale":[2,2,2]}},"groups":[{"name":"group","origin":[8,8,8],"color":0,"children":[0,1]},{"name":"group","origin":[11.1,8,12.4],"color":0,"children":[2,3,4,5,6,7,8,9,10,11]}]}