{"credit":"MadewithBlockbench","textures":{"0":"3dfantasyweaponscit:item/nongfu/azure_greatsword","particle":"3dfantasyweaponscit:item/nongfu/azure_greatsword"},"elements":[{"name":"laser_blue_greatsword_test_10","from":[8,7.875,7.875],"to":[8.125,8.875,8.25],"rotation":{"angle":0,"axis":"x","origin":[7.13602,5.61668,8.05982]},"faces":{"north":{"uv":[8.25,3.375,8.375,2.375],"rotation":180,"texture":"#0"},"east":{"uv":[8.25,2.375,8.375,3.375],"texture":"#0"},"south":{"uv":[8.25,2.375,8.375,3.375],"texture":"#0"},"west":{"uv":[8.25,2.375,8.375,3.375],"texture":"#0"},"up":{"uv":[8.375,2.375,8.25,2.5],"rotation":180,"texture":"#0"},"down":{"uv":[8.25,3.25,8.375,3.375],"texture":"#0"}}},{"name":"laser_blue_greatsword_test_11","from":[7.875,7.5,7.875],"to":[8,8.625,8.25],"rotation":{"angle":0,"axis":"x","origin":[7.13602,5.61668,8.05982]},"faces":{"north":{"uv":[8.125,3.75,8.25,2.625],"rotation":180,"texture":"#0"},"east":{"uv":[8.125,2.625,8.25,3.75],"texture":"#0"},"south":{"uv":[8.125,2.625,8.25,3.75],"texture":"#0"},"west":{"uv":[8.125,2.625,8.25,3.75],"texture":"#0"},"up":{"uv":[8.25,2.625,8.125,2.75],"rotation":180,"texture":"#0"},"down":{"uv":[8.125,3.625,8.25,3.75],"texture":"#0"}}},{"name":"laser_blue_greatsword_test_12","from":[7.75,7.25,7.875],"to":[7.875,8.375,8.25],"rotation":{"angle":0,"axis":"x","origin":[7.13602,5.61668,8.05982]},"faces":{"north":{"uv":[8,4,8.125,2.875],"rotation":180,"texture":"#0"},"east":{"uv":[8,2.875,8.125,4],"texture":"#0"},"south":{"uv":[8,2.875,8.125,4],"texture":"#0"},"west":{"uv":[8,2.875,8.125,4],"texture":"#0"},"up":{"uv":[8.125,2.875,8,3],"rotation":180,"texture":"#0"},"down":{"uv":[8,3.875,8.125,4],"texture":"#0"}}},{"name":"laser_blue_greatsword_test_13","from":[7.625,7,7.875],"to":[7.75,8.125,8.25],"rotation":{"angle":0,"axis":"x","origin":[7.13602,5.61668,8.05982]},"faces":{"north":{"uv":[7.875,4.25,8,3.125],"rotation":180,"texture":"#0"},"east":{"uv":[7.875,3.125,8,4.25],"texture":"#0"},"south":{"uv":[7.875,3.125,8,4.25],"texture":"#0"},"west":{"uv":[7.875,3.125,8,4.25],"texture":"#0"},"up":{"uv":[8,3.125,7.875,3.25],"rotation":180,"texture":"#0"},"down":{"uv":[7.875,4.125,8,4.25],"texture":"#0"}}},{"name":"laser_blue_greatsword_test_15","from":[7.5,6.875,7.875],"to":[7.625,7.875,8.25],"rotation":{"angle":0,"axis":"x","origin":[7.13602,5.61668,8.05982]},"faces":{"north":{"uv":[7.75,4.375,7.875,3.375],"rotation":180,"texture":"#0"},"east":{"uv":[7.75,3.375,7.875,4.375],"texture":"#0"},"south":{"uv":[7.75,3.375,7.875,4.375],"texture":"#0"},"west":{"uv":[7.75,3.375,7.875,4.375],"texture":"#0"},"up":{"uv":[7.875,3.375,7.75,3.5],"rotation":180,"texture":"#0"},"down":{"uv":[7.75,4.25,7.875,4.375],"texture":"#0"}}},{"name":"laser_blue_greatsword_test_16","from":[8.5,7.5,7.8125],"to":[8.625,7.75,8.3125],"rotation":{"angle":0,"axis":"x","origin":[7.13602,5.61668,8.05982]},"faces":{"north":{"uv":[8.75,3.75,8.875,3.5],"rotation":180,"texture":"#0"},"east":{"uv":[8.75,3.5,8.875,3.75],"texture":"#0"},"south":{"uv":[8.75,3.5,8.875,3.75],"texture":"#0"},"west":{"uv":[8.75,3.5,8.875,3.75],"texture":"#0"},"up":{"uv":[8.875,3.5,8.75,3.625],"rotation":180,"texture":"#0"},"down":{"uv":[8.75,3.625,8.875,3.75],"texture":"#0"}}},{"name":"laser_blue_greatsword_test_17","from":[7.375,6.75,7.875],"to":[7.5,7.625,8.25],"rotation":{"angle":0,"axis":"x","origin":[7.13602,5.61668,8.05982]},"faces":{"north":{"uv":[7.625,4.5,7.75,3.625],"rotation":180,"texture":"#0"},"east":{"uv":[7.625,3.625,7.75,4.5],"texture":"#0"},"south":{"uv":[7.625,3.625,7.75,4.5],"texture":"#0"},"west":{"uv":[7.625,3.625,7.75,4.5],"texture":"#0"},"up":{"uv":[7.75,3.625,7.625,3.75],"rotation":180,"texture":"#0"},"down":{"uv":[7.625,4.375,7.75,4.5],"texture":"#0"}}},{"name":"laser_blue_greatsword_test_18","from":[8.375,7.25,7.8125],"to":[8.5,7.625,8.3125],"rotation":{"angle":0,"axis":"x","origin":[7.13602,5.61668,8.05982]},"faces":{"north":{"uv":[8.625,4,8.75,3.625],"rotation":180,"texture":"#0"},"east":{"uv":[8.625,3.625,8.75,4],"texture":"#0"},"south":{"uv":[8.625,3.625,8.75,4],"texture":"#0"},"west":{"uv":[8.625,3.625,8.75,4],"texture":"#0"},"up":{"uv":[8.75,3.625,8.625,3.75],"rotation":180,"texture":"#0"},"down":{"uv":[8.625,3.875,8.75,4],"texture":"#0"}}},{"name":"laser_blue_greatsword_test_19","from":[8.25,7,7.8125],"to":[8.375,7.5,8.3125],"rotation":{"angle":0,"axis":"x","origin":[7.13602,5.61668,8.05982]},"faces":{"north":{"uv":[8.5,4.25,8.625,3.75],"rotation":180,"texture":"#0"},"east":{"uv":[8.5,3.75,8.625,4.25],"texture":"#0"},"south":{"uv":[8.5,3.75,8.625,4.25],"texture":"#0"},"west":{"uv":[8.5,3.75,8.625,4.25],"texture":"#0"},"up":{"uv":[8.625,3.75,8.5,3.875],"rotation":180,"texture":"#0"},"down":{"uv":[8.5,4.125,8.625,4.25],"texture":"#0"}}},{"name":"laser_blue_greatsword_test_20","from":[8.125,6.75,7.8125],"to":[8.25,7.375,8.3125],"rotation":{"angle":0,"axis":"x","origin":[7.13602,5.61668,8.05982]},"faces":{"north":{"uv":[8.375,4.5,8.5,3.875],"rotation":180,"texture":"#0"},"east":{"uv":[8.375,3.875,8.5,4.5],"texture":"#0"},"south":{"uv":[8.375,3.875,8.5,4.5],"texture":"#0"},"west":{"uv":[8.375,3.875,8.5,4.5],"texture":"#0"},"up":{"uv":[8.5,3.875,8.375,4],"rotation":180,"texture":"#0"},"down":{"uv":[8.375,4.375,8.5,4.5],"texture":"#0"}}},{"name":"laser_blue_greatsword_test_21","from":[7.25,6.625,7.875],"to":[7.375,7.25,8.25],"rotation":{"angle":0,"axis":"x","origin":[7.13602,5.61668,8.05982]},"faces":{"north":{"uv":[7.5,4.625,7.625,4],"rotation":180,"texture":"#0"},"east":{"uv":[7.5,4,7.625,4.625],"texture":"#0"},"south":{"uv":[7.5,4,7.625,4.625],"texture":"#0"},"west":{"uv":[7.5,4,7.625,4.625],"texture":"#0"},"up":{"uv":[7.625,4,7.5,4.125],"rotation":180,"texture":"#0"},"down":{"uv":[7.5,4.5,7.625,4.625],"texture":"#0"}}},{"name":"laser_blue_greatsword_test_22","from":[8,6.5,7.8125],"to":[8.125,7.25,8.3125],"rotation":{"angle":0,"axis":"x","origin":[7.13602,5.61668,8.05982]},"faces":{"north":{"uv":[8.25,4.75,8.375,4],"rotation":180,"texture":"#0"},"east":{"uv":[8.25,4,8.375,4.75],"texture":"#0"},"south":{"uv":[8.25,4,8.375,4.75],"texture":"#0"},"west":{"uv":[8.25,4,8.375,4.75],"texture":"#0"},"up":{"uv":[8.375,4,8.25,4.125],"rotation":180,"texture":"#0"},"down":{"uv":[8.25,4.625,8.375,4.75],"texture":"#0"}}},{"name":"laser_blue_greatsword_test_23","from":[7.875,6.5,7.8125],"to":[8,7.125,8.3125],"rotation":{"angle":0,"axis":"x","origin":[7.13602,5.61668,8.05982]},"faces":{"north":{"uv":[8.125,4.75,8.25,4.125],"rotation":180,"texture":"#0"},"east":{"uv":[8.125,4.125,8.25,4.75],"texture":"#0"},"south":{"uv":[8.125,4.125,8.25,4.75],"texture":"#0"},"west":{"uv":[8.125,4.125,8.25,4.75],"texture":"#0"},"up":{"uv":[8.25,4.125,8.125,4.25],"rotation":180,"texture":"#0"},"down":{"uv":[8.125,4.625,8.25,4.75],"texture":"#0"}}},{"name":"laser_blue_greatsword_test_24","from":[7.125,6.5,7.875],"to":[7.25,6.875,8.25],"rotation":{"angle":0,"axis":"x","origin":[7.13602,5.61668,8.05982]},"faces":{"north":{"uv":[7.375,4.75,7.5,4.375],"rotation":180,"texture":"#0"},"east":{"uv":[7.375,4.375,7.5,4.75],"texture":"#0"},"south":{"uv":[7.375,4.375,7.5,4.75],"texture":"#0"},"west":{"uv":[7.375,4.375,7.5,4.75],"texture":"#0"},"up":{"uv":[7.5,4.375,7.375,4.5],"rotation":180,"texture":"#0"},"down":{"uv":[7.375,4.625,7.5,4.75],"texture":"#0"}}},{"name":"laser_blue_greatsword_test_25","from":[7.75,6.375,7.8125],"to":[7.875,6.875,8.3125],"rotation":{"angle":0,"axis":"x","origin":[7.13602,5.61668,8.05982]},"faces":{"north":{"uv":[8,4.875,8.125,4.375],"rotation":180,"texture":"#0"},"east":{"uv":[8,4.375,8.125,4.875],"texture":"#0"},"south":{"uv":[8,4.375,8.125,4.875],"texture":"#0"},"west":{"uv":[8,4.375,8.125,4.875],"texture":"#0"},"up":{"uv":[8.125,4.375,8,4.5],"rotation":180,"texture":"#0"},"down":{"uv":[8,4.75,8.125,4.875],"texture":"#0"}}},{"name":"laser_blue_greatsword_test_26","from":[8.375,6.625,7.875],"to":[8.625,6.75,8.25],"rotation":{"angle":0,"axis":"x","origin":[7.13602,5.61668,8.05982]},"faces":{"north":{"uv":[8.625,4.625,8.875,4.5],"rotation":180,"texture":"#0"},"east":{"uv":[8.75,4.5,8.875,4.625],"texture":"#0"},"south":{"uv":[8.625,4.5,8.875,4.625],"texture":"#0"},"west":{"uv":[8.625,4.5,8.75,4.625],"texture":"#0"},"up":{"uv":[8.875,4.5,8.625,4.625],"rotation":180,"texture":"#0"},"down":{"uv":[8.625,4.5,8.875,4.625],"texture":"#0"}}},{"name":"laser_blue_greatsword_test_28","from":[7.625,6.25,7.8125],"to":[7.75,6.625,8.3125],"rotation":{"angle":0,"axis":"x","origin":[7.13602,5.61668,8.05982]},"faces":{"north":{"uv":[7.875,5,8,4.625],"rotation":180,"texture":"#0"},"east":{"uv":[7.875,4.625,8,5],"texture":"#0"},"south":{"uv":[7.875,4.625,8,5],"texture":"#0"},"west":{"uv":[7.875,4.625,8,5],"texture":"#0"},"up":{"uv":[8,4.625,7.875,4.75],"rotation":180,"texture":"#0"},"down":{"uv":[7.875,4.875,8,5],"texture":"#0"}}},{"name":"laser_blue_greatsword_test_29","from":[8.25,6.375,7.875],"to":[8.5,6.625,8.25],"rotation":{"angle":0,"axis":"x","origin":[7.13602,5.61668,8.05982]},"faces":{"north":{"uv":[8.5,4.875,8.75,4.625],"rotation":180,"texture":"#0"},"east":{"uv":[8.625,4.625,8.75,4.875],"texture":"#0"},"south":{"uv":[8.5,4.625,8.75,4.875],"texture":"#0"},"west":{"uv":[8.5,4.625,8.625,4.875],"texture":"#0"},"up":{"uv":[8.75,4.625,8.5,4.75],"rotation":180,"texture":"#0"},"down":{"uv":[8.5,4.75,8.75,4.875],"texture":"#0"}}},{"name":"laser_blue_greatsword_test_30","from":[8.125,6,7.875],"to":[8.25,6.5,8.25],"rotation":{"angle":0,"axis":"x","origin":[7.13602,5.61668,8.05982]},"faces":{"north":{"uv":[8.375,5.25,8.5,4.75],"rotation":180,"texture":"#0"},"east":{"uv":[8.375,4.75,8.5,5.25],"texture":"#0"},"south":{"uv":[8.375,4.75,8.5,5.25],"texture":"#0"},"west":{"uv":[8.375,4.75,8.5,5.25],"texture":"#0"},"up":{"uv":[8.5,4.75,8.375,4.875],"rotation":180,"texture":"#0"},"down":{"uv":[8.375,5.125,8.5,5.25],"texture":"#0"}}},{"name":"laser_blue_greatsword_test_31","from":[7.5,6.125,7.8125],"to":[7.625,6.375,8.3125],"rotation":{"angle":0,"axis":"x","origin":[7.13602,5.61668,8.05982]},"faces":{"north":{"uv":[7.75,5.125,7.875,4.875],"rotation":180,"texture":"#0"},"east":{"uv":[7.75,4.875,7.875,5.125],"texture":"#0"},"south":{"uv":[7.75,4.875,7.875,5.125],"texture":"#0"},"west":{"uv":[7.75,4.875,7.875,5.125],"texture":"#0"},"up":{"uv":[7.875,4.875,7.75,5],"rotation":180,"texture":"#0"},"down":{"uv":[7.75,5,7.875,5.125],"texture":"#0"}}},{"name":"laser_blue_greatsword_test_32","from":[8,5.875,7.875],"to":[8.125,6.375,8.25],"rotation":{"angle":0,"axis":"x","origin":[7.13602,5.61668,8.05982]},"faces":{"north":{"uv":[8.25,5.375,8.375,4.875],"rotation":180,"texture":"#0"},"east":{"uv":[8.25,4.875,8.375,5.375],"texture":"#0"},"south":{"uv":[8.25,4.875,8.375,5.375],"texture":"#0"},"west":{"uv":[8.25,4.875,8.375,5.375],"texture":"#0"},"up":{"uv":[8.375,4.875,8.25,5],"rotation":180,"texture":"#0"},"down":{"uv":[8.25,5.25,8.375,5.375],"texture":"#0"}}},{"name":"laser_blue_greatsword_test_33","from":[8.25,6.125,7.875],"to":[8.375,6.375,8.25],"rotation":{"angle":0,"axis":"x","origin":[7.13602,5.61668,8.05982]},"faces":{"north":{"uv":[8.5,5.125,8.625,4.875],"rotation":180,"texture":"#0"},"east":{"uv":[8.5,4.875,8.625,5.125],"texture":"#0"},"south":{"uv":[8.5,4.875,8.625,5.125],"texture":"#0"},"west":{"uv":[8.5,4.875,8.625,5.125],"texture":"#0"},"up":{"uv":[8.625,4.875,8.5,5],"rotation":180,"texture":"#0"},"down":{"uv":[8.5,5,8.625,5.125],"texture":"#0"}}},{"name":"laser_blue_greatsword_test_34","from":[7.875,5.875,7.875],"to":[8,6.25,8.25],"rotation":{"angle":0,"axis":"x","origin":[7.13602,5.61668,8.05982]},"faces":{"north":{"uv":[8.125,5.375,8.25,5],"rotation":180,"texture":"#0"},"east":{"uv":[8.125,5,8.25,5.375],"texture":"#0"},"south":{"uv":[8.125,5,8.25,5.375],"texture":"#0"},"west":{"uv":[8.125,5,8.25,5.375],"texture":"#0"},"up":{"uv":[8.25,5,8.125,5.125],"rotation":180,"texture":"#0"},"down":{"uv":[8.125,5.25,8.25,5.375],"texture":"#0"}}},{"name":"laser_blue_greatsword_test_35","from":[7.75,5.75,7.875],"to":[7.875,6.125,8.25],"rotation":{"angle":0,"axis":"x","origin":[7.13602,5.61668,8.05982]},"faces":{"north":{"uv":[8,5.5,8.125,5.125],"rotation":180,"texture":"#0"},"east":{"uv":[8,5.125,8.125,5.5],"texture":"#0"},"south":{"uv":[8,5.125,8.125,5.5],"texture":"#0"},"west":{"uv":[8,5.125,8.125,5.5],"texture":"#0"},"up":{"uv":[8.125,5.125,8,5.25],"rotation":180,"texture":"#0"},"down":{"uv":[8,5.375,8.125,5.5],"texture":"#0"}}},{"name":"laser_blue_greatsword_test_36","from":[7.625,5.625,7.875],"to":[7.75,6,8.25],"rotation":{"angle":0,"axis":"x","origin":[7.13602,5.61668,8.05982]},"faces":{"north":{"uv":[7.875,5.625,8,5.25],"rotation":180,"texture":"#0"},"east":{"uv":[7.875,5.25,8,5.625],"texture":"#0"},"south":{"uv":[7.875,5.25,8,5.625],"texture":"#0"},"west":{"uv":[7.875,5.25,8,5.625],"texture":"#0"},"up":{"uv":[8,5.25,7.875,5.375],"rotation":180,"texture":"#0"},"down":{"uv":[7.875,5.5,8,5.625],"texture":"#0"}}},{"name":"laser_blue_greatsword_test_37","from":[6.75,5.25,7.8125],"to":[6.875,5.875,8.3125],"rotation":{"angle":0,"axis":"x","origin":[7.13602,5.61668,8.05982]},"faces":{"north":{"uv":[7,6,7.125,5.375],"rotation":180,"texture":"#0"},"east":{"uv":[7,5.375,7.125,6],"texture":"#0"},"south":{"uv":[7,5.375,7.125,6],"texture":"#0"},"west":{"uv":[7,5.375,7.125,6],"texture":"#0"},"up":{"uv":[7.125,5.375,7,5.5],"rotation":180,"texture":"#0"},"down":{"uv":[7,5.875,7.125,6],"texture":"#0"}}},{"name":"laser_blue_greatsword_test_38","from":[6.625,5,7.8125],"to":[6.75,5.75,8.3125],"rotation":{"angle":0,"axis":"x","origin":[7.13602,5.61668,8.05982]},"faces":{"north":{"uv":[6.875,6.25,7,5.5],"rotation":180,"texture":"#0"},"east":{"uv":[6.875,5.5,7,6.25],"texture":"#0"},"south":{"uv":[6.875,5.5,7,6.25],"texture":"#0"},"west":{"uv":[6.875,5.5,7,6.25],"texture":"#0"},"up":{"uv":[7,5.5,6.875,5.625],"rotation":180,"texture":"#0"},"down":{"uv":[6.875,6.125,7,6.25],"texture":"#0"}}},{"name":"laser_blue_greatsword_test_39","from":[6.875,5.5,7.8125],"to":[7,5.75,8.3125],"rotation":{"angle":0,"axis":"x","origin":[7.13602,5.61668,8.05982]},"faces":{"north":{"uv":[7.125,5.75,7.25,5.5],"rotation":180,"texture":"#0"},"east":{"uv":[7.125,5.5,7.25,5.75],"texture":"#0"},"south":{"uv":[7.125,5.5,7.25,5.75],"texture":"#0"},"west":{"uv":[7.125,5.5,7.25,5.75],"texture":"#0"},"up":{"uv":[7.25,5.5,7.125,5.625],"rotation":180,"texture":"#0"},"down":{"uv":[7.125,5.625,7.25,5.75],"texture":"#0"}}},{"name":"laser_blue_greatsword_test_40","from":[7.5,5.625,7.875],"to":[7.625,5.75,8.25],"rotation":{"angle":0,"axis":"x","origin":[7.13602,5.61668,8.05982]},"faces":{"north":{"uv":[7.75,5.625,7.875,5.5],"rotation":180,"texture":"#0"},"east":{"uv":[7.75,5.5,7.875,5.625],"texture":"#0"},"south":{"uv":[7.75,5.5,7.875,5.625],"texture":"#0"},"west":{"uv":[7.75,5.5,7.875,5.625],"texture":"#0"},"up":{"uv":[7.875,5.5,7.75,5.625],"rotation":180,"texture":"#0"},"down":{"uv":[7.75,5.5,7.875,5.625],"texture":"#0"}}},{"name":"laser_blue_greatsword_test_41","from":[6.5,4.75,7.8125],"to":[6.625,5.625,8.3125],"rotation":{"angle":0,"axis":"x","origin":[7.13602,5.61668,8.05982]},"faces":{"north":{"uv":[6.75,6.5,6.875,5.625],"rotation":180,"texture":"#0"},"east":{"uv":[6.75,5.625,6.875,6.5],"texture":"#0"},"south":{"uv":[6.75,5.625,6.875,6.5],"texture":"#0"},"west":{"uv":[6.75,5.625,6.875,6.5],"texture":"#0"},"up":{"uv":[6.875,5.625,6.75,5.75],"rotation":180,"texture":"#0"},"down":{"uv":[6.75,6.375,6.875,6.5],"texture":"#0"}}},{"name":"laser_blue_greatsword_test_42","from":[7.125,4.875,7.875],"to":[7.25,5.625,8.25],"rotation":{"angle":0,"axis":"x","origin":[7.13602,5.61668,8.05982]},"faces":{"north":{"uv":[7.375,6.375,7.5,5.625],"rotation":180,"texture":"#0"},"east":{"uv":[7.375,5.625,7.5,6.375],"texture":"#0"},"south":{"uv":[7.375,5.625,7.5,6.375],"texture":"#0"},"west":{"uv":[7.375,5.625,7.5,6.375],"texture":"#0"},"up":{"uv":[7.5,5.625,7.375,5.75],"rotation":180,"texture":"#0"},"down":{"uv":[7.375,6.25,7.5,6.375],"texture":"#0"}}},{"name":"laser_blue_greatsword_test_44","from":[7,4.75,7.875],"to":[7.125,5.5,8.25],"rotation":{"angle":0,"axis":"x","origin":[7.13602,5.61668,8.05982]},"faces":{"north":{"uv":[7.25,6.5,7.375,5.75],"rotation":180,"texture":"#0"},"east":{"uv":[7.25,5.75,7.375,6.5],"texture":"#0"},"south":{"uv":[7.25,5.75,7.375,6.5],"texture":"#0"},"west":{"uv":[7.25,5.75,7.375,6.5],"texture":"#0"},"up":{"uv":[7.375,5.75,7.25,5.875],"rotation":180,"texture":"#0"},"down":{"uv":[7.25,6.375,7.375,6.5],"texture":"#0"}}},{"name":"laser_blue_greatsword_test_46","from":[6.375,4.5,7.8125],"to":[6.5,5.375,8.3125],"rotation":{"angle":0,"axis":"x","origin":[7.13602,5.61668,8.05982]},"faces":{"north":{"uv":[6.625,6.75,6.75,5.875],"rotation":180,"texture":"#0"},"east":{"uv":[6.625,5.875,6.75,6.75],"texture":"#0"},"south":{"uv":[6.625,5.875,6.75,6.75],"texture":"#0"},"west":{"uv":[6.625,5.875,6.75,6.75],"texture":"#0"},"up":{"uv":[6.75,5.875,6.625,6],"rotation":180,"texture":"#0"},"down":{"uv":[6.625,6.625,6.75,6.75],"texture":"#0"}}},{"name":"laser_blue_greatsword_test_48","from":[6.25,4.125,7.8125],"to":[6.375,5.25,8.3125],"rotation":{"angle":0,"axis":"x","origin":[7.13602,5.61668,8.05982]},"faces":{"north":{"uv":[6.5,7.125,6.625,6],"rotation":180,"texture":"#0"},"east":{"uv":[6.5,6,6.625,7.125],"texture":"#0"},"south":{"uv":[6.5,6,6.625,7.125],"texture":"#0"},"west":{"uv":[6.5,6,6.625,7.125],"texture":"#0"},"up":{"uv":[6.625,6,6.5,6.125],"rotation":180,"texture":"#0"},"down":{"uv":[6.5,7,6.625,7.125],"texture":"#0"}}},{"name":"laser_blue_greatsword_test_49","from":[6.875,4.625,7.875],"to":[7,5.25,8.25],"rotation":{"angle":0,"axis":"x","origin":[7.13602,5.61668,8.05982]},"faces":{"north":{"uv":[7.125,6.625,7.25,6],"rotation":180,"texture":"#0"},"east":{"uv":[7.125,6,7.25,6.625],"texture":"#0"},"south":{"uv":[7.125,6,7.25,6.625],"texture":"#0"},"west":{"uv":[7.125,6,7.25,6.625],"texture":"#0"},"up":{"uv":[7.25,6,7.125,6.125],"rotation":180,"texture":"#0"},"down":{"uv":[7.125,6.5,7.25,6.625],"texture":"#0"}}},{"name":"laser_blue_greatsword_test_51","from":[6.125,4.125,7.8125],"to":[6.25,5,8.3125],"rotation":{"angle":0,"axis":"x","origin":[7.13602,5.61668,8.05982]},"faces":{"north":{"uv":[6.375,7.125,6.5,6.25],"rotation":180,"texture":"#0"},"east":{"uv":[6.375,6.25,6.5,7.125],"texture":"#0"},"south":{"uv":[6.375,6.25,6.5,7.125],"texture":"#0"},"west":{"uv":[6.375,6.25,6.5,7.125],"texture":"#0"},"up":{"uv":[6.5,6.25,6.375,6.375],"rotation":180,"texture":"#0"},"down":{"uv":[6.375,7,6.5,7.125],"texture":"#0"}}},{"name":"laser_blue_greatsword_test_53","from":[6,4.125,7.8125],"to":[6.125,4.875,8.3125],"rotation":{"angle":0,"axis":"x","origin":[7.13602,5.61668,8.05982]},"faces":{"north":{"uv":[6.25,7.125,6.375,6.375],"rotation":180,"texture":"#0"},"east":{"uv":[6.25,6.375,6.375,7.125],"texture":"#0"},"south":{"uv":[6.25,6.375,6.375,7.125],"texture":"#0"},"west":{"uv":[6.25,6.375,6.375,7.125],"texture":"#0"},"up":{"uv":[6.375,6.375,6.25,6.5],"rotation":180,"texture":"#0"},"down":{"uv":[6.25,7,6.375,7.125],"texture":"#0"}}},{"name":"laser_blue_greatsword_test_55","from":[5.875,4.125,7.8125],"to":[6,4.625,8.3125],"rotation":{"angle":0,"axis":"x","origin":[7.13602,5.61668,8.05982]},"faces":{"north":{"uv":[6.125,7.125,6.25,6.625],"rotation":180,"texture":"#0"},"east":{"uv":[6.125,6.625,6.25,7.125],"texture":"#0"},"south":{"uv":[6.125,6.625,6.25,7.125],"texture":"#0"},"west":{"uv":[6.125,6.625,6.25,7.125],"texture":"#0"},"up":{"uv":[6.25,6.625,6.125,6.75],"rotation":180,"texture":"#0"},"down":{"uv":[6.125,7,6.25,7.125],"texture":"#0"}}},{"name":"laser_blue_greatsword_test_57","from":[5.75,4.125,7.8125],"to":[5.875,4.5,8.3125],"rotation":{"angle":0,"axis":"x","origin":[7.13602,5.61668,8.05982]},"faces":{"north":{"uv":[6,7.125,6.125,6.75],"rotation":180,"texture":"#0"},"east":{"uv":[6,6.75,6.125,7.125],"texture":"#0"},"south":{"uv":[6,6.75,6.125,7.125],"texture":"#0"},"west":{"uv":[6,6.75,6.125,7.125],"texture":"#0"},"up":{"uv":[6.125,6.75,6,6.875],"rotation":180,"texture":"#0"},"down":{"uv":[6,7,6.125,7.125],"texture":"#0"}}},{"name":"laser_blue_greatsword_test_58","from":[6.5,3.625,7.875],"to":[6.625,4.5,8.25],"rotation":{"angle":0,"axis":"x","origin":[7.13602,5.61668,8.05982]},"faces":{"north":{"uv":[6.75,7.625,6.875,6.75],"rotation":180,"texture":"#0"},"east":{"uv":[6.75,6.75,6.875,7.625],"texture":"#0"},"south":{"uv":[6.75,6.75,6.875,7.625],"texture":"#0"},"west":{"uv":[6.75,6.75,6.875,7.625],"texture":"#0"},"up":{"uv":[6.875,6.75,6.75,6.875],"rotation":180,"texture":"#0"},"down":{"uv":[6.75,7.5,6.875,7.625],"texture":"#0"}}},{"name":"laser_blue_greatsword_test_59","from":[5.625,4.25,7.8125],"to":[5.75,4.375,8.3125],"rotation":{"angle":0,"axis":"x","origin":[7.13602,5.61668,8.05982]},"faces":{"north":{"uv":[5.875,7,6,6.875],"rotation":180,"texture":"#0"},"east":{"uv":[5.875,6.875,6,7],"texture":"#0"},"south":{"uv":[5.875,6.875,6,7],"texture":"#0"},"west":{"uv":[5.875,6.875,6,7],"texture":"#0"},"up":{"uv":[6,6.875,5.875,7],"rotation":180,"texture":"#0"},"down":{"uv":[5.875,6.875,6,7],"texture":"#0"}}},{"name":"laser_blue_greatsword_test_60","from":[6.375,3.75,7.875],"to":[6.5,4.25,8.25],"rotation":{"angle":0,"axis":"x","origin":[7.13602,5.61668,8.05982]},"faces":{"north":{"uv":[6.625,7.5,6.75,7],"rotation":180,"texture":"#0"},"east":{"uv":[6.625,7,6.75,7.5],"texture":"#0"},"south":{"uv":[6.625,7,6.75,7.5],"texture":"#0"},"west":{"uv":[6.625,7,6.75,7.5],"texture":"#0"},"up":{"uv":[6.75,7,6.625,7.125],"rotation":180,"texture":"#0"},"down":{"uv":[6.625,7.375,6.75,7.5],"texture":"#0"}}},{"name":"laser_blue_greatsword_test_61","from":[6.875,3.625,7.875],"to":[7,4,8.25],"rotation":{"angle":0,"axis":"x","origin":[7.13602,5.61668,8.05982]},"faces":{"north":{"uv":[7.125,7.625,7.25,7.25],"rotation":180,"texture":"#0"},"east":{"uv":[7.125,7.25,7.25,7.625],"texture":"#0"},"south":{"uv":[7.125,7.25,7.25,7.625],"texture":"#0"},"west":{"uv":[7.125,7.25,7.25,7.625],"texture":"#0"},"up":{"uv":[7.25,7.25,7.125,7.375],"rotation":180,"texture":"#0"},"down":{"uv":[7.125,7.5,7.25,7.625],"texture":"#0"}}},{"name":"laser_blue_greatsword_test_52","from":[6.75,3.5,7.875],"to":[6.875,5,8.25],"rotation":{"angle":0,"axis":"x","origin":[7.13602,5.61668,8.05982]},"faces":{"north":{"uv":[7,7.75,7.125,6.25],"rotation":180,"texture":"#0"},"east":{"uv":[7,6.25,7.125,7.75],"texture":"#0"},"south":{"uv":[7,6.25,7.125,7.75],"texture":"#0"},"west":{"uv":[7,6.25,7.125,7.75],"texture":"#0"},"up":{"uv":[7.125,6.25,7,6.375],"rotation":180,"texture":"#0"},"down":{"uv":[7,7.625,7.125,7.75],"texture":"#0"}}},{"name":"laser_blue_greatsword_test_54","from":[6.625,3.5,7.875],"to":[6.75,4.75,8.25],"rotation":{"angle":0,"axis":"x","origin":[7.13602,5.61668,8.05982]},"faces":{"north":{"uv":[6.875,7.75,7,6.5],"rotation":180,"texture":"#0"},"east":{"uv":[6.875,6.5,7,7.75],"texture":"#0"},"south":{"uv":[6.875,6.5,7,7.75],"texture":"#0"},"west":{"uv":[6.875,6.5,7,7.75],"texture":"#0"},"up":{"uv":[7,6.5,6.875,6.625],"rotation":180,"texture":"#0"},"down":{"uv":[6.875,7.625,7,7.75],"texture":"#0"}}},{"name":"laser_blue_greatsword_test_0","from":[7.25,8.625,8],"to":[7.5,15.625,8.125],"rotation":{"angle":0,"axis":"x","origin":[7.13602,5.61668,8.05982]},"faces":{"north":{"uv":[4.25,7.5,4.5,0.5],"rotation":180,"texture":"#0"},"east":{"uv":[4.375,0.5,4.5,7.5],"texture":"#0"},"south":{"uv":[4.25,0.5,4.5,7.5],"texture":"#0"},"west":{"uv":[4.25,0.5,4.375,7.5],"texture":"#0"},"up":{"uv":[4.5,0.5,4.25,0.625],"rotation":180,"texture":"#0"},"down":{"uv":[4.25,7.375,4.5,7.5],"texture":"#0"}}},{"name":"laser_blue_greatsword_test_1","from":[7.125,8.625,8],"to":[7.25,15.5,8.125],"rotation":{"angle":0,"axis":"x","origin":[7.13602,5.61668,8.05982]},"faces":{"north":{"uv":[4.125,7.5,4.25,0.625],"rotation":180,"texture":"#0"},"east":{"uv":[4.125,7.5,4.25,0.625],"rotation":180,"texture":"#0"},"south":{"uv":[4.125,7.5,4.25,0.625],"rotation":180,"texture":"#0"},"west":{"uv":[4.125,7.5,4.25,0.625],"rotation":180,"texture":"#0"},"up":{"uv":[4.125,0.625,4.14063,0.64063],"rotation":180,"texture":"#0"},"down":{"uv":[4.25,7.5,4.266,7.516],"rotation":180,"texture":"#0"}}},{"name":"laser_blue_greatsword_test_3","from":[6.875,8.625,8],"to":[7,15.25,8.125],"rotation":{"angle":0,"axis":"x","origin":[7.13602,5.61668,8.05982]},"faces":{"north":{"uv":[3.875,7.5,4,0.875],"rotation":180,"texture":"#0"},"east":{"uv":[3.875,7.5,4,0.875],"rotation":180,"texture":"#0"},"south":{"uv":[3.875,7.5,4,0.875],"rotation":180,"texture":"#0"},"west":{"uv":[3.875,7.5,4,0.875],"rotation":180,"texture":"#0"},"up":{"uv":[3.875,0.875,3.89063,0.89063],"rotation":180,"texture":"#0"},"down":{"uv":[3.875,0.875,3.89063,0.89063],"rotation":180,"texture":"#0"}}},{"name":"laser_blue_greatsword_test_4","from":[6.75,8.5,8],"to":[6.875,15.125,8.125],"rotation":{"angle":0,"axis":"x","origin":[7.13602,5.61668,8.05982]},"faces":{"north":{"uv":[3.75,7.625,3.875,1],"rotation":180,"texture":"#0"},"east":{"uv":[3.75,7.625,3.875,1],"rotation":180,"texture":"#0"},"south":{"uv":[3.75,7.625,3.875,1],"rotation":180,"texture":"#0"},"west":{"uv":[3.75,7.625,3.875,1],"rotation":180,"texture":"#0"},"up":{"uv":[3.75,1,3.76563,1.01563],"rotation":180,"texture":"#0"},"down":{"uv":[3.75,1,3.76563,1.01563],"rotation":180,"texture":"#0"}}},{"name":"laser_blue_greatsword_test_5","from":[6.625,8.375,8],"to":[6.75,15,8.125],"rotation":{"angle":0,"axis":"x","origin":[7.13602,5.61668,8.05982]},"faces":{"north":{"uv":[3.625,1.125,3.75,7.75],"texture":"#0"},"east":{"uv":[3.625,1.125,3.75,7.75],"texture":"#0"},"south":{"uv":[3.625,1.125,3.75,7.75],"texture":"#0"},"west":{"uv":[3.625,1.125,3.75,7.75],"texture":"#0"},"up":{"uv":[3.625,1.125,3.64063,1.14063],"texture":"#0"},"down":{"uv":[3.625,1.125,3.64063,1.14063],"texture":"#0"}}},{"name":"laser_blue_greatsword_test_6","from":[6.625,6.375,7.9375],"to":[6.75,8.375,8.1875],"rotation":{"angle":0,"axis":"x","origin":[7.13602,5.61668,8.05982]},"faces":{"north":{"uv":[3.625,7.75,3.75,9.75],"texture":"#0"},"east":{"uv":[3.625,7.75,3.75,9.75],"texture":"#0"},"south":{"uv":[3.625,7.75,3.75,9.75],"texture":"#0"},"west":{"uv":[3.625,7.75,3.75,9.75],"texture":"#0"},"up":{"uv":[3.625,7.75,3.64063,7.76563],"texture":"#0"},"down":{"uv":[3.625,7.75,3.64063,7.76563],"texture":"#0"}}},{"name":"laser_blue_greatsword_test_7","from":[6.75,6.5,7.9375],"to":[6.875,8.5,8.1875],"rotation":{"angle":0,"axis":"x","origin":[7.13602,5.61668,8.05982]},"faces":{"north":{"uv":[3.75,7.625,3.875,9.625],"texture":"#0"},"east":{"uv":[3.75,7.625,3.875,9.625],"texture":"#0"},"south":{"uv":[3.75,7.625,3.875,9.625],"texture":"#0"},"west":{"uv":[3.75,7.625,3.875,9.625],"texture":"#0"},"up":{"uv":[3.75,7.625,3.76563,7.64063],"texture":"#0"},"down":{"uv":[3.75,7.625,3.76563,7.64063],"texture":"#0"}}},{"name":"laser_blue_greatsword_test_8","from":[6.875,6.5,7.9375],"to":[7,8.625,8.1875],"rotation":{"angle":0,"axis":"x","origin":[7.13602,5.61668,8.05982]},"faces":{"north":{"uv":[3.875,7.5,4,9.625],"texture":"#0"},"east":{"uv":[3.875,7.5,4,9.625],"texture":"#0"},"south":{"uv":[3.875,7.5,4,9.625],"texture":"#0"},"west":{"uv":[3.875,7.5,4,9.625],"texture":"#0"},"up":{"uv":[3.875,7.5,3.89063,7.51563],"texture":"#0"},"down":{"uv":[3.875,7.5,3.89063,7.51563],"texture":"#0"}}},{"name":"laser_blue_greatsword_test_9","from":[7,6.5,7.9375],"to":[7.125,8.75,8.1875],"rotation":{"angle":0,"axis":"x","origin":[7.13602,5.61668,8.05982]},"faces":{"north":{"uv":[4,7.375,4.125,9.625],"texture":"#0"},"east":{"uv":[4,7.375,4.125,9.625],"texture":"#0"},"south":{"uv":[4,7.375,4.125,9.625],"texture":"#0"},"west":{"uv":[4,7.375,4.125,9.625],"texture":"#0"},"up":{"uv":[4,7.375,4.01563,7.39063],"texture":"#0"},"down":{"uv":[4,7.375,4.01563,7.39063],"texture":"#0"}}},{"name":"laser_blue_greatsword_test_10","from":[7.125,8.375,7.9375],"to":[7.25,8.625,8.1875],"rotation":{"angle":0,"axis":"x","origin":[7.13602,5.61668,8.05982]},"faces":{"north":{"uv":[4.125,7.5,4.25,7.75],"texture":"#0"},"east":{"uv":[4.125,7.5,4.25,7.75],"texture":"#0"},"south":{"uv":[4.125,7.5,4.25,7.75],"texture":"#0"},"west":{"uv":[4.125,7.5,4.25,7.75],"texture":"#0"},"up":{"uv":[4.125,7.5,4.14063,7.51563],"texture":"#0"},"down":{"uv":[4.125,7.5,4.14063,7.51563],"texture":"#0"}}},{"name":"laser_blue_greatsword_test_6","from":[6.5,6.25,8],"to":[6.625,14.875,8.125],"rotation":{"angle":0,"axis":"x","origin":[7.13602,5.61668,8.05982]},"faces":{"north":{"uv":[3.5,9.875,3.625,1.25],"rotation":180,"texture":"#0"},"east":{"uv":[3.5,1.25,3.625,9.875],"texture":"#0"},"south":{"uv":[3.5,1.25,3.625,9.875],"texture":"#0"},"west":{"uv":[3.5,1.25,3.625,9.875],"texture":"#0"},"up":{"uv":[3.625,1.25,3.5,1.375],"rotation":180,"texture":"#0"},"down":{"uv":[3.5,9.75,3.625,9.875],"texture":"#0"}}},{"name":"laser_blue_greatsword_test_7","from":[6.375,6.125,8],"to":[6.5,14.75,8.125],"rotation":{"angle":0,"axis":"x","origin":[7.13602,5.61668,8.05982]},"faces":{"north":{"uv":[3.375,10,3.5,1.375],"rotation":180,"texture":"#0"},"east":{"uv":[3.375,1.375,3.5,10],"texture":"#0"},"south":{"uv":[3.375,1.375,3.5,10],"texture":"#0"},"west":{"uv":[3.375,1.375,3.5,10],"texture":"#0"},"up":{"uv":[3.5,1.375,3.375,1.5],"rotation":180,"texture":"#0"},"down":{"uv":[3.375,9.875,3.5,10],"texture":"#0"}}},{"name":"laser_blue_greatsword_test_8","from":[6.25,6.125,8],"to":[6.375,14.625,8.125],"rotation":{"angle":0,"axis":"x","origin":[7.13602,5.61668,8.05982]},"faces":{"north":{"uv":[3.25,10,3.375,1.5],"rotation":180,"texture":"#0"},"east":{"uv":[3.25,1.5,3.375,10],"texture":"#0"},"south":{"uv":[3.25,1.5,3.375,10],"texture":"#0"},"west":{"uv":[3.25,1.5,3.375,10],"texture":"#0"},"up":{"uv":[3.375,1.5,3.25,1.625],"rotation":180,"texture":"#0"},"down":{"uv":[3.25,9.875,3.375,10],"texture":"#0"}}},{"name":"laser_blue_greatsword_test_9","from":[6.125,6,8],"to":[6.25,14,8.125],"rotation":{"angle":0,"axis":"x","origin":[7.13602,5.61668,8.05982]},"faces":{"north":{"uv":[3.125,10.125,3.25,2.125],"rotation":180,"texture":"#0"},"east":{"uv":[3.125,2.125,3.25,10.125],"texture":"#0"},"south":{"uv":[3.125,2.125,3.25,10.125],"texture":"#0"},"west":{"uv":[3.125,2.125,3.25,10.125],"texture":"#0"},"up":{"uv":[3.25,2.125,3.125,2.25],"rotation":180,"texture":"#0"},"down":{"uv":[3.125,10,3.25,10.125],"texture":"#0"}}},{"name":"laser_blue_greatsword_test_14","from":[6,6,8],"to":[6.125,12.75,8.125],"rotation":{"angle":0,"axis":"x","origin":[7.13602,5.61668,8.05982]},"faces":{"north":{"uv":[3,10.125,3.125,3.375],"rotation":180,"texture":"#0"},"east":{"uv":[3,3.375,3.125,10.125],"texture":"#0"},"south":{"uv":[3,3.375,3.125,10.125],"texture":"#0"},"west":{"uv":[3,3.375,3.125,10.125],"texture":"#0"},"up":{"uv":[3.125,3.375,3,3.5],"rotation":180,"texture":"#0"},"down":{"uv":[3,10,3.125,10.125],"texture":"#0"}}},{"name":"laser_blue_greatsword_test_27","from":[5.875,5.875,8],"to":[6,11.5,8.125],"rotation":{"angle":0,"axis":"x","origin":[7.13602,5.61668,8.05982]},"faces":{"north":{"uv":[2.875,10.25,3,4.625],"rotation":180,"texture":"#0"},"east":{"uv":[2.875,4.625,3,10.25],"texture":"#0"},"south":{"uv":[2.875,4.625,3,10.25],"texture":"#0"},"west":{"uv":[2.875,4.625,3,10.25],"texture":"#0"},"up":{"uv":[3,4.625,2.875,4.75],"rotation":180,"texture":"#0"},"down":{"uv":[2.875,10.125,3,10.25],"texture":"#0"}}},{"name":"laser_blue_greatsword_test_43","from":[5.75,5.875,8],"to":[5.875,10.375,8.125],"rotation":{"angle":0,"axis":"x","origin":[7.13602,5.61668,8.05982]},"faces":{"north":{"uv":[2.75,10.25,2.875,5.75],"rotation":180,"texture":"#0"},"east":{"uv":[2.75,5.75,2.875,10.25],"texture":"#0"},"south":{"uv":[2.75,5.75,2.875,10.25],"texture":"#0"},"west":{"uv":[2.75,5.75,2.875,10.25],"texture":"#0"},"up":{"uv":[2.875,5.75,2.75,5.875],"rotation":180,"texture":"#0"},"down":{"uv":[2.75,10.125,2.875,10.25],"texture":"#0"}}},{"name":"laser_blue_greatsword_test_45","from":[7.5,7.875,7.9375],"to":[7.625,10.25,8.1875],"rotation":{"angle":0,"axis":"x","origin":[7.13602,5.61668,8.05982]},"faces":{"north":{"uv":[4.5,8.25,4.625,5.875],"rotation":180,"texture":"#0"},"east":{"uv":[4.5,5.875,4.625,8.25],"texture":"#0"},"south":{"uv":[4.5,5.875,4.625,8.25],"texture":"#0"},"west":{"uv":[4.5,5.875,4.625,8.25],"texture":"#0"},"up":{"uv":[4.625,5.875,4.5,6],"rotation":180,"texture":"#0"},"down":{"uv":[4.5,8.125,4.625,8.25],"texture":"#0"}}},{"name":"laser_blue_greatsword_test_47","from":[7.625,8.125,7.9375],"to":[7.75,10.125,8.1875],"rotation":{"angle":0,"axis":"x","origin":[7.13602,5.61668,8.05982]},"faces":{"north":{"uv":[4.625,8,4.75,6],"rotation":180,"texture":"#0"},"east":{"uv":[4.625,6,4.75,8],"texture":"#0"},"south":{"uv":[4.625,6,4.75,8],"texture":"#0"},"west":{"uv":[4.625,6,4.75,8],"texture":"#0"},"up":{"uv":[4.75,6,4.625,6.125],"rotation":180,"texture":"#0"},"down":{"uv":[4.625,7.875,4.75,8],"texture":"#0"}}},{"name":"laser_blue_greatsword_test_50","from":[7.75,8.375,7.9375],"to":[7.875,10,8.1875],"rotation":{"angle":0,"axis":"x","origin":[7.13602,5.61668,8.05982]},"faces":{"north":{"uv":[4.75,7.75,4.875,6.125],"rotation":180,"texture":"#0"},"east":{"uv":[4.75,6.125,4.875,7.75],"texture":"#0"},"south":{"uv":[4.75,6.125,4.875,7.75],"texture":"#0"},"west":{"uv":[4.75,6.125,4.875,7.75],"texture":"#0"},"up":{"uv":[4.875,6.125,4.75,6.25],"rotation":180,"texture":"#0"},"down":{"uv":[4.75,7.625,4.875,7.75],"texture":"#0"}}},{"name":"laser_blue_greatsword_test_56","from":[5.625,5.75,8],"to":[5.75,9.375,8.125],"rotation":{"angle":0,"axis":"x","origin":[7.13602,5.61668,8.05982]},"faces":{"north":{"uv":[2.625,10.375,2.75,6.75],"rotation":180,"texture":"#0"},"east":{"uv":[2.625,6.75,2.75,10.375],"texture":"#0"},"south":{"uv":[2.625,6.75,2.75,10.375],"texture":"#0"},"west":{"uv":[2.625,6.75,2.75,10.375],"texture":"#0"},"up":{"uv":[2.75,6.75,2.625,6.875],"rotation":180,"texture":"#0"},"down":{"uv":[2.625,10.25,2.75,10.375],"texture":"#0"}}},{"name":"laser_blue_greatsword_test_62","from":[7.25,8.5,8],"to":[7.375,8.625,8.125],"rotation":{"angle":0,"axis":"x","origin":[7.13602,5.61668,8.05982]},"faces":{"north":{"uv":[4.25,7.625,4.375,7.5],"rotation":180,"texture":"#0"},"east":{"uv":[4.25,7.5,4.375,7.625],"texture":"#0"},"south":{"uv":[4.25,7.5,4.375,7.625],"texture":"#0"},"west":{"uv":[4.25,7.5,4.375,7.625],"texture":"#0"},"up":{"uv":[4.375,7.5,4.25,7.625],"rotation":180,"texture":"#0"},"down":{"uv":[4.25,7.5,4.375,7.625],"texture":"#0"}}},{"name":"laser_blue_greatsword_test_63","from":[5.5,5.75,8],"to":[5.625,7.625,8.125],"rotation":{"angle":0,"axis":"x","origin":[7.13602,5.61668,8.05982]},"faces":{"north":{"uv":[2.5,10.375,2.625,8.5],"rotation":180,"texture":"#0"},"east":{"uv":[2.5,8.5,2.625,10.375],"texture":"#0"},"south":{"uv":[2.5,8.5,2.625,10.375],"texture":"#0"},"west":{"uv":[2.5,8.5,2.625,10.375],"texture":"#0"},"up":{"uv":[2.625,8.5,2.5,8.625],"rotation":180,"texture":"#0"},"down":{"uv":[2.5,10.25,2.625,10.375],"texture":"#0"}}},{"name":"laser_blue_greatsword_test_76","from":[5.375,5.75,8],"to":[5.5,6.375,8.125],"rotation":{"angle":0,"axis":"x","origin":[7.13602,5.61668,8.05982]},"faces":{"north":{"uv":[2.375,10.375,2.5,9.75],"rotation":180,"texture":"#0"},"east":{"uv":[2.375,9.75,2.5,10.375],"texture":"#0"},"south":{"uv":[2.375,9.75,2.5,10.375],"texture":"#0"},"west":{"uv":[2.375,9.75,2.5,10.375],"texture":"#0"},"up":{"uv":[2.5,9.75,2.375,9.875],"rotation":180,"texture":"#0"},"down":{"uv":[2.375,10.25,2.5,10.375],"texture":"#0"}}},{"name":"laser_blue_greatsword_test_2","from":[7,8.75,8],"to":[7.125,15.375,8.125],"rotation":{"angle":0,"axis":"x","origin":[7.13602,5.61668,8.05982]},"faces":{"north":{"uv":[4,7.375,4.125,0.75],"rotation":180,"texture":"#0"},"east":{"uv":[4,7.375,4.125,0.75],"rotation":180,"texture":"#0"},"south":{"uv":[4,7.375,4.125,0.75],"rotation":180,"texture":"#0"},"west":{"uv":[4,7.375,4.125,0.75],"rotation":180,"texture":"#0"},"up":{"uv":[4,0.75,4.01563,0.76563],"rotation":180,"texture":"#0"},"down":{"uv":[4,0.75,4.01563,0.76563],"rotation":180,"texture":"#0"}}},{"name":"laser_blue_greatsword_test_94","from":[7.125,5.625,7.9375],"to":[7.5,6.25,8.1875],"rotation":{"angle":0,"axis":"x","origin":[7.13602,5.61668,8.05982]},"faces":{"north":{"uv":[2.625,11.25,3,10.625],"rotation":180,"texture":"#0"},"east":{"uv":[2.875,10.625,3,11.25],"texture":"#0"},"south":{"uv":[2.625,10.625,3,11.25],"texture":"#0"},"west":{"uv":[2.625,10.625,2.75,11.25],"texture":"#0"},"up":{"uv":[3,10.625,2.625,10.75],"rotation":180,"texture":"#0"},"down":{"uv":[2.625,11.125,3,11.25],"texture":"#0"}}},{"name":"laser_blue_greatsword_test_96","from":[7,5.75,7.9375],"to":[7.125,6.125,8.1875],"rotation":{"angle":0,"axis":"x","origin":[7.13602,5.61668,8.05982]},"faces":{"north":{"uv":[2.5,11.125,2.625,10.75],"rotation":180,"texture":"#0"},"east":{"uv":[2.5,10.75,2.625,11.125],"texture":"#0"},"south":{"uv":[2.5,10.75,2.625,11.125],"texture":"#0"},"west":{"uv":[2.5,10.75,2.625,11.125],"texture":"#0"},"up":{"uv":[2.625,10.75,2.5,10.875],"rotation":180,"texture":"#0"},"down":{"uv":[2.5,11,2.625,11.125],"texture":"#0"}}},{"name":"laser_blue_greatsword_test_97","from":[7.5,5.75,7.9375],"to":[7.625,6.125,8.1875],"rotation":{"angle":0,"axis":"x","origin":[7.13602,5.61668,8.05982]},"faces":{"north":{"uv":[3,11.125,3.125,10.75],"rotation":180,"texture":"#0"},"east":{"uv":[3,10.75,3.125,11.125],"texture":"#0"},"south":{"uv":[3,10.75,3.125,11.125],"texture":"#0"},"west":{"uv":[3,10.75,3.125,11.125],"texture":"#0"},"up":{"uv":[3.125,10.75,3,10.875],"rotation":180,"texture":"#0"},"down":{"uv":[3,11,3.125,11.125],"texture":"#0"}}},{"name":"laser_blue_greatsword_test_69","from":[6.75,6.125,7.875],"to":[7.125,6.5,8.25],"rotation":{"angle":0,"axis":"x","origin":[7.13602,5.61668,8.05982]},"faces":{"north":{"uv":[6.25,9.75,6.625,9.375],"rotation":180,"texture":"#0"},"east":{"uv":[6.5,9.375,6.625,9.75],"texture":"#0"},"south":{"uv":[6.25,9.375,6.625,9.75],"texture":"#0"},"west":{"uv":[6.25,9.375,6.375,9.75],"texture":"#0"},"up":{"uv":[6.625,9.375,6.25,9.5],"rotation":180,"texture":"#0"},"down":{"uv":[6.25,9.625,6.625,9.75],"texture":"#0"}}},{"name":"laser_blue_greatsword_test_71","from":[6.625,5.75,7.875],"to":[6.75,6.375,8.25],"rotation":{"angle":0,"axis":"x","origin":[7.13602,5.61668,8.05982]},"faces":{"north":{"uv":[6.125,10.125,6.25,9.5],"rotation":180,"texture":"#0"},"east":{"uv":[6.125,9.5,6.25,10.125],"texture":"#0"},"south":{"uv":[6.125,9.5,6.25,10.125],"texture":"#0"},"west":{"uv":[6.125,9.5,6.25,10.125],"texture":"#0"},"up":{"uv":[6.25,9.5,6.125,9.625],"rotation":180,"texture":"#0"},"down":{"uv":[6.125,10,6.25,10.125],"texture":"#0"}}},{"name":"laser_blue_greatsword_test_74","from":[6.5,5.625,7.875],"to":[6.625,6.25,8.25],"rotation":{"angle":0,"axis":"x","origin":[7.13602,5.61668,8.05982]},"faces":{"north":{"uv":[6,10.25,6.125,9.625],"rotation":180,"texture":"#0"},"east":{"uv":[6,9.625,6.125,10.25],"texture":"#0"},"south":{"uv":[6,9.625,6.125,10.25],"texture":"#0"},"west":{"uv":[6,9.625,6.125,10.25],"texture":"#0"},"up":{"uv":[6.125,9.625,6,9.75],"rotation":180,"texture":"#0"},"down":{"uv":[6,10.125,6.125,10.25],"texture":"#0"}}},{"name":"laser_blue_greatsword_test_77","from":[6.25,5.375,7.875],"to":[6.5,6.125,8.25],"rotation":{"angle":0,"axis":"x","origin":[7.13602,5.61668,8.05982]},"faces":{"north":{"uv":[5.75,10.5,6,9.75],"rotation":180,"texture":"#0"},"east":{"uv":[5.875,9.75,6,10.5],"texture":"#0"},"south":{"uv":[5.75,9.75,6,10.5],"texture":"#0"},"west":{"uv":[5.75,9.75,5.875,10.5],"texture":"#0"},"up":{"uv":[6,9.75,5.75,9.875],"rotation":180,"texture":"#0"},"down":{"uv":[5.75,10.375,6,10.5],"texture":"#0"}}},{"name":"laser_blue_greatsword_test_78","from":[6.75,6,7.875],"to":[7,6.125,8.25],"rotation":{"angle":0,"axis":"x","origin":[7.13602,5.61668,8.05982]},"faces":{"north":{"uv":[6.25,9.875,6.5,9.75],"rotation":180,"texture":"#0"},"east":{"uv":[6.375,9.75,6.5,9.875],"texture":"#0"},"south":{"uv":[6.25,9.75,6.5,9.875],"texture":"#0"},"west":{"uv":[6.25,9.75,6.375,9.875],"texture":"#0"},"up":{"uv":[6.5,9.75,6.25,9.875],"rotation":180,"texture":"#0"},"down":{"uv":[6.25,9.75,6.5,9.875],"texture":"#0"}}},{"name":"laser_blue_greatsword_test_80","from":[6,5,7.875],"to":[6.25,6,8.25],"rotation":{"angle":0,"axis":"x","origin":[7.13602,5.61668,8.05982]},"faces":{"north":{"uv":[5.5,10.875,5.75,9.875],"rotation":180,"texture":"#0"},"east":{"uv":[5.625,9.875,5.75,10.875],"texture":"#0"},"south":{"uv":[5.5,9.875,5.75,10.875],"texture":"#0"},"west":{"uv":[5.5,9.875,5.625,10.875],"texture":"#0"},"up":{"uv":[5.75,9.875,5.5,10],"rotation":180,"texture":"#0"},"down":{"uv":[5.5,10.75,5.75,10.875],"texture":"#0"}}},{"name":"laser_blue_greatsword_test_81","from":[6.75,5.875,7.875],"to":[6.875,6,8.25],"rotation":{"angle":0,"axis":"x","origin":[7.13602,5.61668,8.05982]},"faces":{"north":{"uv":[6.25,10,6.375,9.875],"rotation":180,"texture":"#0"},"east":{"uv":[6.25,9.875,6.375,10],"texture":"#0"},"south":{"uv":[6.25,9.875,6.375,10],"texture":"#0"},"west":{"uv":[6.25,9.875,6.375,10],"texture":"#0"},"up":{"uv":[6.375,9.875,6.25,10],"rotation":180,"texture":"#0"},"down":{"uv":[6.25,9.875,6.375,10],"texture":"#0"}}},{"name":"laser_blue_greatsword_test_83","from":[5.75,4.75,7.875],"to":[6,5.875,8.25],"rotation":{"angle":0,"axis":"x","origin":[7.13602,5.61668,8.05982]},"faces":{"north":{"uv":[5.25,11.125,5.5,10],"rotation":180,"texture":"#0"},"east":{"uv":[5.375,10,5.5,11.125],"texture":"#0"},"south":{"uv":[5.25,10,5.5,11.125],"texture":"#0"},"west":{"uv":[5.25,10,5.375,11.125],"texture":"#0"},"up":{"uv":[5.5,10,5.25,10.125],"rotation":180,"texture":"#0"},"down":{"uv":[5.25,11,5.5,11.125],"texture":"#0"}}},{"name":"laser_blue_greatsword_test_85","from":[5.125,5.25,7.875],"to":[5.75,5.75,8.25],"rotation":{"angle":0,"axis":"x","origin":[7.13602,5.61668,8.05982]},"faces":{"north":{"uv":[4.625,10.625,5.25,10.125],"rotation":180,"texture":"#0"},"east":{"uv":[5.125,10.125,5.25,10.625],"texture":"#0"},"south":{"uv":[4.625,10.125,5.25,10.625],"texture":"#0"},"west":{"uv":[4.625,10.125,4.75,10.625],"texture":"#0"},"up":{"uv":[5.25,10.125,4.625,10.25],"rotation":180,"texture":"#0"},"down":{"uv":[4.625,10.5,5.25,10.625],"texture":"#0"}}},{"name":"laser_blue_greatsword_test_87","from":[5,5.375,7.875],"to":[5.125,5.625,8.25],"rotation":{"angle":0,"axis":"x","origin":[7.13602,5.61668,8.05982]},"faces":{"north":{"uv":[4.5,10.5,4.625,10.25],"rotation":180,"texture":"#0"},"east":{"uv":[4.5,10.25,4.625,10.5],"texture":"#0"},"south":{"uv":[4.5,10.25,4.625,10.5],"texture":"#0"},"west":{"uv":[4.5,10.25,4.625,10.5],"texture":"#0"},"up":{"uv":[4.625,10.25,4.5,10.375],"rotation":180,"texture":"#0"},"down":{"uv":[4.5,10.375,4.625,10.5],"texture":"#0"}}},{"name":"laser_blue_greatsword_test_92","from":[6.25,5.25,7.875],"to":[6.375,5.375,8.25],"rotation":{"angle":0,"axis":"x","origin":[7.13602,5.61668,8.05982]},"faces":{"north":{"uv":[5.75,10.625,5.875,10.5],"rotation":180,"texture":"#0"},"east":{"uv":[5.75,10.5,5.875,10.625],"texture":"#0"},"south":{"uv":[5.75,10.5,5.875,10.625],"texture":"#0"},"west":{"uv":[5.75,10.5,5.875,10.625],"texture":"#0"},"up":{"uv":[5.875,10.5,5.75,10.625],"rotation":180,"texture":"#0"},"down":{"uv":[5.75,10.5,5.875,10.625],"texture":"#0"}}},{"name":"laser_blue_greatsword_test_95","from":[5.625,5.125,7.875],"to":[5.75,5.25,8.25],"rotation":{"angle":0,"axis":"x","origin":[7.13602,5.61668,8.05982]},"faces":{"north":{"uv":[5.125,10.75,5.25,10.625],"rotation":180,"texture":"#0"},"east":{"uv":[5.125,10.625,5.25,10.75],"texture":"#0"},"south":{"uv":[5.125,10.625,5.25,10.75],"texture":"#0"},"west":{"uv":[5.125,10.625,5.25,10.75],"texture":"#0"},"up":{"uv":[5.25,10.625,5.125,10.75],"rotation":180,"texture":"#0"},"down":{"uv":[5.125,10.625,5.25,10.75],"texture":"#0"}}},{"name":"laser_blue_greatsword_test_99","from":[6,4.875,7.875],"to":[6.125,5,8.25],"rotation":{"angle":0,"axis":"x","origin":[7.13602,5.61668,8.05982]},"faces":{"north":{"uv":[5.5,11,5.625,10.875],"rotation":180,"texture":"#0"},"east":{"uv":[5.5,10.875,5.625,11],"texture":"#0"},"south":{"uv":[5.5,10.875,5.625,11],"texture":"#0"},"west":{"uv":[5.5,10.875,5.625,11],"texture":"#0"},"up":{"uv":[5.625,10.875,5.5,11],"rotation":180,"texture":"#0"},"down":{"uv":[5.5,10.875,5.625,11],"texture":"#0"}}},{"name":"laser_blue_greatsword_test_86","from":[7.875,4.75,7.875],"to":[8,5.875,8.25],"rotation":{"angle":0,"axis":"x","origin":[7.13602,5.61668,8.05982]},"faces":{"north":{"uv":[7.875,11.25,8,10.125],"rotation":180,"texture":"#0"},"east":{"uv":[7.875,10.125,8,11.25],"texture":"#0"},"south":{"uv":[7.875,10.125,8,11.25],"texture":"#0"},"west":{"uv":[7.875,10.125,8,11.25],"texture":"#0"},"up":{"uv":[8,10.125,7.875,10.25],"rotation":180,"texture":"#0"},"down":{"uv":[7.875,11.125,8,11.25],"texture":"#0"}}},{"name":"laser_blue_greatsword_test_89","from":[7.75,4.75,7.875],"to":[7.875,5.75,8.25],"rotation":{"angle":0,"axis":"x","origin":[7.13602,5.61668,8.05982]},"faces":{"north":{"uv":[7.75,11.25,7.875,10.25],"rotation":180,"texture":"#0"},"east":{"uv":[7.75,10.25,7.875,11.25],"texture":"#0"},"south":{"uv":[7.75,10.25,7.875,11.25],"texture":"#0"},"west":{"uv":[7.75,10.25,7.875,11.25],"texture":"#0"},"up":{"uv":[7.875,10.25,7.75,10.375],"rotation":180,"texture":"#0"},"down":{"uv":[7.75,11.125,7.875,11.25],"texture":"#0"}}},{"name":"laser_blue_greatsword_test_90","from":[8,4.75,7.875],"to":[8.125,5.75,8.25],"rotation":{"angle":0,"axis":"x","origin":[7.13602,5.61668,8.05982]},"faces":{"north":{"uv":[8,11.25,8.125,10.25],"rotation":180,"texture":"#0"},"east":{"uv":[8,10.25,8.125,11.25],"texture":"#0"},"south":{"uv":[8,10.25,8.125,11.25],"texture":"#0"},"west":{"uv":[8,10.25,8.125,11.25],"texture":"#0"},"up":{"uv":[8.125,10.25,8,10.375],"rotation":180,"texture":"#0"},"down":{"uv":[8,11.125,8.125,11.25],"texture":"#0"}}},{"name":"laser_blue_greatsword_test_91","from":[7.25,4.875,7.875],"to":[7.75,5.625,8.25],"rotation":{"angle":0,"axis":"x","origin":[7.13602,5.61668,8.05982]},"faces":{"north":{"uv":[7.25,11.125,7.75,10.375],"rotation":180,"texture":"#0"},"east":{"uv":[7.625,10.375,7.75,11.125],"texture":"#0"},"south":{"uv":[7.25,10.375,7.75,11.125],"texture":"#0"},"west":{"uv":[7.25,10.375,7.375,11.125],"texture":"#0"},"up":{"uv":[7.75,10.375,7.25,10.5],"rotation":180,"texture":"#0"},"down":{"uv":[7.25,11,7.75,11.125],"texture":"#0"}}},{"name":"laser_blue_greatsword_test_101","from":[7.375,4.75,7.875],"to":[7.75,4.875,8.25],"rotation":{"angle":0,"axis":"x","origin":[7.13602,5.61668,8.05982]},"faces":{"north":{"uv":[7.375,11.25,7.75,11.125],"rotation":180,"texture":"#0"},"east":{"uv":[7.625,11.125,7.75,11.25],"texture":"#0"},"south":{"uv":[7.375,11.125,7.75,11.25],"texture":"#0"},"west":{"uv":[7.375,11.125,7.5,11.25],"texture":"#0"},"up":{"uv":[7.75,11.125,7.375,11.25],"rotation":180,"texture":"#0"},"down":{"uv":[7.375,11.125,7.75,11.25],"texture":"#0"}}},{"name":"laser_blue_greatsword_test_64","from":[7.875,7.125,8],"to":[8,7.5,8.125],"rotation":{"angle":0,"axis":"x","origin":[7.13602,5.61668,8.05982]},"faces":{"north":{"uv":[7.875,8.875,8,8.5],"rotation":180,"texture":"#0"},"east":{"uv":[7.875,8.5,8,8.875],"texture":"#0"},"south":{"uv":[7.875,8.5,8,8.875],"texture":"#0"},"west":{"uv":[7.875,8.5,8,8.875],"texture":"#0"},"up":{"uv":[8,8.5,7.875,8.625],"rotation":180,"texture":"#0"},"down":{"uv":[7.875,8.75,8,8.875],"texture":"#0"}}},{"name":"laser_blue_greatsword_test_65","from":[7.75,6.875,8],"to":[7.875,7.25,8.125],"rotation":{"angle":0,"axis":"x","origin":[7.13602,5.61668,8.05982]},"faces":{"north":{"uv":[7.75,9.125,7.875,8.75],"rotation":180,"texture":"#0"},"east":{"uv":[7.75,8.75,7.875,9.125],"texture":"#0"},"south":{"uv":[7.75,8.75,7.875,9.125],"texture":"#0"},"west":{"uv":[7.75,8.75,7.875,9.125],"texture":"#0"},"up":{"uv":[7.875,8.75,7.75,8.875],"rotation":180,"texture":"#0"},"down":{"uv":[7.75,9,7.875,9.125],"texture":"#0"}}},{"name":"laser_blue_greatsword_test_66","from":[7.625,6.625,8],"to":[7.75,7,8.125],"rotation":{"angle":0,"axis":"x","origin":[7.13602,5.61668,8.05982]},"faces":{"north":{"uv":[7.625,9.375,7.75,9],"rotation":180,"texture":"#0"},"east":{"uv":[7.625,9,7.75,9.375],"texture":"#0"},"south":{"uv":[7.625,9,7.75,9.375],"texture":"#0"},"west":{"uv":[7.625,9,7.75,9.375],"texture":"#0"},"up":{"uv":[7.75,9,7.625,9.125],"rotation":180,"texture":"#0"},"down":{"uv":[7.625,9.25,7.75,9.375],"texture":"#0"}}},{"name":"laser_blue_greatsword_test_67","from":[7.5,6.375,8],"to":[7.625,6.875,8.125],"rotation":{"angle":0,"axis":"x","origin":[7.13602,5.61668,8.05982]},"faces":{"north":{"uv":[7.5,9.625,7.625,9.125],"rotation":180,"texture":"#0"},"east":{"uv":[7.5,9.125,7.625,9.625],"texture":"#0"},"south":{"uv":[7.5,9.125,7.625,9.625],"texture":"#0"},"west":{"uv":[7.5,9.125,7.625,9.625],"texture":"#0"},"up":{"uv":[7.625,9.125,7.5,9.25],"rotation":180,"texture":"#0"},"down":{"uv":[7.5,9.5,7.625,9.625],"texture":"#0"}}},{"name":"laser_blue_greatsword_test_68","from":[7.375,6.25,8],"to":[7.5,6.75,8.125],"rotation":{"angle":0,"axis":"x","origin":[7.13602,5.61668,8.05982]},"faces":{"north":{"uv":[7.375,9.75,7.5,9.25],"rotation":180,"texture":"#0"},"east":{"uv":[7.375,9.25,7.5,9.75],"texture":"#0"},"south":{"uv":[7.375,9.25,7.5,9.75],"texture":"#0"},"west":{"uv":[7.375,9.25,7.5,9.75],"texture":"#0"},"up":{"uv":[7.5,9.25,7.375,9.375],"rotation":180,"texture":"#0"},"down":{"uv":[7.375,9.625,7.5,9.75],"texture":"#0"}}},{"name":"laser_blue_greatsword_test_70","from":[7.25,6.25,8],"to":[7.375,6.625,8.125],"rotation":{"angle":0,"axis":"x","origin":[7.13602,5.61668,8.05982]},"faces":{"north":{"uv":[7.25,9.75,7.375,9.375],"rotation":180,"texture":"#0"},"east":{"uv":[7.25,9.375,7.375,9.75],"texture":"#0"},"south":{"uv":[7.25,9.375,7.375,9.75],"texture":"#0"},"west":{"uv":[7.25,9.375,7.375,9.75],"texture":"#0"},"up":{"uv":[7.375,9.375,7.25,9.5],"rotation":180,"texture":"#0"},"down":{"uv":[7.25,9.625,7.375,9.75],"texture":"#0"}}},{"name":"laser_blue_greatsword_test_72","from":[7.125,6.25,8],"to":[7.25,6.5,8.125],"rotation":{"angle":0,"axis":"x","origin":[7.13602,5.61668,8.05982]},"faces":{"north":{"uv":[7.125,9.75,7.25,9.5],"rotation":180,"texture":"#0"},"east":{"uv":[7.125,9.5,7.25,9.75],"texture":"#0"},"south":{"uv":[7.125,9.5,7.25,9.75],"texture":"#0"},"west":{"uv":[7.125,9.5,7.25,9.75],"texture":"#0"},"up":{"uv":[7.25,9.5,7.125,9.625],"rotation":180,"texture":"#0"},"down":{"uv":[7.125,9.625,7.25,9.75],"texture":"#0"}}},{"name":"laser_blue_greatsword_test_73","from":[7.875,6.375,8],"to":[8.125,6.5,8.125],"rotation":{"angle":0,"axis":"x","origin":[7.13602,5.61668,8.05982]},"faces":{"north":{"uv":[7.875,9.625,8.125,9.5],"rotation":180,"texture":"#0"},"east":{"uv":[8,9.5,8.125,9.625],"texture":"#0"},"south":{"uv":[7.875,9.5,8.125,9.625],"texture":"#0"},"west":{"uv":[7.875,9.5,8,9.625],"texture":"#0"},"up":{"uv":[8.125,9.5,7.875,9.625],"rotation":180,"texture":"#0"},"down":{"uv":[7.875,9.5,8.125,9.625],"texture":"#0"}}},{"name":"laser_blue_greatsword_test_75","from":[7.75,6.25,8],"to":[8,6.375,8.125],"rotation":{"angle":0,"axis":"x","origin":[7.13602,5.61668,8.05982]},"faces":{"north":{"uv":[7.75,9.75,8,9.625],"rotation":180,"texture":"#0"},"east":{"uv":[7.875,9.625,8,9.75],"texture":"#0"},"south":{"uv":[7.75,9.625,8,9.75],"texture":"#0"},"west":{"uv":[7.75,9.625,7.875,9.75],"texture":"#0"},"up":{"uv":[8,9.625,7.75,9.75],"rotation":180,"texture":"#0"},"down":{"uv":[7.75,9.625,8,9.75],"texture":"#0"}}},{"name":"laser_blue_greatsword_test_79","from":[7.625,6.125,8],"to":[7.875,6.25,8.125],"rotation":{"angle":0,"axis":"x","origin":[7.13602,5.61668,8.05982]},"faces":{"north":{"uv":[7.625,9.875,7.875,9.75],"rotation":180,"texture":"#0"},"east":{"uv":[7.75,9.75,7.875,9.875],"texture":"#0"},"south":{"uv":[7.625,9.75,7.875,9.875],"texture":"#0"},"west":{"uv":[7.625,9.75,7.75,9.875],"texture":"#0"},"up":{"uv":[7.875,9.75,7.625,9.875],"rotation":180,"texture":"#0"},"down":{"uv":[7.625,9.75,7.875,9.875],"texture":"#0"}}},{"name":"laser_blue_greatsword_test_82","from":[7.625,6,8],"to":[7.75,6.125,8.125],"rotation":{"angle":0,"axis":"x","origin":[7.13602,5.61668,8.05982]},"faces":{"north":{"uv":[7.625,10,7.75,9.875],"rotation":180,"texture":"#0"},"east":{"uv":[7.625,9.875,7.75,10],"texture":"#0"},"south":{"uv":[7.625,9.875,7.75,10],"texture":"#0"},"west":{"uv":[7.625,9.875,7.75,10],"texture":"#0"},"up":{"uv":[7.75,9.875,7.625,10],"rotation":180,"texture":"#0"},"down":{"uv":[7.625,9.875,7.75,10],"texture":"#0"}}},{"name":"laser_blue_greatsword_test_84","from":[6.875,5.75,8],"to":[7,6,8.125],"rotation":{"angle":0,"axis":"x","origin":[7.13602,5.61668,8.05982]},"faces":{"north":{"uv":[6.875,10.25,7,10],"rotation":180,"texture":"#0"},"east":{"uv":[6.875,10,7,10.25],"texture":"#0"},"south":{"uv":[6.875,10,7,10.25],"texture":"#0"},"west":{"uv":[6.875,10,7,10.25],"texture":"#0"},"up":{"uv":[7,10,6.875,10.125],"rotation":180,"texture":"#0"},"down":{"uv":[6.875,10.125,7,10.25],"texture":"#0"}}},{"name":"laser_blue_greatsword_test_88","from":[7,5.5,8],"to":[7.125,5.75,8.125],"rotation":{"angle":0,"axis":"x","origin":[7.13602,5.61668,8.05982]},"faces":{"north":{"uv":[7,10.5,7.125,10.25],"rotation":180,"texture":"#0"},"east":{"uv":[7,10.25,7.125,10.5],"texture":"#0"},"south":{"uv":[7,10.25,7.125,10.5],"texture":"#0"},"west":{"uv":[7,10.25,7.125,10.5],"texture":"#0"},"up":{"uv":[7.125,10.25,7,10.375],"rotation":180,"texture":"#0"},"down":{"uv":[7,10.375,7.125,10.5],"texture":"#0"}}},{"name":"laser_blue_greatsword_test_93","from":[6.875,5.25,8],"to":[7,5.5,8.125],"rotation":{"angle":0,"axis":"x","origin":[7.13602,5.61668,8.05982]},"faces":{"north":{"uv":[6.875,10.75,7,10.5],"rotation":180,"texture":"#0"},"east":{"uv":[6.875,10.5,7,10.75],"texture":"#0"},"south":{"uv":[6.875,10.5,7,10.75],"texture":"#0"},"west":{"uv":[6.875,10.5,7,10.75],"texture":"#0"},"up":{"uv":[7,10.5,6.875,10.625],"rotation":180,"texture":"#0"},"down":{"uv":[6.875,10.625,7,10.75],"texture":"#0"}}},{"name":"laser_blue_greatsword_test_98","from":[6.75,5,8],"to":[6.875,5.25,8.125],"rotation":{"angle":0,"axis":"x","origin":[7.13602,5.61668,8.05982]},"faces":{"north":{"uv":[6.75,11,6.875,10.75],"rotation":180,"texture":"#0"},"east":{"uv":[6.75,10.75,6.875,11],"texture":"#0"},"south":{"uv":[6.75,10.75,6.875,11],"texture":"#0"},"west":{"uv":[6.75,10.75,6.875,11],"texture":"#0"},"up":{"uv":[6.875,10.75,6.75,10.875],"rotation":180,"texture":"#0"},"down":{"uv":[6.75,10.875,6.875,11],"texture":"#0"}}},{"name":"laser_blue_greatsword_test_100","from":[6.625,4.75,8],"to":[6.75,5,8.125],"rotation":{"angle":0,"axis":"x","origin":[7.13602,5.61668,8.05982]},"faces":{"north":{"uv":[6.625,11.25,6.75,11],"rotation":180,"texture":"#0"},"east":{"uv":[6.625,11,6.75,11.25],"texture":"#0"},"south":{"uv":[6.625,11,6.75,11.25],"texture":"#0"},"west":{"uv":[6.625,11,6.75,11.25],"texture":"#0"},"up":{"uv":[6.75,11,6.625,11.125],"rotation":180,"texture":"#0"},"down":{"uv":[6.625,11.125,6.75,11.25],"texture":"#0"}}},{"name":"laser_blue_greatsword_test_102","from":[6.5,4.5,8],"to":[6.625,4.75,8.125],"rotation":{"angle":0,"axis":"x","origin":[7.13602,5.61668,8.05982]},"faces":{"north":{"uv":[6.5,11.5,6.625,11.25],"rotation":180,"texture":"#0"},"east":{"uv":[6.5,11.25,6.625,11.5],"texture":"#0"},"south":{"uv":[6.5,11.25,6.625,11.5],"texture":"#0"},"west":{"uv":[6.5,11.25,6.625,11.5],"texture":"#0"},"up":{"uv":[6.625,11.25,6.5,11.375],"rotation":180,"texture":"#0"},"down":{"uv":[6.5,11.375,6.625,11.5],"texture":"#0"}}},{"name":"laser_blue_greatsword_test_104","from":[6.375,4.25,8],"to":[6.5,4.5,8.125],"rotation":{"angle":0,"axis":"x","origin":[7.13602,5.61668,8.05982]},"faces":{"north":{"uv":[6.375,11.75,6.5,11.5],"rotation":180,"texture":"#0"},"east":{"uv":[6.375,11.5,6.5,11.75],"texture":"#0"},"south":{"uv":[6.375,11.5,6.5,11.75],"texture":"#0"},"west":{"uv":[6.375,11.5,6.5,11.75],"texture":"#0"},"up":{"uv":[6.5,11.5,6.375,11.625],"rotation":180,"texture":"#0"},"down":{"uv":[6.375,11.625,6.5,11.75],"texture":"#0"}}},{"name":"laser_blue_greatsword_test_103","from":[7.375,4.125,7.9375],"to":[8,4.75,8.1875],"rotation":{"angle":0,"axis":"x","origin":[7.13602,5.61668,8.05982]},"faces":{"north":{"uv":[9.25,11.875,9.875,11.25],"rotation":180,"texture":"#0"},"east":{"uv":[9.75,11.25,9.875,11.875],"texture":"#0"},"south":{"uv":[9.25,11.25,9.875,11.875],"texture":"#0"},"west":{"uv":[9.25,11.25,9.375,11.875],"texture":"#0"},"up":{"uv":[9.875,11.25,9.25,11.375],"rotation":180,"texture":"#0"},"down":{"uv":[9.25,11.75,9.875,11.875],"texture":"#0"}}},{"name":"laser_blue_greatsword_test_105","from":[7.375,3.75,7.9375],"to":[7.875,4.125,8.1875],"rotation":{"angle":0,"axis":"x","origin":[7.13602,5.61668,8.05982]},"faces":{"north":{"uv":[9.25,12.25,9.75,11.875],"rotation":180,"texture":"#0"},"east":{"uv":[9.625,11.875,9.75,12.25],"texture":"#0"},"south":{"uv":[9.25,11.875,9.75,12.25],"texture":"#0"},"west":{"uv":[9.25,11.875,9.375,12.25],"texture":"#0"},"up":{"uv":[9.75,11.875,9.25,12],"rotation":180,"texture":"#0"},"down":{"uv":[9.25,12.125,9.75,12.25],"texture":"#0"}}},{"name":"laser_blue_greatsword_test_107","from":[7.375,3.5,7.9375],"to":[7.75,3.75,8.1875],"rotation":{"angle":0,"axis":"x","origin":[7.13602,5.61668,8.05982]},"faces":{"north":{"uv":[9.25,12.5,9.625,12.25],"rotation":180,"texture":"#0"},"east":{"uv":[9.5,12.25,9.625,12.5],"texture":"#0"},"south":{"uv":[9.25,12.25,9.625,12.5],"texture":"#0"},"west":{"uv":[9.25,12.25,9.375,12.5],"texture":"#0"},"up":{"uv":[9.625,12.25,9.25,12.375],"rotation":180,"texture":"#0"},"down":{"uv":[9.25,12.375,9.625,12.5],"texture":"#0"}}},{"name":"laser_blue_greatsword_test_110","from":[7.25,3.5,7.9375],"to":[7.375,3.625,8.1875],"rotation":{"angle":0,"axis":"x","origin":[7.13602,5.61668,8.05982]},"faces":{"north":{"uv":[9.125,12.5,9.25,12.375],"rotation":180,"texture":"#0"},"east":{"uv":[9.125,12.375,9.25,12.5],"texture":"#0"},"south":{"uv":[9.125,12.375,9.25,12.5],"texture":"#0"},"west":{"uv":[9.125,12.375,9.25,12.5],"texture":"#0"},"up":{"uv":[9.25,12.375,9.125,12.5],"rotation":180,"texture":"#0"},"down":{"uv":[9.125,12.375,9.25,12.5],"texture":"#0"}}},{"name":"laser_blue_greatsword_test_106","from":[7,1.875,7.875],"to":[7.125,3.75,8.25],"rotation":{"angle":0,"axis":"x","origin":[7.13602,5.61668,8.05982]},"faces":{"north":{"uv":[7,14.125,7.125,12.25],"rotation":180,"texture":"#0"},"east":{"uv":[7,12.25,7.125,14.125],"texture":"#0"},"south":{"uv":[7,12.25,7.125,14.125],"texture":"#0"},"west":{"uv":[7,12.25,7.125,14.125],"texture":"#0"},"up":{"uv":[7.125,12.25,7,12.375],"rotation":180,"texture":"#0"},"down":{"uv":[7,14,7.125,14.125],"texture":"#0"}}},{"name":"laser_blue_greatsword_test_108","from":[6.875,3.5,7.875],"to":[7,3.625,8.25],"rotation":{"angle":0,"axis":"x","origin":[7.13602,5.61668,8.05982]},"faces":{"north":{"uv":[6.875,12.5,7,12.375],"rotation":180,"texture":"#0"},"east":{"uv":[6.875,12.375,7,12.5],"texture":"#0"},"south":{"uv":[6.875,12.375,7,12.5],"texture":"#0"},"west":{"uv":[6.875,12.375,7,12.5],"texture":"#0"},"up":{"uv":[7,12.375,6.875,12.5],"rotation":180,"texture":"#0"},"down":{"uv":[6.875,12.375,7,12.5],"texture":"#0"}}},{"name":"laser_blue_greatsword_test_109","from":[7.125,1.75,7.875],"to":[7.25,3.625,8.25],"rotation":{"angle":0,"axis":"x","origin":[7.13602,5.61668,8.05982]},"faces":{"north":{"uv":[7.125,14.25,7.25,12.375],"rotation":180,"texture":"#0"},"east":{"uv":[7.125,12.375,7.25,14.25],"texture":"#0"},"south":{"uv":[7.125,12.375,7.25,14.25],"texture":"#0"},"west":{"uv":[7.125,12.375,7.25,14.25],"texture":"#0"},"up":{"uv":[7.25,12.375,7.125,12.5],"rotation":180,"texture":"#0"},"down":{"uv":[7.125,14.125,7.25,14.25],"texture":"#0"}}},{"name":"laser_blue_greatsword_test_111","from":[7.25,3.125,7.875],"to":[7.75,3.5,8.25],"rotation":{"angle":0,"axis":"x","origin":[7.13602,5.61668,8.05982]},"faces":{"north":{"uv":[7.25,12.875,7.75,12.5],"rotation":180,"texture":"#0"},"east":{"uv":[7.625,12.5,7.75,12.875],"texture":"#0"},"south":{"uv":[7.25,12.5,7.75,12.875],"texture":"#0"},"west":{"uv":[7.25,12.5,7.375,12.875],"texture":"#0"},"up":{"uv":[7.75,12.5,7.25,12.625],"rotation":180,"texture":"#0"},"down":{"uv":[7.25,12.75,7.75,12.875],"texture":"#0"}}},{"name":"laser_blue_greatsword_test_112","from":[6.875,1.875,7.875],"to":[7,3.375,8.25],"rotation":{"angle":0,"axis":"x","origin":[7.13602,5.61668,8.05982]},"faces":{"north":{"uv":[6.875,14.125,7,12.625],"rotation":180,"texture":"#0"},"east":{"uv":[6.875,12.625,7,14.125],"texture":"#0"},"south":{"uv":[6.875,12.625,7,14.125],"texture":"#0"},"west":{"uv":[6.875,12.625,7,14.125],"texture":"#0"},"up":{"uv":[7,12.625,6.875,12.75],"rotation":180,"texture":"#0"},"down":{"uv":[6.875,14,7,14.125],"texture":"#0"}}},{"name":"laser_blue_greatsword_test_113","from":[7.25,2.25,7.875],"to":[7.625,3.125,8.25],"rotation":{"angle":0,"axis":"x","origin":[7.13602,5.61668,8.05982]},"faces":{"north":{"uv":[7.25,13.75,7.625,12.875],"rotation":180,"texture":"#0"},"east":{"uv":[7.5,12.875,7.625,13.75],"texture":"#0"},"south":{"uv":[7.25,12.875,7.625,13.75],"texture":"#0"},"west":{"uv":[7.25,12.875,7.375,13.75],"texture":"#0"},"up":{"uv":[7.625,12.875,7.25,13],"rotation":180,"texture":"#0"},"down":{"uv":[7.25,13.625,7.625,13.75],"texture":"#0"}}},{"name":"laser_blue_greatsword_test_114","from":[6.75,2.25,7.875],"to":[6.875,3,8.25],"rotation":{"angle":0,"axis":"x","origin":[7.13602,5.61668,8.05982]},"faces":{"north":{"uv":[6.75,13.75,6.875,13],"rotation":180,"texture":"#0"},"east":{"uv":[6.75,13,6.875,13.75],"texture":"#0"},"south":{"uv":[6.75,13,6.875,13.75],"texture":"#0"},"west":{"uv":[6.75,13,6.875,13.75],"texture":"#0"},"up":{"uv":[6.875,13,6.75,13.125],"rotation":180,"texture":"#0"},"down":{"uv":[6.75,13.625,6.875,13.75],"texture":"#0"}}},{"name":"laser_blue_greatsword_test_115","from":[7.25,2,7.875],"to":[7.5,2.25,8.25],"rotation":{"angle":0,"axis":"x","origin":[7.13602,5.61668,8.05982]},"faces":{"north":{"uv":[7.25,14,7.5,13.75],"rotation":180,"texture":"#0"},"east":{"uv":[7.375,13.75,7.5,14],"texture":"#0"},"south":{"uv":[7.25,13.75,7.5,14],"texture":"#0"},"west":{"uv":[7.25,13.75,7.375,14],"texture":"#0"},"up":{"uv":[7.5,13.75,7.25,13.875],"rotation":180,"texture":"#0"},"down":{"uv":[7.25,13.875,7.5,14],"texture":"#0"}}},{"name":"laser_blue_greatsword_test_120","from":[7.25,1.625,7.875],"to":[7.375,2,8.25],"rotation":{"angle":0,"axis":"x","origin":[7.13602,5.61668,8.05982]},"faces":{"north":{"uv":[7.25,14.375,7.375,14],"rotation":180,"texture":"#0"},"east":{"uv":[7.25,14,7.375,14.375],"texture":"#0"},"south":{"uv":[7.25,14,7.375,14.375],"texture":"#0"},"west":{"uv":[7.25,14,7.375,14.375],"texture":"#0"},"up":{"uv":[7.375,14,7.25,14.125],"rotation":180,"texture":"#0"},"down":{"uv":[7.25,14.25,7.375,14.375],"texture":"#0"}}},{"name":"laser_blue_greatsword_test_116","from":[6.75,1.5,7.8125],"to":[6.875,2.25,8.3125],"rotation":{"angle":0,"axis":"x","origin":[7.13602,5.61668,8.05982]},"faces":{"north":{"uv":[4.125,14.625,4.25,13.875],"rotation":180,"texture":"#0"},"east":{"uv":[4.125,13.875,4.25,14.625],"texture":"#0"},"south":{"uv":[4.125,13.875,4.25,14.625],"texture":"#0"},"west":{"uv":[4.125,13.875,4.25,14.625],"texture":"#0"},"up":{"uv":[4.25,13.875,4.125,14],"rotation":180,"texture":"#0"},"down":{"uv":[4.125,14.5,4.25,14.625],"texture":"#0"}}},{"name":"laser_blue_greatsword_test_117","from":[7.5,1.875,7.8125],"to":[7.75,2.25,8.3125],"rotation":{"angle":0,"axis":"x","origin":[7.13602,5.61668,8.05982]},"faces":{"north":{"uv":[4.875,14.25,5.125,13.875],"rotation":180,"texture":"#0"},"east":{"uv":[5,13.875,5.125,14.25],"texture":"#0"},"south":{"uv":[4.875,13.875,5.125,14.25],"texture":"#0"},"west":{"uv":[4.875,13.875,5,14.25],"texture":"#0"},"up":{"uv":[5.125,13.875,4.875,14],"rotation":180,"texture":"#0"},"down":{"uv":[4.875,14.125,5.125,14.25],"texture":"#0"}}},{"name":"laser_blue_greatsword_test_118","from":[6.5,1.75,7.8125],"to":[6.75,2.125,8.3125],"rotation":{"angle":0,"axis":"x","origin":[7.13602,5.61668,8.05982]},"faces":{"north":{"uv":[3.875,14.375,4.125,14],"rotation":180,"texture":"#0"},"east":{"uv":[4,14,4.125,14.375],"texture":"#0"},"south":{"uv":[3.875,14,4.125,14.375],"texture":"#0"},"west":{"uv":[3.875,14,4,14.375],"texture":"#0"},"up":{"uv":[4.125,14,3.875,14.125],"rotation":180,"texture":"#0"},"down":{"uv":[3.875,14.25,4.125,14.375],"texture":"#0"}}},{"name":"laser_blue_greatsword_test_119","from":[7.75,1.875,7.8125],"to":[7.875,2.125,8.3125],"rotation":{"angle":0,"axis":"x","origin":[7.13602,5.61668,8.05982]},"faces":{"north":{"uv":[5.125,14.25,5.25,14],"rotation":180,"texture":"#0"},"east":{"uv":[5.125,14,5.25,14.25],"texture":"#0"},"south":{"uv":[5.125,14,5.25,14.25],"texture":"#0"},"west":{"uv":[5.125,14,5.25,14.25],"texture":"#0"},"up":{"uv":[5.25,14,5.125,14.125],"rotation":180,"texture":"#0"},"down":{"uv":[5.125,14.125,5.25,14.25],"texture":"#0"}}},{"name":"laser_blue_greatsword_test_121","from":[7.375,1.625,7.8125],"to":[7.5,2,8.3125],"rotation":{"angle":0,"axis":"x","origin":[7.13602,5.61668,8.05982]},"faces":{"north":{"uv":[5.5,14.5,5.625,14.125],"rotation":180,"texture":"#0"},"east":{"uv":[5.5,14.125,5.625,14.5],"texture":"#0"},"south":{"uv":[5.5,14.125,5.625,14.5],"texture":"#0"},"west":{"uv":[5.5,14.125,5.625,14.5],"texture":"#0"},"up":{"uv":[5.625,14.125,5.5,14.25],"rotation":180,"texture":"#0"},"down":{"uv":[5.5,14.375,5.625,14.5],"texture":"#0"}}},{"name":"laser_blue_greatsword_test_122","from":[6.875,1.375,7.8125],"to":[7.125,1.875,8.3125],"rotation":{"angle":0,"axis":"x","origin":[7.13602,5.61668,8.05982]},"faces":{"north":{"uv":[4.25,14.75,4.5,14.25],"rotation":180,"texture":"#0"},"east":{"uv":[4.375,14.25,4.5,14.75],"texture":"#0"},"south":{"uv":[4.25,14.25,4.5,14.75],"texture":"#0"},"west":{"uv":[4.25,14.25,4.375,14.75],"texture":"#0"},"up":{"uv":[4.5,14.25,4.25,14.375],"rotation":180,"texture":"#0"},"down":{"uv":[4.25,14.625,4.5,14.75],"texture":"#0"}}},{"name":"laser_blue_greatsword_test_123","from":[7.625,1.75,7.8125],"to":[7.75,1.875,8.3125],"rotation":{"angle":0,"axis":"x","origin":[7.13602,5.61668,8.05982]},"faces":{"north":{"uv":[5,14.375,5.125,14.25],"rotation":180,"texture":"#0"},"east":{"uv":[5,14.25,5.125,14.375],"texture":"#0"},"south":{"uv":[5,14.25,5.125,14.375],"texture":"#0"},"west":{"uv":[5,14.25,5.125,14.375],"texture":"#0"},"up":{"uv":[5.125,14.25,5,14.375],"rotation":180,"texture":"#0"},"down":{"uv":[5,14.25,5.125,14.375],"texture":"#0"}}},{"name":"laser_blue_greatsword_test_124","from":[7.5,1.5,7.8125],"to":[7.625,1.875,8.3125],"rotation":{"angle":0,"axis":"x","origin":[7.13602,5.61668,8.05982]},"faces":{"north":{"uv":[5.625,14.625,5.75,14.25],"rotation":180,"texture":"#0"},"east":{"uv":[5.625,14.25,5.75,14.625],"texture":"#0"},"south":{"uv":[5.625,14.25,5.75,14.625],"texture":"#0"},"west":{"uv":[5.625,14.25,5.75,14.625],"texture":"#0"},"up":{"uv":[5.75,14.25,5.625,14.375],"rotation":180,"texture":"#0"},"down":{"uv":[5.625,14.5,5.75,14.625],"texture":"#0"}}},{"name":"laser_blue_greatsword_test_125","from":[6.625,1.625,7.8125],"to":[6.75,1.75,8.3125],"rotation":{"angle":0,"axis":"x","origin":[7.13602,5.61668,8.05982]},"faces":{"north":{"uv":[4,14.5,4.125,14.375],"rotation":180,"texture":"#0"},"east":{"uv":[4,14.375,4.125,14.5],"texture":"#0"},"south":{"uv":[4,14.375,4.125,14.5],"texture":"#0"},"west":{"uv":[4,14.375,4.125,14.5],"texture":"#0"},"up":{"uv":[4.125,14.375,4,14.5],"rotation":180,"texture":"#0"},"down":{"uv":[4,14.375,4.125,14.5],"texture":"#0"}}},{"name":"laser_blue_greatsword_test_126","from":[7.125,1.125,7.8125],"to":[7.25,1.75,8.3125],"rotation":{"angle":0,"axis":"x","origin":[7.13602,5.61668,8.05982]},"faces":{"north":{"uv":[4.5,15,4.625,14.375],"rotation":180,"texture":"#0"},"east":{"uv":[4.5,14.375,4.625,15],"texture":"#0"},"south":{"uv":[4.5,14.375,4.625,15],"texture":"#0"},"west":{"uv":[4.5,14.375,4.625,15],"texture":"#0"},"up":{"uv":[4.625,14.375,4.5,14.5],"rotation":180,"texture":"#0"},"down":{"uv":[4.5,14.875,4.625,15],"texture":"#0"}}},{"name":"laser_blue_greatsword_test_127","from":[7.625,1.5,7.8125],"to":[7.875,1.75,8.3125],"rotation":{"angle":0,"axis":"x","origin":[7.13602,5.61668,8.05982]},"faces":{"north":{"uv":[5.75,14.625,6,14.375],"rotation":180,"texture":"#0"},"east":{"uv":[5.875,14.375,6,14.625],"texture":"#0"},"south":{"uv":[5.75,14.375,6,14.625],"texture":"#0"},"west":{"uv":[5.75,14.375,5.875,14.625],"texture":"#0"},"up":{"uv":[6,14.375,5.75,14.5],"rotation":180,"texture":"#0"},"down":{"uv":[5.75,14.5,6,14.625],"texture":"#0"}}},{"name":"laser_blue_greatsword_test_128","from":[7.25,1,7.8125],"to":[7.5,1.625,8.3125],"rotation":{"angle":0,"axis":"x","origin":[7.13602,5.61668,8.05982]},"faces":{"north":{"uv":[4.625,15.125,4.875,14.5],"rotation":180,"texture":"#0"},"east":{"uv":[4.75,14.5,4.875,15.125],"texture":"#0"},"south":{"uv":[4.625,14.5,4.875,15.125],"texture":"#0"},"west":{"uv":[4.625,14.5,4.75,15.125],"texture":"#0"},"up":{"uv":[4.875,14.5,4.625,14.625],"rotation":180,"texture":"#0"},"down":{"uv":[4.625,15,4.875,15.125],"texture":"#0"}}},{"name":"laser_blue_greatsword_test_129","from":[7.875,1.375,7.8125],"to":[8,1.625,8.3125],"rotation":{"angle":0,"axis":"x","origin":[7.13602,5.61668,8.05982]},"faces":{"north":{"uv":[6,14.75,6.125,14.5],"rotation":180,"texture":"#0"},"east":{"uv":[6,14.5,6.125,14.75],"texture":"#0"},"south":{"uv":[6,14.5,6.125,14.75],"texture":"#0"},"west":{"uv":[6,14.5,6.125,14.75],"texture":"#0"},"up":{"uv":[6.125,14.5,6,14.625],"rotation":180,"texture":"#0"},"down":{"uv":[6,14.625,6.125,14.75],"texture":"#0"}}},{"name":"laser_blue_greatsword_test_130","from":[7.5,0.875,7.8125],"to":[7.625,1.5,8.3125],"rotation":{"angle":0,"axis":"x","origin":[7.13602,5.61668,8.05982]},"faces":{"north":{"uv":[4.875,15.25,5,14.625],"rotation":180,"texture":"#0"},"east":{"uv":[4.875,14.625,5,15.25],"texture":"#0"},"south":{"uv":[4.875,14.625,5,15.25],"texture":"#0"},"west":{"uv":[4.875,14.625,5,15.25],"texture":"#0"},"up":{"uv":[5,14.625,4.875,14.75],"rotation":180,"texture":"#0"},"down":{"uv":[4.875,15.125,5,15.25],"texture":"#0"}}},{"name":"laser_blue_greatsword_test_131","from":[7.75,1.375,7.8125],"to":[7.875,1.5,8.3125],"rotation":{"angle":0,"axis":"x","origin":[7.13602,5.61668,8.05982]},"faces":{"north":{"uv":[5.875,14.75,6,14.625],"rotation":180,"texture":"#0"},"east":{"uv":[5.875,14.625,6,14.75],"texture":"#0"},"south":{"uv":[5.875,14.625,6,14.75],"texture":"#0"},"west":{"uv":[5.875,14.625,6,14.75],"texture":"#0"},"up":{"uv":[6,14.625,5.875,14.75],"rotation":180,"texture":"#0"},"down":{"uv":[5.875,14.625,6,14.75],"texture":"#0"}}},{"name":"laser_blue_greatsword_test_132","from":[7,1.25,7.8125],"to":[7.125,1.375,8.3125],"rotation":{"angle":0,"axis":"x","origin":[7.13602,5.61668,8.05982]},"faces":{"north":{"uv":[4.375,14.875,4.5,14.75],"rotation":180,"texture":"#0"},"east":{"uv":[4.375,14.75,4.5,14.875],"texture":"#0"},"south":{"uv":[4.375,14.75,4.5,14.875],"texture":"#0"},"west":{"uv":[4.375,14.75,4.5,14.875],"texture":"#0"},"up":{"uv":[4.5,14.75,4.375,14.875],"rotation":180,"texture":"#0"},"down":{"uv":[4.375,14.75,4.5,14.875],"texture":"#0"}}},{"name":"laser_blue_greatsword_test_133","from":[7.625,0.875,7.8125],"to":[7.75,1.375,8.3125],"rotation":{"angle":0,"axis":"x","origin":[7.13602,5.61668,8.05982]},"faces":{"north":{"uv":[5,15.25,5.125,14.75],"rotation":180,"texture":"#0"},"east":{"uv":[5,14.75,5.125,15.25],"texture":"#0"},"south":{"uv":[5,14.75,5.125,15.25],"texture":"#0"},"west":{"uv":[5,14.75,5.125,15.25],"texture":"#0"},"up":{"uv":[5.125,14.75,5,14.875],"rotation":180,"texture":"#0"},"down":{"uv":[5,15.125,5.125,15.25],"texture":"#0"}}},{"name":"laser_blue_greatsword_test_134","from":[7.75,0.75,7.8125],"to":[7.875,1.25,8.3125],"rotation":{"angle":0,"axis":"x","origin":[7.13602,5.61668,8.05982]},"faces":{"north":{"uv":[5.125,15.375,5.25,14.875],"rotation":180,"texture":"#0"},"east":{"uv":[5.125,14.875,5.25,15.375],"texture":"#0"},"south":{"uv":[5.125,14.875,5.25,15.375],"texture":"#0"},"west":{"uv":[5.125,14.875,5.25,15.375],"texture":"#0"},"up":{"uv":[5.25,14.875,5.125,15],"rotation":180,"texture":"#0"},"down":{"uv":[5.125,15.25,5.25,15.375],"texture":"#0"}}},{"name":"laser_blue_greatsword_test_135","from":[7.875,0.75,7.8125],"to":[8,1.125,8.3125],"rotation":{"angle":0,"axis":"x","origin":[7.13602,5.61668,8.05982]},"faces":{"north":{"uv":[5.25,15.375,5.375,15],"rotation":180,"texture":"#0"},"east":{"uv":[5.25,15,5.375,15.375],"texture":"#0"},"south":{"uv":[5.25,15,5.375,15.375],"texture":"#0"},"west":{"uv":[5.25,15,5.375,15.375],"texture":"#0"},"up":{"uv":[5.375,15,5.25,15.125],"rotation":180,"texture":"#0"},"down":{"uv":[5.25,15.25,5.375,15.375],"texture":"#0"}}},{"name":"laser_blue_greatsword_test_136","from":[8,0.75,7.8125],"to":[8.125,1,8.3125],"rotation":{"angle":0,"axis":"x","origin":[7.13602,5.61668,8.05982]},"faces":{"north":{"uv":[5.375,15.375,5.5,15.125],"rotation":180,"texture":"#0"},"east":{"uv":[5.375,15.125,5.5,15.375],"texture":"#0"},"south":{"uv":[5.375,15.125,5.5,15.375],"texture":"#0"},"west":{"uv":[5.375,15.125,5.5,15.375],"texture":"#0"},"up":{"uv":[5.5,15.125,5.375,15.25],"rotation":180,"texture":"#0"},"down":{"uv":[5.375,15.25,5.5,15.375],"texture":"#0"}}}],"display":{"thirdperson_righthand":{"rotation":[0,-90,0],"translation":[0,8.5,2],"scale":[2.4,2.4,2.4]},"thirdperson_lefthand":{"rotation":[0,90,0],"translation":[-0.25,8.5,2],"scale":[2.4,2.4,2.4]},"firstperson_righthand":{"rotation":[10,-90,0],"translation":[0.5,5.25,3.5],"scale":[1.4,1.4,1.4]},"firstperson_lefthand":{"rotation":[10,90,0],"translation":[0.5,5.25,3.5],"scale":[1.4,1.4,1.4]},"ground":{"rotation":[0,0,45],"translation":[0,7,0]},"gui":{"rotation":[0,-180,45],"translation":[-0.5,0.5,0],"scale":[1.25,1.25,1]},"head":{"rotation":[0,0,45],"translation":[0,19,0],"scale":[2,2,2]},"fixed":{"rotation":[0,0,45],"translation":[0.5,0.5,-0.5],"scale":[1.5,1.5,1.2]}},"groups":[{"name":"laser_blue_greatsword_test","origin":[8,8,8],"children":[{"name":"spikes","origin":[6.33824,7.02329,0.06367],"children":[0,1,2,3,4,5,6,7,8,9,10,11,12,13,14,15,16,17,18,19,20,21,22,23,24,25,26,27,28,29,30,31,32,33,34,35,36,37,38,39,40,41,42,43,44]},{"name":"blade","origin":[6.33824,7.02329,0.06367],"children":[45,46,47,48,49,50,51,52,53,54,55,56,57,58,59,60,61,62,63,64,65,66,67,68,69]},{"name":"core","origin":[6.33824,7.02329,0.06367],"children":[70,71,72]},{"name":"handleguard","origin":[6.33824,7.02329,0.06367],"children":[73,74,75,76,77,78,79,80,81,82,83,84,85]},{"name":"hangletop","origin":[6.33824,7.02329,0.06367],"children":[86,87,88,89,90]},{"name":"innerbits","origin":[6.33824,7.02329,0.06367],"children":[91,92,93,94,95,96,97,98,99,100,101,102,103,104,105,106,107,108]},{"name":"handle","origin":[6.33824,7.02329,0.06367],"children":[109,110,111,112]},{"name":"hanglebottom","origin":[6.33824,7.02329,0.06367],"children":[113,114,115,116,117,118,119,120,121]},{"name":"bottomspikes","origin":[6.33824,7.02329,0.06367],"children":[122,123,124,125,126,127,128,129,130,131,132,133,134,135,136,137,138,139,140,141]}]}]}