{"credit":"MadewithBlockbench","texture_size":[64,64],"textures":{"0":"dark_queen:dark_queen/axe_dark_queen","particle":"dark_queen:dark_queen/axe_dark_queen"},"elements":[{"from":[7.25,2,7.251],"to":[8.748,27,8.751],"rotation":{"angle":0,"axis":"y","origin":[8,13.69573,8.001]},"faces":{"north":{"uv":[5,0,5.5,6.25],"texture":"#0"},"east":{"uv":[0.5,5,1,11.25],"texture":"#0"},"south":{"uv":[1,5,1.5,11.25],"texture":"#0"},"west":{"uv":[0,5,0.5,11.25],"texture":"#0"},"up":{"uv":[6.5,4.5,6,4],"rotation":270,"texture":"#0"},"down":{"uv":[8.25,4,7.75,4.5],"rotation":90,"texture":"#0"}}},{"from":[7.749,19.25,-1.249],"to":[8.249,23.25,0.251],"rotation":{"angle":0,"axis":"z","origin":[7.999,21.78959,3.00274]},"faces":{"north":{"uv":[7.75,4.5,8,5.5],"texture":"#0"},"east":{"uv":[2.5,5.5,3,6.5],"texture":"#0"},"south":{"uv":[5.25,7.75,5.5,8.75],"texture":"#0"},"west":{"uv":[5.5,1.5,6,2.5],"texture":"#0"},"up":{"uv":[5,9.25,4.5,9],"rotation":270,"texture":"#0"},"down":{"uv":[9.5,6.5,9,6.75],"rotation":90,"texture":"#0"}}},{"from":[7.749,22.58746,-2.18441],"to":[8.249,26.58746,-0.68441],"rotation":{"angle":45,"axis":"x","origin":[7.999,21.78959,3.00274]},"faces":{"north":{"uv":[5.5,7.75,5.75,8.75],"texture":"#0"},"east":{"uv":[3,5.5,3.5,6.5],"texture":"#0"},"south":{"uv":[7.75,7.25,8,8.25],"texture":"#0"},"west":{"uv":[5.5,2.5,6,3.5],"texture":"#0"},"up":{"uv":[9.5,7,9,6.75],"rotation":270,"texture":"#0"},"down":{"uv":[9.5,7,9,7.25],"rotation":90,"texture":"#0"}}},{"from":[7.249,22.82829,5.79577],"to":[8.749,26.07829,7.29577],"rotation":{"angle":-45,"axis":"x","origin":[7.999,21.78959,3.00274]},"faces":{"north":{"uv":[5,6.25,5.5,7],"texture":"#0"},"east":{"uv":[6.5,2,7,2.75],"texture":"#0"},"south":{"uv":[2.5,6.5,3,7.25],"texture":"#0"},"west":{"uv":[6,6,6.5,6.75],"texture":"#0"},"up":{"uv":[8.25,6,7.75,5.5],"rotation":270,"texture":"#0"},"down":{"uv":[2,8,1.5,8.5],"rotation":90,"texture":"#0"}}},{"from":[7.249,24.76751,3.11195],"to":[8.749,26.26751,4.61195],"rotation":{"angle":22.5,"axis":"x","origin":[7.999,21.78959,3.00274]},"faces":{"north":{"uv":[2,8,2.5,8.5],"texture":"#0"},"east":{"uv":[8,2,8.5,2.5],"texture":"#0"},"south":{"uv":[2.5,8,3,8.5],"texture":"#0"},"west":{"uv":[8,1.5,8.5,2],"texture":"#0"},"up":{"uv":[8.5,3,8,2.5],"rotation":270,"texture":"#0"},"down":{"uv":[3.5,8,3,8.5],"rotation":90,"texture":"#0"}}},{"from":[7.499,16.92501,9.12906],"to":[8.499,25.42501,10.62906],"rotation":{"angle":22.5,"axis":"x","origin":[7.999,21.67501,9.37906]},"faces":{"north":{"uv":[4.5,5,4.75,7.25],"texture":"#0"},"east":{"uv":[2,5,2.5,7.25],"texture":"#0"},"south":{"uv":[4.75,5,5,7.25],"texture":"#0"},"west":{"uv":[1.5,5,2,7.25],"texture":"#0"},"up":{"uv":[9.5,7.5,9,7.25],"rotation":270,"texture":"#0"},"down":{"uv":[9.5,7.5,9,7.75],"rotation":90,"texture":"#0"}}},{"from":[7.5,21.15964,10.47683],"to":[8.498,22.15964,12.47683],"rotation":{"angle":45,"axis":"x","origin":[8,21.90964,12.22683]},"faces":{"north":{"uv":[6.25,8.75,6.5,9],"texture":"#0"},"east":{"uv":[8,9,8.5,9.25],"texture":"#0"},"south":{"uv":[9.5,8,9.75,8.25],"texture":"#0"},"west":{"uv":[9,7.75,9.5,8],"texture":"#0"},"up":{"uv":[9.5,8.25,9,8],"rotation":270,"texture":"#0"},"down":{"uv":[9.5,8.25,9,8.5],"rotation":90,"texture":"#0"}}},{"from":[7.501,21.02434,10.50374],"to":[8.497,22.02434,12.50374],"rotation":{"angle":22.5,"axis":"x","origin":[8.001,21.77434,12.25374]},"faces":{"north":{"uv":[9.5,8.25,9.75,8.5],"texture":"#0"},"east":{"uv":[9,8.5,9.5,8.75],"texture":"#0"},"south":{"uv":[9.5,8.5,9.75,8.75],"texture":"#0"},"west":{"uv":[8.5,9,9,9.25],"texture":"#0"},"up":{"uv":[9.5,9,9,8.75],"rotation":270,"texture":"#0"},"down":{"uv":[9.5,9,9,9.25],"rotation":90,"texture":"#0"}}},{"from":[7.499,19.79442,12.00112],"to":[8.499,21.79442,13.00112],"rotation":{"angle":-22.5,"axis":"x","origin":[7.999,20.79442,12.50112]},"faces":{"north":{"uv":[9.25,0,9.5,0.5],"texture":"#0"},"east":{"uv":[9.25,0.5,9.5,1],"texture":"#0"},"south":{"uv":[9.25,1,9.5,1.5],"texture":"#0"},"west":{"uv":[5.75,7,6,7.5],"texture":"#0"},"up":{"uv":[9,9.75,8.75,9.5],"rotation":270,"texture":"#0"},"down":{"uv":[9.75,8.75,9.5,9],"rotation":90,"texture":"#0"}}},{"from":[7.249,23.92501,5.62906],"to":[8.749,25.42501,13.12906],"rotation":{"angle":0,"axis":"z","origin":[7.999,20.94709,5.51984]},"faces":{"north":{"uv":[8,3,8.5,3.5],"texture":"#0"},"east":{"uv":[5.5,0,7.5,0.5],"texture":"#0"},"south":{"uv":[3.5,8,4,8.5],"texture":"#0"},"west":{"uv":[2.5,5,4.5,5.5],"texture":"#0"},"up":{"uv":[7.5,1,5.5,0.5],"rotation":270,"texture":"#0"},"down":{"uv":[7.5,1,5.5,1.5],"rotation":90,"texture":"#0"}}},{"from":[7.249,24.67501,13.12906],"to":[8.749,25.42501,13.75406],"rotation":{"angle":0,"axis":"z","origin":[7.999,26.67501,9.87906]},"faces":{"north":{"uv":[9.25,1.5,9.75,1.75],"texture":"#0"},"east":{"uv":[9.5,9,9.75,9.25],"texture":"#0"},"south":{"uv":[9.25,1.75,9.75,2],"texture":"#0"},"west":{"uv":[9,9.5,9.25,9.75],"texture":"#0"},"up":{"uv":[9.5,2.5,9.25,2],"rotation":270,"texture":"#0"},"down":{"uv":[3.75,9.25,3.5,9.75],"rotation":90,"texture":"#0"}}},{"from":[7.249,26.58922,12.57208],"to":[8.749,28.08922,13.19708],"rotation":{"angle":45,"axis":"x","origin":[7.999,25.33922,9.94708]},"faces":{"north":{"uv":[8,3.5,8.5,4],"texture":"#0"},"east":{"uv":[4,9.25,4.25,9.75],"texture":"#0"},"south":{"uv":[4,8,4.5,8.5],"texture":"#0"},"west":{"uv":[3.75,9.25,4,9.75],"texture":"#0"},"up":{"uv":[4.75,9.75,4.5,9.25],"rotation":270,"texture":"#0"},"down":{"uv":[5,9.25,4.75,9.75],"rotation":90,"texture":"#0"}}},{"from":[7.749,17.57038,-1.89722],"to":[8.249,21.07038,-0.39722],"rotation":{"angle":-22.5,"axis":"x","origin":[7.999,21.78959,3.00274]},"faces":{"north":{"uv":[4.5,8,4.75,9],"texture":"#0"},"east":{"uv":[5.5,3.5,6,4.5],"texture":"#0"},"south":{"uv":[8,4.5,8.25,5.5],"texture":"#0"},"west":{"uv":[3.5,5.5,4,6.5],"texture":"#0"},"up":{"uv":[9.75,4,9.25,3.75],"rotation":270,"texture":"#0"},"down":{"uv":[6.25,9.25,5.75,9.5],"rotation":90,"texture":"#0"}}},{"from":[7.749,17.76668,-3.13886],"to":[8.249,19.76668,-1.63886],"rotation":{"angle":-45,"axis":"x","origin":[7.999,21.78959,3.00274]},"faces":{"north":{"uv":[5,9.25,5.25,9.75],"texture":"#0"},"east":{"uv":[8,6.5,8.5,7],"texture":"#0"},"south":{"uv":[9.25,6,9.5,6.5],"texture":"#0"},"west":{"uv":[6.5,8,7,8.5],"texture":"#0"},"up":{"uv":[6.75,9.5,6.25,9.25],"rotation":270,"texture":"#0"},"down":{"uv":[7.25,9.25,6.75,9.5],"rotation":90,"texture":"#0"}}},{"from":[7.249,16.54645,5.27082],"to":[8.749,19.82145,6.77082],"rotation":{"angle":45,"axis":"x","origin":[7.999,21.78959,3.00274]},"faces":{"north":{"uv":[3,6.5,3.5,7.25],"texture":"#0"},"east":{"uv":[3.5,6.5,4,7.25],"texture":"#0"},"south":{"uv":[6.5,3.5,7,4.25],"texture":"#0"},"west":{"uv":[6.5,2.75,7,3.5],"texture":"#0"},"up":{"uv":[8.5,7.5,8,7],"rotation":270,"texture":"#0"},"down":{"uv":[8.5,7.5,8,8],"rotation":90,"texture":"#0"}}},{"from":[7.249,17.44993,2.07233],"to":[8.749,18.94993,6.37233],"rotation":{"angle":-22.5,"axis":"x","origin":[7.999,21.78959,3.00274]},"faces":{"north":{"uv":[8,8,8.5,8.5],"texture":"#0"},"east":{"uv":[5.5,5,6.5,5.5],"texture":"#0"},"south":{"uv":[8.25,0,8.75,0.5],"texture":"#0"},"west":{"uv":[5.5,4.5,6.5,5],"texture":"#0"},"up":{"uv":[6.5,6,5.5,5.5],"rotation":270,"texture":"#0"},"down":{"uv":[7,1.5,6,2],"rotation":90,"texture":"#0"}}},{"from":[7.749,21.51176,-1.48423],"to":[8.249,24.51176,0.01577],"rotation":{"angle":22.5,"axis":"x","origin":[7.999,21.78959,3.00274]},"faces":{"north":{"uv":[5,8.5,5.25,9.25],"texture":"#0"},"east":{"uv":[6.5,4.25,7,5],"texture":"#0"},"south":{"uv":[7.5,8.5,7.75,9.25],"texture":"#0"},"west":{"uv":[4,6.5,4.5,7.25],"texture":"#0"},"up":{"uv":[7.75,9.5,7.25,9.25],"rotation":270,"texture":"#0"},"down":{"uv":[8.25,9.25,7.75,9.5],"rotation":90,"texture":"#0"}}},{"from":[7.249,22.83263,-1.28596],"to":[8.749,26.08263,0.21404],"rotation":{"angle":45,"axis":"x","origin":[7.999,21.78959,3.00274]},"faces":{"north":{"uv":[6.5,5.75,7,6.5],"texture":"#0"},"east":{"uv":[6.5,6.5,7,7.25],"texture":"#0"},"south":{"uv":[6,6.75,6.5,7.5],"texture":"#0"},"west":{"uv":[6.5,5,7,5.75],"texture":"#0"},"up":{"uv":[8.75,1,8.25,0.5],"rotation":270,"texture":"#0"},"down":{"uv":[8.75,1,8.25,1.5],"rotation":90,"texture":"#0"}}},{"from":[7.249,19.25,-0.249],"to":[8.749,23.25,1.251],"rotation":{"angle":0,"axis":"z","origin":[7.999,21.78959,3.00274]},"faces":{"north":{"uv":[6,2,6.5,3],"texture":"#0"},"east":{"uv":[6,3,6.5,4],"texture":"#0"},"south":{"uv":[5.5,6,6,7],"texture":"#0"},"west":{"uv":[4,5.5,4.5,6.5],"texture":"#0"},"up":{"uv":[8.75,4.5,8.25,4],"rotation":270,"texture":"#0"},"down":{"uv":[8.75,4.5,8.25,5],"rotation":90,"texture":"#0"}}},{"from":[7.479,20.12427,2.74918],"to":[8.519,21.94427,4.56918],"rotation":{"angle":-45,"axis":"x","origin":[7.999,21.78959,3.00274]},"faces":{"north":{"uv":[8.25,9.25,8.5,9.75],"texture":"#0"},"east":{"uv":[8.25,5.5,8.75,6],"texture":"#0"},"south":{"uv":[8.5,9.25,8.75,9.75],"texture":"#0"},"west":{"uv":[8.25,5,8.75,5.5],"texture":"#0"},"up":{"uv":[9.25,9.5,8.75,9.25],"rotation":270,"texture":"#0"},"down":{"uv":[9.75,9.25,9.25,9.5],"rotation":90,"texture":"#0"}}},{"from":[7.479,19.08427,1.70918],"to":[8.519,22.98427,2.48918],"rotation":{"angle":-45,"axis":"x","origin":[7.999,21.78959,3.00274]},"faces":{"north":{"uv":[5.75,8.25,6,9.25],"texture":"#0"},"east":{"uv":[6,8.25,6.25,9.25],"texture":"#0"},"south":{"uv":[7,8.25,7.25,9.25],"texture":"#0"},"west":{"uv":[4.75,8,5,9],"texture":"#0"},"up":{"uv":[9.5,9.75,9.25,9.5],"rotation":270,"texture":"#0"},"down":{"uv":[9.75,9.5,9.5,9.75],"rotation":90,"texture":"#0"}}},{"from":[7.479,20.49603,4.92806],"to":[8.519,24.39603,5.70806],"rotation":{"angle":45,"axis":"x","origin":[7.999,21.78959,3.00274]},"faces":{"north":{"uv":[7.75,8.25,8,9.25],"texture":"#0"},"east":{"uv":[1.5,8.5,1.75,9.5],"texture":"#0"},"south":{"uv":[8.5,1.5,8.75,2.5],"texture":"#0"},"west":{"uv":[7.25,8.25,7.5,9.25],"texture":"#0"},"up":{"uv":[10,0.25,9.75,0],"rotation":270,"texture":"#0"},"down":{"uv":[10,0.25,9.75,0.5],"rotation":90,"texture":"#0"}}},{"from":[7.479,20.49603,1.80806],"to":[8.519,24.39603,2.58806],"rotation":{"angle":45,"axis":"x","origin":[7.999,21.78959,3.00274]},"faces":{"north":{"uv":[2,8.5,2.25,9.5],"texture":"#0"},"east":{"uv":[2.25,8.5,2.5,9.5],"texture":"#0"},"south":{"uv":[2.5,8.5,2.75,9.5],"texture":"#0"},"west":{"uv":[1.75,8.5,2,9.5],"texture":"#0"},"up":{"uv":[10,0.75,9.75,0.5],"rotation":270,"texture":"#0"},"down":{"uv":[10,0.75,9.75,1],"rotation":90,"texture":"#0"}}},{"from":[7.479,19.08427,4.82918],"to":[8.519,22.98427,5.60918],"rotation":{"angle":-45,"axis":"x","origin":[7.999,21.78959,3.00274]},"faces":{"north":{"uv":[2.75,8.5,3,9.5],"texture":"#0"},"east":{"uv":[3,8.5,3.25,9.5],"texture":"#0"},"south":{"uv":[3.25,8.5,3.5,9.5],"texture":"#0"},"west":{"uv":[8.5,2.5,8.75,3.5],"texture":"#0"},"up":{"uv":[10,1.25,9.75,1],"rotation":270,"texture":"#0"},"down":{"uv":[10,1.25,9.75,1.5],"rotation":90,"texture":"#0"}}},{"from":[7.499,18.25,1.251],"to":[8.499,19.25,4.751],"rotation":{"angle":0,"axis":"z","origin":[7.999,21.78959,3.00274]},"faces":{"north":{"uv":[9.75,1.5,10,1.75],"texture":"#0"},"east":{"uv":[8.25,6.25,9.25,6.5],"texture":"#0"},"south":{"uv":[9.75,1.75,10,2],"texture":"#0"},"west":{"uv":[8.25,6,9.25,6.25],"texture":"#0"},"up":{"uv":[4.5,8.75,3.5,8.5],"rotation":270,"texture":"#0"},"down":{"uv":[9.5,3.5,8.5,3.75],"rotation":90,"texture":"#0"}}},{"from":[7.499,19.25,1.251],"to":[8.499,25.25,2.251],"rotation":{"angle":0,"axis":"z","origin":[7.999,21.78959,3.00274]},"faces":{"north":{"uv":[7,3,7.25,4.5],"texture":"#0"},"east":{"uv":[7,4.5,7.25,6],"texture":"#0"},"south":{"uv":[5,7,5.25,8.5],"texture":"#0"},"west":{"uv":[7,1.5,7.25,3],"texture":"#0"},"up":{"uv":[2.5,10,2.25,9.75],"rotation":270,"texture":"#0"},"down":{"uv":[2.75,9.75,2.5,10],"rotation":90,"texture":"#0"}}},{"from":[7.499,23.25,2.251],"to":[8.499,25.25,3.251],"rotation":{"angle":0,"axis":"z","origin":[7.999,21.78959,3.00274]},"faces":{"north":{"uv":[9.5,0.5,9.75,1],"texture":"#0"},"east":{"uv":[9.5,1,9.75,1.5],"texture":"#0"},"south":{"uv":[1.5,9.5,1.75,10],"texture":"#0"},"west":{"uv":[9.5,0,9.75,0.5],"texture":"#0"},"up":{"uv":[3,10,2.75,9.75],"rotation":270,"texture":"#0"},"down":{"uv":[3.25,9.75,3,10],"rotation":90,"texture":"#0"}}},{"from":[7.499,19.25,2.251],"to":[8.499,20.25,3.251],"rotation":{"angle":0,"axis":"z","origin":[7.999,21.78959,3.00274]},"faces":{"north":{"uv":[3.75,9.75,4,10],"texture":"#0"},"east":{"uv":[9.75,3.75,10,4],"texture":"#0"},"south":{"uv":[4,9.75,4.25,10],"texture":"#0"},"west":{"uv":[3.5,9.75,3.75,10],"texture":"#0"},"up":{"uv":[10,4.25,9.75,4],"rotation":270,"texture":"#0"},"down":{"uv":[10,4.25,9.75,4.5],"rotation":90,"texture":"#0"}}},{"from":[7.499,24.25,3.251],"to":[8.499,25.25,4.251],"rotation":{"angle":0,"axis":"z","origin":[7.999,21.78959,3.00274]},"faces":{"north":{"uv":[9.75,4.5,10,4.75],"texture":"#0"},"east":{"uv":[4.75,9.75,5,10],"texture":"#0"},"south":{"uv":[5,9.75,5.25,10],"texture":"#0"},"west":{"uv":[4.5,9.75,4.75,10],"texture":"#0"},"up":{"uv":[5.5,10,5.25,9.75],"rotation":270,"texture":"#0"},"down":{"uv":[5.75,9.75,5.5,10],"rotation":90,"texture":"#0"}}},{"from":[7.499,23.25,4.251],"to":[8.499,25.25,6.251],"rotation":{"angle":0,"axis":"z","origin":[7.999,21.78959,3.00274]},"faces":{"north":{"uv":[1.75,9.5,2,10],"texture":"#0"},"east":{"uv":[8.5,6.5,9,7],"texture":"#0"},"south":{"uv":[2,9.5,2.25,10],"texture":"#0"},"west":{"uv":[6.5,8.5,7,9],"texture":"#0"},"up":{"uv":[10,2.25,9.5,2],"rotation":270,"texture":"#0"},"down":{"uv":[2.75,9.5,2.25,9.75],"rotation":90,"texture":"#0"}}},{"from":[7.499,19.25,4.251],"to":[8.499,20.25,6.251],"rotation":{"angle":0,"axis":"z","origin":[7.999,21.78959,3.00274]},"faces":{"north":{"uv":[5.75,9.75,6,10],"texture":"#0"},"east":{"uv":[9.5,2.5,10,2.75],"texture":"#0"},"south":{"uv":[6,9.75,6.25,10],"texture":"#0"},"west":{"uv":[9.5,2.25,10,2.5],"texture":"#0"},"up":{"uv":[3.25,9.75,2.75,9.5],"rotation":270,"texture":"#0"},"down":{"uv":[10,2.75,9.5,3],"rotation":90,"texture":"#0"}}},{"from":[7.499,22.25,5.251],"to":[8.499,23.25,6.251],"rotation":{"angle":0,"axis":"z","origin":[7.999,21.78959,3.00274]},"faces":{"north":{"uv":[6.5,9.75,6.75,10],"texture":"#0"},"east":{"uv":[6.75,9.75,7,10],"texture":"#0"},"south":{"uv":[7,9.75,7.25,10],"texture":"#0"},"west":{"uv":[6.25,9.75,6.5,10],"texture":"#0"},"up":{"uv":[10,7.25,9.75,7],"rotation":270,"texture":"#0"},"down":{"uv":[10,7.25,9.75,7.5],"rotation":90,"texture":"#0"}}},{"from":[7.499,20.25,5.251],"to":[8.499,21.25,6.251],"rotation":{"angle":0,"axis":"z","origin":[7.999,21.78959,3.00274]},"faces":{"north":{"uv":[9.75,7.75,10,8],"texture":"#0"},"east":{"uv":[9.75,8,10,8.25],"texture":"#0"},"south":{"uv":[8.25,9.75,8.5,10],"texture":"#0"},"west":{"uv":[9.75,7.5,10,7.75],"texture":"#0"},"up":{"uv":[10,8.5,9.75,8.25],"rotation":270,"texture":"#0"},"down":{"uv":[8.75,9.75,8.5,10],"rotation":90,"texture":"#0"}}},{"from":[7.499,19.25,6.251],"to":[8.499,24.25,7.251],"rotation":{"angle":0,"axis":"z","origin":[7.999,21.78959,3.00274]},"faces":{"north":{"uv":[7.5,7.25,7.75,8.5],"texture":"#0"},"east":{"uv":[7.75,1.5,8,2.75],"texture":"#0"},"south":{"uv":[7.75,2.75,8,4],"texture":"#0"},"west":{"uv":[6.25,7.5,6.5,8.75],"texture":"#0"},"up":{"uv":[10,8.75,9.75,8.5],"rotation":270,"texture":"#0"},"down":{"uv":[9,9.75,8.75,10],"rotation":90,"texture":"#0"}}},{"from":[7.499,19.25,3.251],"to":[8.499,19.75,4.251],"rotation":{"angle":0,"axis":"z","origin":[7.999,21.78959,3.00274]},"faces":{"north":{"uv":[9,9.75,9.25,10],"texture":"#0"},"east":{"uv":[9.75,9,10,9.25],"texture":"#0"},"south":{"uv":[9.25,9.75,9.5,10],"texture":"#0"},"west":{"uv":[9.75,8.75,10,9],"texture":"#0"},"up":{"uv":[10,9.5,9.75,9.25],"rotation":270,"texture":"#0"},"down":{"uv":[9.75,9.75,9.5,10],"rotation":90,"texture":"#0"}}},{"from":[7.499,23.75,3.251],"to":[8.499,24.25,4.251],"rotation":{"angle":0,"axis":"z","origin":[7.999,21.78959,3.00274]},"faces":{"north":{"uv":[9.75,9.75,10,10],"texture":"#0"},"east":{"uv":[10,0,10.25,0.25],"texture":"#0"},"south":{"uv":[10,0.25,10.25,0.5],"texture":"#0"},"west":{"uv":[9.75,9.5,10,9.75],"texture":"#0"},"up":{"uv":[10.25,0.75,10,0.5],"rotation":270,"texture":"#0"},"down":{"uv":[10.25,0.75,10,1],"rotation":90,"texture":"#0"}}},{"from":[7.499,20.25,2.251],"to":[8.499,20.75,3.251],"rotation":{"angle":0,"axis":"z","origin":[7.999,21.78959,3.00274]},"faces":{"north":{"uv":[10,1.25,10.25,1.5],"texture":"#0"},"east":{"uv":[1.5,10,1.75,10.25],"texture":"#0"},"south":{"uv":[10,1.5,10.25,1.75],"texture":"#0"},"west":{"uv":[10,1,10.25,1.25],"texture":"#0"},"up":{"uv":[2,10.25,1.75,10],"rotation":270,"texture":"#0"},"down":{"uv":[10.25,1.75,10,2],"rotation":90,"texture":"#0"}}},{"from":[7.499,22.75,2.251],"to":[8.499,23.25,3.251],"rotation":{"angle":0,"axis":"z","origin":[7.999,21.78959,3.00274]},"faces":{"north":{"uv":[10,2,10.25,2.25],"texture":"#0"},"east":{"uv":[2.25,10,2.5,10.25],"texture":"#0"},"south":{"uv":[10,2.25,10.25,2.5],"texture":"#0"},"west":{"uv":[2,10,2.25,10.25],"texture":"#0"},"up":{"uv":[2.75,10.25,2.5,10],"rotation":270,"texture":"#0"},"down":{"uv":[10.25,2.5,10,2.75],"rotation":90,"texture":"#0"}}},{"from":[7.499,17.25,1.251],"to":[8.499,18.25,3.751],"rotation":{"angle":0,"axis":"z","origin":[7.999,21.78959,3.00274]},"faces":{"north":{"uv":[2.75,10,3,10.25],"texture":"#0"},"east":{"uv":[8.75,2.5,9.5,2.75],"texture":"#0"},"south":{"uv":[10,2.75,10.25,3],"texture":"#0"},"west":{"uv":[8.5,3.75,9.25,4],"texture":"#0"},"up":{"uv":[9.5,3,8.75,2.75],"rotation":270,"texture":"#0"},"down":{"uv":[9.5,3,8.75,3.25],"rotation":90,"texture":"#0"}}},{"from":[7.499,25.25,2.251],"to":[8.499,26.25,3.751],"rotation":{"angle":0,"axis":"z","origin":[7.999,21.78959,3.00274]},"faces":{"north":{"uv":[3,10,3.25,10.25],"texture":"#0"},"east":{"uv":[9.5,3.25,10,3.5],"texture":"#0"},"south":{"uv":[10,3,10.25,3.25],"texture":"#0"},"west":{"uv":[9.5,3,10,3.25],"texture":"#0"},"up":{"uv":[10,3.75,9.5,3.5],"rotation":270,"texture":"#0"},"down":{"uv":[10,4.75,9.5,5],"rotation":90,"texture":"#0"}}},{"from":[7.274,21.89444,-0.56035],"to":[8.724,24.39444,0.93965],"rotation":{"angle":22.5,"axis":"x","origin":[7.999,21.78959,3.00274]},"faces":{"north":{"uv":[7,6,7.5,6.75],"texture":"#0"},"east":{"uv":[7,6.75,7.5,7.5],"texture":"#0"},"south":{"uv":[1.5,7.25,2,8],"texture":"#0"},"west":{"uv":[5.25,7,5.75,7.75],"texture":"#0"},"up":{"uv":[9,7.5,8.5,7],"rotation":270,"texture":"#0"},"down":{"uv":[9,7.5,8.5,8],"rotation":90,"texture":"#0"}}},{"from":[7.274,17.6877,-0.97334],"to":[8.724,20.6877,0.52666],"rotation":{"angle":-22.5,"axis":"x","origin":[7.999,21.78959,3.00274]},"faces":{"north":{"uv":[2,7.25,2.5,8],"texture":"#0"},"east":{"uv":[7.25,2.25,7.75,3],"texture":"#0"},"south":{"uv":[2.5,7.25,3,8],"texture":"#0"},"west":{"uv":[7.25,1.5,7.75,2.25],"texture":"#0"},"up":{"uv":[8.5,9,8,8.5],"rotation":270,"texture":"#0"},"down":{"uv":[9,8,8.5,8.5],"rotation":90,"texture":"#0"}}},{"from":[6.7489,22,6.501],"to":[9.2491,23.25,7.751],"rotation":{"angle":45,"axis":"x","origin":[7.9989,21.75,8.001]},"faces":{"north":{"uv":[8.75,3.25,9.5,3.5],"texture":"#0"},"east":{"uv":[10,3.25,10.25,3.5],"texture":"#0"},"south":{"uv":[3.5,8.75,4.25,9],"texture":"#0"},"west":{"uv":[3.25,10,3.5,10.25],"texture":"#0"},"up":{"uv":[9,4.75,8.75,4],"rotation":270,"texture":"#0"},"down":{"uv":[4.5,8.75,4.25,9.5],"rotation":90,"texture":"#0"}}},{"from":[6.749,23.5,5.751],"to":[9.249,24,7.751],"rotation":{"angle":45,"axis":"x","origin":[7.999,21.75,8.001]},"faces":{"north":{"uv":[8.75,4.75,9.5,5],"texture":"#0"},"east":{"uv":[5.25,9.5,5.75,9.75],"texture":"#0"},"south":{"uv":[8.75,5,9.5,5.25],"texture":"#0"},"west":{"uv":[9.5,5,10,5.25],"texture":"#0"},"up":{"uv":[3.5,8,3,7.25],"rotation":270,"texture":"#0"},"down":{"uv":[7.75,3,7.25,3.75],"rotation":90,"texture":"#0"}}},{"from":[6.749,23.5,8.251],"to":[9.249,24,10.251],"rotation":{"angle":-45,"axis":"x","origin":[7.999,21.75,8.001]},"faces":{"north":{"uv":[8.75,5.25,9.5,5.5],"texture":"#0"},"east":{"uv":[9.5,5.5,10,5.75],"texture":"#0"},"south":{"uv":[8.75,5.5,9.5,5.75],"texture":"#0"},"west":{"uv":[9.5,5.25,10,5.5],"texture":"#0"},"up":{"uv":[4,8,3.5,7.25],"rotation":270,"texture":"#0"},"down":{"uv":[7.75,3.75,7.25,4.5],"rotation":90,"texture":"#0"}}},{"from":[6.749,20.5,8.251],"to":[9.249,21,10.251],"rotation":{"angle":45,"axis":"x","origin":[7.999,22.75,8.001]},"faces":{"north":{"uv":[8.75,5.75,9.5,6],"texture":"#0"},"east":{"uv":[9.5,5.75,10,6],"texture":"#0"},"south":{"uv":[3.5,9,4.25,9.25],"texture":"#0"},"west":{"uv":[5.75,9.5,6.25,9.75],"texture":"#0"},"up":{"uv":[4.5,8,4,7.25],"rotation":270,"texture":"#0"},"down":{"uv":[5,7.25,4.5,8],"rotation":90,"texture":"#0"}}},{"from":[6.749,20.5,5.751],"to":[9.249,21,7.751],"rotation":{"angle":-45,"axis":"x","origin":[7.999,22.75,8.001]},"faces":{"north":{"uv":[9,4,9.75,4.25],"texture":"#0"},"east":{"uv":[6.25,9.5,6.75,9.75],"texture":"#0"},"south":{"uv":[9,4.25,9.75,4.5],"texture":"#0"},"west":{"uv":[9.5,6,10,6.25],"texture":"#0"},"up":{"uv":[7.75,5.25,7.25,4.5],"rotation":270,"texture":"#0"},"down":{"uv":[7.75,5.25,7.25,6],"rotation":90,"texture":"#0"}}},{"from":[6.7739,21.32843,8.501],"to":[9.2241,22.57843,9.751],"rotation":{"angle":45,"axis":"x","origin":[7.9989,23.07843,8.001]},"faces":{"north":{"uv":[9,4.5,9.75,4.75],"texture":"#0"},"east":{"uv":[10,3.5,10.25,3.75],"texture":"#0"},"south":{"uv":[6.25,9,7,9.25],"texture":"#0"},"west":{"uv":[3.5,10,3.75,10.25],"texture":"#0"},"up":{"uv":[5.5,9.5,5.25,8.75],"rotation":270,"texture":"#0"},"down":{"uv":[5.75,8.75,5.5,9.5],"rotation":90,"texture":"#0"}}},{"from":[6.774,21.48744,7.11712],"to":[9.224,22.98744,8.89212],"rotation":{"angle":0,"axis":"z","origin":[7.999,21.48744,6.86712]},"faces":{"north":{"uv":[7.5,0,8.25,0.5],"texture":"#0"},"east":{"uv":[8.75,0,9.25,0.5],"texture":"#0"},"south":{"uv":[7.5,0.5,8.25,1],"texture":"#0"},"west":{"uv":[8.5,8.5,9,9],"texture":"#0"},"up":{"uv":[7,8,6.5,7.25],"rotation":270,"texture":"#0"},"down":{"uv":[6.25,7.5,5.75,8.25],"rotation":90,"texture":"#0"}}},{"from":[6.999,0.2729,6.26302],"to":[8.999,1.6229,7.01302],"rotation":{"angle":-45,"axis":"x","origin":[7.999,1.8729,9.01302]},"faces":{"north":{"uv":[9.5,6.25,10,6.5],"texture":"#0"},"east":{"uv":[10,3.75,10.25,4],"texture":"#0"},"south":{"uv":[9.5,6.5,10,6.75],"texture":"#0"},"west":{"uv":[3.75,10,4,10.25],"texture":"#0"},"up":{"uv":[3.5,10,3.25,9.5],"rotation":270,"texture":"#0"},"down":{"uv":[4.5,9.5,4.25,10],"rotation":90,"texture":"#0"}}},{"from":[6.999,-0.02911,7.21564],"to":[8.999,1.32089,7.96564],"rotation":{"angle":-22.5,"axis":"x","origin":[7.999,1.57089,9.96564]},"faces":{"north":{"uv":[6.75,9.5,7.25,9.75],"texture":"#0"},"east":{"uv":[10,4,10.25,4.25],"texture":"#0"},"south":{"uv":[9.5,6.75,10,7],"texture":"#0"},"west":{"uv":[4,10,4.25,10.25],"texture":"#0"},"up":{"uv":[9.75,7.5,9.5,7],"rotation":270,"texture":"#0"},"down":{"uv":[7.5,9.5,7.25,10],"rotation":90,"texture":"#0"}}},{"from":[6.999,0.25,6.251],"to":[8.999,2.25,7.001],"rotation":{"angle":-22.5,"axis":"x","origin":[7.999,2.5,8.001]},"faces":{"north":{"uv":[8.75,0.5,9.25,1],"texture":"#0"},"east":{"uv":[9.5,7.5,9.75,8],"texture":"#0"},"south":{"uv":[8.75,1,9.25,1.5],"texture":"#0"},"west":{"uv":[7.5,9.5,7.75,10],"texture":"#0"},"up":{"uv":[8,10,7.75,9.5],"rotation":270,"texture":"#0"},"down":{"uv":[8.25,9.5,8,10],"rotation":90,"texture":"#0"}}},{"from":[6.749,0.75,6.251],"to":[9.249,3,8.501],"rotation":{"angle":-45,"axis":"x","origin":[7.999,2.5,8.001]},"faces":{"north":{"uv":[7.5,1,8.25,1.5],"texture":"#0"},"east":{"uv":[8.75,2,9.25,2.5],"texture":"#0"},"south":{"uv":[7.5,6,8.25,6.5],"texture":"#0"},"west":{"uv":[8.75,1.5,9.25,2],"texture":"#0"},"up":{"uv":[8,7.25,7.5,6.5],"rotation":270,"texture":"#0"},"down":{"uv":[7.5,7.5,7,8.25],"rotation":90,"texture":"#0"}}}],"gui_light":"front","display":{"thirdperson_righthand":{"translation":[0,-3.25,0.5],"scale":[0.92188,0.92188,0.92188]},"thirdperson_lefthand":{"translation":[0,-3.25,0.5],"scale":[0.92188,0.92188,0.92188]},"firstperson_righthand":{"rotation":[-16,16,0],"translation":[5.5,-4.25,-1]},"firstperson_lefthand":{"rotation":[-16,16,0],"translation":[5.5,-4.25,-1]},"gui":{"rotation":[90,47,-90],"translation":[-3,-4,0],"scale":[0.62813,0.62813,0.62813]},"head":{"rotation":[0,-90,0],"translation":[0,15.25,0]},"fixed":{"rotation":[0,90,0],"translation":[3.25,-7.5,-1.5],"scale":[1.40039,1.40039,1.40039]}}}