{"credit":"MadewithBlockbench","texture_size":[64,64],"textures":{"0":"dark_queen:dark_queen/staff_dark_queen","particle":"dark_queen:dark_queen/staff_dark_queen"},"elements":[{"from":[7,-4,7],"to":[9,14,9],"rotation":{"angle":0,"axis":"y","origin":[8,13.69573,8]},"faces":{"north":{"uv":[2.5,0,3,4.5],"texture":"#0"},"east":{"uv":[3,0,3.5,4.5],"texture":"#0"},"south":{"uv":[3.5,0,4,4.5],"texture":"#0"},"west":{"uv":[4,0,4.5,4.5],"texture":"#0"},"up":{"uv":[0.5,7,0,6.5],"texture":"#0"},"down":{"uv":[7,0,6.5,0.5],"texture":"#0"}}},{"from":[6.5,14,6.5],"to":[9.5,15,9.5],"rotation":{"angle":0,"axis":"y","origin":[8,13.69573,8]},"faces":{"north":{"uv":[7.25,3.5,8,3.75],"texture":"#0"},"east":{"uv":[7.25,3.75,8,4],"texture":"#0"},"south":{"uv":[7.25,4,8,4.25],"texture":"#0"},"west":{"uv":[7.25,4.25,8,4.5],"texture":"#0"},"up":{"uv":[1.75,5.75,1,5],"texture":"#0"},"down":{"uv":[2.5,5,1.75,5.75],"texture":"#0"}}},{"from":[5.5,15,6.5],"to":[10.5,16,9.5],"rotation":{"angle":0,"axis":"y","origin":[8,12.69573,8]},"faces":{"north":{"uv":[6.25,5.5,7.5,5.75],"texture":"#0"},"east":{"uv":[7.5,0.75,8.25,1],"texture":"#0"},"south":{"uv":[6.25,5.75,7.5,6],"texture":"#0"},"west":{"uv":[1,7.5,1.75,7.75],"texture":"#0"},"up":{"uv":[5.75,2.25,4.5,1.5],"texture":"#0"},"down":{"uv":[5.75,2.25,4.5,3],"texture":"#0"}}},{"from":[6.58579,13.37868,6.75],"to":[7.58579,16.37868,9.25],"rotation":{"angle":45,"axis":"z","origin":[4.08579,12.87868,8]},"faces":{"north":{"uv":[7.5,1,7.75,1.75],"texture":"#0"},"east":{"uv":[0,5.75,0.75,6.5],"texture":"#0"},"south":{"uv":[1.75,7.5,2,8.25],"texture":"#0"},"west":{"uv":[5.75,0,6.5,0.75],"texture":"#0"},"up":{"uv":[7.75,2.5,7.5,1.75],"texture":"#0"},"down":{"uv":[7.75,2.5,7.5,3.25],"texture":"#0"}}},{"from":[12.50883,12.43167,7.5],"to":[13.50883,13.43167,8.5],"rotation":{"angle":22.5,"axis":"z","origin":[13.00883,12.43167,8]},"faces":{"north":{"uv":[2.25,5.75,2.5,6],"texture":"#0"},"east":{"uv":[2,6.5,2.25,6.75],"texture":"#0"},"south":{"uv":[2.5,8.25,2.75,8.5],"texture":"#0"},"west":{"uv":[8.25,2.75,8.5,3],"texture":"#0"},"up":{"uv":[8.5,3.25,8.25,3],"texture":"#0"},"down":{"uv":[3.5,8.25,3.25,8.5],"texture":"#0"}}},{"from":[12.56749,11.85242,7.75],"to":[13.31749,12.85242,8.25],"rotation":{"angle":-22.5,"axis":"z","origin":[12.81749,12.35242,8]},"faces":{"north":{"uv":[3.5,8.25,3.75,8.5],"texture":"#0"},"east":{"uv":[8.25,3.5,8.5,3.75],"texture":"#0"},"south":{"uv":[8.25,3.75,8.5,4],"texture":"#0"},"west":{"uv":[8.25,4,8.5,4.25],"texture":"#0"},"up":{"uv":[8.5,4.5,8.25,4.25],"texture":"#0"},"down":{"uv":[8.5,4.5,8.25,4.75],"texture":"#0"}}},{"from":[10.95711,14.66421,7],"to":[12.95711,15.66421,9],"rotation":{"angle":-45,"axis":"z","origin":[12.45711,15.16421,8]},"faces":{"north":{"uv":[3.25,7.75,3.75,8],"texture":"#0"},"east":{"uv":[3.75,7.75,4.25,8],"texture":"#0"},"south":{"uv":[4.25,7.75,4.75,8],"texture":"#0"},"west":{"uv":[4.75,7.75,5.25,8],"texture":"#0"},"up":{"uv":[7.5,0.75,7,0.25],"texture":"#0"},"down":{"uv":[7.5,0.75,7,1.25],"texture":"#0"}}},{"from":[10.68651,14.61038,7.25],"to":[12.68651,15.61038,8.75],"rotation":{"angle":-22.5,"axis":"z","origin":[12.18651,15.11038,8]},"faces":{"north":{"uv":[7.75,5.25,8.25,5.5],"texture":"#0"},"east":{"uv":[7.75,5.5,8.25,5.75],"texture":"#0"},"south":{"uv":[7.75,5.75,8.25,6],"texture":"#0"},"west":{"uv":[7.75,7.25,8.25,7.5],"texture":"#0"},"up":{"uv":[1.5,7.5,1,7],"texture":"#0"},"down":{"uv":[7.5,1.25,7,1.75],"texture":"#0"}}},{"from":[12.16421,13.16421,7.25],"to":[13.16421,15.16421,8.75],"rotation":{"angle":0,"axis":"z","origin":[12.66421,13.66421,8]},"faces":{"north":{"uv":[7.75,7.5,8,8],"texture":"#0"},"east":{"uv":[1.5,7,2,7.5],"texture":"#0"},"south":{"uv":[8,1,8.25,1.5],"texture":"#0"},"west":{"uv":[7,1.75,7.5,2.25],"texture":"#0"},"up":{"uv":[8.25,2,8,1.5],"texture":"#0"},"down":{"uv":[2.25,8,2,8.5],"texture":"#0"}}},{"from":[11.93481,13.31749,7.5],"to":[12.93481,15.31749,8.5],"rotation":{"angle":22.5,"axis":"z","origin":[12.43481,13.81749,8]},"faces":{"north":{"uv":[2.25,8,2.5,8.5],"texture":"#0"},"east":{"uv":[7,2.25,7.5,2.75],"texture":"#0"},"south":{"uv":[8,2.5,8.25,3],"texture":"#0"},"west":{"uv":[7,2.75,7.5,3.25],"texture":"#0"},"up":{"uv":[3,8.5,2.75,8],"texture":"#0"},"down":{"uv":[3.25,8,3,8.5],"texture":"#0"}}},{"from":[3.31349,14.61038,7.25],"to":[5.31349,15.61038,8.75],"rotation":{"angle":22.5,"axis":"z","origin":[3.81349,15.11038,8]},"faces":{"north":{"uv":[8,0,8.5,0.25],"texture":"#0"},"east":{"uv":[8,2,8.5,2.25],"texture":"#0"},"south":{"uv":[3.25,8,3.75,8.25],"texture":"#0"},"west":{"uv":[8,3.25,8.5,3.5],"texture":"#0"},"up":{"uv":[3.5,7.5,3,7],"texture":"#0"},"down":{"uv":[4,7,3.5,7.5],"texture":"#0"}}},{"from":[3.06519,13.31749,7.5],"to":[4.06519,15.31749,8.5],"rotation":{"angle":-22.5,"axis":"z","origin":[3.56519,13.81749,8]},"faces":{"north":{"uv":[8,3.5,8.25,4],"texture":"#0"},"east":{"uv":[4,7,4.5,7.5],"texture":"#0"},"south":{"uv":[3.75,8,4,8.5],"texture":"#0"},"west":{"uv":[4.5,7,5,7.5],"texture":"#0"},"up":{"uv":[4.25,8.5,4,8],"texture":"#0"},"down":{"uv":[8.25,4,8,4.5],"texture":"#0"}}},{"from":[2.83579,13.16421,7.25],"to":[3.83579,15.16421,8.75],"rotation":{"angle":0,"axis":"z","origin":[3.33579,13.66421,8]},"faces":{"north":{"uv":[4.25,8,4.5,8.5],"texture":"#0"},"east":{"uv":[5,7,5.5,7.5],"texture":"#0"},"south":{"uv":[4.5,8,4.75,8.5],"texture":"#0"},"west":{"uv":[5.5,7,6,7.5],"texture":"#0"},"up":{"uv":[8.25,5,8,4.5],"texture":"#0"},"down":{"uv":[5,8,4.75,8.5],"texture":"#0"}}},{"from":[2.49117,12.43167,7.5],"to":[3.49117,13.43167,8.5],"rotation":{"angle":-22.5,"axis":"z","origin":[2.99117,12.43167,8]},"faces":{"north":{"uv":[8.25,4.75,8.5,5],"texture":"#0"},"east":{"uv":[8.25,5,8.5,5.25],"texture":"#0"},"south":{"uv":[5.25,8.25,5.5,8.5],"texture":"#0"},"west":{"uv":[8.25,5.25,8.5,5.5],"texture":"#0"},"up":{"uv":[5.75,8.5,5.5,8.25],"texture":"#0"},"down":{"uv":[8.5,5.5,8.25,5.75],"texture":"#0"}}},{"from":[3.04289,14.66421,7],"to":[5.04289,15.66421,9],"rotation":{"angle":45,"axis":"z","origin":[3.54289,15.16421,8]},"faces":{"north":{"uv":[8,6,8.5,6.25],"texture":"#0"},"east":{"uv":[8,6.25,8.5,6.5],"texture":"#0"},"south":{"uv":[8,6.5,8.5,6.75],"texture":"#0"},"west":{"uv":[8,6.75,8.5,7],"texture":"#0"},"up":{"uv":[6.5,7.5,6,7],"texture":"#0"},"down":{"uv":[7,7,6.5,7.5],"texture":"#0"}}},{"from":[2.68251,11.85242,7.75],"to":[3.43251,12.85242,8.25],"rotation":{"angle":22.5,"axis":"z","origin":[3.18251,12.35242,8]},"faces":{"north":{"uv":[5.75,8.25,6,8.5],"texture":"#0"},"east":{"uv":[8.25,5.75,8.5,6],"texture":"#0"},"south":{"uv":[6,8.25,6.25,8.5],"texture":"#0"},"west":{"uv":[6.25,8.25,6.5,8.5],"texture":"#0"},"up":{"uv":[6.75,8.5,6.5,8.25],"texture":"#0"},"down":{"uv":[7,8.25,6.75,8.5],"texture":"#0"}}},{"from":[3.78027,16.29246,6.751],"to":[7.78027,17.29246,9.249],"rotation":{"angle":-22.5,"axis":"z","origin":[5.28027,16.79246,8.001]},"faces":{"north":{"uv":[7,3.25,8,3.5],"texture":"#0"},"east":{"uv":[3,7.5,3.75,7.75],"texture":"#0"},"south":{"uv":[7,6.5,8,6.75],"texture":"#0"},"west":{"uv":[3.75,7.5,4.5,7.75],"texture":"#0"},"up":{"uv":[4.5,5.25,3.5,4.5],"texture":"#0"},"down":{"uv":[5.5,3.75,4.5,4.5],"texture":"#0"}}},{"from":[8.21975,16.29246,6.751],"to":[12.21975,17.29246,9.249],"rotation":{"angle":22.5,"axis":"z","origin":[10.71975,16.79246,8.001]},"faces":{"north":{"uv":[7,6.75,8,7],"texture":"#0"},"east":{"uv":[4.5,7.5,5.25,7.75],"texture":"#0"},"south":{"uv":[7,7,8,7.25],"texture":"#0"},"west":{"uv":[7.5,5,8.25,5.25],"texture":"#0"},"up":{"uv":[5.5,5.25,4.5,4.5],"texture":"#0"},"down":{"uv":[1,5,0,5.75],"texture":"#0"}}},{"from":[12.2334,17.19848,6.75],"to":[13.2334,19.19848,9.25],"rotation":{"angle":-22.5,"axis":"z","origin":[12.7334,18.69848,8]},"faces":{"north":{"uv":[5,8,5.25,8.5],"texture":"#0"},"east":{"uv":[3,6,3.75,6.5],"texture":"#0"},"south":{"uv":[7,8,7.25,8.5],"texture":"#0"},"west":{"uv":[3.75,6,4.5,6.5],"texture":"#0"},"up":{"uv":[5.5,8.25,5.25,7.5],"texture":"#0"},"down":{"uv":[7.75,5.25,7.5,6],"texture":"#0"}}},{"from":[11.9628,16.14466,6.75],"to":[12.9628,19.14466,9.25],"rotation":{"angle":-45,"axis":"z","origin":[12.4628,18.64466,8]},"faces":{"north":{"uv":[5.5,7.5,5.75,8.25],"texture":"#0"},"east":{"uv":[0.75,5.75,1.5,6.5],"texture":"#0"},"south":{"uv":[5.75,7.5,6,8.25],"texture":"#0"},"west":{"uv":[5.75,0.75,6.5,1.5],"texture":"#0"},"up":{"uv":[6.25,8.25,6,7.5],"texture":"#0"},"down":{"uv":[6.5,7.5,6.25,8.25],"texture":"#0"}}},{"from":[3.0372,16.14466,6.75],"to":[4.0372,19.14466,9.25],"rotation":{"angle":45,"axis":"z","origin":[3.5372,18.64466,8]},"faces":{"north":{"uv":[6.5,7.5,6.75,8.25],"texture":"#0"},"east":{"uv":[1.5,5.75,2.25,6.5],"texture":"#0"},"south":{"uv":[6.75,7.5,7,8.25],"texture":"#0"},"west":{"uv":[5.75,1.5,6.5,2.25],"texture":"#0"},"up":{"uv":[7.75,8,7.5,7.25],"texture":"#0"},"down":{"uv":[0.25,7.75,0,8.5],"texture":"#0"}}},{"from":[2.7666,17.19848,6.75],"to":[3.7666,19.19848,9.25],"rotation":{"angle":22.5,"axis":"z","origin":[3.2666,18.69848,8]},"faces":{"north":{"uv":[7.25,8,7.5,8.5],"texture":"#0"},"east":{"uv":[4.5,6,5.25,6.5],"texture":"#0"},"south":{"uv":[7.5,8,7.75,8.5],"texture":"#0"},"west":{"uv":[5.25,6,6,6.5],"texture":"#0"},"up":{"uv":[0.5,8.5,0.25,7.75],"texture":"#0"},"down":{"uv":[0.75,7.75,0.5,8.5],"texture":"#0"}}},{"from":[8.41421,13.37868,6.75],"to":[9.41421,16.37868,9.25],"rotation":{"angle":-45,"axis":"z","origin":[11.91421,12.87868,8]},"faces":{"north":{"uv":[0.75,7.75,1,8.5],"texture":"#0"},"east":{"uv":[5.75,2.25,6.5,3],"texture":"#0"},"south":{"uv":[1,7.75,1.25,8.5],"texture":"#0"},"west":{"uv":[2.25,6,3,6.75],"texture":"#0"},"up":{"uv":[8,1.75,7.75,1],"texture":"#0"},"down":{"uv":[1.5,7.75,1.25,8.5],"texture":"#0"}}},{"from":[7.5,-5.25,6.75],"to":[9.75,-3,9.25],"rotation":{"angle":-45,"axis":"z","origin":[8,-3.5,8]},"faces":{"north":{"uv":[0,7.25,0.5,7.75],"texture":"#0"},"east":{"uv":[6,6,6.75,6.5],"texture":"#0"},"south":{"uv":[0.5,7.25,1,7.75],"texture":"#0"},"west":{"uv":[6.25,3,7,3.5],"texture":"#0"},"up":{"uv":[6.75,4.25,6.25,3.5],"texture":"#0"},"down":{"uv":[6.75,4.25,6.25,5],"texture":"#0"}}},{"from":[9,-5.75,7],"to":[9.75,-3.75,9],"rotation":{"angle":-22.5,"axis":"z","origin":[8,-3.5,8]},"faces":{"north":{"uv":[8,7.5,8.25,8],"texture":"#0"},"east":{"uv":[2,7.25,2.5,7.75],"texture":"#0"},"south":{"uv":[7.75,8,8,8.5],"texture":"#0"},"west":{"uv":[2.5,7.25,3,7.75],"texture":"#0"},"up":{"uv":[8.25,8.5,8,8],"texture":"#0"},"down":{"uv":[8.5,0.25,8.25,0.75],"texture":"#0"}}},{"from":[8.98798,-5.7271,7],"to":[9.73798,-4.3771,9],"rotation":{"angle":-45,"axis":"z","origin":[6.98798,-4.1271,8]},"faces":{"north":{"uv":[8.25,7.25,8.5,7.5],"texture":"#0"},"east":{"uv":[8,7,8.5,7.25],"texture":"#0"},"south":{"uv":[8.25,7.5,8.5,7.75],"texture":"#0"},"west":{"uv":[8.25,0.75,8.75,1],"texture":"#0"},"up":{"uv":[8.5,1.5,8.25,1],"texture":"#0"},"down":{"uv":[1.75,8.25,1.5,8.75],"texture":"#0"}}},{"from":[8.03536,-6.02911,7],"to":[8.78536,-4.67911,9],"rotation":{"angle":-22.5,"axis":"z","origin":[6.03536,-4.42911,8]},"faces":{"north":{"uv":[8.25,7.75,8.5,8],"texture":"#0"},"east":{"uv":[8.25,1.5,8.75,1.75],"texture":"#0"},"south":{"uv":[8.25,8,8.5,8.25],"texture":"#0"},"west":{"uv":[8.25,1.75,8.75,2],"texture":"#0"},"up":{"uv":[2,8.75,1.75,8.25],"texture":"#0"},"down":{"uv":[8.5,2.25,8.25,2.75],"texture":"#0"}}},{"from":[11.09828,19.61846,7.1475],"to":[12.60328,21.12346,8.8525],"rotation":{"angle":45,"axis":"z","origin":[8.00078,16.52096,8]},"faces":{"north":{"uv":[4,6.5,4.5,7],"texture":"#0"},"east":{"uv":[4.5,6.5,5,7],"texture":"#0"},"south":{"uv":[5,6.5,5.5,7],"texture":"#0"},"west":{"uv":[5.5,6.5,6,7],"texture":"#0"},"up":{"uv":[6.5,7,6,6.5],"texture":"#0"},"down":{"uv":[7,6.5,6.5,7],"texture":"#0"}}},{"from":[6.94748,20.11068,7.1735],"to":[9.06498,21.96568,8.8265],"rotation":{"angle":0,"axis":"z","origin":[8.31248,21.21318,8.001]},"faces":{"north":{"uv":[2,6.75,2.5,7.25],"texture":"#0"},"east":{"uv":[2.5,6.75,3,7.25],"texture":"#0"},"south":{"uv":[6.75,3.5,7.25,4],"texture":"#0"},"west":{"uv":[6.75,4,7.25,4.5],"texture":"#0"},"up":{"uv":[7.25,5,6.75,4.5],"texture":"#0"},"down":{"uv":[7.25,6,6.75,6.5],"texture":"#0"}}},{"from":[3,21,3],"to":[13,21,13],"rotation":{"angle":-22.5,"axis":"x","origin":[8,21,8]},"faces":{"north":{"uv":[0,0,2.5,0],"texture":"#0"},"east":{"uv":[0,0,2.5,0],"texture":"#0"},"south":{"uv":[0,0,2.5,0],"texture":"#0"},"west":{"uv":[0,0,2.5,0],"texture":"#0"},"up":{"uv":[2.5,2.5,0,0],"texture":"#0"},"down":{"uv":[2.5,0,0,2.5],"texture":"#0"}}},{"from":[9.69828,18.34336,7.1475],"to":[11.20328,19.84836,8.8525],"rotation":{"angle":45,"axis":"z","origin":[8.00078,16.64586,8]},"faces":{"north":{"uv":[1.5,6.5,2,7],"texture":"#0"},"east":{"uv":[6.5,1.5,7,2],"texture":"#0"},"south":{"uv":[6.5,2,7,2.5],"texture":"#0"},"west":{"uv":[6.5,2.5,7,3],"texture":"#0"},"up":{"uv":[3.5,7,3,6.5],"texture":"#0"},"down":{"uv":[4,6.5,3.5,7],"texture":"#0"}}},{"from":[10.425,17.18844,7.425],"to":[12.575,19.33844,8.575],"rotation":{"angle":45,"axis":"z","origin":[8,14.76344,8]},"faces":{"north":{"uv":[0.5,6.5,1,7],"texture":"#0"},"east":{"uv":[1.5,7.75,1.75,8.25],"texture":"#0"},"south":{"uv":[6.5,0.5,7,1],"texture":"#0"},"west":{"uv":[7.75,1.75,8,2.25],"texture":"#0"},"up":{"uv":[2.5,8,2,7.75],"texture":"#0"},"down":{"uv":[8.25,2.25,7.75,2.5],"texture":"#0"}}},{"from":[6.49528,19.71318,7.4501],"to":[9.52028,22.36318,8.5499],"rotation":{"angle":0,"axis":"z","origin":[8.44528,21.28818,8.0001]},"faces":{"north":{"uv":[5.5,4.5,6.25,5.25],"texture":"#0"},"east":{"uv":[7,7.25,7.25,8],"texture":"#0"},"south":{"uv":[5.5,5.25,6.25,6],"texture":"#0"},"west":{"uv":[7.25,7.25,7.5,8],"texture":"#0"},"up":{"uv":[8,4.75,7.25,4.5],"texture":"#0"},"down":{"uv":[8,4.75,7.25,5],"texture":"#0"}}},{"from":[12.425,19.01001,7.425],"to":[14.575,21.16001,8.575],"rotation":{"angle":45,"axis":"z","origin":[8,14.58501,8]},"faces":{"north":{"uv":[1,6.5,1.5,7],"texture":"#0"},"east":{"uv":[2.5,7.75,2.75,8.25],"texture":"#0"},"south":{"uv":[6.5,1,7,1.5],"texture":"#0"},"west":{"uv":[7.75,2.5,8,3],"texture":"#0"},"up":{"uv":[3.25,8,2.75,7.75],"texture":"#0"},"down":{"uv":[8.25,3,7.75,3.25],"texture":"#0"}}},{"from":[6.425,13.01001,6.425],"to":[9.575,16.16001,9.575],"rotation":{"angle":45,"axis":"z","origin":[8,14.58501,8]},"faces":{"north":{"uv":[2.5,5.25,3.25,6],"texture":"#0"},"east":{"uv":[3.25,5.25,4,6],"texture":"#0"},"south":{"uv":[4,5.25,4.75,6],"texture":"#0"},"west":{"uv":[4.75,5.25,5.5,6],"texture":"#0"},"up":{"uv":[6.25,3.75,5.5,3],"texture":"#0"},"down":{"uv":[6.25,3.75,5.5,4.5],"texture":"#0"}}},{"from":[6.425,11.66001,6.425],"to":[10.925,12.56001,9.575],"rotation":{"angle":-45,"axis":"z","origin":[8,14.58501,8]},"faces":{"north":{"uv":[6.25,5,7.5,5.25],"texture":"#0"},"east":{"uv":[7.5,0.25,8.25,0.5],"texture":"#0"},"south":{"uv":[6.25,5.25,7.5,5.5],"texture":"#0"},"west":{"uv":[7.5,0.5,8.25,0.75],"texture":"#0"},"up":{"uv":[5.75,0.75,4.5,0],"texture":"#0"},"down":{"uv":[5.75,0.75,4.5,1.5],"texture":"#0"}}},{"from":[5.075,11.66001,6.425],"to":[9.575,12.56001,9.575],"rotation":{"angle":45,"axis":"z","origin":[8,14.58501,8]},"faces":{"north":{"uv":[7.5,5,6.25,5.25],"texture":"#0"},"east":{"uv":[8.25,0.5,7.5,0.75],"texture":"#0"},"south":{"uv":[7.5,5.25,6.25,5.5],"texture":"#0"},"west":{"uv":[8.25,0.25,7.5,0.5],"texture":"#0"},"up":{"uv":[4.5,0.75,5.75,0],"texture":"#0"},"down":{"uv":[4.5,0.75,5.75,1.5],"texture":"#0"}}}],"gui_light":"front","display":{"thirdperson_righthand":{"rotation":[15.5,90,0],"translation":[0,1.5,1.5],"scale":[0.89258,0.89258,0.89258]},"thirdperson_lefthand":{"rotation":[15.5,90,0],"translation":[0,1.5,1.5],"scale":[0.89258,0.89258,0.89258]},"firstperson_righthand":{"rotation":[-167.25,88.25,177.5],"translation":[-0.25,2,0],"scale":[0.62109,0.62109,0.62109]},"firstperson_lefthand":{"rotation":[-167.25,88.25,177.5],"translation":[-0.25,2,0],"scale":[0.62109,0.62109,0.62109]},"ground":{"rotation":[45.41,24.06,53.95],"translation":[-1,0,0],"scale":[0.6875,0.6875,0.6875]},"gui":{"rotation":[0,0,-45],"translation":[-0.75,-0.75,0],"scale":[0.5832,0.5832,0.5832]},"head":{"translation":[0,20.75,0]},"fixed":{"translation":[0,1.75,-1.5],"scale":[1.50781,1.50781,1.50781]}}}