{"credit":"MadewithBlockbench","textures":{"1":"backpacks_by_elnanas:arana/texture","particle":"backpacks_by_elnanas:arana/texture","texture":"backpacks_by_elnanas:arana/arana"},"elements":[{"name":"Box1","from":[3.5,0,5],"to":[12.5,12,11],"faces":{"north":{"uv":[0.5,0.5,1.25,1.5],"texture":"#texture"},"east":{"uv":[0,0.5,0.5,1.5],"texture":"#texture"},"south":{"uv":[1.75,0.5,2.5,1.5],"texture":"#texture"},"west":{"uv":[1.25,0.5,1.75,1.5],"texture":"#texture"},"up":{"uv":[0.5,0,1.25,0.5],"texture":"#texture"},"down":{"uv":[1.25,0,2,0.5],"texture":"#texture"}}},{"name":"Box1","from":[4.25,9,4.25],"to":[11.75,12,5],"faces":{"north":{"uv":[0.5625,0.5,1.1875,0.75],"texture":"#texture"},"east":{"uv":[0.5625,0.5,0.625,0.75],"texture":"#texture"},"south":{"uv":[0.5625,0.5,1.1875,0.75],"texture":"#texture"},"west":{"uv":[1.125,0.5,1.1875,0.75],"texture":"#texture"},"up":{"uv":[0.5625,0.5,1.1875,0.5625],"texture":"#texture"},"down":{"uv":[0.5625,0.6875,1.1875,0.75],"texture":"#texture"}}},{"name":"Box1","from":[5,8.25,4.25],"to":[11,9,5],"faces":{"north":{"uv":[0.625,0.75,1.125,0.8125],"texture":"#texture"},"east":{"uv":[0.625,0.75,0.6875,0.8125],"texture":"#texture"},"south":{"uv":[0.625,0.75,1.125,0.8125],"texture":"#texture"},"west":{"uv":[0.625,0.75,0.6875,0.8125],"texture":"#texture"},"up":{"uv":[2.5,3,4.5,3.25],"texture":"#texture"},"down":{"uv":[0.625,0.75,1.125,0.8125],"texture":"#texture"}}},{"name":"Box1","from":[7.25,8.25,3.875],"to":[8.75,9.75,4.25],"faces":{"north":{"uv":[0.8125,0.6875,0.9375,0.8125],"texture":"#texture"},"east":{"uv":[0.8125,0.6875,0.875,0.8125],"texture":"#texture"},"south":{"uv":[0.8125,0.6875,0.9375,0.8125],"texture":"#texture"},"west":{"uv":[0.875,0.6875,0.9375,0.8125],"texture":"#texture"},"up":{"uv":[0.8125,0.6875,0.9375,0.75],"texture":"#texture"},"down":{"uv":[0.8125,0.75,0.9375,0.8125],"texture":"#texture"}}},{"name":"Box1","from":[7.25,5.25,4.625],"to":[8.75,8.25,5],"faces":{"north":{"uv":[0.8125,0.8125,0.9375,1.0625],"texture":"#texture"},"east":{"uv":[0.8125,0.8125,0.875,1.0625],"texture":"#texture"},"south":{"uv":[0.8125,0.8125,0.9375,1.0625],"texture":"#texture"},"west":{"uv":[0.875,0.8125,0.9375,1.0625],"texture":"#texture"},"up":{"uv":[0.8125,0.8125,0.9375,0.875],"texture":"#texture"},"down":{"uv":[0.8125,0.8125,0.9375,0.875],"texture":"#texture"}}},{"name":"Box1","from":[2,0.75,5.75],"to":[3.5,6.75,10.25],"faces":{"north":{"uv":[2.5,0.875,2.625,1.375],"texture":"#texture"},"east":{"uv":[10.5,3.5,12,5.5],"texture":"#texture"},"south":{"uv":[3,0.875,3.125,1.375],"texture":"#texture"},"west":{"uv":[3.25,0.875,3.625,1.375],"texture":"#texture"},"up":{"uv":[3.125,0.5,3.25,0.875],"texture":"#texture"},"down":{"uv":[3,0.5,3.125,0.875],"texture":"#texture"}}},{"name":"Box1","from":[1.625,0,7.25],"to":[2,6,8.75],"faces":{"north":{"uv":[3.75,0.875,3.8125,1.375],"texture":"#texture"},"east":{"uv":[3.75,0.875,3.875,1.375],"texture":"#texture"},"south":{"uv":[3.8125,0.875,3.875,1.375],"texture":"#texture"},"west":{"uv":[3.75,0.875,3.875,1.375],"texture":"#texture"},"up":{"uv":[3.75,0.875,3.8125,1],"texture":"#texture"},"down":{"uv":[3.75,1.3125,3.8125,1.375],"texture":"#texture"}}},{"name":"Box1","from":[12.5,0.75,5.75],"to":[14,6.75,10.25],"faces":{"north":{"uv":[3,0.875,3.125,1.375],"texture":"#texture"},"east":{"uv":[3.25,0.875,3.625,1.375],"texture":"#texture"},"south":{"uv":[2.5,0.875,2.625,1.375],"texture":"#texture"},"west":{"uv":[2.625,0.875,3,1.375],"texture":"#texture"},"up":{"uv":[2.5,0.5,2.625,0.875],"texture":"#texture"},"down":{"uv":[3.625,0.5,3.75,0.875],"texture":"#texture"}}},{"name":"Box1","from":[14,0,7.25],"to":[14.375,6,8.75],"faces":{"north":{"uv":[3.75,0.875,3.8125,1.375],"texture":"#texture"},"east":{"uv":[3.875,0.875,4,1.375],"texture":"#texture"},"south":{"uv":[3.8125,0.875,3.875,1.375],"texture":"#texture"},"west":{"uv":[3.875,0.875,4,1.375],"texture":"#texture"},"up":{"uv":[3.75,0.875,3.8125,1],"texture":"#texture"},"down":{"uv":[3.75,1.3125,3.8125,1.375],"texture":"#texture"}}},{"name":"Box1","from":[4.25,12,5],"to":[11.75,12.75,11],"faces":{"north":{"uv":[0.5625,0.4375,1.1875,0.5],"texture":"#texture"},"east":{"uv":[0,0.0625,0.5,0.125],"texture":"#texture"},"south":{"uv":[0.5625,0,1.1875,0.0625],"texture":"#texture"},"west":{"uv":[0,0,0.5,0.0625],"texture":"#texture"},"up":{"uv":[0.5625,0,1.1875,0.5],"texture":"#texture"},"down":{"uv":[0.5625,0,1.1875,0.5],"texture":"#texture"}}},{"name":"Box1","from":[4.25,10.5,11],"to":[11.75,12,11.75],"faces":{"north":{"uv":[1.8125,0.5,2.4375,0.625],"texture":"#texture"},"east":{"uv":[1.8125,0.5,1.875,0.625],"texture":"#texture"},"south":{"uv":[1.8125,0.5,2.4375,0.625],"texture":"#texture"},"west":{"uv":[1.8125,0.5,1.875,0.625],"texture":"#texture"},"up":{"uv":[1.8125,0.5,2.4375,0.5625],"texture":"#texture"},"down":{"uv":[1.8125,0.5625,2.4375,0.625],"texture":"#texture"}}},{"name":"Box1","from":[4.25,12,11],"to":[11.75,12.75,11.75],"faces":{"north":{"uv":[0.5625,0.5,1.1875,0.5625],"texture":"#texture"},"east":{"uv":[1.125,0.5,1.1875,0.5625],"texture":"#texture"},"south":{"uv":[0.5625,0.5,1.1875,0.5625],"texture":"#texture"},"west":{"uv":[0.5625,0.5,0.625,0.5625],"texture":"#texture"},"up":{"uv":[0.5625,0.5,1.1875,0.5625],"texture":"#texture"},"down":{"uv":[0.5625,0.5,1.1875,0.5625],"texture":"#texture"}}},{"name":"Box1","from":[4.25,9.75,11],"to":[5.75,10.5,11.75],"faces":{"north":{"uv":[1.8125,0.6875,1.875,0.75],"texture":"#texture"},"east":{"uv":[1.8125,0.6875,1.875,0.75],"texture":"#texture"},"south":{"uv":[1.8125,0.6875,1.875,0.75],"texture":"#texture"},"west":{"uv":[1.8125,0.6875,1.875,0.75],"texture":"#texture"},"up":{"uv":[1.8125,0.6875,1.875,0.75],"texture":"#texture"},"down":{"uv":[1.8125,0.6875,1.875,0.75],"texture":"#texture"}}},{"name":"Box1","from":[10.25,9.75,11],"to":[11.75,10.5,11.75],"faces":{"north":{"uv":[1.8125,0.6875,1.875,0.75],"texture":"#texture"},"east":{"uv":[1.8125,0.6875,1.875,0.75],"texture":"#texture"},"south":{"uv":[1.8125,0.6875,1.875,0.75],"texture":"#texture"},"west":{"uv":[1.8125,0.6875,1.875,0.75],"texture":"#texture"},"up":{"uv":[1.8125,0.6875,1.875,0.75],"texture":"#texture"},"down":{"uv":[1.8125,0.6875,1.875,0.75],"texture":"#texture"}}},{"name":"Box1","from":[4.25,12,4.25],"to":[11.75,12.75,5],"faces":{"north":{"uv":[0.5625,0.4375,1.1875,0.5],"texture":"#texture"},"east":{"uv":[0.5625,0,0.625,0.0625],"texture":"#texture"},"south":{"uv":[0.5625,0,1.1875,0.0625],"texture":"#texture"},"west":{"uv":[0.5625,0,0.625,0.0625],"texture":"#texture"},"up":{"uv":[0.5625,0,1.1875,0.0625],"texture":"#texture"},"down":{"uv":[0.5625,0,1.1875,0.0625],"texture":"#texture"}}},{"name":"Box1","from":[4.25,0.75,11.75],"to":[5.75,9.75,12.5],"faces":{"north":{"uv":[3.75,0,3.875,0.75],"texture":"#texture"},"east":{"uv":[3.8125,0,3.875,0.75],"texture":"#texture"},"south":{"uv":[3.75,0,3.875,0.75],"texture":"#texture"},"west":{"uv":[3.75,0,3.8125,0.75],"texture":"#texture"},"up":{"uv":[3.75,0.6875,3.875,0.75],"texture":"#texture"},"down":{"uv":[3.75,0.6875,3.875,0.75],"texture":"#texture"}}},{"name":"Box1","from":[10.25,0.75,11.75],"to":[11.75,9.75,12.5],"faces":{"north":{"uv":[3.875,0,4,0.75],"texture":"#texture"},"east":{"uv":[3.9375,0,4,0.75],"texture":"#texture"},"south":{"uv":[3.875,0,4,0.75],"texture":"#texture"},"west":{"uv":[3.875,0,3.9375,0.75],"texture":"#texture"},"up":{"uv":[3.75,0.6875,3.875,0.75],"texture":"#texture"},"down":{"uv":[3.75,0.6875,3.875,0.75],"texture":"#texture"}}},{"name":"Box1","from":[4.25,0.75,11],"to":[5.75,1.5,11.75],"faces":{"north":{"uv":[3.75,0.6875,3.875,0.75],"texture":"#texture"},"east":{"uv":[3.75,0.6875,3.875,0.75],"texture":"#texture"},"south":{"uv":[3.75,0.6875,3.875,0.75],"texture":"#texture"},"west":{"uv":[3.75,0.6875,3.875,0.75],"texture":"#texture"},"up":{"uv":[3.75,0.6875,3.875,0.75],"texture":"#texture"},"down":{"uv":[3.75,0.6875,3.875,0.75],"texture":"#texture"}}},{"name":"Box1","from":[10.25,0.75,11],"to":[11.75,1.5,11.75],"faces":{"north":{"uv":[3.75,0.6875,3.875,0.75],"texture":"#texture"},"east":{"uv":[3.75,0.6875,3.875,0.75],"texture":"#texture"},"south":{"uv":[3.75,0.6875,3.875,0.75],"texture":"#texture"},"west":{"uv":[3.75,0.6875,3.875,0.75],"texture":"#texture"},"up":{"uv":[3.75,0.6875,3.875,0.75],"texture":"#texture"},"down":{"uv":[3.75,0.6875,3.875,0.75],"texture":"#texture"}}},{"name":"Box1","from":[10.25,9.75,11.75],"to":[11.75,10.5,12.5],"faces":{"north":{"uv":[3.75,0,3.8125,0.0625],"texture":"#texture"},"east":{"uv":[3.75,0,3.8125,0.0625],"texture":"#texture"},"south":{"uv":[3.75,0,3.8125,0.0625],"texture":"#texture"},"west":{"uv":[3.75,0,3.8125,0.0625],"texture":"#texture"},"up":{"uv":[3.75,0,3.8125,0.0625],"texture":"#texture"},"down":{"uv":[3.75,0,3.8125,0.0625],"texture":"#texture"}}},{"name":"Box1","from":[4.25,9.75,11.75],"to":[5.75,10.5,12.5],"faces":{"north":{"uv":[3.75,0,3.8125,0.0625],"texture":"#texture"},"east":{"uv":[3.75,0,3.8125,0.0625],"texture":"#texture"},"south":{"uv":[3.75,0,3.8125,0.0625],"texture":"#texture"},"west":{"uv":[3.75,0,3.8125,0.0625],"texture":"#texture"},"up":{"uv":[3.75,0,3.8125,0.0625],"texture":"#texture"},"down":{"uv":[3.75,0,3.8125,0.0625],"texture":"#texture"}}},{"name":"Box1","from":[7.25,7.5,3.875],"to":[8.75,8.25,4.625],"faces":{"north":{"uv":[0.8125,0.8125,0.9375,0.875],"texture":"#texture"},"east":{"uv":[0.8125,0.8125,0.875,0.875],"texture":"#texture"},"south":{"uv":[0.8125,0.8125,0.9375,0.875],"texture":"#texture"},"west":{"uv":[0.875,0.8125,0.9375,0.875],"texture":"#texture"},"up":{"uv":[0.8125,0.8125,0.9375,0.875],"texture":"#texture"},"down":{"uv":[0.8125,0.8125,0.9375,0.875],"texture":"#texture"}}},{"from":[4.25,0.025,2.5],"to":[11.75,7,6.25],"faces":{"north":{"uv":[0,0,8,7],"texture":"#1"},"east":{"uv":[8,8,12,15],"texture":"#1"},"south":{"uv":[0,7,8,14],"texture":"#1"},"west":{"uv":[12,8,16,15],"texture":"#1"},"up":{"uv":[16,4,8,0],"texture":"#1"},"down":{"uv":[16,4,8,8],"texture":"#1"}}}],"display":{"thirdperson_righthand":{"rotation":[0,-1,0],"translation":[-0.25,0,-1.75],"scale":[0.5,0.5,0.5]},"thirdperson_lefthand":{"rotation":[-115,-1.36,-179],"translation":[-6.25,-8,10.2],"scale":[0.9,0.9,0.9]},"firstperson_righthand":{"rotation":[0,125,0],"translation":[1.13,6,1.13],"scale":[0.68,0.68,0.68]},"firstperson_lefthand":{"rotation":[0,125,0],"translation":[1.13,-6.5,1.13],"scale":[0,0,0]},"ground":{"rotation":[1,1,1],"translation":[-0.25,2.75,0.5],"scale":[0.8,0.8,0.8]},"gui":{"rotation":[30,225,0],"translation":[0,1,0],"scale":[0.9,0.9,0.9]},"head":{"rotation":[0,-180,0],"translation":[0,-13.75,9],"scale":[1.5,1.5,1.5]},"fixed":{"translation":[0,0,-8],"scale":[2,2,2]}}}