{"credit":"MadewithBlockbench","texture_size":[64,64],"textures":{"1":"backpacks_by_elnanas:calamar_brillante/callamar_brillante1","2":"backpacks_by_elnanas:calamar_brillante/callamar_brillante","particle":"backpacks_by_elnanas:calamar_brillante/callamar_brillante1"},"elements":[{"name":"Box1","from":[3.5,0,5],"to":[12.5,12,11],"faces":{"north":{"uv":[0,0,2.25,3],"texture":"#2"},"east":{"uv":[3,3,1.5,6],"texture":"#2"},"south":{"uv":[2.25,0,4.5,3],"texture":"#2"},"west":{"uv":[1.5,3,3,6],"texture":"#2"},"up":{"uv":[5.25,4.5,3,3],"texture":"#2"},"down":{"uv":[8.7875,0.49375,6.15,5.5],"texture":"#1"}}},{"name":"Box1","from":[4.25,9,4.25],"to":[11.75,12,5],"faces":{"north":{"uv":[6.25,5.75,8.25,6.5],"texture":"#2"},"east":{"uv":[2.25,8.75,2.5,9.5],"texture":"#1"},"south":{"uv":[6.5,1.5,8.5,2.25],"texture":"#2"},"west":{"uv":[2.5,8.75,2.75,9.5],"texture":"#2"},"up":{"uv":[9.5,5.75,7.5,5.5],"texture":"#2"},"down":{"uv":[10,5,8,5.25],"texture":"#2"}}},{"name":"Box1","from":[5,8.25,4.25],"to":[11,9,5],"faces":{"north":{"uv":[5.25,4.25,6.75,4.5],"texture":"#2"},"east":{"uv":[3.25,9.25,3.5,9.5],"texture":"#1"},"south":{"uv":[8.25,6.25,9.75,6.5],"texture":"#2"},"west":{"uv":[4.75,9.25,5,9.5],"texture":"#2"},"up":{"uv":[9.75,6.75,8.25,6.5],"texture":"#2"},"down":{"uv":[9.75,6.75,8.25,7],"texture":"#2"}}},{"name":"Box1","from":[7.25,8.25,3.875],"to":[8.75,9.75,4.25],"faces":{"north":{"uv":[8.5,2,9,2.5],"texture":"#2"},"east":{"uv":[3.25,8.75,3.5,9.25],"texture":"#1"},"south":{"uv":[1.75,8.75,2.25,9.25],"texture":"#2"},"west":{"uv":[4.75,8.75,5,9.25],"texture":"#2"},"up":{"uv":[7,3,6.5,2.75],"texture":"#2"},"down":{"uv":[9,2.5,8.5,2.75],"texture":"#2"}}},{"name":"Box1","from":[4.25,0.75,3.5],"to":[11.75,5.25,5],"faces":{"north":{"uv":[5,4.5,7,5.75],"texture":"#2"},"east":{"uv":[1,7.5,1.5,8.75],"texture":"#1"},"south":{"uv":[5.25,3,7.25,4.25],"texture":"#2"},"west":{"uv":[1.5,7.5,2,8.75],"texture":"#2"},"up":{"uv":[8.5,2.75,6.5,2.25],"texture":"#2"},"down":{"uv":[8.75,0,6.75,0.5],"texture":"#2"}}},{"name":"Box1","from":[2,0.75,5.75],"to":[3.5,6.75,10.25],"faces":{"north":{"uv":[7,4.25,7.5,5.75],"texture":"#2"},"east":{"uv":[5,5.75,6.25,7.25],"texture":"#1"},"south":{"uv":[7.25,2.75,7.75,4.25],"texture":"#2"},"west":{"uv":[0,6,1.25,7.5],"texture":"#2"},"up":{"uv":[2.5,8.75,2,7.5],"texture":"#2"},"down":{"uv":[3,7.5,2.5,8.75],"texture":"#2"}}},{"name":"Box1","from":[1.625,0,7.25],"to":[2,6,8.75],"faces":{"north":{"uv":[7.75,2.75,8,4.25],"texture":"#2"},"east":{"uv":[4.75,7.25,5.25,8.75],"texture":"#1"},"south":{"uv":[4.25,8.25,4.5,9.75],"texture":"#2"},"west":{"uv":[5.25,7.25,5.75,8.75],"texture":"#2"},"up":{"uv":[5.75,9.25,5.5,8.75],"texture":"#2"},"down":{"uv":[6,8.75,5.75,9.25],"texture":"#2"}}},{"name":"Box1","from":[12.5,0.75,5.75],"to":[14,6.75,10.25],"faces":{"north":{"uv":[5.75,7.25,6.25,8.75],"texture":"#2"},"east":{"uv":[1.25,6,2.5,7.5],"texture":"#1"},"south":{"uv":[7.25,6.5,7.75,8],"texture":"#2"},"west":{"uv":[2.5,6,3.75,7.5],"texture":"#2"},"up":{"uv":[3.5,8.75,3,7.5],"texture":"#2"},"down":{"uv":[8,4.25,7.5,5.5],"texture":"#2"}}},{"name":"Box1","from":[14,0,7.25],"to":[14.375,6,8.75],"faces":{"north":{"uv":[4.5,8.25,4.75,9.75],"texture":"#2"},"east":{"uv":[0,7.5,0.5,9],"texture":"#1"},"south":{"uv":[8.25,7,8.5,8.5],"texture":"#2"},"west":{"uv":[0.5,7.5,1,9],"texture":"#2"},"up":{"uv":[6.25,9.25,6,8.75],"texture":"#2"},"down":{"uv":[6.5,8.75,6.25,9.25],"texture":"#2"}}},{"name":"Box1","from":[4.25,12,5],"to":[11.75,12.75,11],"faces":{"north":{"uv":[8,5.25,10,5.5],"texture":"#2"},"east":{"uv":[8.5,1.5,10,1.75],"texture":"#1"},"south":{"uv":[8.25,2.75,10.25,3],"texture":"#2"},"west":{"uv":[8.5,1.75,10,2],"texture":"#2"},"up":{"uv":[8.5,9.25,6.5,7.75],"texture":"#2"},"down":{"uv":[5,4.5,3,6],"texture":"#2"}}},{"name":"Box1","from":[4.25,10.5,11],"to":[11.75,12,11.75],"faces":{"north":{"uv":[6.75,0.5,8.75,1],"texture":"#2"},"east":{"uv":[7.5,8.75,7.75,9.25],"texture":"#1"},"south":{"uv":[6.75,1,8.75,1.5],"texture":"#2"},"west":{"uv":[8.75,7.5,9,8],"texture":"#2"},"up":{"uv":[10.25,3.25,8.25,3],"texture":"#2"},"down":{"uv":[10.25,3.25,8.25,3.5],"texture":"#2"}}},{"name":"Box1","from":[4.25,12,11],"to":[11.75,12.75,11.75],"faces":{"north":{"uv":[8.25,3.5,10.25,3.75],"texture":"#2"},"east":{"uv":[6,9.25,6.25,9.5],"texture":"#1"},"south":{"uv":[8.25,3.75,10.25,4],"texture":"#2"},"west":{"uv":[6.25,9.25,6.5,9.5],"texture":"#2"},"up":{"uv":[10.25,4.25,8.25,4],"texture":"#2"},"down":{"uv":[10.25,4.25,8.25,4.5],"texture":"#2"}}},{"name":"Box1","from":[4.25,9.75,11],"to":[5.75,10.5,11.75],"faces":{"north":{"uv":[6.5,8.75,7,9],"texture":"#2"},"east":{"uv":[5.5,9.25,5.75,9.5],"texture":"#1"},"south":{"uv":[7,8.75,7.5,9],"texture":"#2"},"west":{"uv":[5.75,9.25,6,9.5],"texture":"#2"},"up":{"uv":[9.25,7.25,8.75,7],"texture":"#2"},"down":{"uv":[9.25,7.25,8.75,7.5],"texture":"#2"}}},{"name":"Box1","from":[10.25,9.75,11],"to":[11.75,10.5,11.75],"faces":{"north":{"uv":[7.75,8.75,8.25,9],"texture":"#2"},"east":{"uv":[6.5,9.25,6.75,9.5],"texture":"#1"},"south":{"uv":[8.75,8,9.25,8.25],"texture":"#2"},"west":{"uv":[6.75,9.25,7,9.5],"texture":"#2"},"up":{"uv":[9.25,8.5,8.75,8.25],"texture":"#2"},"down":{"uv":[9.25,8.5,8.75,8.75],"texture":"#2"}}},{"name":"Box1","from":[4.25,12,4.25],"to":[11.75,12.75,5],"faces":{"north":{"uv":[8.25,4.5,10.25,4.75],"texture":"#2"},"east":{"uv":[7,9.25,7.25,9.5],"texture":"#1"},"south":{"uv":[8.25,4.75,10.25,5],"texture":"#2"},"west":{"uv":[9.25,7,9.5,7.25],"texture":"#2"},"up":{"uv":[10.25,6,8.25,5.75],"texture":"#2"},"down":{"uv":[10.25,6,8.25,6.25],"texture":"#2"}}},{"name":"Box1","from":[4.25,0.75,11.75],"to":[5.75,9.75,12.5],"faces":{"north":{"uv":[3.75,6,4.25,8.25],"texture":"#2"},"east":{"uv":[3.5,7.5,3.75,9.75],"texture":"#1"},"south":{"uv":[4.25,6,4.75,8.25],"texture":"#2"},"west":{"uv":[7.75,6.5,8,8.75],"texture":"#2"},"up":{"uv":[9.25,9,8.75,8.75],"texture":"#2"},"down":{"uv":[0.5,9,0,9.25],"texture":"#2"}}},{"name":"Box1","from":[10.25,0.75,11.75],"to":[11.75,9.75,12.5],"faces":{"north":{"uv":[6.25,6.5,6.75,8.75],"texture":"#2"},"east":{"uv":[10.25,3,10.5,5.25],"texture":"#1"},"south":{"uv":[6.75,6.5,7.25,8.75],"texture":"#2"},"west":{"uv":[8,6.5,8.25,8.75],"texture":"#2"},"up":{"uv":[9.5,0.25,9,0],"texture":"#2"},"down":{"uv":[9.5,0.25,9,0.5],"texture":"#2"}}},{"name":"Box1","from":[4.25,0.75,11],"to":[5.75,1.5,11.75],"faces":{"north":{"uv":[0.5,9,1,9.25],"texture":"#2"},"east":{"uv":[7.25,9.25,7.5,9.5],"texture":"#1"},"south":{"uv":[9,0.5,9.5,0.75],"texture":"#2"},"west":{"uv":[9.25,7.25,9.5,7.5],"texture":"#2"},"up":{"uv":[9.5,1,9,0.75],"texture":"#2"},"down":{"uv":[9.5,1,9,1.25],"texture":"#2"}}},{"name":"Box1","from":[10.25,0.75,11],"to":[11.75,1.5,11.75],"faces":{"north":{"uv":[9,2,9.5,2.25],"texture":"#2"},"east":{"uv":[7.5,9.25,7.75,9.5],"texture":"#1"},"south":{"uv":[9,2.25,9.5,2.5],"texture":"#2"},"west":{"uv":[7.75,9.25,8,9.5],"texture":"#2"},"up":{"uv":[9.5,2.75,9,2.5],"texture":"#2"},"down":{"uv":[4.25,9,3.75,9.25],"texture":"#2"}}},{"name":"Box1","from":[10.25,9.75,11.75],"to":[11.75,10.5,12.5],"faces":{"north":{"uv":[5,9,5.5,9.25],"texture":"#2"},"east":{"uv":[8,9.25,8.25,9.5],"texture":"#1"},"south":{"uv":[6.5,9,7,9.25],"texture":"#2"},"west":{"uv":[9.25,8,9.5,8.25],"texture":"#2"},"up":{"uv":[7.5,9.25,7,9],"texture":"#2"},"down":{"uv":[9.5,7.5,9,7.75],"texture":"#2"}}},{"name":"Box1","from":[4.25,9.75,11.75],"to":[5.75,10.5,12.5],"faces":{"north":{"uv":[7.75,9,8.25,9.25],"texture":"#2"},"east":{"uv":[9.25,8.25,9.5,8.5],"texture":"#1"},"south":{"uv":[9,7.75,9.5,8],"texture":"#2"},"west":{"uv":[9.25,8.5,9.5,8.75],"texture":"#2"},"up":{"uv":[9.25,9.25,8.75,9],"texture":"#2"},"down":{"uv":[0.5,9.25,0,9.5],"texture":"#2"}}},{"name":"Box1","from":[7.25,7.5,3.875],"to":[8.75,8.25,4.625],"faces":{"north":{"uv":[0.5,9.25,1,9.5],"texture":"#2"},"east":{"uv":[8.75,9.25,9,9.5],"texture":"#1"},"south":{"uv":[9.25,1.25,9.75,1.5],"texture":"#2"},"west":{"uv":[9.25,8.75,9.5,9],"texture":"#2"},"up":{"uv":[2.25,9.5,1.75,9.25],"texture":"#2"},"down":{"uv":[4.25,9.25,3.75,9.5],"texture":"#2"}}}],"display":{"thirdperson_righthand":{"rotation":[0,-1,0],"translation":[-0.25,0,-1.75],"scale":[0.5,0.5,0.5]},"thirdperson_lefthand":{"rotation":[-115,-1.36,-179],"translation":[-6.25,-8,10.2],"scale":[0.9,0.9,0.9]},"firstperson_righthand":{"rotation":[0,125,0],"translation":[1.13,6,1.13],"scale":[0.68,0.68,0.68]},"firstperson_lefthand":{"rotation":[0,125,0],"translation":[1.13,-5.75,1.13],"scale":[0,0,0.06]},"ground":{"rotation":[1,1,1],"translation":[-0.25,2.75,0.5],"scale":[0.8,0.8,0.8]},"gui":{"rotation":[30,225,0],"translation":[0,1,0],"scale":[0.9,0.9,0.9]},"head":{"rotation":[0,-180,0],"translation":[0,-13.5,9],"scale":[1.5,1.5,1.5]},"fixed":{"translation":[0,0,-8],"scale":[2,2,2]}}}