{"credit":"MadewithBlockbench","textures":{"1":"backpacks_by_elnanas:calamar/texture","2":"backpacks_by_elnanas:calamar/texture1","3":"backpacks_by_elnanas:calamar/texture2","4":"backpacks_by_elnanas:calamar/texture3","5":"backpacks_by_elnanas:calamar/texture4","particle":"backpacks_by_elnanas:calamar/texture","texture":"backpacks_by_elnanas:calamar/calamar"},"elements":[{"name":"Box1","from":[3.5,12.1,5],"to":[12.5,24.1,11],"faces":{"north":{"uv":[0.5,0.5,1.25,1.5],"texture":"#texture"},"east":{"uv":[0,0.5,0.5,1.5],"texture":"#texture"},"south":{"uv":[1.75,0.5,2.5,1.5],"texture":"#texture"},"west":{"uv":[0,0.5,0.5,1.5],"texture":"#texture"},"up":{"uv":[0.5,0,1.25,0.5],"texture":"#texture"},"down":{"uv":[1.25,0,2,0.5],"texture":"#texture"}}},{"name":"Box1","from":[2,12.85,5.75],"to":[3.5,18.85,10.25],"faces":{"north":{"uv":[2.5,0.875,2.625,1.375],"texture":"#texture"},"east":{"uv":[10.5,3.5,12,5.5],"texture":"#texture"},"south":{"uv":[3,0.875,3.125,1.375],"texture":"#texture"},"west":{"uv":[3.25,0.875,3.625,1.375],"texture":"#texture"},"up":{"uv":[2.5,0.5,2.625,0.875],"texture":"#texture"},"down":{"uv":[3.625,0.5,3.75,0.875],"texture":"#texture"}}},{"name":"Box1","from":[1.625,12.1,7.25],"to":[2,18.1,8.75],"faces":{"north":{"uv":[3.75,0.875,3.8125,1.375],"texture":"#texture"},"east":{"uv":[3.75,0.875,3.875,1.375],"texture":"#texture"},"south":{"uv":[3.8125,0.875,3.875,1.375],"texture":"#texture"},"west":{"uv":[3.875,0.875,4,1.375],"texture":"#texture"},"up":{"uv":[3.75,0.875,3.8125,1],"texture":"#texture"},"down":{"uv":[3.75,1.3125,3.8125,1.375],"texture":"#texture"}}},{"name":"Box1","from":[12.5,12.85,5.75],"to":[14,18.85,10.25],"faces":{"north":{"uv":[3,0.875,3.125,1.375],"texture":"#texture"},"east":{"uv":[3.25,0.875,3.625,1.375],"texture":"#texture"},"south":{"uv":[2.5,0.875,2.625,1.375],"texture":"#texture"},"west":{"uv":[2.625,0.875,3,1.375],"texture":"#texture"},"up":{"uv":[2.5,0.5,2.625,0.875],"texture":"#texture"},"down":{"uv":[3.625,0.5,3.75,0.875],"texture":"#texture"}}},{"name":"Box1","from":[14,12.1,7.25],"to":[14.375,18.1,8.75],"faces":{"north":{"uv":[3.75,0.875,3.8125,1.375],"texture":"#texture"},"east":{"uv":[3.875,0.875,4,1.375],"texture":"#texture"},"south":{"uv":[3.8125,0.875,3.875,1.375],"texture":"#texture"},"west":{"uv":[3.875,0.875,4,1.375],"texture":"#texture"},"up":{"uv":[3.75,0.875,3.8125,1],"texture":"#texture"},"down":{"uv":[3.75,1.3125,3.8125,1.375],"texture":"#texture"}}},{"name":"Box1","from":[4.25,24.1,5],"to":[11.75,24.85,11],"faces":{"north":{"uv":[0.5625,0.4375,1.1875,0.5],"texture":"#texture"},"east":{"uv":[0,0.0625,0.5,0.125],"texture":"#texture"},"south":{"uv":[0.5625,0,1.1875,0.0625],"texture":"#texture"},"west":{"uv":[0,0,0.5,0.0625],"texture":"#texture"},"up":{"uv":[0.5625,0,1.1875,0.5],"texture":"#texture"},"down":{"uv":[0.5625,0,1.1875,0.5],"texture":"#texture"}}},{"name":"Box1","from":[4.25,22.6,11],"to":[11.75,24.1,11.75],"faces":{"north":{"uv":[1.8125,0.5,2.4375,0.625],"texture":"#texture"},"east":{"uv":[1.8125,0.5,1.875,0.625],"texture":"#texture"},"south":{"uv":[1.8125,0.5,2.4375,0.625],"texture":"#texture"},"west":{"uv":[1.8125,0.5,1.875,0.625],"texture":"#texture"},"up":{"uv":[1.8125,0.5,2.4375,0.5625],"texture":"#texture"},"down":{"uv":[1.8125,0.5625,2.4375,0.625],"texture":"#texture"}}},{"name":"Box1","from":[4.25,24.1,11],"to":[11.75,24.85,11.75],"faces":{"north":{"uv":[0.5625,0.5,1.1875,0.5625],"texture":"#texture"},"east":{"uv":[1.125,0.5,1.1875,0.5625],"texture":"#texture"},"south":{"uv":[0.5625,0.5,1.1875,0.5625],"texture":"#texture"},"west":{"uv":[0.5625,0.5,0.625,0.5625],"texture":"#texture"},"up":{"uv":[0.5625,0.5,1.1875,0.5625],"texture":"#texture"},"down":{"uv":[0.5625,0.5,1.1875,0.5625],"texture":"#texture"}}},{"name":"Box1","from":[4.25,21.85,11],"to":[5.75,22.6,11.75],"faces":{"north":{"uv":[1.8125,0.6875,1.875,0.75],"texture":"#texture"},"east":{"uv":[1.8125,0.6875,1.875,0.75],"texture":"#texture"},"south":{"uv":[1.8125,0.6875,1.875,0.75],"texture":"#texture"},"west":{"uv":[1.8125,0.6875,1.875,0.75],"texture":"#texture"},"up":{"uv":[1.8125,0.6875,1.875,0.75],"texture":"#texture"},"down":{"uv":[1.8125,0.6875,1.875,0.75],"texture":"#texture"}}},{"name":"Box1","from":[10.25,21.85,11],"to":[11.75,22.6,11.75],"faces":{"north":{"uv":[1.8125,0.6875,1.875,0.75],"texture":"#texture"},"east":{"uv":[1.8125,0.6875,1.875,0.75],"texture":"#texture"},"south":{"uv":[1.8125,0.6875,1.875,0.75],"texture":"#texture"},"west":{"uv":[1.8125,0.6875,1.875,0.75],"texture":"#texture"},"up":{"uv":[1.8125,0.6875,1.875,0.75],"texture":"#texture"},"down":{"uv":[1.8125,0.6875,1.875,0.75],"texture":"#texture"}}},{"name":"Box1","from":[4.25,12.85,11.75],"to":[5.75,21.85,12.5],"faces":{"north":{"uv":[3.75,0,3.875,0.75],"texture":"#texture"},"east":{"uv":[3.8125,0,3.875,0.75],"texture":"#texture"},"south":{"uv":[3.75,0,3.875,0.75],"texture":"#texture"},"west":{"uv":[3.75,0,3.8125,0.75],"texture":"#texture"},"up":{"uv":[3.75,0.6875,3.875,0.75],"texture":"#texture"},"down":{"uv":[3.75,0.6875,3.875,0.75],"texture":"#texture"}}},{"name":"Box1","from":[10.25,12.85,11.75],"to":[11.75,21.85,12.5],"faces":{"north":{"uv":[3.875,0,4,0.75],"texture":"#texture"},"east":{"uv":[3.9375,0,4,0.75],"texture":"#texture"},"south":{"uv":[3.875,0,4,0.75],"texture":"#texture"},"west":{"uv":[3.875,0,3.9375,0.75],"texture":"#texture"},"up":{"uv":[3.75,0.6875,3.875,0.75],"texture":"#texture"},"down":{"uv":[3.75,0.6875,3.875,0.75],"texture":"#texture"}}},{"name":"Box1","from":[4.25,12.85,11],"to":[5.75,13.6,11.75],"faces":{"north":{"uv":[3.75,0.6875,3.875,0.75],"texture":"#texture"},"east":{"uv":[3.75,0.6875,3.875,0.75],"texture":"#texture"},"south":{"uv":[3.75,0.6875,3.875,0.75],"texture":"#texture"},"west":{"uv":[3.75,0.6875,3.875,0.75],"texture":"#texture"},"up":{"uv":[3.75,0.6875,3.875,0.75],"texture":"#texture"},"down":{"uv":[3.75,0.6875,3.875,0.75],"texture":"#texture"}}},{"name":"Box1","from":[10.25,12.85,11],"to":[11.75,13.6,11.75],"faces":{"north":{"uv":[3.75,0.6875,3.875,0.75],"texture":"#texture"},"east":{"uv":[3.75,0.6875,3.875,0.75],"texture":"#texture"},"south":{"uv":[3.75,0.6875,3.875,0.75],"texture":"#texture"},"west":{"uv":[3.75,0.6875,3.875,0.75],"texture":"#texture"},"up":{"uv":[3.75,0.6875,3.875,0.75],"texture":"#texture"},"down":{"uv":[3.75,0.6875,3.875,0.75],"texture":"#texture"}}},{"name":"Box1","from":[10.25,21.85,11.75],"to":[11.75,22.6,12.5],"faces":{"north":{"uv":[3.75,0,3.8125,0.0625],"texture":"#texture"},"east":{"uv":[3.75,0,3.8125,0.0625],"texture":"#texture"},"south":{"uv":[3.75,0,3.8125,0.0625],"texture":"#texture"},"west":{"uv":[3.75,0,3.8125,0.0625],"texture":"#texture"},"up":{"uv":[3.75,0,3.8125,0.0625],"texture":"#texture"},"down":{"uv":[3.75,0,3.8125,0.0625],"texture":"#texture"}}},{"name":"Box1","from":[4.25,21.85,11.75],"to":[5.75,22.6,12.5],"faces":{"north":{"uv":[3.75,0,3.8125,0.0625],"texture":"#texture"},"east":{"uv":[3.75,0,3.8125,0.0625],"texture":"#texture"},"south":{"uv":[3.75,0,3.8125,0.0625],"texture":"#texture"},"west":{"uv":[3.75,0,3.8125,0.0625],"texture":"#texture"},"up":{"uv":[3.75,0,3.8125,0.0625],"texture":"#texture"},"down":{"uv":[3.75,0,3.8125,0.0625],"texture":"#texture"}}},{"from":[9.6,1.7,6],"to":[11.7,13,7.7],"faces":{"north":{"uv":[0,0,2,11],"texture":"#1"},"east":{"uv":[2,0,4,11],"texture":"#1"},"south":{"uv":[4,0,6,11],"texture":"#1"},"west":{"uv":[6,0,8,11],"texture":"#1"},"up":{"uv":[10,2,8,0],"texture":"#1"},"down":{"uv":[10,2,8,4],"texture":"#1"}}},{"from":[9.6,1.7,9],"to":[11.7,13,10.7],"faces":{"north":{"uv":[0,0,2,11],"texture":"#2"},"east":{"uv":[2,0,4,11],"texture":"#2"},"south":{"uv":[4,0,6,11],"texture":"#2"},"west":{"uv":[6,0,8,11],"texture":"#2"},"up":{"uv":[10,2,8,0],"texture":"#2"},"down":{"uv":[10,2,8,4],"texture":"#2"}}},{"from":[3.6,1.7,6],"to":[5.7,13,7.7],"faces":{"north":{"uv":[0,0,2,11],"texture":"#5"},"east":{"uv":[2,0,4,11],"texture":"#5"},"south":{"uv":[4,0,6,11],"texture":"#5"},"west":{"uv":[6,0,8,11],"texture":"#5"},"up":{"uv":[10,2,8,0],"texture":"#5"},"down":{"uv":[10,2,8,4],"texture":"#5"}}},{"from":[3.6,1.7,9],"to":[5.7,13,10.7],"faces":{"north":{"uv":[0,0,2,11],"texture":"#3"},"east":{"uv":[2,0,4,11],"texture":"#3"},"south":{"uv":[4,0,6,11],"texture":"#3"},"west":{"uv":[6,0,8,11],"texture":"#3"},"up":{"uv":[10,2,8,0],"texture":"#3"},"down":{"uv":[10,2,8,4],"texture":"#3"}}},{"from":[6.6,1.7,7],"to":[8.7,13,8.7],"faces":{"north":{"uv":[0,0,2,11],"texture":"#4"},"east":{"uv":[2,0,4,11],"texture":"#4"},"south":{"uv":[4,0,6,11],"texture":"#4"},"west":{"uv":[6,0,8,11],"texture":"#4"},"up":{"uv":[10,2,8,0],"texture":"#4"},"down":{"uv":[10,2,8,4],"texture":"#4"}}}],"display":{"thirdperson_righthand":{"rotation":[0,-1,0],"translation":[0.25,0,-1.75],"scale":[0.5,0.5,0.5]},"thirdperson_lefthand":{"rotation":[-115.02,-1.32,-180],"translation":[-6,-12.25,0.2],"scale":[0.9,0.9,0.9]},"firstperson_righthand":{"rotation":[0,125,0],"translation":[1.13,1.75,1.13],"scale":[0.68,0.68,0.68]},"firstperson_lefthand":{"rotation":[0,125,0],"translation":[1.13,-6.25,1.13],"scale":[0,0,0]},"ground":{"rotation":[1,1,1],"translation":[-0.25,1.5,0.5],"scale":[0.8,0.8,0.8]},"gui":{"rotation":[30,225,0],"translation":[0.25,-2.75,0],"scale":[0.6,0.6,0.6]},"head":{"rotation":[0,-180,0],"translation":[0,-31.25,9],"scale":[1.5,1.5,1.5]},"fixed":{"translation":[0,-18.75,-8],"scale":[2,2,2]}}}