{"credit":"MadewithBlockbench","textures":{"1":"backpacks_by_elnanas:cerdo/texture","3":"backpacks_by_elnanas:cerdo/texture2","4":"backpacks_by_elnanas:cerdo/texture3","5":"backpacks_by_elnanas:cerdo/texture4","particle":"backpacks_by_elnanas:cerdo/texture","texture":"backpacks_by_elnanas:cerdo/cerdo"},"elements":[{"name":"Box1","from":[3.5,0,5],"to":[12.5,12,11],"faces":{"north":{"uv":[0.5,0.5,1.25,1.5],"texture":"#texture"},"east":{"uv":[0,0.5,0.5,1.5],"texture":"#texture"},"south":{"uv":[1.75,0.5,2.5,1.5],"texture":"#texture"},"west":{"uv":[1.25,0.5,1.75,1.5],"texture":"#texture"},"up":{"uv":[0.5,0,1.25,0.5],"texture":"#texture"},"down":{"uv":[1.25,0,2,0.5],"texture":"#texture"}}},{"name":"Box1","from":[4.25,9,4.25],"to":[11.75,12,5],"faces":{"north":{"uv":[0.5625,0.5,1.1875,0.75],"texture":"#texture"},"east":{"uv":[0.5625,0.5,0.625,0.75],"texture":"#texture"},"south":{"uv":[0.5625,0.5,1.1875,0.75],"texture":"#texture"},"west":{"uv":[1.125,0.5,1.1875,0.75],"texture":"#texture"},"up":{"uv":[0.5625,0.5,1.1875,0.5625],"texture":"#texture"},"down":{"uv":[0.5625,0.75,1.1875,0.8125],"texture":"#texture"}}},{"name":"Box1","from":[2,0.75,5.75],"to":[3.5,6.75,10.25],"faces":{"north":{"uv":[2.5,0.875,2.625,1.375],"texture":"#texture"},"east":{"uv":[10.5,3.5,12,5.5],"texture":"#texture"},"south":{"uv":[3,0.875,3.125,1.375],"texture":"#texture"},"west":{"uv":[3.25,0.875,3.625,1.375],"texture":"#texture"},"up":{"uv":[3.125,0.5,3.25,0.875],"texture":"#texture"},"down":{"uv":[3,0.5,3.125,0.875],"texture":"#texture"}}},{"name":"Box1","from":[1.625,0,7.25],"to":[2,6,8.75],"faces":{"north":{"uv":[3.75,0.875,3.8125,1.375],"texture":"#texture"},"east":{"uv":[3.75,0.875,3.875,1.375],"texture":"#texture"},"south":{"uv":[3.8125,0.875,3.875,1.375],"texture":"#texture"},"west":{"uv":[3.75,0.875,3.875,1.375],"texture":"#texture"},"up":{"uv":[3.75,0.875,3.8125,1],"texture":"#texture"},"down":{"uv":[3.75,1.3125,3.8125,1.375],"texture":"#texture"}}},{"name":"Box1","from":[12.5,0.75,5.75],"to":[14,6.75,10.25],"faces":{"north":{"uv":[3,0.875,3.125,1.375],"texture":"#texture"},"east":{"uv":[3.25,0.875,3.625,1.375],"texture":"#texture"},"south":{"uv":[2.5,0.875,2.625,1.375],"texture":"#texture"},"west":{"uv":[2.625,0.875,3,1.375],"texture":"#texture"},"up":{"uv":[2.5,0.5,2.625,0.875],"texture":"#texture"},"down":{"uv":[3.625,0.5,3.75,0.875],"texture":"#texture"}}},{"name":"Box1","from":[14,0,7.25],"to":[14.375,6,8.75],"faces":{"north":{"uv":[3.75,0.875,3.8125,1.375],"texture":"#texture"},"east":{"uv":[3.875,0.875,4,1.375],"texture":"#texture"},"south":{"uv":[3.8125,0.875,3.875,1.375],"texture":"#texture"},"west":{"uv":[3.875,0.875,4,1.375],"texture":"#texture"},"up":{"uv":[3.75,0.875,3.8125,1],"texture":"#texture"},"down":{"uv":[3.75,1.3125,3.8125,1.375],"texture":"#texture"}}},{"name":"Box1","from":[4.25,12,5],"to":[11.75,12.75,11],"faces":{"north":{"uv":[0.5625,0.4375,1.1875,0.5],"texture":"#texture"},"east":{"uv":[0,0.0625,0.5,0.125],"texture":"#texture"},"south":{"uv":[0.5625,0,1.1875,0.0625],"texture":"#texture"},"west":{"uv":[0,0,0.5,0.0625],"texture":"#texture"},"up":{"uv":[0.5625,0,1.1875,0.5],"texture":"#texture"},"down":{"uv":[0.5625,0,1.1875,0.5],"texture":"#texture"}}},{"name":"Box1","from":[4.25,10.5,11],"to":[11.75,12,11.75],"faces":{"north":{"uv":[1.8125,0.5,2.4375,0.625],"texture":"#texture"},"east":{"uv":[1.8125,0.5,1.875,0.625],"texture":"#texture"},"south":{"uv":[1.8125,0.5,2.4375,0.625],"texture":"#texture"},"west":{"uv":[1.8125,0.5,1.875,0.625],"texture":"#texture"},"up":{"uv":[1.8125,0.5,2.4375,0.5625],"texture":"#texture"},"down":{"uv":[1.8125,0.5625,2.4375,0.625],"texture":"#texture"}}},{"name":"Box1","from":[4.25,12,11],"to":[11.75,12.75,11.75],"faces":{"north":{"uv":[0.5625,0.5,1.1875,0.5625],"texture":"#texture"},"east":{"uv":[1.125,0.5,1.1875,0.5625],"texture":"#texture"},"south":{"uv":[0.5625,0.5,1.1875,0.5625],"texture":"#texture"},"west":{"uv":[0.5625,0.5,0.625,0.5625],"texture":"#texture"},"up":{"uv":[0.5625,0.5,1.1875,0.5625],"texture":"#texture"},"down":{"uv":[0.5625,0.5,1.1875,0.5625],"texture":"#texture"}}},{"name":"Box1","from":[4.25,9.75,11],"to":[5.75,10.5,11.75],"faces":{"north":{"uv":[1.8125,0.6875,1.875,0.75],"texture":"#texture"},"east":{"uv":[1.8125,0.6875,1.875,0.75],"texture":"#texture"},"south":{"uv":[1.8125,0.6875,1.875,0.75],"texture":"#texture"},"west":{"uv":[1.8125,0.6875,1.875,0.75],"texture":"#texture"},"up":{"uv":[1.8125,0.6875,1.875,0.75],"texture":"#texture"},"down":{"uv":[1.8125,0.6875,1.875,0.75],"texture":"#texture"}}},{"name":"Box1","from":[10.25,9.75,11],"to":[11.75,10.5,11.75],"faces":{"north":{"uv":[1.8125,0.6875,1.875,0.75],"texture":"#texture"},"east":{"uv":[1.8125,0.6875,1.875,0.75],"texture":"#texture"},"south":{"uv":[1.8125,0.6875,1.875,0.75],"texture":"#texture"},"west":{"uv":[1.8125,0.6875,1.875,0.75],"texture":"#texture"},"up":{"uv":[1.8125,0.6875,1.875,0.75],"texture":"#texture"},"down":{"uv":[1.8125,0.6875,1.875,0.75],"texture":"#texture"}}},{"name":"Box1","from":[4.25,12,4.25],"to":[11.75,12.75,5],"faces":{"north":{"uv":[0.5625,0.4375,1.1875,0.5],"texture":"#texture"},"east":{"uv":[0.5625,0,0.625,0.0625],"texture":"#texture"},"south":{"uv":[0.5625,0,1.1875,0.0625],"texture":"#texture"},"west":{"uv":[0.5625,0,0.625,0.0625],"texture":"#texture"},"up":{"uv":[0.5625,0,1.1875,0.0625],"texture":"#texture"},"down":{"uv":[0.5625,0,1.1875,0.0625],"texture":"#texture"}}},{"name":"Box1","from":[4.25,0.75,11.75],"to":[5.75,9.75,12.5],"faces":{"north":{"uv":[3.75,0,3.875,0.75],"texture":"#texture"},"east":{"uv":[3.8125,0,3.875,0.75],"texture":"#texture"},"south":{"uv":[3.75,0,3.875,0.75],"texture":"#texture"},"west":{"uv":[3.75,0,3.8125,0.75],"texture":"#texture"},"up":{"uv":[3.75,0.6875,3.875,0.75],"texture":"#texture"},"down":{"uv":[3.75,0.6875,3.875,0.75],"texture":"#texture"}}},{"name":"Box1","from":[10.25,0.75,11.75],"to":[11.75,9.75,12.5],"faces":{"north":{"uv":[3.875,0,4,0.75],"texture":"#texture"},"east":{"uv":[3.9375,0,4,0.75],"texture":"#texture"},"south":{"uv":[3.875,0,4,0.75],"texture":"#texture"},"west":{"uv":[3.875,0,3.9375,0.75],"texture":"#texture"},"up":{"uv":[3.75,0.6875,3.875,0.75],"texture":"#texture"},"down":{"uv":[3.75,0.6875,3.875,0.75],"texture":"#texture"}}},{"name":"Box1","from":[4.25,0.75,11],"to":[5.75,1.5,11.75],"faces":{"north":{"uv":[3.75,0.6875,3.875,0.75],"texture":"#texture"},"east":{"uv":[3.75,0.6875,3.875,0.75],"texture":"#texture"},"south":{"uv":[3.75,0.6875,3.875,0.75],"texture":"#texture"},"west":{"uv":[3.75,0.6875,3.875,0.75],"texture":"#texture"},"up":{"uv":[3.75,0.6875,3.875,0.75],"texture":"#texture"},"down":{"uv":[3.75,0.6875,3.875,0.75],"texture":"#texture"}}},{"name":"Box1","from":[10.25,0.75,11],"to":[11.75,1.5,11.75],"faces":{"north":{"uv":[3.75,0.6875,3.875,0.75],"texture":"#texture"},"east":{"uv":[3.75,0.6875,3.875,0.75],"texture":"#texture"},"south":{"uv":[3.75,0.6875,3.875,0.75],"texture":"#texture"},"west":{"uv":[3.75,0.6875,3.875,0.75],"texture":"#texture"},"up":{"uv":[3.75,0.6875,3.875,0.75],"texture":"#texture"},"down":{"uv":[3.75,0.6875,3.875,0.75],"texture":"#texture"}}},{"name":"Box1","from":[10.25,9.75,11.75],"to":[11.75,10.5,12.5],"faces":{"north":{"uv":[3.75,0,3.8125,0.0625],"texture":"#texture"},"east":{"uv":[3.75,0,3.8125,0.0625],"texture":"#texture"},"south":{"uv":[3.75,0,3.8125,0.0625],"texture":"#texture"},"west":{"uv":[3.75,0,3.8125,0.0625],"texture":"#texture"},"up":{"uv":[3.75,0,3.8125,0.0625],"texture":"#texture"},"down":{"uv":[3.75,0,3.8125,0.0625],"texture":"#texture"}}},{"name":"Box1","from":[4.25,9.75,11.75],"to":[5.75,10.5,12.5],"faces":{"north":{"uv":[3.75,0,3.8125,0.0625],"texture":"#texture"},"east":{"uv":[3.75,0,3.8125,0.0625],"texture":"#texture"},"south":{"uv":[3.75,0,3.8125,0.0625],"texture":"#texture"},"west":{"uv":[3.75,0,3.8125,0.0625],"texture":"#texture"},"up":{"uv":[3.75,0,3.8125,0.0625],"texture":"#texture"},"down":{"uv":[3.75,0,3.8125,0.0625],"texture":"#texture"}}},{"from":[12.7,10.5,5.1],"to":[15.7,11.5,6.9],"rotation":{"angle":-45,"axis":"z","origin":[14,11.5,5.9]},"faces":{"north":{"uv":[5,0,10,1],"texture":"#1"},"east":{"uv":[5,1,10,2],"texture":"#1"},"south":{"uv":[5,2,10,3],"texture":"#1"},"west":{"uv":[5,3,10,4],"texture":"#1"},"up":{"uv":[5,5,0,0],"texture":"#1"},"down":{"uv":[5,5,0,10],"texture":"#1"}}},{"from":[0.3,10.5,5.1],"to":[3.3,11.5,6.9],"rotation":{"angle":45,"axis":"z","origin":[2,11.5,5.9]},"faces":{"north":{"uv":[10,0,5,1],"texture":"#1"},"east":{"uv":[10,3,5,4],"texture":"#1"},"south":{"uv":[10,2,5,3],"texture":"#1"},"west":{"uv":[10,1,5,2],"texture":"#1"},"up":{"uv":[0,5,5,0],"texture":"#1"},"down":{"uv":[0,5,5,10],"texture":"#1"}}},{"from":[8.925,5.7,4.1],"to":[10.5,6.6,5.2],"rotation":{"angle":0,"axis":"y","origin":[0.7,2.7,0]},"faces":{"north":{"uv":[0,4,5,5],"texture":"#3"},"east":{"uv":[5,0,7,1],"texture":"#3"},"south":{"uv":[0,5,5,6],"texture":"#3"},"west":{"uv":[5,1,7,2],"texture":"#3"},"up":{"uv":[5,2,0,0],"texture":"#3"},"down":{"uv":[5,2,0,4],"texture":"#3"}}},{"from":[5.5,5.7,4.1],"to":[7.1,6.6,5.2],"rotation":{"angle":0,"axis":"y","origin":[0.7,2.7,0]},"faces":{"north":{"uv":[0,4,5,5],"texture":"#3"},"east":{"uv":[5,0,7,1],"texture":"#3"},"south":{"uv":[0,5,5,6],"texture":"#3"},"west":{"uv":[5,1,7,2],"texture":"#3"},"up":{"uv":[5,2,0,0],"texture":"#3"},"down":{"uv":[5,2,0,4],"texture":"#3"}}},{"from":[9.5,6.6,4.1],"to":[10.5,7.6,5],"rotation":{"angle":0,"axis":"y","origin":[0.1,-0.3,0.4]},"faces":{"north":{"uv":[1,6,2,7],"texture":"#3"},"east":{"uv":[2,6,3,7],"texture":"#3"},"south":{"uv":[3,6,4,7],"texture":"#3"},"west":{"uv":[4,6,5,7],"texture":"#3"},"up":{"uv":[7,5,6,4],"texture":"#3"},"down":{"uv":[6,6,5,7],"texture":"#3"}}},{"from":[5.5,6.6,4.1],"to":[6.5,7.6,5.7],"rotation":{"angle":0,"axis":"y","origin":[0.1,-0.3,0.4]},"faces":{"north":{"uv":[6,5,7,6],"texture":"#3"},"east":{"uv":[5,2,7,3],"texture":"#3"},"south":{"uv":[6,6,7,7],"texture":"#3"},"west":{"uv":[5,3,7,4],"texture":"#3"},"up":{"uv":[6,6,5,4],"texture":"#3"},"down":{"uv":[1,6,0,8],"texture":"#3"}}},{"from":[7.1,5.7,3.7],"to":[8.925,6.6,5.2],"faces":{"north":{"uv":[0,0,2,1],"texture":"#4"},"east":{"uv":[2,1,3,2],"texture":"#4"},"south":{"uv":[0,1,2,2],"texture":"#4"},"west":{"uv":[2,2,3,3],"texture":"#4"},"up":{"uv":[2,3,0,2],"texture":"#4"},"down":{"uv":[4,0,2,1],"texture":"#4"}}},{"from":[6.5,6.6,3.7],"to":[9.5,9,5.7],"faces":{"north":{"uv":[0,0,4,3],"texture":"#5"},"east":{"uv":[4,4,6,7],"texture":"#5"},"south":{"uv":[0,3,4,6],"texture":"#5"},"west":{"uv":[0,6,2,9],"texture":"#5"},"up":{"uv":[8,2,4,0],"texture":"#5"},"down":{"uv":[8,2,4,4],"texture":"#5"}}}],"display":{"thirdperson_righthand":{"rotation":[0,-1,0],"translation":[0.25,0,-1.75],"scale":[0.5,0.5,0.5]},"thirdperson_lefthand":{"rotation":[-115,-1.36,-179],"translation":[-6.25,-8,10.2],"scale":[0.9,0.9,0.9]},"firstperson_righthand":{"rotation":[0,125,0],"translation":[1.13,5.25,1.13],"scale":[0.68,0.68,0.68]},"firstperson_lefthand":{"rotation":[0,125,0],"translation":[1.13,-5.75,1.13],"scale":[0,0,0]},"ground":{"rotation":[1,1,1],"translation":[-0.25,2.5,0.5],"scale":[0.8,0.8,0.8]},"gui":{"rotation":[30,225,0],"translation":[0,1.25,0],"scale":[0.9,0.9,0.9]},"head":{"rotation":[0,-180,0],"translation":[0,-13.5,9.5],"scale":[1.5,1.5,1.5]},"fixed":{"translation":[0,3.25,-7.25],"scale":[2,2,2]}}}