{"credit":"MadewithBlockbench","textures":{"1":"backpacks_by_elnanas:creeper/texture","2":"backpacks_by_elnanas:creeper/texture1","particle":"backpacks_by_elnanas:creeper/texture","texture":"backpacks_by_elnanas:creeper/creeper"},"elements":[{"name":"Box1","from":[2.625,6.45,5.95],"to":[4.125,12.45,10.45],"faces":{"north":{"uv":[2.5,0.875,2.625,1.375],"texture":"#texture"},"east":{"uv":[10.5,3.5,12,5.5],"texture":"#texture"},"south":{"uv":[3,0.875,3.125,1.375],"texture":"#texture"},"west":{"uv":[3.25,0.875,3.625,1.375],"texture":"#texture"},"up":{"uv":[3.125,0.5,3.25,0.875],"texture":"#texture"},"down":{"uv":[3,0.5,3.125,0.875],"texture":"#texture"}}},{"name":"Box1","from":[2.25,5.7,7.45],"to":[2.625,11.7,8.95],"faces":{"north":{"uv":[3.75,0.875,3.8125,1.375],"texture":"#texture"},"east":{"uv":[3.75,0.875,3.875,1.375],"texture":"#texture"},"south":{"uv":[3.8125,0.875,3.875,1.375],"texture":"#texture"},"west":{"uv":[3.75,0.875,3.875,1.375],"texture":"#texture"},"up":{"uv":[3.75,0.875,3.8125,1],"texture":"#texture"},"down":{"uv":[3.75,1.3125,3.8125,1.375],"texture":"#texture"}}},{"name":"Box1","from":[11.7,6.55,6.15],"to":[13.2,12.55,10.65],"faces":{"north":{"uv":[3,0.875,3.125,1.375],"texture":"#texture"},"east":{"uv":[3.25,0.875,3.625,1.375],"texture":"#texture"},"south":{"uv":[2.5,0.875,2.625,1.375],"texture":"#texture"},"west":{"uv":[2.625,0.875,3,1.375],"texture":"#texture"},"up":{"uv":[2.5,0.5,2.625,0.875],"texture":"#texture"},"down":{"uv":[3.625,0.5,3.75,0.875],"texture":"#texture"}}},{"name":"Box1","from":[13.2,5.8,7.65],"to":[13.575,11.8,9.15],"faces":{"north":{"uv":[3.75,0.875,3.8125,1.375],"texture":"#texture"},"east":{"uv":[3.875,0.875,4,1.375],"texture":"#texture"},"south":{"uv":[3.8125,0.875,3.875,1.375],"texture":"#texture"},"west":{"uv":[3.875,0.875,4,1.375],"texture":"#texture"},"up":{"uv":[3.75,0.875,3.8125,1],"texture":"#texture"},"down":{"uv":[3.75,1.3125,3.8125,1.375],"texture":"#texture"}}},{"name":"Box1","from":[4.25,14.45,11],"to":[5.75,15.2,11.75],"faces":{"north":{"uv":[1.8125,0.6875,1.875,0.75],"texture":"#texture"},"east":{"uv":[1.8125,0.6875,1.875,0.75],"texture":"#texture"},"south":{"uv":[1.8125,0.6875,1.875,0.75],"texture":"#texture"},"west":{"uv":[1.8125,0.6875,1.875,0.75],"texture":"#texture"},"up":{"uv":[1.8125,0.6875,1.875,0.75],"texture":"#texture"},"down":{"uv":[1.8125,0.6875,1.875,0.75],"texture":"#texture"}}},{"name":"Box1","from":[9.95,14.35,11],"to":[11.45,15.1,11.75],"faces":{"north":{"uv":[1.8125,0.6875,1.875,0.75],"texture":"#texture"},"east":{"uv":[1.8125,0.6875,1.875,0.75],"texture":"#texture"},"south":{"uv":[1.8125,0.6875,1.875,0.75],"texture":"#texture"},"west":{"uv":[1.8125,0.6875,1.875,0.75],"texture":"#texture"},"up":{"uv":[1.8125,0.6875,1.875,0.75],"texture":"#texture"},"down":{"uv":[1.8125,0.6875,1.875,0.75],"texture":"#texture"}}},{"name":"Box1","from":[4.25,5.45,11.75],"to":[5.75,14.45,12.5],"faces":{"north":{"uv":[3.75,0,3.875,0.75],"texture":"#texture"},"east":{"uv":[3.8125,0,3.875,0.75],"texture":"#texture"},"south":{"uv":[3.75,0,3.875,0.75],"texture":"#texture"},"west":{"uv":[3.75,0,3.8125,0.75],"texture":"#texture"},"up":{"uv":[3.75,0.6875,3.875,0.75],"texture":"#texture"},"down":{"uv":[3.75,0.6875,3.875,0.75],"texture":"#texture"}}},{"name":"Box1","from":[9.95,5.35,11.75],"to":[11.45,14.35,12.5],"faces":{"north":{"uv":[3.875,0,4,0.75],"texture":"#texture"},"east":{"uv":[3.9375,0,4,0.75],"texture":"#texture"},"south":{"uv":[3.875,0,4,0.75],"texture":"#texture"},"west":{"uv":[3.875,0,3.9375,0.75],"texture":"#texture"},"up":{"uv":[3.75,0.6875,3.875,0.75],"texture":"#texture"},"down":{"uv":[3.75,0.6875,3.875,0.75],"texture":"#texture"}}},{"name":"Box1","from":[4.25,5.45,11],"to":[5.75,6.2,11.75],"faces":{"north":{"uv":[3.75,0.6875,3.875,0.75],"texture":"#texture"},"east":{"uv":[3.75,0.6875,3.875,0.75],"texture":"#texture"},"south":{"uv":[3.75,0.6875,3.875,0.75],"texture":"#texture"},"west":{"uv":[3.75,0.6875,3.875,0.75],"texture":"#texture"},"up":{"uv":[3.75,0.6875,3.875,0.75],"texture":"#texture"},"down":{"uv":[3.75,0.6875,3.875,0.75],"texture":"#texture"}}},{"name":"Box1","from":[9.95,5.35,11],"to":[11.45,6.1,11.75],"faces":{"north":{"uv":[3.75,0.6875,3.875,0.75],"texture":"#texture"},"east":{"uv":[3.75,0.6875,3.875,0.75],"texture":"#texture"},"south":{"uv":[3.75,0.6875,3.875,0.75],"texture":"#texture"},"west":{"uv":[3.75,0.6875,3.875,0.75],"texture":"#texture"},"up":{"uv":[3.75,0.6875,3.875,0.75],"texture":"#texture"},"down":{"uv":[3.75,0.6875,3.875,0.75],"texture":"#texture"}}},{"name":"Box1","from":[9.95,14.35,11.75],"to":[11.45,15.1,12.5],"faces":{"north":{"uv":[3.75,0,3.8125,0.0625],"texture":"#texture"},"east":{"uv":[3.75,0,3.8125,0.0625],"texture":"#texture"},"south":{"uv":[3.75,0,3.8125,0.0625],"texture":"#texture"},"west":{"uv":[3.75,0,3.8125,0.0625],"texture":"#texture"},"up":{"uv":[3.75,0,3.8125,0.0625],"texture":"#texture"},"down":{"uv":[3.75,0,3.8125,0.0625],"texture":"#texture"}}},{"name":"Box1","from":[4.25,14.45,11.75],"to":[5.75,15.2,12.5],"faces":{"north":{"uv":[3.75,0,3.8125,0.0625],"texture":"#texture"},"east":{"uv":[3.75,0,3.8125,0.0625],"texture":"#texture"},"south":{"uv":[3.75,0,3.8125,0.0625],"texture":"#texture"},"west":{"uv":[3.75,0,3.8125,0.0625],"texture":"#texture"},"up":{"uv":[3.75,0,3.8125,0.0625],"texture":"#texture"},"down":{"uv":[3.75,0,3.8125,0.0625],"texture":"#texture"}}},{"from":[4.1,3.8,5.3],"to":[11.6,16,11.3],"faces":{"north":{"uv":[0,0,4,6],"texture":"#1"},"east":{"uv":[6,6,3,12],"texture":"#1"},"south":{"uv":[4,0,8,6],"texture":"#1"},"west":{"uv":[3,6,6,12],"texture":"#1"},"up":{"uv":[10,9,6,6],"texture":"#1"},"down":{"uv":[6,9,10,6],"texture":"#1"}}},{"from":[8.8,-0.3,4.1],"to":[12.275,4,6.9],"faces":{"north":{"uv":[0,0,3,4],"texture":"#2"},"east":{"uv":[0,0,3,4],"texture":"#2"},"south":{"uv":[0,0,3,4],"texture":"#2"},"west":{"uv":[0,0,3,4],"texture":"#2"},"up":{"uv":[9,3,6,0],"texture":"#2"},"down":{"uv":[9,3,6,6],"texture":"#2"}}},{"from":[8.8,-0.3,9.35],"to":[12.275,4,12.15],"faces":{"north":{"uv":[0,0,3,4],"texture":"#2"},"east":{"uv":[0,0,3,4],"texture":"#2"},"south":{"uv":[0,0,3,4],"texture":"#2"},"west":{"uv":[0,0,3,4],"texture":"#2"},"up":{"uv":[9,0,6,3],"texture":"#2"},"down":{"uv":[9,3,6,6],"texture":"#2"}}},{"from":[3.45,-0.3,9.35],"to":[6.925,4,12.15],"faces":{"north":{"uv":[0,0,3,4],"texture":"#2"},"east":{"uv":[0,0,3,4],"texture":"#2"},"south":{"uv":[0,0,3,4],"texture":"#2"},"west":{"uv":[0,0,3,4],"texture":"#2"},"up":{"uv":[6,3,9,0],"texture":"#2"},"down":{"uv":[6,3,9,6],"texture":"#2"}}},{"from":[3.45,-0.3,4.1],"to":[6.925,4,6.8],"faces":{"north":{"uv":[0,0,3,4],"texture":"#2"},"east":{"uv":[0,0,3,4],"texture":"#2"},"south":{"uv":[0,0,3,4],"texture":"#2"},"west":{"uv":[0,0,3,4],"texture":"#2"},"up":{"uv":[6,3,9,0],"texture":"#2"},"down":{"uv":[6,3,9,6],"texture":"#2"}}}],"display":{"thirdperson_righthand":{"rotation":[0,-1,0],"translation":[0.25,0,-1.75],"scale":[0.5,0.5,0.5]},"thirdperson_lefthand":{"rotation":[-115,-1.36,-179],"translation":[-6.25,-9.25,7.45],"scale":[0.9,0.9,0.9]},"firstperson_righthand":{"rotation":[0,125,0],"translation":[1.13,3.25,1.13],"scale":[0.68,0.68,0.68]},"firstperson_lefthand":{"rotation":[0,125,0],"translation":[1.13,-6.5,1.13],"scale":[0,0,0]},"ground":{"rotation":[1,1,1],"translation":[-0.25,1,0.5],"scale":[0.6,0.6,0.6]},"gui":{"rotation":[30,225,0],"translation":[0,0.5,0],"scale":[0.7,0.7,0.7]},"head":{"rotation":[0,-180,0],"translation":[0,-18,9.5],"scale":[1.5,1.5,1.5]},"fixed":{"translation":[0,-2.75,-8],"scale":[2,2,2]}}}