{"credit":"MadewithBlockbench","textures":{"1":"backpacks_by_elnanas:endermites/texture","2":"backpacks_by_elnanas:endermites/endermite","3":"backpacks_by_elnanas:endermites/texture1","4":"backpacks_by_elnanas:endermites/texture2","5":"backpacks_by_elnanas:endermites/texture3","particle":"backpacks_by_elnanas:endermites/texture","texture":"backpacks_by_elnanas:endermites/endermites"},"elements":[{"name":"Box1","from":[2.45,0.75,1.95],"to":[3.95,6.75,6.7],"faces":{"north":{"uv":[2.5,0.875,2.625,1.375],"texture":"#texture"},"east":{"uv":[10.5,3.5,12,5.5],"texture":"#texture"},"south":{"uv":[3,0.875,3.125,1.375],"texture":"#texture"},"west":{"uv":[3.25,0.875,3.625,1.375],"texture":"#texture"},"up":{"uv":[3.125,0.5,3.25,0.875],"texture":"#texture"},"down":{"uv":[3,0.5,3.125,0.875],"texture":"#texture"}}},{"name":"Box1","from":[2.075,0,3.45],"to":[2.45,6,4.95],"faces":{"north":{"uv":[3.75,0.875,3.8125,1.375],"texture":"#texture"},"east":{"uv":[3.75,0.875,3.875,1.375],"texture":"#texture"},"south":{"uv":[3.8125,0.875,3.875,1.375],"texture":"#texture"},"west":{"uv":[3.75,0.875,3.875,1.375],"texture":"#texture"},"up":{"uv":[3.75,0.875,3.8125,1],"texture":"#texture"},"down":{"uv":[3.75,1.3125,3.8125,1.375],"texture":"#texture"}}},{"name":"Box1","from":[12.05,0.75,1.95],"to":[13.55,6.75,6.725],"faces":{"north":{"uv":[3,0.875,3.125,1.375],"texture":"#texture"},"east":{"uv":[3.25,0.875,3.625,1.375],"texture":"#texture"},"south":{"uv":[2.5,0.875,2.625,1.375],"texture":"#texture"},"west":{"uv":[2.625,0.875,3,1.375],"texture":"#texture"},"up":{"uv":[2.5,0.5,2.625,0.875],"texture":"#texture"},"down":{"uv":[3.625,0.5,3.75,0.875],"texture":"#texture"}}},{"name":"Box1","from":[13.55,0,3.45],"to":[13.925,6,4.95],"faces":{"north":{"uv":[3.75,0.875,3.8125,1.375],"texture":"#texture"},"east":{"uv":[3.875,0.875,4,1.375],"texture":"#texture"},"south":{"uv":[3.8125,0.875,3.875,1.375],"texture":"#texture"},"west":{"uv":[3.875,0.875,4,1.375],"texture":"#texture"},"up":{"uv":[3.75,0.875,3.8125,1],"texture":"#texture"},"down":{"uv":[3.75,1.3125,3.8125,1.375],"texture":"#texture"}}},{"name":"Box1","from":[4.925,9.098,6.564],"to":[11.075,10.328,7.179],"rotation":{"angle":0,"axis":"y","origin":[1.44,0,1.44]},"faces":{"north":{"uv":[1.8125,0.5,2.4375,0.625],"texture":"#texture"},"east":{"uv":[1.8125,0.5,1.875,0.625],"texture":"#texture"},"south":{"uv":[1.8125,0.5,2.4375,0.625],"texture":"#texture"},"west":{"uv":[1.8125,0.5,1.875,0.625],"texture":"#texture"},"up":{"uv":[1.8125,0.5,2.4375,0.5625],"texture":"#texture"},"down":{"uv":[1.8125,0.5625,2.4375,0.625],"texture":"#texture"}}},{"name":"Box1","from":[4.925,8.483,6.564],"to":[6.155,9.098,7.179],"rotation":{"angle":0,"axis":"y","origin":[1.44,0,1.44]},"faces":{"north":{"uv":[1.8125,0.6875,1.875,0.75],"texture":"#texture"},"east":{"uv":[1.8125,0.6875,1.875,0.75],"texture":"#texture"},"south":{"uv":[1.8125,0.6875,1.875,0.75],"texture":"#texture"},"west":{"uv":[1.8125,0.6875,1.875,0.75],"texture":"#texture"},"up":{"uv":[1.8125,0.6875,1.875,0.75],"texture":"#texture"},"down":{"uv":[1.8125,0.6875,1.875,0.75],"texture":"#texture"}}},{"name":"Box1","from":[9.845,8.483,6.564],"to":[11.075,9.098,7.179],"rotation":{"angle":0,"axis":"y","origin":[1.44,0,1.44]},"faces":{"north":{"uv":[1.8125,0.6875,1.875,0.75],"texture":"#texture"},"east":{"uv":[1.8125,0.6875,1.875,0.75],"texture":"#texture"},"south":{"uv":[1.8125,0.6875,1.875,0.75],"texture":"#texture"},"west":{"uv":[1.8125,0.6875,1.875,0.75],"texture":"#texture"},"up":{"uv":[1.8125,0.6875,1.875,0.75],"texture":"#texture"},"down":{"uv":[1.8125,0.6875,1.875,0.75],"texture":"#texture"}}},{"name":"Box1","from":[4.925,1.103,7.179],"to":[6.155,8.483,7.794],"rotation":{"angle":0,"axis":"y","origin":[1.44,0,1.44]},"faces":{"north":{"uv":[3.75,0,3.875,0.75],"texture":"#texture"},"east":{"uv":[3.8125,0,3.875,0.75],"texture":"#texture"},"south":{"uv":[3.75,0,3.875,0.75],"texture":"#texture"},"west":{"uv":[3.75,0,3.8125,0.75],"texture":"#texture"},"up":{"uv":[3.75,0.6875,3.875,0.75],"texture":"#texture"},"down":{"uv":[3.75,0.6875,3.875,0.75],"texture":"#texture"}}},{"name":"Box1","from":[9.845,1.103,7.179],"to":[11.075,8.483,7.794],"rotation":{"angle":0,"axis":"y","origin":[1.44,0,1.44]},"faces":{"north":{"uv":[3.875,0,4,0.75],"texture":"#texture"},"east":{"uv":[3.9375,0,4,0.75],"texture":"#texture"},"south":{"uv":[3.875,0,4,0.75],"texture":"#texture"},"west":{"uv":[3.875,0,3.9375,0.75],"texture":"#texture"},"up":{"uv":[3.75,0.6875,3.875,0.75],"texture":"#texture"},"down":{"uv":[3.75,0.6875,3.875,0.75],"texture":"#texture"}}},{"name":"Box1","from":[4.925,1.103,6.564],"to":[6.155,1.718,7.179],"rotation":{"angle":0,"axis":"y","origin":[1.44,0,1.44]},"faces":{"north":{"uv":[3.75,0.6875,3.875,0.75],"texture":"#texture"},"east":{"uv":[3.75,0.6875,3.875,0.75],"texture":"#texture"},"south":{"uv":[3.75,0.6875,3.875,0.75],"texture":"#texture"},"west":{"uv":[3.75,0.6875,3.875,0.75],"texture":"#texture"},"up":{"uv":[3.75,0.6875,3.875,0.75],"texture":"#texture"},"down":{"uv":[3.75,0.6875,3.875,0.75],"texture":"#texture"}}},{"name":"Box1","from":[9.845,1.103,6.564],"to":[11.075,1.718,7.179],"rotation":{"angle":0,"axis":"y","origin":[1.44,0,1.44]},"faces":{"north":{"uv":[3.75,0.6875,3.875,0.75],"texture":"#texture"},"east":{"uv":[3.75,0.6875,3.875,0.75],"texture":"#texture"},"south":{"uv":[3.75,0.6875,3.875,0.75],"texture":"#texture"},"west":{"uv":[3.75,0.6875,3.875,0.75],"texture":"#texture"},"up":{"uv":[3.75,0.6875,3.875,0.75],"texture":"#texture"},"down":{"uv":[3.75,0.6875,3.875,0.75],"texture":"#texture"}}},{"name":"Box1","from":[9.845,8.483,7.179],"to":[11.075,9.098,7.794],"rotation":{"angle":0,"axis":"y","origin":[1.44,0,1.44]},"faces":{"north":{"uv":[3.75,0,3.8125,0.0625],"texture":"#texture"},"east":{"uv":[3.75,0,3.8125,0.0625],"texture":"#texture"},"south":{"uv":[3.75,0,3.8125,0.0625],"texture":"#texture"},"west":{"uv":[3.75,0,3.8125,0.0625],"texture":"#texture"},"up":{"uv":[3.75,0,3.8125,0.0625],"texture":"#texture"},"down":{"uv":[3.75,0,3.8125,0.0625],"texture":"#texture"}}},{"name":"Box1","from":[4.925,8.483,7.179],"to":[6.155,9.098,7.794],"rotation":{"angle":0,"axis":"y","origin":[1.44,0,1.44]},"faces":{"north":{"uv":[3.75,0,3.8125,0.0625],"texture":"#texture"},"east":{"uv":[3.75,0,3.8125,0.0625],"texture":"#texture"},"south":{"uv":[3.75,0,3.8125,0.0625],"texture":"#texture"},"west":{"uv":[3.75,0,3.8125,0.0625],"texture":"#texture"},"up":{"uv":[3.75,0,3.8125,0.0625],"texture":"#texture"},"down":{"uv":[3.75,0,3.8125,0.0625],"texture":"#texture"}}},{"from":[9.1,6,2],"to":[10.55,7,3],"rotation":{"angle":0,"axis":"y","origin":[4,0,4]},"faces":{"north":{"uv":[11,8,15,11],"texture":"#1"},"east":{"uv":[7,12,5,15],"texture":"#1"},"south":{"uv":[11,11,15,14],"texture":"#1"},"west":{"uv":[5,12,7,15],"texture":"#1"},"up":{"uv":[16,2,12,0],"texture":"#1"},"down":{"uv":[16,2,12,4],"texture":"#1"}}},{"from":[8.6,6,3],"to":[11.05,7.5,5.5],"rotation":{"angle":0,"axis":"y","origin":[4,0,4]},"faces":{"north":{"uv":[2.8,5,5.5,7],"texture":"#2"},"east":{"uv":[1.25,5,2.8,7],"texture":"#2"},"south":{"uv":[0.2375,7.5,2,8.9875],"texture":"#2"},"west":{"uv":[0.00625,5,1.25,7],"texture":"#2"},"up":{"uv":[3,2.5,1.5125,1],"texture":"#2"},"down":{"uv":[6,5,0,10],"texture":"#1"}}},{"from":[5.5,6,2],"to":[6.95,7,3],"rotation":{"angle":0,"axis":"y","origin":[4,0,4]},"faces":{"north":{"uv":[11,8,15,11],"texture":"#1"},"east":{"uv":[7,12,5,15],"texture":"#1"},"south":{"uv":[11,11,15,14],"texture":"#1"},"west":{"uv":[5,12,7,15],"texture":"#1"},"up":{"uv":[16,2,12,0],"texture":"#1"},"down":{"uv":[16,2,12,4],"texture":"#1"}}},{"from":[5,6,3],"to":[7.45,7.5,5.5],"rotation":{"angle":0,"axis":"y","origin":[4,0,4]},"faces":{"north":{"uv":[2.8,5,5.5,7],"texture":"#2"},"east":{"uv":[1.25,5,2.8,7],"texture":"#2"},"south":{"uv":[0.2375,7.5,2,8.9875],"texture":"#2"},"west":{"uv":[0.00625,5,1.25,7],"texture":"#2"},"up":{"uv":[3,2.5,1.5125,1],"texture":"#2"},"down":{"uv":[6,5,0,10],"texture":"#1"}}},{"from":[7.35,7.325,2],"to":[8.8,8.325,3],"rotation":{"angle":0,"axis":"y","origin":[4,0,4]},"faces":{"north":{"uv":[11,8,15,11],"texture":"#1"},"east":{"uv":[7,12,5,15],"texture":"#1"},"south":{"uv":[11,11,15,14],"texture":"#1"},"west":{"uv":[5,12,7,15],"texture":"#1"},"up":{"uv":[16,2,12,0],"texture":"#1"},"down":{"uv":[16,2,12,4],"texture":"#1"}}},{"from":[6.85,7.325,3],"to":[9.3,8.825,5.5],"rotation":{"angle":0,"axis":"y","origin":[4,0,4]},"faces":{"north":{"uv":[2.8,5,5.5,7],"texture":"#2"},"east":{"uv":[1.25,5,2.8,7],"texture":"#2"},"south":{"uv":[0.2375,7.5,2,8.9875],"texture":"#2"},"west":{"uv":[0.00625,5,1.25,7],"texture":"#2"},"up":{"uv":[3,2.5,1.5125,1],"texture":"#2"},"down":{"uv":[6,5,0,10],"texture":"#1"}}},{"from":[4,5.3,5.8],"to":[12,10,6.65],"faces":{"north":{"uv":[0,5,4,7.5],"texture":"#3"},"east":{"uv":[0,10,0.5,12.5],"texture":"#3"},"south":{"uv":[4,5,8,7.5],"texture":"#3"},"west":{"uv":[0.5,10,1,12.5],"texture":"#3"},"up":{"uv":[12,2.5,8,2],"texture":"#3"},"down":{"uv":[12,2.5,8,3],"texture":"#3"}}},{"from":[11.025,5.3,1.975],"to":[12.025,10.6,6.7],"faces":{"north":{"uv":[8,5,8.5,7.5],"texture":"#3"},"east":{"uv":[0,7.5,2.5,10],"texture":"#3"},"south":{"uv":[8.5,5,9,7.5],"texture":"#3"},"west":{"uv":[2.5,7.5,5,10],"texture":"#3"},"up":{"uv":[9.5,7.5,9,5],"texture":"#3"},"down":{"uv":[10,5,9.5,7.5],"texture":"#3"}}},{"from":[3.95,5.3,2],"to":[4.95,10.625,6.7],"faces":{"north":{"uv":[1,10,1.5,12.5],"texture":"#3"},"east":{"uv":[5,7.5,7.5,10],"texture":"#3"},"south":{"uv":[1.5,10,2,12.5],"texture":"#3"},"west":{"uv":[0,7.5,2.5,10],"texture":"#3"},"up":{"uv":[2.5,12.5,2,10],"texture":"#3"},"down":{"uv":[3,10,2.5,12.5],"texture":"#3"}}},{"from":[3.925,9.55,1.975],"to":[12.05,10.65,6.7],"faces":{"north":{"uv":[8,1,12,1.5],"texture":"#3"},"east":{"uv":[8,4,10.5,4.5],"texture":"#3"},"south":{"uv":[8,1.5,12,2],"texture":"#3"},"west":{"uv":[8,4,10.5,4.5],"texture":"#3"},"up":{"uv":[8,2.5,4,0],"texture":"#3"},"down":{"uv":[8,2.5,4,5],"texture":"#3"}}},{"from":[3.05,0.45,-0.5],"to":[12.925,5.95,6.475],"faces":{"north":{"uv":[5,0,10,2.5],"texture":"#4"},"east":{"uv":[5,5,8.5,7.5],"texture":"#4"},"south":{"uv":[5,2.5,10,5],"texture":"#4"},"west":{"uv":[0,7,3.5,9.5],"texture":"#4"},"up":{"uv":[5,3.5,0,0],"texture":"#4"},"down":{"uv":[5,3.5,0,7],"texture":"#4"}}},{"from":[7,4.9,-0.7],"to":[9,6.5,0.5],"faces":{"north":{"uv":[0,0,2,2],"texture":"#5"},"east":{"uv":[2,0,3,2],"texture":"#5"},"south":{"uv":[0,2,2,4],"texture":"#5"},"west":{"uv":[2,2,3,4],"texture":"#5"},"up":{"uv":[5,1,3,0],"texture":"#5"},"down":{"uv":[5,1,3,2],"texture":"#5"}}}],"display":{"thirdperson_righthand":{"rotation":[0,-1,0],"scale":[0.5,0.5,0.5]},"thirdperson_lefthand":{"rotation":[-115.02,-1.32,180],"translation":[-6,-3.75,9.7],"scale":[1.05,1.05,1.05]},"firstperson_righthand":{"rotation":[0,125,0],"translation":[1.13,6.25,1.13],"scale":[0.68,0.68,0.68]},"firstperson_lefthand":{"rotation":[0,125,0],"translation":[1.13,-6.75,1.13],"scale":[0,0,0]},"ground":{"rotation":[1,1,1],"translation":[-0.25,2.5,0.5],"scale":[0.8,0.8,0.8]},"gui":{"rotation":[30,225,0],"translation":[-2.75,3.5,0],"scale":[0.9,0.9,0.9]},"head":{"rotation":[0,-180,0],"translation":[0,-11.5,2.75],"scale":[1.5,1.5,1.5]},"fixed":{"translation":[0,4.5,0],"scale":[2,2,2]}}}