{"credit":"MadewithBlockbench","textures":{"1":"backpacks_by_elnanas:mochila_vampiro/alas","particle":"backpacks_by_elnanas:mochila_vampiro/alas","texture":"backpacks_by_elnanas:mochila_vampiro/mochila_vampiro"},"elements":[{"name":"Box1","from":[3.5,0,5],"to":[12.5,12,11],"faces":{"north":{"uv":[0.5,0.5,1.25,1.5],"texture":"#texture"},"east":{"uv":[0,0.5,0.5,1.5],"texture":"#texture"},"south":{"uv":[1.75,0.5,2.5,1.5],"texture":"#texture"},"west":{"uv":[0,0.5,0.5,1.5],"texture":"#texture"},"up":{"uv":[0.5,0,1.25,0.5],"texture":"#texture"},"down":{"uv":[1.25,0,2,0.5],"texture":"#texture"}}},{"name":"Box1","from":[4.25,5.95,3.5],"to":[11.75,10.45,5],"faces":{"north":{"uv":[0.125,1.625,0.75,2],"texture":"#texture"},"east":{"uv":[0,1.625,0.125,2],"texture":"#texture"},"south":{"uv":[0.125,1.625,0.75,2],"texture":"#texture"},"west":{"uv":[0.75,1.625,0.875,2],"texture":"#texture"},"up":{"uv":[0.125,1.5,0.75,1.625],"texture":"#texture"},"down":{"uv":[0.125,2,0.75,2.125],"texture":"#texture"}}},{"name":"Box1","from":[4.25,10.5,11],"to":[11.75,12,11.75],"faces":{"north":{"uv":[1.8125,0.5,2.4375,0.625],"texture":"#texture"},"east":{"uv":[1.8125,0.5,1.875,0.625],"texture":"#texture"},"south":{"uv":[1.8125,0.5,2.4375,0.625],"texture":"#texture"},"west":{"uv":[1.8125,0.5,1.875,0.625],"texture":"#texture"},"up":{"uv":[1.8125,0.5,2.4375,0.5625],"texture":"#texture"},"down":{"uv":[1.8125,0.5625,2.4375,0.625],"texture":"#texture"}}},{"name":"Box1","from":[4.25,9.75,11],"to":[5.75,10.5,11.75],"faces":{"north":{"uv":[1.8125,0.6875,1.875,0.75],"texture":"#texture"},"east":{"uv":[1.8125,0.6875,1.875,0.75],"texture":"#texture"},"south":{"uv":[1.8125,0.6875,1.875,0.75],"texture":"#texture"},"west":{"uv":[1.8125,0.6875,1.875,0.75],"texture":"#texture"},"up":{"uv":[1.8125,0.6875,1.875,0.75],"texture":"#texture"},"down":{"uv":[1.8125,0.6875,1.875,0.75],"texture":"#texture"}}},{"name":"Box1","from":[10.25,9.75,11],"to":[11.75,10.5,11.75],"faces":{"north":{"uv":[1.8125,0.6875,1.875,0.75],"texture":"#texture"},"east":{"uv":[1.8125,0.6875,1.875,0.75],"texture":"#texture"},"south":{"uv":[1.8125,0.6875,1.875,0.75],"texture":"#texture"},"west":{"uv":[1.8125,0.6875,1.875,0.75],"texture":"#texture"},"up":{"uv":[1.8125,0.6875,1.875,0.75],"texture":"#texture"},"down":{"uv":[1.8125,0.6875,1.875,0.75],"texture":"#texture"}}},{"name":"Box1","from":[4.25,0.75,11.75],"to":[5.75,9.75,12.5],"faces":{"north":{"uv":[3.75,0,3.875,0.75],"texture":"#texture"},"east":{"uv":[3.8125,0,3.875,0.75],"texture":"#texture"},"south":{"uv":[3.75,0,3.875,0.75],"texture":"#texture"},"west":{"uv":[3.75,0,3.8125,0.75],"texture":"#texture"},"up":{"uv":[3.75,0.6875,3.875,0.75],"texture":"#texture"},"down":{"uv":[3.75,0.6875,3.875,0.75],"texture":"#texture"}}},{"name":"Box1","from":[10.25,0.75,11.75],"to":[11.75,9.75,12.5],"faces":{"north":{"uv":[3.875,0,4,0.75],"texture":"#texture"},"east":{"uv":[3.9375,0,4,0.75],"texture":"#texture"},"south":{"uv":[3.875,0,4,0.75],"texture":"#texture"},"west":{"uv":[3.875,0,3.9375,0.75],"texture":"#texture"},"up":{"uv":[3.75,0.6875,3.875,0.75],"texture":"#texture"},"down":{"uv":[3.75,0.6875,3.875,0.75],"texture":"#texture"}}},{"name":"Box1","from":[4.25,0.75,11],"to":[5.75,1.5,11.75],"faces":{"north":{"uv":[3.75,0.6875,3.875,0.75],"texture":"#texture"},"east":{"uv":[3.75,0.6875,3.875,0.75],"texture":"#texture"},"south":{"uv":[3.75,0.6875,3.875,0.75],"texture":"#texture"},"west":{"uv":[3.75,0.6875,3.875,0.75],"texture":"#texture"},"up":{"uv":[3.75,0.6875,3.875,0.75],"texture":"#texture"},"down":{"uv":[3.75,0.6875,3.875,0.75],"texture":"#texture"}}},{"name":"Box1","from":[10.25,0.75,11],"to":[11.75,1.5,11.75],"faces":{"north":{"uv":[3.75,0.6875,3.875,0.75],"texture":"#texture"},"east":{"uv":[3.75,0.6875,3.875,0.75],"texture":"#texture"},"south":{"uv":[3.75,0.6875,3.875,0.75],"texture":"#texture"},"west":{"uv":[3.75,0.6875,3.875,0.75],"texture":"#texture"},"up":{"uv":[3.75,0.6875,3.875,0.75],"texture":"#texture"},"down":{"uv":[3.75,0.6875,3.875,0.75],"texture":"#texture"}}},{"name":"Box1","from":[10.25,9.75,11.75],"to":[11.75,10.5,12.5],"faces":{"north":{"uv":[3.75,0,3.8125,0.0625],"texture":"#texture"},"east":{"uv":[3.75,0,3.8125,0.0625],"texture":"#texture"},"south":{"uv":[3.75,0,3.8125,0.0625],"texture":"#texture"},"west":{"uv":[3.75,0,3.8125,0.0625],"texture":"#texture"},"up":{"uv":[3.75,0,3.8125,0.0625],"texture":"#texture"},"down":{"uv":[3.75,0,3.8125,0.0625],"texture":"#texture"}}},{"name":"Box1","from":[4.25,9.75,11.75],"to":[5.75,10.5,12.5],"faces":{"north":{"uv":[3.75,0,3.8125,0.0625],"texture":"#texture"},"east":{"uv":[3.75,0,3.8125,0.0625],"texture":"#texture"},"south":{"uv":[3.75,0,3.8125,0.0625],"texture":"#texture"},"west":{"uv":[3.75,0,3.8125,0.0625],"texture":"#texture"},"up":{"uv":[3.75,0,3.8125,0.0625],"texture":"#texture"},"down":{"uv":[3.75,0,3.8125,0.0625],"texture":"#texture"}}},{"from":[10.52,3.5,11.08],"to":[28.44,14.7,11.08],"rotation":{"angle":0,"axis":"y","origin":[3.52,5.6,12.48]},"faces":{"north":{"uv":[8.83125,0.99062,10.8125,11.0125],"rotation":90,"texture":"#1"},"east":{"uv":[0,0,0,16],"texture":"#missing"},"south":{"uv":[8.83125,11.0125,10.8125,0.99062],"rotation":90,"texture":"#1"},"west":{"uv":[0,0,0,16],"texture":"#missing"},"up":{"uv":[0,0,16,0],"texture":"#missing"},"down":{"uv":[0,0,16,0],"texture":"#missing"}}},{"from":[-12.44,3.5,11.08],"to":[5.48,14.7,11.08],"rotation":{"angle":0,"axis":"y","origin":[12.48,5.6,12.48]},"faces":{"north":{"uv":[8.83125,11.0125,10.8125,0.99062],"rotation":90,"texture":"#1"},"east":{"uv":[0,0,0,16],"texture":"#missing"},"south":{"uv":[8.83125,0.99062,10.8125,11.0125],"rotation":90,"texture":"#1"},"west":{"uv":[0,0,0,16],"texture":"#missing"},"up":{"uv":[16,0,0,0],"texture":"#missing"},"down":{"uv":[16,0,0,0],"texture":"#missing"}}}],"display":{"thirdperson_righthand":{"rotation":[0,-1,0],"translation":[0,0,-1.75],"scale":[0.5,0.5,0.5]},"thirdperson_lefthand":{"rotation":[-115,-1.36,-179],"translation":[-6.25,-8,10.2],"scale":[0.9,0.9,0.9]},"firstperson_righthand":{"rotation":[0,125,0],"translation":[1.13,5,1.13],"scale":[0.68,0.68,0.68]},"firstperson_lefthand":{"rotation":[0,125,0],"translation":[1.13,-7,1.13],"scale":[0,0,0.02]},"ground":{"rotation":[1,1,1],"translation":[-0.25,2.5,0.5],"scale":[0.8,0.8,0.8]},"gui":{"rotation":[30,225,0],"translation":[1.25,0,0],"scale":[0.6,0.6,0.6]},"head":{"rotation":[0,-180,0],"translation":[0,-12.75,9.5],"scale":[1.5,1.5,1.5]},"fixed":{"translation":[0,3.25,-9],"scale":[2,2,2]}}}