{"credit":"MadewithBlockbench","textures":{"2":"backpacks_by_elnanas:strider/textura","texture":"backpacks_by_elnanas:strider/strider"},"elements":[{"name":"Box1","from":[3.5,0,5],"to":[12.5,12,11],"faces":{"north":{"uv":[0.5,0.5,1.25,1.5],"texture":"#texture"},"east":{"uv":[0,0.5,0.5,1.5],"texture":"#texture"},"south":{"uv":[1.75,0.5,2.5,1.5],"texture":"#texture"},"west":{"uv":[1.25,0.5,1.75,1.5],"texture":"#texture"},"up":{"uv":[0.5,0,1.25,0.5],"texture":"#texture"},"down":{"uv":[1.25,0,2,0.5],"texture":"#texture"}}},{"name":"Box1","from":[4.25,9,4.25],"to":[11.75,12,5],"faces":{"north":{"uv":[0.5625,0.5,1.1875,0.75],"texture":"#texture"},"east":{"uv":[0.5625,0.5,0.625,0.75],"texture":"#texture"},"south":{"uv":[0.5625,0.5,1.1875,0.75],"texture":"#texture"},"west":{"uv":[1.125,0.5,1.1875,0.75],"texture":"#texture"},"up":{"uv":[0.5625,0.5,1.1875,0.5625],"texture":"#texture"},"down":{"uv":[0.5625,0.6875,1.1875,0.75],"texture":"#texture"}}},{"name":"Box1","from":[5,8.25,4.25],"to":[11,9,5],"faces":{"north":{"uv":[0.625,0.75,1.125,0.8125],"texture":"#texture"},"east":{"uv":[0.625,0.75,0.6875,0.8125],"texture":"#texture"},"south":{"uv":[0.625,0.75,1.125,0.8125],"texture":"#texture"},"west":{"uv":[0.625,0.75,0.6875,0.8125],"texture":"#texture"},"up":{"uv":[2.5,3,4.5,3.25],"texture":"#texture"},"down":{"uv":[0.625,0.75,1.125,0.8125],"texture":"#texture"}}},{"name":"Box1","from":[4.25,0.75,3.5],"to":[11.75,5.25,5],"faces":{"north":{"uv":[0.125,1.625,0.75,2],"texture":"#texture"},"east":{"uv":[0,1.625,0.125,2],"texture":"#texture"},"south":{"uv":[0.125,1.625,0.75,2],"texture":"#texture"},"west":{"uv":[0.75,1.625,0.875,2],"texture":"#texture"},"up":{"uv":[0.125,1.5,0.75,1.625],"texture":"#texture"},"down":{"uv":[0.125,2,0.75,2.125],"texture":"#texture"}}},{"name":"Box1","from":[12.5,0.25,5],"to":[14,6.75,11],"faces":{"north":{"uv":[3,0.875,3.125,1.375],"texture":"#texture"},"east":{"uv":[1.625,4.27188,0.62188,3.23438],"texture":"#2"},"south":{"uv":[3.125,0.9,3,1.375],"texture":"#texture"},"west":{"uv":[2.625,0.875,3,1.375],"texture":"#texture"},"up":{"uv":[2.5,0.5,2.625,0.875],"texture":"#texture"},"down":{"uv":[3.625,0.5,3.75,0.875],"texture":"#texture"}}},{"name":"Box1","from":[2,0.25,5],"to":[3.5,6.75,11],"rotation":{"angle":0,"axis":"y","origin":[16,0,0]},"faces":{"north":{"uv":[3.125,0.875,3,1.375],"texture":"#texture"},"east":{"uv":[3,0.875,2.625,1.375],"texture":"#texture"},"south":{"uv":[3,0.875,3.125,1.375],"texture":"#texture"},"west":{"uv":[0.62188,4.27188,1.625,3.23438],"texture":"#2"},"up":{"uv":[2.625,0.5,2.5,0.875],"texture":"#texture"},"down":{"uv":[3.75,0.5,3.625,0.875],"texture":"#texture"}}},{"name":"Box1","from":[4.25,10.5,11],"to":[11.75,12,11.75],"faces":{"north":{"uv":[1.8125,0.5,2.4375,0.625],"texture":"#texture"},"east":{"uv":[1.8125,0.5,1.875,0.625],"texture":"#texture"},"south":{"uv":[1.8125,0.5,2.4375,0.625],"texture":"#texture"},"west":{"uv":[1.8125,0.5,1.875,0.625],"texture":"#texture"},"up":{"uv":[1.8125,0.5,2.4375,0.5625],"texture":"#texture"},"down":{"uv":[1.8125,0.5625,2.4375,0.625],"texture":"#texture"}}},{"name":"Box1","from":[4.25,12,11],"to":[11.75,12.75,11.75],"faces":{"north":{"uv":[0.5625,0.5,1.1875,0.5625],"texture":"#texture"},"east":{"uv":[1.125,0.5,1.1875,0.5625],"texture":"#texture"},"south":{"uv":[0.5625,0.5,1.1875,0.5625],"texture":"#texture"},"west":{"uv":[0.5625,0.5,0.625,0.5625],"texture":"#texture"},"up":{"uv":[0.5625,0.5,1.1875,0.5625],"texture":"#texture"},"down":{"uv":[0.5625,0.5,1.1875,0.5625],"texture":"#texture"}}},{"name":"Box1","from":[4.25,9.75,11],"to":[5.75,10.5,11.75],"faces":{"north":{"uv":[1.8125,0.6875,1.875,0.75],"texture":"#texture"},"east":{"uv":[1.8125,0.6875,1.875,0.75],"texture":"#texture"},"south":{"uv":[1.8125,0.6875,1.875,0.75],"texture":"#texture"},"west":{"uv":[1.8125,0.6875,1.875,0.75],"texture":"#texture"},"up":{"uv":[1.8125,0.6875,1.875,0.75],"texture":"#texture"},"down":{"uv":[1.8125,0.6875,1.875,0.75],"texture":"#texture"}}},{"name":"Box1","from":[10.25,9.75,11],"to":[11.75,10.5,11.75],"faces":{"north":{"uv":[1.8125,0.6875,1.875,0.75],"texture":"#texture"},"east":{"uv":[1.8125,0.6875,1.875,0.75],"texture":"#texture"},"south":{"uv":[1.8125,0.6875,1.875,0.75],"texture":"#texture"},"west":{"uv":[1.8125,0.6875,1.875,0.75],"texture":"#texture"},"up":{"uv":[1.8125,0.6875,1.875,0.75],"texture":"#texture"},"down":{"uv":[1.8125,0.6875,1.875,0.75],"texture":"#texture"}}},{"name":"Box1","from":[4.25,0.75,11.75],"to":[5.75,9.75,12.5],"faces":{"north":{"uv":[3.75,0,3.875,0.75],"texture":"#texture"},"east":{"uv":[3.8125,0,3.875,0.75],"texture":"#texture"},"south":{"uv":[3.75,0,3.875,0.75],"texture":"#texture"},"west":{"uv":[3.75,0,3.8125,0.75],"texture":"#texture"},"up":{"uv":[3.75,0.6875,3.875,0.75],"texture":"#texture"},"down":{"uv":[3.75,0.6875,3.875,0.75],"texture":"#texture"}}},{"name":"Box1","from":[10.25,0.75,11.75],"to":[11.75,9.75,12.5],"faces":{"north":{"uv":[3.875,0,4,0.75],"texture":"#texture"},"east":{"uv":[3.9375,0,4,0.75],"texture":"#texture"},"south":{"uv":[3.875,0,4,0.75],"texture":"#texture"},"west":{"uv":[3.875,0,3.9375,0.75],"texture":"#texture"},"up":{"uv":[3.75,0.6875,3.875,0.75],"texture":"#texture"},"down":{"uv":[3.75,0.6875,3.875,0.75],"texture":"#texture"}}},{"name":"Box1","from":[4.25,0.75,11],"to":[5.75,1.5,11.75],"faces":{"north":{"uv":[3.75,0.6875,3.875,0.75],"texture":"#texture"},"east":{"uv":[3.75,0.6875,3.875,0.75],"texture":"#texture"},"south":{"uv":[3.75,0.6875,3.875,0.75],"texture":"#texture"},"west":{"uv":[3.75,0.6875,3.875,0.75],"texture":"#texture"},"up":{"uv":[3.75,0.6875,3.875,0.75],"texture":"#texture"},"down":{"uv":[3.75,0.6875,3.875,0.75],"texture":"#texture"}}},{"name":"Box1","from":[10.25,0.75,11],"to":[11.75,1.5,11.75],"faces":{"north":{"uv":[3.75,0.6875,3.875,0.75],"texture":"#texture"},"east":{"uv":[3.75,0.6875,3.875,0.75],"texture":"#texture"},"south":{"uv":[3.75,0.6875,3.875,0.75],"texture":"#texture"},"west":{"uv":[3.75,0.6875,3.875,0.75],"texture":"#texture"},"up":{"uv":[3.75,0.6875,3.875,0.75],"texture":"#texture"},"down":{"uv":[3.75,0.6875,3.875,0.75],"texture":"#texture"}}},{"name":"Box1","from":[10.25,9.75,11.75],"to":[11.75,10.5,12.5],"faces":{"north":{"uv":[3.75,0,3.8125,0.0625],"texture":"#texture"},"east":{"uv":[3.75,0,3.8125,0.0625],"texture":"#texture"},"south":{"uv":[3.75,0,3.8125,0.0625],"texture":"#texture"},"west":{"uv":[3.75,0,3.8125,0.0625],"texture":"#texture"},"up":{"uv":[3.75,0,3.8125,0.0625],"texture":"#texture"},"down":{"uv":[3.75,0,3.8125,0.0625],"texture":"#texture"}}},{"name":"Box1","from":[4.25,9.75,11.75],"to":[5.75,10.5,12.5],"faces":{"north":{"uv":[3.75,0,3.8125,0.0625],"texture":"#texture"},"east":{"uv":[3.75,0,3.8125,0.0625],"texture":"#texture"},"south":{"uv":[3.75,0,3.8125,0.0625],"texture":"#texture"},"west":{"uv":[3.75,0,3.8125,0.0625],"texture":"#texture"},"up":{"uv":[3.75,0,3.8125,0.0625],"texture":"#texture"},"down":{"uv":[3.75,0,3.8125,0.0625],"texture":"#texture"}}},{"name":"body","from":[4.25,5.85,3.5],"to":[11.75,12.75,10.975],"faces":{"north":{"uv":[2,1.33438,4,2.5],"texture":"#2"},"east":{"uv":[0,1.33438,2,2.5],"texture":"#2"},"south":{"uv":[6,1.33438,8,2.5],"texture":"#2"},"west":{"uv":[4,1.33438,6,2.5],"texture":"#2"},"up":{"uv":[4,1.33438,2,0],"texture":"#2"},"down":{"uv":[6,0,4,1.33437],"texture":"#2"}}},{"name":"hair_right_top_rotation","from":[10.56954,12.97419,3.9676],"to":[16.40634,12.97419,11.75],"shade":false,"rotation":{"angle":-45,"axis":"z","origin":[10.88794,11.43766,4.0588]},"faces":{"north":{"uv":[32,49,20,49],"texture":"#missing"},"east":{"uv":[48,49,32,49],"texture":"#missing"},"south":{"uv":[60,49,48,49],"texture":"#missing"},"west":{"uv":[20,49,4,49],"texture":"#missing"},"up":{"uv":[3.99687,3.92188,5.3875,2.75],"texture":"#2"},"down":{"uv":[3.99687,2.75,5.3875,3.92188],"texture":"#2"}}},{"name":"hair_right_middle_rotation","from":[-2.7368,11.7024,5.0176],"to":[3.1,11.7024,12.8],"shade":false,"rotation":{"angle":45,"axis":"z","origin":[5.0816,11.51147,4.1088]},"faces":{"north":{"uv":[20,65,32,65],"texture":"#missing"},"east":{"uv":[4,65,20,65],"texture":"#missing"},"south":{"uv":[48,65,60,65],"texture":"#missing"},"west":{"uv":[32,65,48,65],"texture":"#missing"},"up":{"uv":[5,6.33438,3.99687,5.66562],"texture":"#2"},"down":{"uv":[5,5.66562,3.99687,6.33438],"texture":"#2"}}},{"name":"hair_right_top_rotation","from":[-0.40634,12.97419,3.9676],"to":[5.43046,12.97419,11.75],"shade":false,"rotation":{"angle":45,"axis":"z","origin":[5.11206,11.43766,4.0588]},"faces":{"north":{"uv":[20,49,32,49],"texture":"#missing"},"east":{"uv":[4,49,20,49],"texture":"#missing"},"south":{"uv":[48,49,60,49],"texture":"#missing"},"west":{"uv":[32,49,48,49],"texture":"#missing"},"up":{"uv":[5.3875,3.92188,3.99687,2.75],"texture":"#2"},"down":{"uv":[5.3875,2.75,3.99687,3.92188],"texture":"#2"}}},{"name":"hair_right_middle_rotation","from":[12.9,11.7024,5.0176],"to":[18.7368,11.7024,12.8],"shade":false,"rotation":{"angle":-45,"axis":"z","origin":[10.9184,11.51147,4.1088]},"faces":{"north":{"uv":[32,65,20,65],"texture":"#missing"},"east":{"uv":[48,65,32,65],"texture":"#missing"},"south":{"uv":[60,65,48,65],"texture":"#missing"},"west":{"uv":[20,65,4,65],"texture":"#missing"},"up":{"uv":[3.99687,6.33438,5,5.66562],"texture":"#2"},"down":{"uv":[3.99687,5.66562,5,6.33438],"texture":"#2"}}}],"display":{"thirdperson_righthand":{"rotation":[0,-1,0],"translation":[0,0,-1.75],"scale":[0.5,0.5,0.5]},"thirdperson_lefthand":{"rotation":[-115,-1.36,-179],"translation":[-6,-8,10.2],"scale":[0.9,0.9,0.9]},"firstperson_righthand":{"rotation":[0,125,0],"translation":[1.13,5,1.13],"scale":[0.68,0.68,0.68]},"firstperson_lefthand":{"rotation":[0,125,0],"translation":[1.13,-6,1.13],"scale":[0,0,0]},"ground":{"rotation":[1,1,1],"translation":[-0.25,2.25,0.5],"scale":[0.8,0.8,0.8]},"gui":{"rotation":[30,225,0],"translation":[0,1,0],"scale":[0.9,0.9,0.9]},"head":{"rotation":[0,-180,0],"translation":[0,-13.75,9.5],"scale":[1.5,1.5,1.5]},"fixed":{"rotation":[4,0,0],"translation":[0,3.25,-7.25],"scale":[2,2,2]}}}