{"credit":"MadewithBlockbench","texture_size":[64,64],"textures":{"0":"backpacks_by_elnanas:vaca/vaca","particle":"backpacks_by_elnanas:vaca/vaca"},"elements":[{"name":"Box1","from":[3.5,0,5],"to":[12.5,12,11],"faces":{"north":{"uv":[0,0,2.25,3],"texture":"#0"},"east":{"uv":[0,3,1.5,6],"texture":"#0"},"south":{"uv":[2.25,0,4.5,3],"texture":"#0"},"west":{"uv":[1.5,3,3,6],"texture":"#0"},"up":{"uv":[5.25,4.5,3,3],"texture":"#0"},"down":{"uv":[6.75,0,4.5,1.5],"texture":"#0"}}},{"name":"Box1","from":[4.25,9.75,11],"to":[5.75,10.5,11.75],"faces":{"north":{"uv":[8.25,1.25,8.75,1.5],"texture":"#0"},"east":{"uv":[5.75,4,6,4.25],"texture":"#0"},"south":{"uv":[8.25,1.5,8.75,1.75],"texture":"#0"},"west":{"uv":[5.75,4.25,6,4.5],"texture":"#0"},"up":{"uv":[8.75,2,8.25,1.75],"texture":"#0"},"down":{"uv":[3,8.25,2.5,8.5],"texture":"#0"}}},{"name":"Box1","from":[10.25,9.75,11],"to":[11.75,10.5,11.75],"faces":{"north":{"uv":[4.5,8.25,5,8.5],"texture":"#0"},"east":{"uv":[6.75,2.25,7,2.5],"texture":"#0"},"south":{"uv":[5,8.25,5.5,8.5],"texture":"#0"},"west":{"uv":[6.75,2.5,7,2.75],"texture":"#0"},"up":{"uv":[6,8.5,5.5,8.25],"texture":"#0"},"down":{"uv":[8.75,6,8.25,6.25],"texture":"#0"}}},{"name":"Box1","from":[4.25,0.75,11.75],"to":[5.75,9.75,12.5],"faces":{"north":{"uv":[2.5,6,3,8.25],"texture":"#0"},"east":{"uv":[7,7.25,7.25,9.5],"texture":"#0"},"south":{"uv":[3,6.25,3.5,8.5],"texture":"#0"},"west":{"uv":[7.75,6,8,8.25],"texture":"#0"},"up":{"uv":[8.75,6.5,8.25,6.25],"texture":"#0"},"down":{"uv":[8.75,6.5,8.25,6.75],"texture":"#0"}}},{"name":"Box1","from":[10.25,0.75,11.75],"to":[11.75,9.75,12.5],"faces":{"north":{"uv":[3.5,6.25,4,8.5],"texture":"#0"},"east":{"uv":[7.25,7.75,7.5,10],"texture":"#0"},"south":{"uv":[4,6.25,4.5,8.5],"texture":"#0"},"west":{"uv":[7.5,7.75,7.75,10],"texture":"#0"},"up":{"uv":[8.75,7.25,8.25,7],"texture":"#0"},"down":{"uv":[8.75,7.25,8.25,7.5],"texture":"#0"}}},{"name":"Box1","from":[4.25,0.75,11],"to":[5.75,1.5,11.75],"faces":{"north":{"uv":[8.25,7.5,8.75,7.75],"texture":"#0"},"east":{"uv":[7.5,6,7.75,6.25],"texture":"#0"},"south":{"uv":[8.25,7.75,8.75,8],"texture":"#0"},"west":{"uv":[7.5,6.25,7.75,6.5],"texture":"#0"},"up":{"uv":[8.75,8.25,8.25,8],"texture":"#0"},"down":{"uv":[8.75,8.25,8.25,8.5],"texture":"#0"}}},{"name":"Box1","from":[10.25,0.75,11],"to":[11.75,1.5,11.75],"faces":{"north":{"uv":[2.5,8.5,3,8.75],"texture":"#0"},"east":{"uv":[7.75,2,8,2.25],"texture":"#0"},"south":{"uv":[3,8.5,3.5,8.75],"texture":"#0"},"west":{"uv":[7.75,8.25,8,8.5],"texture":"#0"},"up":{"uv":[4,8.75,3.5,8.5],"texture":"#0"},"down":{"uv":[9,3.5,8.5,3.75],"texture":"#0"}}},{"name":"Box1","from":[10.25,9.75,11.75],"to":[11.75,10.5,12.5],"faces":{"north":{"uv":[8.5,3.75,9,4],"texture":"#0"},"east":{"uv":[8.5,5,8.75,5.25],"texture":"#0"},"south":{"uv":[4,8.5,4.5,8.75],"texture":"#0"},"west":{"uv":[8.5,5.25,8.75,5.5],"texture":"#0"},"up":{"uv":[9,4.25,8.5,4],"texture":"#0"},"down":{"uv":[9,4.25,8.5,4.5],"texture":"#0"}}},{"name":"Box1","from":[4.25,9.75,11.75],"to":[5.75,10.5,12.5],"faces":{"north":{"uv":[4.5,8.5,5,8.75],"texture":"#0"},"east":{"uv":[5.5,8.5,5.75,8.75],"texture":"#0"},"south":{"uv":[8.5,4.5,9,4.75],"texture":"#0"},"west":{"uv":[8.5,5.5,8.75,5.75],"texture":"#0"},"up":{"uv":[9,5,8.5,4.75],"texture":"#0"},"down":{"uv":[5.5,8.5,5,8.75],"texture":"#0"}}},{"from":[4.7,11.975,3.2],"to":[11.2,16.975,10.4],"faces":{"north":{"uv":[6,4,7.5,5.25],"texture":"#0"},"east":{"uv":[4.5,1.5,6.25,2.75],"texture":"#0"},"south":{"uv":[6,5.25,7.5,6.5],"texture":"#0"},"west":{"uv":[6.25,1.5,4.5,2.75],"texture":"#0"},"up":{"uv":[4.5,6.25,3,4.5],"texture":"#0"},"down":{"uv":[6,4.5,4.5,6.25],"texture":"#0"}}},{"from":[5.6,12.575,0],"to":[10.3,15.975,6.2],"faces":{"north":{"uv":[6,6.5,7.25,7.25],"texture":"#0"},"east":{"uv":[6.25,1.5,7.75,2.25],"texture":"#0"},"south":{"uv":[6.75,0,8,0.75],"texture":"#0"},"west":{"uv":[4.5,6.25,6,7],"texture":"#0"},"up":{"uv":[1.25,7.5,0,6],"texture":"#0"},"down":{"uv":[2.5,6,1.25,7.5],"texture":"#0"}}},{"from":[9.1,4.9,3.6],"to":[11.5,10.1,5.1],"faces":{"north":{"uv":[7,2.25,7.5,3.5],"texture":"#0"},"east":{"uv":[4.5,7,5,8.25],"texture":"#0"},"south":{"uv":[5,7,5.5,8.25],"texture":"#0"},"west":{"uv":[5.5,7,6,8.25],"texture":"#0"},"up":{"uv":[5.75,4.5,5.25,4],"texture":"#0"},"down":{"uv":[6.75,2.25,6.25,2.75],"texture":"#0"}}},{"from":[4.1,4.9,3.6],"to":[6.5,10.1,5.1],"faces":{"north":{"uv":[6,7.25,6.5,8.5],"texture":"#0"},"east":{"uv":[6.5,7.25,7,8.5],"texture":"#0"},"south":{"uv":[7.25,6.5,7.75,7.75],"texture":"#0"},"west":{"uv":[0,7.5,0.5,8.75],"texture":"#0"},"up":{"uv":[5.75,4.5,5.25,4],"texture":"#0"},"down":{"uv":[8.5,3.5,8,4],"texture":"#0"}}},{"from":[9.1,-3.1,3.6],"to":[11.5,2.1,6.1],"faces":{"north":{"uv":[0.5,7.5,1,8.75],"texture":"#0"},"east":{"uv":[1,7.5,1.5,8.75],"texture":"#0"},"south":{"uv":[1.5,7.5,2,8.75],"texture":"#0"},"west":{"uv":[2,7.5,2.5,8.75],"texture":"#0"},"up":{"uv":[5.75,4.5,5.25,4],"texture":"#0"},"down":{"uv":[8.5,4.5,8,5],"texture":"#0"}}},{"from":[4.1,-3.1,3.6],"to":[6.5,2.1,6.1],"faces":{"north":{"uv":[7.5,2.25,8,3.5],"texture":"#0"},"east":{"uv":[7.5,3.5,8,4.75],"texture":"#0"},"south":{"uv":[7.5,4.75,8,6],"texture":"#0"},"west":{"uv":[7.75,0.75,8.25,2],"texture":"#0"},"up":{"uv":[5.75,4.5,5.25,4],"texture":"#0"},"down":{"uv":[8.5,5.5,8,6],"texture":"#0"}}},{"from":[11.2,13.675,9.4],"to":[14.6,16.275,10.4],"rotation":{"angle":-22.5,"axis":"z","origin":[12.9,15.975,9.9]},"faces":{"north":{"uv":[6.75,0.75,7.5,1.5],"texture":"#0"},"east":{"uv":[7.5,0.75,7.75,1.5],"texture":"#0"},"south":{"uv":[8,0,8.75,0.75],"texture":"#0"},"west":{"uv":[8,6,8.25,6.75],"texture":"#0"},"up":{"uv":[5.25,3,4.5,2.75],"texture":"#0"},"down":{"uv":[8.75,6.75,8,7],"texture":"#0"}}},{"from":[1.4,13.675,9.4],"to":[4.8,16.275,10.4],"rotation":{"angle":22.5,"axis":"z","origin":[3.1,15.975,9.9]},"faces":{"north":{"uv":[7.5,0.75,6.75,1.5],"texture":"#0"},"east":{"uv":[8,7,8.25,7.75],"texture":"#0"},"south":{"uv":[8,2.75,8.75,3.5],"texture":"#0"},"west":{"uv":[8,7.75,8.25,8.5],"texture":"#0"},"up":{"uv":[9,1,8.25,0.75],"texture":"#0"},"down":{"uv":[9,1,8.25,1.25],"texture":"#0"}}}],"display":{"thirdperson_righthand":{"rotation":[0,-1,0],"translation":[0,0,-1.75],"scale":[0.5,0.5,0.5]},"thirdperson_lefthand":{"rotation":[-115,-1.36,-179],"translation":[-6,-8,10.2],"scale":[0.9,0.9,0.9]},"firstperson_righthand":{"rotation":[-142.43,58.35,147.38],"translation":[1.13,5,1.13],"scale":[0.68,0.68,0.68]},"firstperson_lefthand":{"rotation":[-142.43,58.35,147.38],"translation":[1.13,-6.5,1.13],"scale":[0,0,0.22]},"ground":{"rotation":[1,1,1],"translation":[-0.25,3.75,0.5],"scale":[0.7,0.7,0.7]},"gui":{"rotation":[30,225,0],"translation":[0,1,0],"scale":[0.7,0.7,0.7]},"head":{"rotation":[0,-180,0],"translation":[0,-11.75,9.5],"scale":[1.5,1.5,1.5]},"fixed":{"rotation":[4,0,0],"translation":[0,3.25,-7.25],"scale":[2,2,2]}}}