{"credit":"MadewithBlockbench","texture_size":[32,32],"textures":{"2":"chibang:item/angel_ring","particle":"chibang:item/angel_ring"},"elements":[{"name":"head","from":[5,14,4],"to":[11,15,5],"rotation":{"angle":0,"axis":"y","origin":[8,14.5,8]},"faces":{"north":{"uv":[4,4,7,4.5],"texture":"#2"},"east":{"uv":[0,6.5,0.5,7],"texture":"#2"},"south":{"uv":[4.5,0,7.5,0.5],"texture":"#2"},"west":{"uv":[1,6.5,1.5,7],"texture":"#2"},"up":{"uv":[7.5,1.5,4.5,1],"texture":"#2"},"down":{"uv":[7,5,4,5.5],"texture":"#2"}}},{"name":"head","from":[5,14,11],"to":[11,15,12],"rotation":{"angle":0,"axis":"y","origin":[8,14.5,8]},"faces":{"north":{"uv":[4,6,7,6.5],"texture":"#2"},"east":{"uv":[0,7.5,0.5,8],"texture":"#2"},"south":{"uv":[6.5,2,9.5,2.5],"texture":"#2"},"west":{"uv":[1,7.5,1.5,8],"texture":"#2"},"up":{"uv":[9.5,3.5,6.5,3],"texture":"#2"},"down":{"uv":[7,7,4,7.5],"texture":"#2"}}},{"name":"head","from":[4,14,4],"to":[5,15,12],"rotation":{"angle":0,"axis":"y","origin":[8,14.5,8]},"faces":{"north":{"uv":[7.5,4,8,4.5],"texture":"#2"},"east":{"uv":[0,0,4,0.5],"texture":"#2"},"south":{"uv":[7.5,5,8,5.5],"texture":"#2"},"west":{"uv":[0,1,4,1.5],"texture":"#2"},"up":{"uv":[0.5,6,0,2],"texture":"#2"},"down":{"uv":[1.5,2,1,6],"texture":"#2"}}},{"name":"head","from":[11,14,4],"to":[12,15,12],"rotation":{"angle":0,"axis":"y","origin":[8,14.5,8]},"faces":{"north":{"uv":[7.5,6,8,6.5],"texture":"#2"},"east":{"uv":[2,2,6,2.5],"texture":"#2"},"south":{"uv":[7.5,7,8,7.5],"texture":"#2"},"west":{"uv":[2,3,6,3.5],"texture":"#2"},"up":{"uv":[2.5,8,2,4],"texture":"#2"},"down":{"uv":[3.5,4,3,8],"texture":"#2"}}}],"gui_light":"front","display":{"thirdperson_righthand":{"translation":[0,-7.75,0]},"thirdperson_lefthand":{"translation":[0,-7.75,0]},"firstperson_righthand":{"translation":[0,-4,0]},"firstperson_lefthand":{"translation":[0,-3.75,0]},"ground":{"translation":[0,-9.25,0]},"gui":{"rotation":[30,-135,0],"translation":[0.25,-4.5,0],"scale":[0.85,0.85,0.85]},"head":{"translation":[0,-0.5,0],"scale":[1.6,1.6,1.6]},"fixed":{"translation":[0,-5.25,0]}},"groups":[{"name":"group","origin":[8,14.5,8],"color":0,"children":[0,1,2,3]}]}