{"credit":"MadewithBlockbench","texture_size":[32,32],"textures":{"1":"chibang:item/dragon_hat_red"},"elements":[{"name":"head","from":[3.5,9,3],"to":[4.5,10,4],"rotation":{"angle":22.5,"axis":"x","origin":[8,12,5]},"faces":{"north":{"uv":[11.75,6.5,12,6.75],"texture":"#1"},"east":{"uv":[11.75,7,12,7.25],"texture":"#1"},"south":{"uv":[11.75,7.5,12,7.75],"texture":"#1"},"west":{"uv":[11.75,8,12,8.25],"texture":"#1"},"up":{"uv":[12,8.75,11.75,8.5],"texture":"#1"},"down":{"uv":[12,9,11.75,9.25],"texture":"#1"}}},{"name":"head","from":[3.5,10,0],"to":[12.5,14,10],"rotation":{"angle":22.5,"axis":"x","origin":[8,12,5]},"faces":{"north":{"uv":[0,8,2.25,9],"texture":"#1"},"east":{"uv":[2.5,7.5,5,8.5],"texture":"#1"},"south":{"uv":[8,5,10.25,6],"texture":"#1"},"west":{"uv":[5.25,7.5,7.75,8.5],"texture":"#1"},"up":{"uv":[2.25,2.5,0,0],"texture":"#1"},"down":{"uv":[4.75,0,2.5,2.5],"texture":"#1"}}},{"name":"head","from":[3.5,0.53284,-0.67878],"to":[12.5,4.53284,9.32122],"rotation":{"angle":-22.5,"axis":"x","origin":[8,5.53284,2.32122]},"faces":{"north":{"uv":[8,6.25,10.25,7.25],"texture":"#1"},"east":{"uv":[7.75,2.5,10.25,3.5],"texture":"#1"},"south":{"uv":[8,7.5,10.25,8.5],"texture":"#1"},"west":{"uv":[7.75,3.75,10.25,4.75],"texture":"#1"},"up":{"uv":[7.25,2.5,5,0],"texture":"#1"},"down":{"uv":[2.25,5.25,0,7.75],"texture":"#1"}}},{"name":"head","from":[3,3.32122,5.46716],"to":[13,12.32122,13.46716],"rotation":{"angle":0,"axis":"y","origin":[8.5,9.32122,11.46716]},"faces":{"north":{"uv":[0,2.75,2.5,5],"texture":"#1"},"east":{"uv":[5.5,2.75,7.5,5],"texture":"#1"},"south":{"uv":[2.75,2.75,5.25,5],"texture":"#1"},"west":{"uv":[7.5,0,9.5,2.25],"texture":"#1"},"up":{"uv":[5,7.25,2.5,5.25],"texture":"#1"},"down":{"uv":[7.75,5.25,5.25,7.25],"texture":"#1"}}},{"name":"head","from":[4,10.57122,11.46716],"to":[7,13.57122,15.46716],"rotation":{"angle":-22.5,"axis":"x","origin":[4.5,12.32122,14.46716]},"faces":{"north":{"uv":[9.5,8.75,10.25,9.5],"texture":"#1"},"east":{"uv":[2.5,8.75,3.5,9.5],"texture":"#1"},"south":{"uv":[9.75,0,10.5,0.75],"texture":"#1"},"west":{"uv":[3.75,8.75,4.75,9.5],"texture":"#1"},"up":{"uv":[5.75,9.75,5,8.75],"texture":"#1"},"down":{"uv":[6.75,8.75,6,9.75],"texture":"#1"}}},{"name":"head","from":[4.5,12.18853,14.04328],"to":[6.5,16.18853,16.04328],"rotation":{"angle":22.5,"axis":"x","origin":[5.5,11.93853,13.54328]},"faces":{"north":{"uv":[3,9.75,3.5,10.75],"texture":"#1"},"east":{"uv":[3.75,9.75,4.25,10.75],"texture":"#1"},"south":{"uv":[7,9.75,7.5,10.75],"texture":"#1"},"west":{"uv":[7.75,9.75,8.25,10.75],"texture":"#1"},"up":{"uv":[11,2.5,10.5,2],"texture":"#1"},"down":{"uv":[11,2.75,10.5,3.25],"texture":"#1"}}},{"name":"head","from":[5,13.18853,16.79328],"to":[6,16.18853,17.79328],"rotation":{"angle":-22.5,"axis":"x","origin":[5.5,11.93853,13.54328]},"faces":{"north":{"uv":[1.5,10.5,1.75,11.25],"texture":"#1"},"east":{"uv":[2,10.75,2.25,11.5],"texture":"#1"},"south":{"uv":[2.5,10.75,2.75,11.5],"texture":"#1"},"west":{"uv":[10.75,9.5,11,10.25],"texture":"#1"},"up":{"uv":[12,9.75,11.75,9.5],"texture":"#1"},"down":{"uv":[12,10,11.75,10.25],"texture":"#1"}}},{"name":"head","from":[10,13.18853,16.79328],"to":[11,16.18853,17.79328],"rotation":{"angle":-22.5,"axis":"x","origin":[10.5,11.93853,13.54328]},"faces":{"north":{"uv":[8.75,11,9,11.75],"texture":"#1"},"east":{"uv":[9.25,11,9.5,11.75],"texture":"#1"},"south":{"uv":[9.75,11,10,11.75],"texture":"#1"},"west":{"uv":[10.25,11,10.5,11.75],"texture":"#1"},"up":{"uv":[12.25,0.75,12,0.5],"texture":"#1"},"down":{"uv":[12.25,1,12,1.25],"texture":"#1"}}},{"name":"head","from":[9.5,12.18853,14.04328],"to":[11.5,16.18853,16.04328],"rotation":{"angle":22.5,"axis":"x","origin":[10.5,11.93853,13.54328]},"faces":{"north":{"uv":[6,10,6.5,11],"texture":"#1"},"east":{"uv":[10,9.75,10.5,10.75],"texture":"#1"},"south":{"uv":[0,10.5,0.5,11.5],"texture":"#1"},"west":{"uv":[0.75,10.5,1.25,11.5],"texture":"#1"},"up":{"uv":[11.25,0.5,10.75,0],"texture":"#1"},"down":{"uv":[11.25,0.75,10.75,1.25],"texture":"#1"}}},{"name":"head","from":[9,10.57122,11.46716],"to":[12,13.57122,15.46716],"rotation":{"angle":-22.5,"axis":"x","origin":[11.5,12.32122,14.46716]},"faces":{"north":{"uv":[9.75,1,10.5,1.75],"texture":"#1"},"east":{"uv":[7,8.75,8,9.5],"texture":"#1"},"south":{"uv":[2,9.75,2.75,10.5],"texture":"#1"},"west":{"uv":[8.25,8.75,9.25,9.5],"texture":"#1"},"up":{"uv":[0.75,10.25,0,9.25],"texture":"#1"},"down":{"uv":[1.75,9.25,1,10.25],"texture":"#1"}}},{"name":"head","from":[7.5,14.28859,7.95083],"to":[8.5,17.28859,8.95083],"rotation":{"angle":45,"axis":"x","origin":[8,14.67875,9]},"faces":{"north":{"uv":[10.75,10.5,11,11.25],"texture":"#1"},"east":{"uv":[3,11,3.25,11.75],"texture":"#1"},"south":{"uv":[3.5,11,3.75,11.75],"texture":"#1"},"west":{"uv":[4,11,4.25,11.75],"texture":"#1"},"up":{"uv":[12,10.75,11.75,10.5],"texture":"#1"},"down":{"uv":[12,11,11.75,11.25],"texture":"#1"}}},{"name":"head","from":[7,11.50565,7.60355],"to":[9,15.50565,9.60355],"rotation":{"angle":0,"axis":"y","origin":[8,14.67875,9]},"faces":{"north":{"uv":[8.5,9.75,9,10.75],"texture":"#1"},"east":{"uv":[9.25,9.75,9.75,10.75],"texture":"#1"},"south":{"uv":[4.5,10,5,11],"texture":"#1"},"west":{"uv":[5.25,10,5.75,11],"texture":"#1"},"up":{"uv":[11,4,10.5,3.5],"texture":"#1"},"down":{"uv":[11,4.25,10.5,4.75],"texture":"#1"}}},{"name":"head","from":[7.5,15.22793,3.35983],"to":[8.5,16.22793,6.35983],"rotation":{"angle":-22.5,"axis":"x","origin":[8,15.17875,3.75]},"faces":{"north":{"uv":[11.75,11.5,12,11.75],"texture":"#1"},"east":{"uv":[10.75,1.5,11.5,1.75],"texture":"#1"},"south":{"uv":[12,0,12.25,0.25],"texture":"#1"},"west":{"uv":[6.75,11,7.5,11.25],"texture":"#1"},"up":{"uv":[8,11.75,7.75,11],"texture":"#1"},"down":{"uv":[8.5,11,8.25,11.75],"texture":"#1"}}},{"name":"head","from":[7,14.00565,2.35355],"to":[9,16.00565,4.35355],"rotation":{"angle":22.5,"axis":"x","origin":[8,15.17875,3.75]},"faces":{"north":{"uv":[10.5,5,11,5.5],"texture":"#1"},"east":{"uv":[10.5,5.75,11,6.25],"texture":"#1"},"south":{"uv":[10.5,6.5,11,7],"texture":"#1"},"west":{"uv":[10.5,7.25,11,7.75],"texture":"#1"},"up":{"uv":[11,8.5,10.5,8],"texture":"#1"},"down":{"uv":[11,8.75,10.5,9.25],"texture":"#1"}}},{"name":"head","from":[3.5,8,0],"to":[4.5,10,1],"rotation":{"angle":22.5,"axis":"x","origin":[8,12,5]},"faces":{"north":{"uv":[11.25,2,11.5,2.5],"texture":"#1"},"east":{"uv":[11.25,2.75,11.5,3.25],"texture":"#1"},"south":{"uv":[11.25,3.5,11.5,4],"texture":"#1"},"west":{"uv":[11.25,4.25,11.5,4.75],"texture":"#1"},"up":{"uv":[2.25,9.5,2,9.25],"texture":"#1"},"down":{"uv":[10,2,9.75,2.25],"texture":"#1"}}},{"name":"head","from":[11.5,8,0],"to":[12.5,10,1],"rotation":{"angle":22.5,"axis":"x","origin":[8,12,5]},"faces":{"north":{"uv":[4.5,11.25,4.75,11.75],"texture":"#1"},"east":{"uv":[5,11.25,5.25,11.75],"texture":"#1"},"south":{"uv":[11.25,5,11.5,5.5],"texture":"#1"},"west":{"uv":[5.5,11.25,5.75,11.75],"texture":"#1"},"up":{"uv":[11.5,11.25,11.25,11],"texture":"#1"},"down":{"uv":[11.75,0,11.5,0.25],"texture":"#1"}}},{"name":"head","from":[11.5,9,3],"to":[12.5,10,4],"rotation":{"angle":22.5,"axis":"x","origin":[8,12,5]},"faces":{"north":{"uv":[11.75,3.5,12,3.75],"texture":"#1"},"east":{"uv":[11.75,4,12,4.25],"texture":"#1"},"south":{"uv":[11.75,4.5,12,4.75],"texture":"#1"},"west":{"uv":[11.75,5,12,5.25],"texture":"#1"},"up":{"uv":[12,5.75,11.75,5.5],"texture":"#1"},"down":{"uv":[12,6,11.75,6.25],"texture":"#1"}}},{"name":"head","from":[11.5,6.06566,-2.9728],"to":[12.5,8.06566,-1.9728],"rotation":{"angle":-22.5,"axis":"x","origin":[8,12.06566,5.0272]},"faces":{"north":{"uv":[11.25,8,11.5,8.5],"texture":"#1"},"east":{"uv":[11.25,8.75,11.5,9.25],"texture":"#1"},"south":{"uv":[11.25,9.5,11.5,10],"texture":"#1"},"west":{"uv":[11.25,10.25,11.5,10.75],"texture":"#1"},"up":{"uv":[1.75,11.75,1.5,11.5],"texture":"#1"},"down":{"uv":[6.75,11.5,6.5,11.75],"texture":"#1"}}},{"name":"head","from":[3.5,6.06566,-2.9728],"to":[4.5,8.06566,-1.9728],"rotation":{"angle":-22.5,"axis":"x","origin":[8,12.06566,5.0272]},"faces":{"north":{"uv":[11.25,5.75,11.5,6.25],"texture":"#1"},"east":{"uv":[6,11.25,6.25,11.75],"texture":"#1"},"south":{"uv":[11.25,6.5,11.5,7],"texture":"#1"},"west":{"uv":[11.25,7.25,11.5,7.75],"texture":"#1"},"up":{"uv":[11.75,0.75,11.5,0.5],"texture":"#1"},"down":{"uv":[11.75,1,11.5,1.25],"texture":"#1"}}},{"name":"head","from":[11.5,6.06566,-0.9728],"to":[12.5,7.06566,0.0272],"rotation":{"angle":-22.5,"axis":"x","origin":[8,12.06566,5.0272]},"faces":{"north":{"uv":[11.75,1.5,12,1.75],"texture":"#1"},"east":{"uv":[2,11.75,2.25,12],"texture":"#1"},"south":{"uv":[11.75,2,12,2.25],"texture":"#1"},"west":{"uv":[2.5,11.75,2.75,12],"texture":"#1"},"up":{"uv":[12,2.75,11.75,2.5],"texture":"#1"},"down":{"uv":[12,3,11.75,3.25],"texture":"#1"}}},{"name":"head","from":[3.5,6.06566,-0.9728],"to":[4.5,7.06566,0.0272],"rotation":{"angle":-22.5,"axis":"x","origin":[8,12.06566,5.0272]},"faces":{"north":{"uv":[7,11.5,7.25,11.75],"texture":"#1"},"east":{"uv":[10.75,11.5,11,11.75],"texture":"#1"},"south":{"uv":[11.25,11.5,11.5,11.75],"texture":"#1"},"west":{"uv":[0,11.75,0.25,12],"texture":"#1"},"up":{"uv":[0.75,12,0.5,11.75],"texture":"#1"},"down":{"uv":[1.25,11.75,1,12],"texture":"#1"}}}],"gui_light":"front","display":{"thirdperson_righthand":{"translation":[0,-1.75,0]},"thirdperson_lefthand":{"translation":[0,-1.75,0]},"gui":{"rotation":[30,-135,0],"translation":[0,-0.5,0],"scale":[0.7,0.7,0.7]},"head":{"translation":[0,-0.5,0],"scale":[1.6,1.6,1.6]}}}