{"credit":"MadewithBlockbench","textures":{"0":"decorations:survival_logo","particle":"decorations:survival_logo"},"elements":[{"from":[-16,0,9],"to":[32,32,9],"rotation":{"angle":0,"axis":"y","origin":[8,16,9]},"faces":{"north":{"uv":[0.75,3.625,0.75,3],"texture":"#0"},"east":{"uv":[0.75,0.5,15.375,2.75],"texture":"#0"},"south":{"uv":[8.625,0.25,15.25,3],"texture":"#0","tintindex":0},"west":{"uv":[0.75,0.5,15.375,2.75],"texture":"#0"},"up":{"uv":[0.75,0.5,15.375,2.75],"texture":"#0"},"down":{"uv":[0.75,0.5,15.375,2.75],"texture":"#0"}}},{"from":[-16,0,8.9],"to":[32,32,8.9],"rotation":{"angle":0,"axis":"y","origin":[8,16,8.9]},"faces":{"north":{"uv":[0.75,0.25,8.625,3],"texture":"#0","tintindex":0},"east":{"uv":[0.75,0.5,15.375,2.75],"texture":"#0"},"south":{"uv":[0.75,0.5,0,1.125],"texture":"#0"},"west":{"uv":[0.75,0.5,15.375,2.75],"texture":"#0"},"up":{"uv":[0.75,0.5,15.375,2.75],"texture":"#0"},"down":{"uv":[0.75,0.5,15.375,2.75],"texture":"#0"}}}],"display":{"thirdperson_righthand":{"scale":[0.2,0.2,0.2]},"thirdperson_lefthand":{"scale":[0.2,0.2,0.2]},"firstperson_righthand":{"scale":[0.2,0.2,0.2]},"firstperson_lefthand":{"scale":[0.2,0.2,0.2]},"ground":{"scale":[0.2,0.2,0.2]},"gui":{"translation":[0,-3.75,0],"scale":[0.32422,0.43164,1]},"fixed":{"rotation":[-10,0,0],"translation":[0,-10.75,-5],"scale":[4,4,4]}}}