{"credit":"MadewithBlockbench","textures":{"0":"customwings:item/383","particle":"customwings:item/383"},"elements":[{"from":[8,0.01,0],"to":[24,16.01,0.01],"rotation":{"angle":-22.5,"axis":"y","origin":[8,8,0]},"faces":{"north":{"uv":[16,0,0,16],"texture":"#0"},"east":{"uv":[0,0,0,16],"texture":"#0"},"south":{"uv":[0,0,16,16],"texture":"#0"},"west":{"uv":[0,0,0,16],"texture":"#0"},"up":{"uv":[0,0,16,0],"texture":"#0"},"down":{"uv":[0,0,16,0],"texture":"#0"}}},{"from":[-8,0.01,0],"to":[8,16.01,0.01],"rotation":{"angle":22.5,"axis":"y","origin":[8,8,0]},"faces":{"north":{"uv":[0,0,16,16],"texture":"#0"},"east":{"uv":[0,0,0,16],"texture":"#0"},"south":{"uv":[16,0,0,16],"texture":"#0"},"west":{"uv":[0,0,0,16],"texture":"#0"},"up":{"uv":[16,0,0,0],"texture":"#0"},"down":{"uv":[16,0,0,0],"texture":"#0"}}}],"gui_light":"front","display":{"thirdperson_righthand":{"rotation":[89,0,0],"translation":[0,-0.75,2.25],"scale":[0.3,0.3,0.3]},"thirdperson_lefthand":{"rotation":[67.5,0,0],"translation":[-6,-20.5,23.25],"scale":[2.5,2.5,2.5]},"firstperson_righthand":{"translation":[4,0,-1.75],"scale":[0.3,0.3,0.3]},"firstperson_lefthand":{"translation":[4,-10.25,-1.75],"scale":[0,0,0]},"ground":{"translation":[0.5,2.5,2.25],"scale":[0.5,0.5,0.5]},"gui":{"scale":[0.55,0.55,0.55]},"head":{"translation":[0,-1.25,22.5],"scale":[2.5,2.5,2.5]}}}