{"texture_size":[64,64],"textures":{"2":"adventurer_warhammers:item/cleric_warhammer"},"elements":[{"from":[7.02,-8.88,7.02],"to":[8.98,16.08,8.98],"rotation":{"angle":0,"axis":"y","origin":[8,26.6,7.5]},"faces":{"north":{"uv":[9.25,8,9.75,14.25],"texture":"#2"},"east":{"uv":[9.25,8,9.5,14.25],"texture":"#2"},"south":{"uv":[9.75,8,9.25,14.25],"texture":"#2"},"west":{"uv":[9.5,8,9.75,14.25],"texture":"#2"}}},{"from":[1.5,20.85,5],"to":[14.5,26.85,11],"rotation":{"angle":0,"axis":"y","origin":[8,23.85,8]},"faces":{"north":{"uv":[8,5.25,11.25,6.75],"texture":"#2"},"east":{"uv":[6.5,5.25,8,6.75],"texture":"#2"},"south":{"uv":[11.25,5.25,8,6.75],"texture":"#2"},"west":{"uv":[11.25,5.25,12.75,6.75],"texture":"#2"},"down":{"uv":[11.25,6.5,8,6.75],"texture":"#2"}}},{"from":[3.89645,21.72538,5.02],"to":[13.10645,30.93538,10.98],"rotation":{"angle":45,"axis":"z","origin":[7.62645,25.95538,8.02]},"faces":{"north":{"uv":[8.5,3,10.75,5.25],"texture":"#2"},"east":{"uv":[7,3,8.5,5.25],"texture":"#2"},"south":{"uv":[10.75,3,8.5,5.25],"texture":"#2"},"up":{"uv":[10.75,3,8.5,1.5],"texture":"#2"}}},{"from":[5.5,17.85,6.5],"to":[10.5,20.85,9.5],"rotation":{"angle":0,"axis":"y","origin":[7.5,19.35,8]},"faces":{"north":{"uv":[9,6.75,10.25,7.5],"texture":"#2"},"south":{"uv":[10.25,6.75,9,7.5],"texture":"#2"},"down":{"uv":[9,7.25,10.25,7.5],"texture":"#2"}}},{"from":[2.31289,19.17014,6.52],"to":[7.27289,22.13014,9.48],"rotation":{"angle":-45,"axis":"z","origin":[4.79289,20.65014,7.98]},"faces":{"north":{"uv":[10.25,6.75,11.5,7.5],"texture":"#2"},"south":{"uv":[11.5,6.75,10.25,7.5],"texture":"#2"},"down":{"uv":[11.5,7.25,10.25,7.5],"texture":"#2"}}},{"from":[8.72711,19.17014,6.52],"to":[13.68711,22.13014,9.48],"rotation":{"angle":45,"axis":"z","origin":[11.20711,20.65014,7.98]},"faces":{"north":{"uv":[7.75,6.75,9,7.5],"texture":"#2"},"south":{"uv":[9,6.75,7.75,7.5],"texture":"#2"},"down":{"uv":[9,7.25,7.75,7.5],"texture":"#2"}}},{"from":[6.5,-11.9,6.5],"to":[9.5,-8.9,9.5],"rotation":{"angle":0,"axis":"y","origin":[8,23.6,7.5]},"faces":{"north":{"uv":[9,14.25,9.75,15],"texture":"#2"},"east":{"uv":[9,14.25,9.75,15],"texture":"#2"},"south":{"uv":[9,14.25,9.75,15],"texture":"#2"},"west":{"uv":[9,14.25,9.75,15],"texture":"#2"},"up":{"uv":[9,14.25,9.75,14.5],"texture":"#2"},"down":{"uv":[9,15,9.75,15.75],"texture":"#2"}}},{"from":[6.5,11.1,6.5],"to":[9.5,13.1,9.5],"rotation":{"angle":0,"axis":"y","origin":[8,45.85,7.5]},"faces":{"north":{"uv":[9.25,8.75,10,9.25],"texture":"#2"},"east":{"uv":[9.25,8.75,9.5,9.25],"texture":"#2"},"south":{"uv":[10,8.75,9.25,9.25],"texture":"#2"},"west":{"uv":[9.75,8.75,10,9.25],"texture":"#2"},"up":{"uv":[10,8.75,9.25,9],"texture":"#2"},"down":{"uv":[10,9,9.25,9.25],"texture":"#2"}}},{"from":[6.5,15.85,6.5],"to":[9.5,17.85,9.5],"rotation":{"angle":0,"axis":"y","origin":[8,50.6,7.5]},"faces":{"north":{"uv":[9.25,7.5,10,8],"texture":"#2"},"east":{"uv":[9.25,7.5,9.5,8],"texture":"#2"},"south":{"uv":[10,7.5,9.25,8],"texture":"#2"},"west":{"uv":[9.75,7.5,10,8],"texture":"#2"},"down":{"uv":[10,7.75,9.25,8],"texture":"#2"}}},{"from":[7,-11.9,5.5],"to":[9,-9.9,7.5],"rotation":{"angle":-45,"axis":"x","origin":[8,-10.4,6]},"faces":{"north":{"uv":[7.75,8.75,8.25,9.25],"texture":"#2"},"east":{"uv":[7.25,8.75,7.75,9.25],"texture":"#2"},"west":{"uv":[8.25,8.75,8.75,9.25],"texture":"#2"},"up":{"uv":[7.75,8.25,8.25,8.75],"texture":"#2"}}},{"from":[7,-11.9,8.5],"to":[9,-9.9,10.5],"rotation":{"angle":45,"axis":"x","origin":[8,-10.4,10]},"faces":{"east":{"uv":[7.75,8.75,7.25,9.25],"texture":"#2"},"south":{"uv":[8.25,8.75,7.75,9.25],"texture":"#2"},"west":{"uv":[8.75,8.75,8.25,9.25],"texture":"#2"},"up":{"uv":[7.75,8.75,8.25,8.25],"texture":"#2"}}},{"from":[7,-11.9,8.5],"to":[9,-9.9,10.5],"rotation":{"angle":45,"axis":"x","origin":[8,-10.4,10]},"faces":{"north":{"uv":[4.5,4.75,5,5.25],"texture":"#2"}}},{"from":[5.47868,-10.80442,7.1],"to":[9.27868,-7.00442,8.9],"rotation":{"angle":-45,"axis":"z","origin":[5.87868,-10.40442,8.3]},"faces":{"north":{"uv":[7.75,9.75,8.75,10.75],"texture":"#2"},"east":{"uv":[7.75,9.75,8,10.75],"texture":"#2"},"south":{"uv":[8.75,9.75,7.75,10.75],"texture":"#2"},"west":{"uv":[8.5,9.75,8.75,10.75],"texture":"#2"},"up":{"uv":[8.75,9.75,7.75,10],"texture":"#2"},"down":{"uv":[8.75,10.5,7.75,10.75],"texture":"#2"}}}],"gui_light":"front","display":{"thirdperson_righthand":{"rotation":[-10,-90,0],"translation":[0,-1.5,2],"scale":[0.8,0.8,0.8]},"thirdperson_lefthand":{"rotation":[-10,90,0],"translation":[0,-1.5,2],"scale":[0.8,0.8,0.8]},"firstperson_righthand":{"rotation":[21,-90,0],"translation":[4,-4.75,-2.5],"scale":[0.6,0.6,0.6]},"firstperson_lefthand":{"rotation":[21,90,0],"translation":[4,-4.75,-2.5],"scale":[0.6,0.6,0.6]},"ground":{"rotation":[0,0,-45],"translation":[0,4,0],"scale":[0.35,0.35,0.35]},"gui":{"rotation":[0,0,-45],"translation":[-0.75,-0.75,0],"scale":[0.475,0.475,0.475]},"head":{"rotation":[-45,-90,0],"translation":[0.25,7,-2.75],"scale":[0.6,0.6,0.6]},"fixed":{"rotation":[0,-180,-45],"translation":[0.75,-0.75,0],"scale":[0.475,0.475,0.475]}},"groups":[{"name":"sword","origin":[8,8,8],"color":0,"children":[{"name":"pommel","origin":[8,8,8],"color":0,"children":[]},{"name":"grip","origin":[8,8,8],"color":0,"children":[0,1,2,3,4,5,6,7,8,9,10,11,12]},{"name":"guard","origin":[8,8,8],"color":0,"children":[{"name":"cross-guard","origin":[8,8,8],"color":0,"children":[]},{"name":"rain-guard","origin":[8,8,8],"color":0,"children":[]}]},{"name":"blade","origin":[8,8,8],"color":0,"children":[]}]}]}