{"texture_size":[64,64],"textures":{"1":"adventurer_warhammers:item/dragon_headed_warhammer"},"elements":[{"from":[7.02,-5.98,7.02],"to":[8.98,10.98,8.98],"rotation":{"angle":0,"axis":"y","origin":[8,26.5,7.5]},"faces":{"north":{"uv":[13.75,10,13.25,14.25],"texture":"#1"},"east":{"uv":[13.5,10,13.75,14.25],"texture":"#1"},"south":{"uv":[13.25,10,13.75,14.25],"texture":"#1"},"west":{"uv":[13.25,10,13.5,14.25],"texture":"#1"}}},{"from":[3,20.65,4.5],"to":[13,28.65,11.5],"rotation":{"angle":0,"axis":"y","origin":[8,23.65,8]},"faces":{"north":{"uv":[14.75,5.5,12.25,7.5],"texture":"#1"},"east":{"uv":[15.75,8,14,10],"texture":"#1"},"south":{"uv":[12.25,5.5,14.75,7.5],"texture":"#1"},"west":{"uv":[14,8,15.75,10],"texture":"#1"},"up":{"uv":[14.75,5.5,12.25,3.75],"texture":"#1"},"down":{"uv":[13.25,12,10.75,13.75],"texture":"#1"}}},{"from":[6,24.65,3.5],"to":[10,28.65,12.5],"rotation":{"angle":-45,"axis":"z","origin":[8,26.65,8]},"faces":{"north":{"uv":[14,2.75,13,3.75],"texture":"#1"},"east":{"uv":[13.75,2.75,14,3.75],"texture":"#1"},"south":{"uv":[13,2.75,14,3.75],"texture":"#1"},"west":{"uv":[13,2.75,13.25,3.75],"texture":"#1"},"up":{"uv":[13,2.75,14,3],"texture":"#1"},"down":{"uv":[13,3.5,14,3.75],"texture":"#1"}}},{"from":[13,28.61,4.48],"to":[16.04,28.65,11.52],"rotation":{"angle":0,"axis":"y","origin":[20.02,23.63,7.98]},"faces":{"up":{"uv":[14.75,5.5,15.5,3.75],"texture":"#1"},"down":{"uv":[14.75,5.5,15.5,3.75],"texture":"#1"}}},{"from":[13,20.65,4.48],"to":[16.04,20.69,11.52],"rotation":{"angle":0,"axis":"y","origin":[20.02,15.67,8]},"faces":{"up":{"uv":[11.25,10.25,12,12],"texture":"#1"},"down":{"uv":[11.25,10.25,12,12],"texture":"#1"}}},{"from":[16,24.61,4.48],"to":[16.04,28.65,11.52],"rotation":{"angle":0,"axis":"y","origin":[20.02,23.63,7.98]},"faces":{"east":{"uv":[9.75,5.5,11.5,6.5],"texture":"#1"},"west":{"uv":[9.75,5.5,11.5,6.5],"texture":"#1"}}},{"from":[16,20.65,4.48],"to":[16.04,22.69,11.52],"rotation":{"angle":0,"axis":"y","origin":[20.02,18.67,7.98]},"faces":{"east":{"uv":[9.75,7,11.5,7.5],"texture":"#1"},"west":{"uv":[9.75,7,11.5,7.5],"texture":"#1"}}},{"from":[13,24.61,11.46],"to":[16.04,28.65,11.5],"rotation":{"angle":0,"axis":"y","origin":[20.02,23.63,7.98]},"faces":{"north":{"uv":[15.5,5.5,14.75,6.5],"texture":"#1"},"south":{"uv":[14.75,5.5,15.5,6.5],"texture":"#1"}}},{"from":[13,20.65,11.46],"to":[16.04,22.69,11.5],"rotation":{"angle":0,"axis":"y","origin":[20.02,18.67,7.98]},"faces":{"north":{"uv":[14.75,7,15.5,7.5],"texture":"#1"},"south":{"uv":[14.75,7,15.5,7.5],"texture":"#1"}}},{"from":[13,24.61,4.5],"to":[16.04,28.65,4.54],"rotation":{"angle":0,"axis":"y","origin":[20.02,23.63,1.02]},"faces":{"north":{"uv":[15.5,5.5,14.75,6.5],"texture":"#1"},"south":{"uv":[14.75,5.5,15.5,6.5],"texture":"#1"}}},{"from":[13,20.65,4.5],"to":[16.04,22.69,4.54],"rotation":{"angle":0,"axis":"y","origin":[20.02,18.67,1.02]},"faces":{"north":{"uv":[14.75,7,15.5,7.5],"texture":"#1"},"south":{"uv":[14.75,7,15.5,7.5],"texture":"#1"}}},{"from":[6.5,-11.9,6.5],"to":[9.5,-9.9,9.5],"rotation":{"angle":0,"axis":"y","origin":[8,23.6,7.5]},"faces":{"north":{"uv":[13,15.25,13.75,15.75],"texture":"#1"},"east":{"uv":[13,15.25,13.75,15.75],"texture":"#1"},"south":{"uv":[13,15.25,13.75,15.75],"texture":"#1"},"west":{"uv":[13,15.25,13.75,15.75],"texture":"#1"},"down":{"uv":[13,15,12.25,15.75],"texture":"#1"}}},{"from":[6.5,-8,6.5],"to":[9.5,-6,9.5],"rotation":{"angle":0,"axis":"y","origin":[8,27.5,7.5]},"faces":{"north":{"uv":[13,14.25,13.75,14.75],"texture":"#1"},"east":{"uv":[13,14.25,13.75,14.75],"texture":"#1"},"south":{"uv":[13,14.25,13.75,14.75],"texture":"#1"},"west":{"uv":[13,14.25,13.75,14.75],"texture":"#1"},"up":{"uv":[13,14.75,12.25,14],"texture":"#1"}}},{"from":[6.5,12.9,6.5],"to":[9.5,18.9,9.5],"rotation":{"angle":0,"axis":"y","origin":[8,11.9,8]},"faces":{"north":{"uv":[13,8,13.75,9.5],"texture":"#1"},"east":{"uv":[13,8,13.75,9.5],"texture":"#1"},"south":{"uv":[13,8,13.75,9.5],"texture":"#1"},"west":{"uv":[13,8,13.75,9.5],"texture":"#1"}}},{"from":[6,18.65,6],"to":[10,20.65,10],"rotation":{"angle":0,"axis":"y","origin":[8,53.4,7.5]},"faces":{"north":{"uv":[13,7.5,14,8],"texture":"#1"},"east":{"uv":[13,7.5,14,8],"texture":"#1"},"south":{"uv":[13,7.5,14,8],"texture":"#1"},"west":{"uv":[13,7.5,14,8],"texture":"#1"},"down":{"uv":[13,9,12,10],"texture":"#1"}}},{"from":[6,10.9,6],"to":[10,12.9,10],"rotation":{"angle":0,"axis":"y","origin":[8,45.65,7.5]},"faces":{"north":{"uv":[13,9.5,14,10],"texture":"#1"},"east":{"uv":[13,9.5,14,10],"texture":"#1"},"south":{"uv":[13,9.5,14,10],"texture":"#1"},"west":{"uv":[13,9.5,14,10],"texture":"#1"},"up":{"uv":[13,11,12,10],"texture":"#1"},"down":{"uv":[13,11,12,12],"texture":"#1"}}},{"from":[6,-10,6],"to":[10,-8,10],"rotation":{"angle":0,"axis":"y","origin":[8,24.75,7.5]},"faces":{"north":{"uv":[13,14.75,14,15.25],"texture":"#1"},"east":{"uv":[13,14.75,14,15.25],"texture":"#1"},"south":{"uv":[13,14.75,14,15.25],"texture":"#1"},"west":{"uv":[13,14.75,14,15.25],"texture":"#1"},"up":{"uv":[14.75,14.75,13.75,13.75],"texture":"#1"},"down":{"uv":[14.75,14.75,13.75,13.75],"texture":"#1"}}},{"from":[13.98,18.63,7.98],"to":[16.02,20.67,8.02],"rotation":{"angle":0,"axis":"y","origin":[12,53.4,7.5]},"faces":{"north":{"uv":[15.5,7.5,15,8],"texture":"#1"},"south":{"uv":[15,7.5,15.5,8],"texture":"#1"}}},{"from":[-0.04,28.61,4.48],"to":[3,28.65,11.52],"rotation":{"angle":0,"axis":"y","origin":[-4.02,23.63,7.98]},"faces":{"up":{"uv":[11.5,5.5,12.25,3.75],"texture":"#1"},"down":{"uv":[11.5,5.5,12.25,3.75],"texture":"#1"}}},{"from":[-0.04,24.61,11.46],"to":[3,28.65,11.5],"rotation":{"angle":0,"axis":"y","origin":[-4.02,23.63,7.98]},"faces":{"north":{"uv":[12.25,5.5,11.5,6.5],"texture":"#1"},"south":{"uv":[11.5,5.5,12.25,6.5],"texture":"#1"}}},{"from":[-0.04,24.61,4.5],"to":[3,28.65,4.54],"rotation":{"angle":0,"axis":"y","origin":[-4.02,23.63,1.02]},"faces":{"north":{"uv":[12.25,5.5,11.5,6.5],"texture":"#1"},"south":{"uv":[11.5,5.5,12.25,6.5],"texture":"#1"}}},{"from":[-0.04,24.61,4.48],"to":[0,28.65,11.52],"rotation":{"angle":0,"axis":"y","origin":[-4.02,23.63,7.98]},"faces":{"east":{"uv":[9.75,5.5,11.5,6.5],"texture":"#1"},"west":{"uv":[9.75,5.5,11.5,6.5],"texture":"#1"}}},{"from":[-0.04,20.65,11.46],"to":[3,22.69,11.5],"rotation":{"angle":0,"axis":"y","origin":[-4.02,18.67,7.98]},"faces":{"north":{"uv":[11.5,7,12.25,7.5],"texture":"#1"},"south":{"uv":[11.5,7,12.25,7.5],"texture":"#1"}}},{"from":[-0.04,20.65,4.48],"to":[0,22.69,11.52],"rotation":{"angle":0,"axis":"y","origin":[-4.02,18.67,7.98]},"faces":{"east":{"uv":[9.75,7,11.5,7.5],"texture":"#1"},"west":{"uv":[9.75,7,11.5,7.5],"texture":"#1"}}},{"from":[-0.04,20.65,4.5],"to":[3,22.69,4.54],"rotation":{"angle":0,"axis":"y","origin":[-4.02,18.67,1.02]},"faces":{"north":{"uv":[11.5,7,12.25,7.5],"texture":"#1"},"south":{"uv":[11.5,7,12.25,7.5],"texture":"#1"}}},{"from":[-0.04,20.65,4.48],"to":[3,20.69,11.52],"rotation":{"angle":0,"axis":"y","origin":[-4.02,15.67,8]},"faces":{"up":{"uv":[12,10.25,11.25,12],"texture":"#1"},"down":{"uv":[12,10.25,11.25,12],"texture":"#1"}}},{"from":[-0.02,18.63,7.98],"to":[2.02,20.67,8.02],"rotation":{"angle":0,"axis":"y","origin":[4,53.4,7.5]},"faces":{"north":{"uv":[12,7.5,11.5,8],"texture":"#1"},"south":{"uv":[11.5,7.5,12,8],"texture":"#1"}}},{"from":[2.5,27.9,11],"to":[6.5,28.9,12],"rotation":{"angle":22.5,"axis":"z","origin":[4.5,28.4,11.5]},"faces":{"north":{"uv":[12,8.75,13,9],"texture":"#1"},"east":{"uv":[12.75,8.75,13,9],"texture":"#1"},"south":{"uv":[12,8.75,13,9],"texture":"#1"},"west":{"uv":[12,8.75,12.25,9],"texture":"#1"},"up":{"uv":[12,8.75,13,9],"texture":"#1"},"down":{"uv":[12,8.75,13,9],"texture":"#1"}}},{"from":[2.5,27.9,4],"to":[6.5,28.9,5],"rotation":{"angle":22.5,"axis":"z","origin":[4.5,28.4,4.5]},"faces":{"north":{"uv":[12,8.75,13,9],"texture":"#1"},"east":{"uv":[12.75,8.75,13,9],"texture":"#1"},"south":{"uv":[12,8.75,13,9],"texture":"#1"},"west":{"uv":[12,8.75,12.25,9],"texture":"#1"},"up":{"uv":[12,8.75,13,9],"texture":"#1"},"down":{"uv":[12,8.75,13,9],"texture":"#1"}}},{"from":[9.5,27.9,11],"to":[13.5,28.9,12],"rotation":{"angle":-22.5,"axis":"z","origin":[11.5,28.4,11.5]},"faces":{"north":{"uv":[13,8.75,12,9],"texture":"#1"},"east":{"uv":[12.25,8.75,12,9],"texture":"#1"},"south":{"uv":[13,8.75,12,9],"texture":"#1"},"west":{"uv":[13,8.75,12.75,9],"texture":"#1"},"up":{"uv":[13,8.75,12,9],"texture":"#1"},"down":{"uv":[13,8.75,12,9],"texture":"#1"}}},{"from":[9.5,27.9,4],"to":[13.5,28.9,5],"rotation":{"angle":-22.5,"axis":"z","origin":[11.5,28.4,4.5]},"faces":{"north":{"uv":[13,8.75,12,9],"texture":"#1"},"east":{"uv":[12.25,8.75,12,9],"texture":"#1"},"south":{"uv":[13,8.75,12,9],"texture":"#1"},"west":{"uv":[13,8.75,12.75,9],"texture":"#1"},"up":{"uv":[13,8.75,12,9],"texture":"#1"},"down":{"uv":[13,8.75,12,9],"texture":"#1"}}}],"gui_light":"front","display":{"thirdperson_righthand":{"rotation":[-10,-90,0],"translation":[0,-1.5,2],"scale":[0.8,0.8,0.8]},"thirdperson_lefthand":{"rotation":[-10,90,0],"translation":[0,-1.5,2],"scale":[0.8,0.8,0.8]},"firstperson_righthand":{"rotation":[21,-90,0],"translation":[4,-4.75,-2.5],"scale":[0.6,0.6,0.6]},"firstperson_lefthand":{"rotation":[21,90,0],"translation":[4,-4.75,-2.5],"scale":[0.6,0.6,0.6]},"ground":{"rotation":[0,0,-45],"translation":[0,4,0],"scale":[0.35,0.35,0.35]},"gui":{"rotation":[0,0,-45],"translation":[-1.25,-1.25,0],"scale":[0.45,0.45,0.45]},"head":{"rotation":[-45,-90,0],"translation":[0.25,7,-2.75],"scale":[0.6,0.6,0.6]},"fixed":{"rotation":[0,-180,-45],"translation":[1.25,-1,0],"scale":[0.45,0.45,0.45]}},"groups":[{"name":"sword","origin":[8,8,8],"color":0,"children":[{"name":"pommel","origin":[8,8,8],"color":0,"children":[]},{"name":"grip","origin":[8,8,8],"color":0,"children":[0,1,2,3,4,5,6,7,8,9,10,11,12,13,14,15,16,17,18,19,20,21,22,23,24,25,26,27,28,29,30]},{"name":"guard","origin":[8,8,8],"color":0,"children":[{"name":"cross-guard","origin":[8,8,8],"color":0,"children":[]},{"name":"rain-guard","origin":[8,8,8],"color":0,"children":[]}]},{"name":"blade","origin":[8,8,8],"color":0,"children":[]}]}]}