{"texture_size":[64,64],"textures":{"1":"adventurer_warhammers:item/royal_warhammer"},"elements":[{"from":[7.02,-11.88,7.02],"to":[8.98,29.08,8.98],"rotation":{"angle":0,"axis":"y","origin":[8,26.6,7.5]},"faces":{"north":{"uv":[3.5,0.75,4,11],"texture":"#1"},"east":{"uv":[3.5,0.75,3.75,11],"texture":"#1"},"south":{"uv":[4,0.75,3.5,11],"texture":"#1"},"west":{"uv":[3.75,0.75,4,11],"texture":"#1"}}},{"from":[5.5,22.6,7],"to":[6.5,24.6,9],"rotation":{"angle":0,"axis":"y","origin":[5.5,30.6,7.5]},"faces":{"north":{"uv":[4.25,2,4.5,2.5],"texture":"#1"},"east":{"uv":[4.25,2,4.5,2.5],"texture":"#1"},"south":{"uv":[4.5,2,4.25,2.5],"texture":"#1"},"west":{"uv":[4.25,2,4.5,2.5],"texture":"#1"},"up":{"uv":[4.25,2,4.5,2.25],"texture":"#1"},"down":{"uv":[4.25,2.25,4.5,2.5],"texture":"#1"}}},{"from":[9.5,22.6,7],"to":[10.5,24.6,9],"rotation":{"angle":0,"axis":"y","origin":[9.5,30.6,7.5]},"faces":{"north":{"uv":[3.25,2,3.5,2.5],"texture":"#1"},"east":{"uv":[3.25,2,3.5,2.5],"texture":"#1"},"south":{"uv":[3.25,2,3.5,2.5],"texture":"#1"},"west":{"uv":[3.25,2,3.5,2.5],"texture":"#1"},"up":{"uv":[3.25,2,3.5,2.25],"texture":"#1"},"down":{"uv":[3.25,2.25,3.5,2.5],"texture":"#1"}}},{"from":[10.5,21.6,7],"to":[11.5,25.6,9],"rotation":{"angle":0,"axis":"y","origin":[10.5,30.6,7.5]},"faces":{"north":{"uv":[3,1.75,3.25,2.75],"texture":"#1"},"south":{"uv":[3,1.75,3.25,2.75],"texture":"#1"},"west":{"uv":[3,1.75,3.25,2.75],"texture":"#1"},"up":{"uv":[3.25,1.75,3,2],"texture":"#1"},"down":{"uv":[3.25,2.5,3,2.75],"texture":"#1"}}},{"from":[10.21711,21.65439,7.01],"to":[13.04553,24.48282,8.99],"rotation":{"angle":-45,"axis":"z","origin":[12.20711,23.49282,7.99]},"faces":{"north":{"uv":[2.25,1.75,3,2.5],"texture":"#1"},"east":{"uv":[2.25,1.75,2.5,2.5],"texture":"#1"},"south":{"uv":[3,1.75,2.25,2.5],"texture":"#1"},"west":{"uv":[2.75,1.75,3,2.5],"texture":"#1"},"up":{"uv":[3,1.75,2.25,2],"texture":"#1"},"down":{"uv":[3,2.25,2.25,2.5],"texture":"#1"}}},{"from":[1.5,21.1,6],"to":[5.5,26.1,10],"rotation":{"angle":0,"axis":"y","origin":[4.5,30.6,7.5]},"faces":{"north":{"uv":[4.5,1.5,5.5,2.75],"texture":"#1"},"east":{"uv":[5.5,1.5,5.75,2.75],"texture":"#1"},"south":{"uv":[5.5,1.5,4.5,2.75],"texture":"#1"},"west":{"uv":[5.75,1.5,6.75,2.75],"texture":"#1"},"up":{"uv":[5.5,1.5,4.5,1.75],"texture":"#1"},"down":{"uv":[5.5,2.5,4.5,2.75],"texture":"#1"}}},{"from":[6.5,20.1,6.5],"to":[9.5,27.1,9.5],"rotation":{"angle":0,"axis":"y","origin":[8,28.6,7.5]},"faces":{"north":{"uv":[3.5,1.25,4.25,3],"texture":"#1"},"east":{"uv":[3.5,1.25,3.75,3],"texture":"#1"},"south":{"uv":[4.25,1.25,3.5,3],"texture":"#1"},"west":{"uv":[4,1.25,4.25,3],"texture":"#1"},"up":{"uv":[4.25,1.25,3.5,1.5],"texture":"#1"},"down":{"uv":[4.25,2.75,3.5,3],"texture":"#1"}}},{"from":[6.5,-10.9,6.5],"to":[9.5,-8.9,9.5],"rotation":{"angle":0,"axis":"y","origin":[8,23.6,7.5]},"faces":{"north":{"uv":[3.5,10.25,4.25,10.75],"texture":"#1"},"east":{"uv":[3.5,10.25,3.75,10.75],"texture":"#1"},"south":{"uv":[4.25,10.25,3.5,10.75],"texture":"#1"},"west":{"uv":[4,10.25,4.25,10.75],"texture":"#1"},"up":{"uv":[4.25,10.25,3.5,10.5],"texture":"#1"},"down":{"uv":[4.25,10.5,3.5,10.75],"texture":"#1"}}},{"from":[8,-12.4,7],"to":[10,-10.4,9],"rotation":{"angle":-45,"axis":"z","origin":[8,-10.4,8]},"faces":{"north":{"uv":[3.5,10.75,4,11.25],"texture":"#1"},"east":{"uv":[3.5,10.75,3.75,11.25],"texture":"#1"},"south":{"uv":[4,10.75,3.5,11.25],"texture":"#1"},"west":{"uv":[3.75,10.75,4,11.25],"texture":"#1"},"up":{"uv":[4,10.75,3.5,11],"texture":"#1"},"down":{"uv":[4,11,3.5,11.25],"texture":"#1"}}},{"from":[7.49,27.9896,6.99],"to":[9.51,30.0096,9.01],"rotation":{"angle":-45,"axis":"z","origin":[8,29.4996,8.02]},"faces":{"north":{"uv":[3.5,0.25,4,0.75],"texture":"#1"},"east":{"uv":[3.25,0.25,3.5,0.75],"texture":"#1"},"south":{"uv":[4,0.25,3.5,0.75],"texture":"#1"},"west":{"uv":[3.75,0.25,4,0.75],"texture":"#1"},"up":{"uv":[4,0.25,3.5,0.5],"texture":"#1"},"down":{"uv":[4.5,0.5,4,0.75],"texture":"#1"}}}],"gui_light":"front","display":{"thirdperson_righthand":{"rotation":[-10,-90,0],"translation":[0,-1.5,2],"scale":[0.8,0.8,0.8]},"thirdperson_lefthand":{"rotation":[-10,90,0],"translation":[0,-1.5,2],"scale":[0.8,0.8,0.8]},"firstperson_righthand":{"rotation":[21,-90,0],"translation":[4,-4.75,-2.5],"scale":[0.6,0.6,0.6]},"firstperson_lefthand":{"rotation":[21,90,0],"translation":[4,-4.75,-2.5],"scale":[0.6,0.6,0.6]},"ground":{"rotation":[0,0,-45],"translation":[0,4,0],"scale":[0.35,0.35,0.35]},"gui":{"rotation":[0,0,-45],"translation":[-0.25,-0.5,0],"scale":[0.5,0.5,0.5]},"head":{"rotation":[-45,-90,0],"translation":[0.25,7,-2.75],"scale":[0.6,0.6,0.6]},"fixed":{"rotation":[0,-180,-45],"translation":[0.25,-0.75,0],"scale":[0.5,0.5,0.5]}},"groups":[{"name":"sword","origin":[8,8,8],"color":0,"children":[{"name":"pommel","origin":[8,8,8],"color":0,"children":[]},{"name":"grip","origin":[8,8,8],"color":0,"children":[0,1,2,3,4,5,6,7,8]},{"name":"guard","origin":[8,8,8],"color":0,"children":[{"name":"cross-guard","origin":[8,8,8],"color":0,"children":[]},{"name":"rain-guard","origin":[8,8,8],"color":0,"children":[]}]},{"name":"blade","origin":[8,8,8],"color":0,"children":[9]}]}]}