{"credit":"MadewithBlockbench","texture_size":[128,128],"textures":{"0":"chuanqi:chuanqi_set/frozen_crimson_axe","particle":"chuanqi:chuanqi_set/frozen_crimson_axe"},"elements":[{"from":[7,-8.94444,6.5],"to":[9,16.05556,9.5],"rotation":{"angle":0,"axis":"y","origin":[7,-3.94444,6.5]},"faces":{"north":{"uv":[1,3.75,1.25,6.875],"texture":"#0"},"east":{"uv":[0,3.75,0.375,6.875],"texture":"#0"},"south":{"uv":[1.375,3.75,1.625,6.875],"texture":"#0"},"west":{"uv":[0.5,3.75,0.875,6.875],"texture":"#0"},"up":{"uv":[4.25,5.25,4,4.875],"texture":"#0"},"down":{"uv":[6.75,3.375,6.5,3.75],"texture":"#0"}}},{"from":[8,-8.94444,-3.5],"to":[8,20.05556,19.5],"rotation":{"angle":0,"axis":"y","origin":[7,-3.94444,6.5]},"faces":{"north":{"uv":[5.5,6.375,5.5,10],"texture":"#0"},"east":{"uv":[0,0,2.875,3.625],"texture":"#0"},"south":{"uv":[5.625,6.375,5.625,10],"texture":"#0"},"west":{"uv":[3,0,5.875,3.625],"texture":"#0"},"up":{"uv":[4,9.375,4,6.5],"texture":"#0"},"down":{"uv":[4.125,6.5,4.125,9.375],"texture":"#0"}}},{"from":[6,-7.94444,5.5],"to":[10,-5.94444,10.5],"rotation":{"angle":0,"axis":"y","origin":[7,-3.94444,6.5]},"faces":{"north":{"uv":[3.625,6.125,4.125,6.375],"texture":"#0"},"east":{"uv":[6,2,6.625,2.25],"texture":"#0"},"south":{"uv":[6.125,5.5,6.625,5.75],"texture":"#0"},"west":{"uv":[6,2.375,6.625,2.625],"texture":"#0"},"up":{"uv":[5.625,4.875,5.125,4.25],"texture":"#0"},"down":{"uv":[5.625,5,5.125,5.625],"texture":"#0"}}},{"from":[6,7.05556,5.5],"to":[10,15.05556,10.5],"rotation":{"angle":0,"axis":"y","origin":[7,-3.94444,6.5]},"faces":{"north":{"uv":[3.25,3.75,3.75,4.75],"texture":"#0"},"east":{"uv":[1.75,3.75,2.375,4.75],"texture":"#0"},"south":{"uv":[3.875,3.75,4.375,4.75],"texture":"#0"},"west":{"uv":[2.5,3.75,3.125,4.75],"texture":"#0"},"up":{"uv":[3.5,6,3,5.375],"texture":"#0"},"down":{"uv":[4.125,5.375,3.625,6],"texture":"#0"}}},{"from":[7,10.05556,4.5],"to":[9,13.05556,11.5],"rotation":{"angle":0,"axis":"y","origin":[7,-3.94444,6.5]},"faces":{"north":{"uv":[3.625,6.5,3.875,6.875],"texture":"#0"},"east":{"uv":[3,4.875,3.875,5.25],"texture":"#0"},"south":{"uv":[6.5,3.875,6.75,4.25],"texture":"#0"},"west":{"uv":[5.125,3.75,6,4.125],"texture":"#0"},"up":{"uv":[6,6.375,5.75,5.5],"texture":"#0"},"down":{"uv":[2,5.875,1.75,6.75],"texture":"#0"}}},{"from":[6,8.05556,2.5],"to":[10,15.05556,4.5],"rotation":{"angle":0,"axis":"y","origin":[7,-3.94444,6.5]},"faces":{"north":{"uv":[4.5,3.75,5,4.625],"texture":"#0"},"east":{"uv":[2.125,5.875,2.375,6.75],"texture":"#0"},"south":{"uv":[4.5,4.75,5,5.625],"texture":"#0"},"west":{"uv":[2.5,5.875,2.75,6.75],"texture":"#0"},"up":{"uv":[6.625,6.125,6.125,5.875],"texture":"#0"},"down":{"uv":[6.625,6.25,6.125,6.5],"texture":"#0"}}},{"from":[7,10.05556,-2.5],"to":[9,14.05556,2.5],"rotation":{"angle":0,"axis":"y","origin":[7,-3.94444,6.5]},"faces":{"north":{"uv":[6.375,0,6.625,0.5],"texture":"#0"},"east":{"uv":[4.25,5.75,4.875,6.25],"texture":"#0"},"south":{"uv":[6.375,0.625,6.625,1.125],"texture":"#0"},"west":{"uv":[5.75,4.25,6.375,4.75],"texture":"#0"},"up":{"uv":[6.25,3.375,6,2.75],"texture":"#0"},"down":{"uv":[3.125,6.125,2.875,6.75],"texture":"#0"}}},{"from":[7,10.05556,13.5],"to":[9,14.05556,18.5],"rotation":{"angle":0,"axis":"y","origin":[7,-3.94444,6.5]},"faces":{"north":{"uv":[6.375,1.25,6.625,1.75],"texture":"#0"},"east":{"uv":[5.75,4.875,6.375,5.375],"texture":"#0"},"south":{"uv":[6.375,2.75,6.625,3.25],"texture":"#0"},"west":{"uv":[5,5.75,5.625,6.25],"texture":"#0"},"up":{"uv":[3.5,6.75,3.25,6.125],"texture":"#0"},"down":{"uv":[6.375,3.5,6.125,4.125],"texture":"#0"}}},{"from":[6,8.05556,11.5],"to":[10,15.05556,13.5],"rotation":{"angle":0,"axis":"y","origin":[7,-3.94444,6.5]},"faces":{"north":{"uv":[1.75,4.875,2.25,5.75],"texture":"#0"},"east":{"uv":[6,0,6.25,0.875],"texture":"#0"},"south":{"uv":[2.375,4.875,2.875,5.75],"texture":"#0"},"west":{"uv":[6,1,6.25,1.875],"texture":"#0"},"up":{"uv":[4.75,6.625,4.25,6.375],"texture":"#0"},"down":{"uv":[5.375,6.375,4.875,6.625],"texture":"#0"}}}],"display":{"thirdperson_righthand":{"translation":[0,7.5,1.75]},"thirdperson_lefthand":{"translation":[0,7.5,1.75]},"firstperson_righthand":{"rotation":[-5,5,5],"translation":[1.5,5.5,0],"scale":[0.8,0.8,0.8]},"firstperson_lefthand":{"rotation":[-5,5,5],"translation":[1.5,5.5,0],"scale":[0.8,0.8,0.8]},"ground":{"rotation":[-45,0,0],"translation":[0,8,-0.5],"scale":[0.8,0.8,0.8]},"gui":{"rotation":[60,-130,90],"translation":[1.25,2.75,0]},"fixed":{"rotation":[-90,45,90],"translation":[-3.75,3.5,-1.25],"scale":[1.5,1.5,1.5]}},"groups":[{"name":"group","origin":[0,0,0],"color":0,"children":[0,1,2,3,4,5,6,7,8]}]}