{"credit":"MadewithBlockbench","texture_size":[64,64],"textures":{"0":"chuanqi:chuanqi_set/red_shield","particle":"chuanqi:chuanqi_set/red_shield"},"elements":[{"from":[2.5,0.16667,7.5],"to":[13.5,15.16667,8.5],"rotation":{"angle":0,"axis":"y","origin":[2.5,0.16667,7.5]},"faces":{"north":{"uv":[0,0,2.75,3.75],"texture":"#0"},"east":{"uv":[0,4,0.25,7.75],"texture":"#0"},"south":{"uv":[3,0,5.75,3.75],"texture":"#0"},"west":{"uv":[0.5,4,0.75,7.75],"texture":"#0"},"up":{"uv":[7.75,4.25,5,4],"texture":"#0"},"down":{"uv":[7.75,4.5,5,4.75],"texture":"#0"}}},{"from":[1.5,1.16667,7.5],"to":[2.5,14.16667,8.5],"rotation":{"angle":0,"axis":"y","origin":[2.5,0.16667,7.5]},"faces":{"north":{"uv":[1,4,1.25,7.25],"texture":"#0"},"east":{"uv":[1.5,4,1.75,7.25],"texture":"#0"},"south":{"uv":[2,4,2.25,7.25],"texture":"#0"},"west":{"uv":[2.5,4,2.75,7.25],"texture":"#0"},"up":{"uv":[8.25,6.25,8,6],"texture":"#0"},"down":{"uv":[8.25,6.5,8,6.75],"texture":"#0"}}},{"from":[13.5,1.16667,7.5],"to":[14.5,14.16667,8.5],"rotation":{"angle":0,"axis":"y","origin":[2.5,0.16667,7.5]},"faces":{"north":{"uv":[3,4,3.25,7.25],"texture":"#0"},"east":{"uv":[3.5,4,3.75,7.25],"texture":"#0"},"south":{"uv":[4,4,4.25,7.25],"texture":"#0"},"west":{"uv":[4.5,4,4.75,7.25],"texture":"#0"},"up":{"uv":[8.25,7.25,8,7],"texture":"#0"},"down":{"uv":[8.25,7.5,8,7.75],"texture":"#0"}}},{"from":[0.5,5.16667,7.5],"to":[1.5,14.16667,8.5],"rotation":{"angle":0,"axis":"y","origin":[2.5,0.16667,7.5]},"faces":{"north":{"uv":[5,5,5.25,7.25],"texture":"#0"},"east":{"uv":[5.5,5,5.75,7.25],"texture":"#0"},"south":{"uv":[6,0,6.25,2.25],"texture":"#0"},"west":{"uv":[6,5,6.25,7.25],"texture":"#0"},"up":{"uv":[8.25,8.25,8,8],"texture":"#0"},"down":{"uv":[2.25,8.5,2,8.75],"texture":"#0"}}},{"from":[14.5,5.16667,7.5],"to":[15.5,14.16667,8.5],"rotation":{"angle":0,"axis":"y","origin":[2.5,0.16667,7.5]},"faces":{"north":{"uv":[6.5,0,6.75,2.25],"texture":"#0"},"east":{"uv":[6.5,5,6.75,7.25],"texture":"#0"},"south":{"uv":[7,0,7.25,2.25],"texture":"#0"},"west":{"uv":[7,5,7.25,7.25],"texture":"#0"},"up":{"uv":[2.75,8.75,2.5,8.5],"texture":"#0"},"down":{"uv":[8.75,2.5,8.5,2.75],"texture":"#0"}}},{"from":[-0.5,11.16667,7.5],"to":[0.5,14.16667,8.5],"rotation":{"angle":0,"axis":"y","origin":[2.5,0.16667,7.5]},"faces":{"north":{"uv":[7.5,5.5,7.75,6.25],"texture":"#0"},"east":{"uv":[7.5,6.5,7.75,7.25],"texture":"#0"},"south":{"uv":[7,7.5,7.25,8.25],"texture":"#0"},"west":{"uv":[7.5,7.5,7.75,8.25],"texture":"#0"},"up":{"uv":[3.25,8.75,3,8.5],"texture":"#0"},"down":{"uv":[8.75,3,8.5,3.25],"texture":"#0"}}},{"from":[15.5,11.16667,7.5],"to":[16.5,14.16667,8.5],"rotation":{"angle":0,"axis":"y","origin":[2.5,0.16667,7.5]},"faces":{"north":{"uv":[0,8,0.25,8.75],"texture":"#0"},"east":{"uv":[0.5,8,0.75,8.75],"texture":"#0"},"south":{"uv":[1,8,1.25,8.75],"texture":"#0"},"west":{"uv":[1.5,8,1.75,8.75],"texture":"#0"},"up":{"uv":[3.75,8.75,3.5,8.5],"texture":"#0"},"down":{"uv":[8.75,3.5,8.5,3.75],"texture":"#0"}}},{"from":[4.5,15.16667,7.5],"to":[11.5,16.16667,8.5],"rotation":{"angle":0,"axis":"y","origin":[2.5,0.16667,7.5]},"faces":{"north":{"uv":[7.5,0.5,9.25,0.75],"texture":"#0"},"east":{"uv":[4,8.5,4.25,8.75],"texture":"#0"},"south":{"uv":[1,7.5,2.75,7.75],"texture":"#0"},"west":{"uv":[4.5,8.5,4.75,8.75],"texture":"#0"},"up":{"uv":[9.25,1.25,7.5,1],"texture":"#0"},"down":{"uv":[9.25,1.5,7.5,1.75],"texture":"#0"}}},{"from":[4.5,-1.83333,7.5],"to":[11.5,-0.83333,8.5],"rotation":{"angle":0,"axis":"y","origin":[2.5,0.16667,7.5]},"faces":{"north":{"uv":[7.5,2,9.25,2.25],"texture":"#0"},"east":{"uv":[5,8.5,5.25,8.75],"texture":"#0"},"south":{"uv":[3,7.5,4.75,7.75],"texture":"#0"},"west":{"uv":[5.5,8.5,5.75,8.75],"texture":"#0"},"up":{"uv":[6.75,7.75,5,7.5],"texture":"#0"},"down":{"uv":[9.25,5,7.5,5.25],"texture":"#0"}}},{"from":[3.5,-0.83333,7.5],"to":[12.5,0.16667,8.5],"rotation":{"angle":0,"axis":"y","origin":[2.5,0.16667,7.5]},"faces":{"north":{"uv":[6,2.5,8.25,2.75],"texture":"#0"},"east":{"uv":[6,8.5,6.25,8.75],"texture":"#0"},"south":{"uv":[6,3,8.25,3.25],"texture":"#0"},"west":{"uv":[8.5,6,8.75,6.25],"texture":"#0"},"up":{"uv":[8.25,3.75,6,3.5],"texture":"#0"},"down":{"uv":[9.75,0,7.5,0.25],"texture":"#0"}}},{"from":[6.5,16.16667,7.5],"to":[9.5,17.16667,8.5],"rotation":{"angle":0,"axis":"y","origin":[2.5,0.16667,7.5]},"faces":{"north":{"uv":[2,8,2.75,8.25],"texture":"#0"},"east":{"uv":[6.5,8.5,6.75,8.75],"texture":"#0"},"south":{"uv":[3,8,3.75,8.25],"texture":"#0"},"west":{"uv":[8.5,6.5,8.75,6.75],"texture":"#0"},"up":{"uv":[4.75,8.25,4,8],"texture":"#0"},"down":{"uv":[8.75,4,8,4.25],"texture":"#0"}}},{"from":[6.5,-2.83333,7.5],"to":[9.5,-1.83333,8.5],"rotation":{"angle":0,"axis":"y","origin":[2.5,0.16667,7.5]},"faces":{"north":{"uv":[8,4.5,8.75,4.75],"texture":"#0"},"east":{"uv":[7,8.5,7.25,8.75],"texture":"#0"},"south":{"uv":[5,8,5.75,8.25],"texture":"#0"},"west":{"uv":[8.5,7,8.75,7.25],"texture":"#0"},"up":{"uv":[8.75,5.75,8,5.5],"texture":"#0"},"down":{"uv":[6.75,8,6,8.25],"texture":"#0"}}}],"display":{"thirdperson_righthand":{"rotation":[90,-90,90],"translation":[2.75,-2.25,3.5]},"thirdperson_lefthand":{"rotation":[90,-90,90],"translation":[2.75,-2.25,3.5]},"firstperson_righthand":{"rotation":[0,-5,0],"translation":[2.25,-2.75,1.5]},"firstperson_lefthand":{"rotation":[0,-5,0],"translation":[2.25,-2.75,1.5]},"ground":{"rotation":[20,0,0],"translation":[0,6,0],"scale":[0.8,0.8,0.8]},"gui":{"rotation":[10,-180,10],"translation":[-0.5,0.75,0]},"fixed":{"translation":[0,1.75,-0.25],"scale":[2,2,2]}},"groups":[{"name":"red_shield","origin":[0,0,0],"color":0,"children":[0,1,2,3,4,5,6,7,8,9,10,11]}]}