{"credit":"MadewithBlockbench","texture_size":[32,32],"textures":{"0":"chuanqi:chuanqi_set/volt_wings","particle":"chuanqi:chuanqi_set/volt_wings"},"elements":[{"from":[7.14924,5.31076,7.40585],"to":[10.68924,8.85076,8.58585],"rotation":{"angle":-45,"axis":"z","origin":[8,8,8]},"faces":{"north":{"uv":[3,9,4.75,10.75],"texture":"#0"},"east":{"uv":[3,11,3.625,12.75],"texture":"#0"},"south":{"uv":[9.25,0,11,1.75],"texture":"#0"},"west":{"uv":[4,11,4.625,12.75],"texture":"#0"},"up":{"uv":[5.625,13.25,5,11.5],"rotation":90,"texture":"#0"},"down":{"uv":[6.625,11.5,6,13.25],"rotation":270,"texture":"#0"}}},{"from":[7.53864,5.70016,7.23565],"to":[10.29984,8.46136,8.75605],"rotation":{"angle":-45,"axis":"z","origin":[8,8,8]},"faces":{"north":{"uv":[9.5,8.5,10.875,9.875],"texture":"#0"},"east":{"uv":[11,8.5,11.75,9.875],"texture":"#0"},"south":{"uv":[8,9,9.375,10.375],"texture":"#0"},"west":{"uv":[7,11.5,7.75,12.875],"texture":"#0"},"up":{"uv":[9.75,12.875,9,11.5],"rotation":90,"texture":"#0"},"down":{"uv":[10.75,11.5,10,12.875],"rotation":270,"texture":"#0"}}},{"from":[9.34924,11.61076,7.40585],"to":[11.88924,14.15076,8.58585],"rotation":{"angle":-45,"axis":"z","origin":[8,8,8]},"faces":{"north":{"uv":[6.5,10,7.75,11.25],"texture":"#0"},"east":{"uv":[12,0,12.625,1.25],"texture":"#0"},"south":{"uv":[5,10,6.25,11.25],"texture":"#0"},"west":{"uv":[12,7.5,12.625,8.75],"texture":"#0"},"up":{"uv":[8.625,13.25,8,12],"rotation":90,"texture":"#0"},"down":{"uv":[12.625,9,12,10.25],"rotation":270,"texture":"#0"}}},{"from":[9.78103,12.04256,7.15645],"to":[11.45743,13.71896,8.83525],"rotation":{"angle":-45,"axis":"z","origin":[8,8,8]},"faces":{"north":{"uv":[12.5,3,13.375,3.875],"texture":"#0"},"east":{"uv":[12,2,12.875,2.875],"texture":"#0"},"south":{"uv":[12,10.5,12.875,11.375],"texture":"#0"},"west":{"uv":[11.5,12,12.375,12.875],"texture":"#0"},"up":{"uv":[13.375,4.875,12.5,4],"rotation":90,"texture":"#0"},"down":{"uv":[13.375,11.5,12.5,12.375],"rotation":270,"texture":"#0"}}},{"from":[8.73609,5.95957,7.49585],"to":[12.73609,6.95957,8.49585],"rotation":{"angle":22.5,"axis":"z","origin":[8,8,8]},"faces":{"north":{"uv":[11,5,13,5.5],"texture":"#0"},"east":{"uv":[14,7,14.5,7.5],"texture":"#0"},"south":{"uv":[11,1.5,13,2],"texture":"#0"},"west":{"uv":[8,14,8.5,14.5],"texture":"#0"},"up":{"uv":[12,12,11.5,10],"rotation":90,"texture":"#0"},"down":{"uv":[11.5,11.5,11,13.5],"rotation":270,"texture":"#0"}}},{"from":[11.73609,6.95957,7.49585],"to":[12.73609,7.95957,8.49585],"rotation":{"angle":22.5,"axis":"z","origin":[8,8,8]},"faces":{"north":{"uv":[14,5.5,14.5,6],"texture":"#0"},"east":{"uv":[14,3,14.5,3.5],"texture":"#0"},"south":{"uv":[14,3.5,14.5,4],"texture":"#0"},"west":{"uv":[14,4,14.5,4.5],"texture":"#0"},"up":{"uv":[14.5,6.5,14,6],"rotation":90,"texture":"#0"},"down":{"uv":[14.5,6.5,14,7],"rotation":270,"texture":"#0"}}},{"from":[9.65609,7.21956,7.75585],"to":[11.81609,7.69956,8.23585],"rotation":{"angle":22.5,"axis":"z","origin":[8,8,8]},"faces":{"north":{"uv":[13.5,4.5,14.625,4.75],"texture":"#0"},"east":{"uv":[4,14.5,4.25,14.75],"texture":"#0"},"south":{"uv":[13.5,1.5,14.625,1.75],"texture":"#0"},"west":{"uv":[14.5,4,14.75,4.25],"texture":"#0"},"up":{"uv":[5.25,14.625,5,13.5],"rotation":90,"texture":"#0"},"down":{"uv":[5.75,13.5,5.5,14.625],"rotation":270,"texture":"#0"}}},{"from":[8.73609,6.95957,7.49585],"to":[9.73609,7.95957,8.49585],"rotation":{"angle":22.5,"axis":"z","origin":[8,8,8]},"faces":{"north":{"uv":[9.5,14,10,14.5],"texture":"#0"},"east":{"uv":[8.5,14,9,14.5],"texture":"#0"},"south":{"uv":[9,14,9.5,14.5],"texture":"#0"},"west":{"uv":[14,9,14.5,9.5],"texture":"#0"},"up":{"uv":[14.5,10,14,9.5],"rotation":90,"texture":"#0"},"down":{"uv":[10.5,14,10,14.5],"rotation":270,"texture":"#0"}}},{"from":[12.05264,8.08106,7.49585],"to":[14.05264,11.08106,8.49585],"rotation":{"angle":22.5,"axis":"z","origin":[8,8,8]},"faces":{"north":{"uv":[8,10.5,9,12],"texture":"#0"},"east":{"uv":[3.5,13,4,14.5],"texture":"#0"},"south":{"uv":[9.5,10,10.5,11.5],"texture":"#0"},"west":{"uv":[4,13,4.5,14.5],"texture":"#0"},"up":{"uv":[14,1.5,13.5,0.5],"rotation":90,"texture":"#0"},"down":{"uv":[1.5,13.5,1,14.5],"rotation":270,"texture":"#0"}}},{"from":[10.08098,14.05622,7.49585],"to":[11.08098,16.05622,8.49585],"rotation":{"angle":-45,"axis":"z","origin":[8,8,8]},"faces":{"north":{"uv":[0.5,13.5,1,14.5],"texture":"#0"},"east":{"uv":[12.5,13,13,14],"texture":"#0"},"south":{"uv":[13,13,13.5,14],"texture":"#0"},"west":{"uv":[0,13.5,0.5,14.5],"texture":"#0"},"up":{"uv":[14,13.5,13.5,13],"rotation":90,"texture":"#0"},"down":{"uv":[14,13.5,13.5,14],"rotation":270,"texture":"#0"}}},{"from":[15.93659,9.70034,7.49585],"to":[18.93659,10.70034,8.49585],"rotation":{"angle":22.5,"axis":"z","origin":[8,8,8]},"faces":{"north":{"uv":[13,0,14.5,0.5],"texture":"#0"},"east":{"uv":[9,8.5,9.5,9],"texture":"#0"},"south":{"uv":[12.5,12.5,14,13],"texture":"#0"},"west":{"uv":[12,11.5,12.5,12],"texture":"#0"},"up":{"uv":[13.5,2,13,0.5],"rotation":90,"texture":"#0"},"down":{"uv":[3.5,13,3,14.5],"rotation":270,"texture":"#0"}}},{"from":[17.08802,9.48527,7.74585],"to":[20.08802,10.48527,8.24585],"rotation":{"angle":22.5,"axis":"z","origin":[8,8,8]},"faces":{"north":{"uv":[12.5,5.5,14,6],"texture":"#0"},"east":{"uv":[14,11.5,14.25,12],"texture":"#0"},"south":{"uv":[11,5.5,12.5,6],"texture":"#0"},"west":{"uv":[12,14,12.25,14.5],"texture":"#0"},"up":{"uv":[2.75,15,2.5,13.5],"rotation":90,"texture":"#0"},"down":{"uv":[13.75,3,13.5,4.5],"rotation":270,"texture":"#0"}}},{"from":[20.08802,10.03527,7.74585],"to":[20.63802,10.48527,8.24585],"rotation":{"angle":22.5,"axis":"z","origin":[8,8,8]},"faces":{"north":{"uv":[14.5,3,14.75,3.25],"texture":"#0"},"east":{"uv":[14.5,2,14.75,2.25],"texture":"#0"},"south":{"uv":[14.5,2.5,14.75,2.75],"texture":"#0"},"west":{"uv":[3,14.5,3.25,14.75],"texture":"#0"},"up":{"uv":[3.75,14.75,3.5,14.5],"rotation":90,"texture":"#0"},"down":{"uv":[14.75,3.5,14.5,3.75],"rotation":270,"texture":"#0"}}},{"from":[14.99727,17.60059,7.74585],"to":[15.49727,18.37559,8.24585],"rotation":{"angle":-22.5,"axis":"z","origin":[8,8,8]},"faces":{"north":{"uv":[13,14,13.25,14.375],"texture":"#0"},"east":{"uv":[14,12,14.25,12.375],"texture":"#0"},"south":{"uv":[12.5,14,12.75,14.375],"texture":"#0"},"west":{"uv":[14,12.5,14.25,12.875],"texture":"#0"},"up":{"uv":[14.75,1.25,14.5,1],"rotation":90,"texture":"#0"},"down":{"uv":[2.25,14.5,2,14.75],"rotation":270,"texture":"#0"}}},{"from":[14.51123,9.08031,7.49585],"to":[17.51123,10.08031,8.49585],"rotation":{"angle":0,"axis":"x","origin":[8,8,8]},"faces":{"north":{"uv":[13,0,14.5,0.5],"texture":"#0"},"east":{"uv":[9,8.5,9.5,9],"texture":"#0"},"south":{"uv":[12.5,12.5,14,13],"texture":"#0"},"west":{"uv":[12,11.5,12.5,12],"texture":"#0"},"up":{"uv":[13.5,2,13,0.5],"rotation":90,"texture":"#0"},"down":{"uv":[3.5,13,3,14.5],"rotation":270,"texture":"#0"}}},{"from":[15.66266,8.86524,7.74585],"to":[18.66266,9.86524,8.24585],"rotation":{"angle":0,"axis":"x","origin":[8,8,8]},"faces":{"north":{"uv":[12.5,5.5,14,6],"texture":"#0"},"east":{"uv":[14,11.5,14.25,12],"texture":"#0"},"south":{"uv":[11,5.5,12.5,6],"texture":"#0"},"west":{"uv":[12,14,12.25,14.5],"texture":"#0"},"up":{"uv":[2.75,15,2.5,13.5],"rotation":90,"texture":"#0"},"down":{"uv":[13.75,3,13.5,4.5],"rotation":270,"texture":"#0"}}},{"from":[18.66266,9.41524,7.74585],"to":[19.21266,9.86524,8.24585],"rotation":{"angle":0,"axis":"x","origin":[8,8,8]},"faces":{"north":{"uv":[14.5,3,14.75,3.25],"texture":"#0"},"east":{"uv":[14.5,2,14.75,2.25],"texture":"#0"},"south":{"uv":[14.5,2.5,14.75,2.75],"texture":"#0"},"west":{"uv":[3,14.5,3.25,14.75],"texture":"#0"},"up":{"uv":[3.75,14.75,3.5,14.5],"rotation":90,"texture":"#0"},"down":{"uv":[14.75,3.5,14.5,3.75],"rotation":270,"texture":"#0"}}},{"from":[14.42781,16.15428,7.74585],"to":[14.92781,16.92928,8.24585],"rotation":{"angle":-45,"axis":"z","origin":[8,8,8]},"faces":{"north":{"uv":[13,14,13.25,14.375],"texture":"#0"},"east":{"uv":[14,12,14.25,12.375],"texture":"#0"},"south":{"uv":[12.5,14,12.75,14.375],"texture":"#0"},"west":{"uv":[14,12.5,14.25,12.875],"texture":"#0"},"up":{"uv":[14.75,1.25,14.5,1],"rotation":90,"texture":"#0"},"down":{"uv":[2.25,14.5,2,14.75],"rotation":270,"texture":"#0"}}},{"from":[9.34298,-0.38965,7.53525],"to":[10.34298,2.61035,8.53525],"rotation":{"angle":22.5,"axis":"z","origin":[8,8,8]},"faces":{"north":{"uv":[13,0,14.5,0.5],"rotation":270,"texture":"#0"},"east":{"uv":[13.5,2,13,0.5],"rotation":180,"texture":"#0"},"south":{"uv":[12.5,12.5,14,13],"rotation":90,"texture":"#0"},"west":{"uv":[3.5,13,3,14.5],"texture":"#0"},"up":{"uv":[12,11.5,12.5,12],"rotation":90,"texture":"#0"},"down":{"uv":[9,8.5,9.5,9],"rotation":90,"texture":"#0"}}},{"from":[9.12791,-1.54108,7.78525],"to":[10.12791,1.45892,8.28525],"rotation":{"angle":22.5,"axis":"z","origin":[8,8,8]},"faces":{"north":{"uv":[12.5,5.5,14,6],"rotation":270,"texture":"#0"},"east":{"uv":[2.75,15,2.5,13.5],"rotation":180,"texture":"#0"},"south":{"uv":[11,5.5,12.5,6],"rotation":90,"texture":"#0"},"west":{"uv":[13.75,3,13.5,4.5],"texture":"#0"},"up":{"uv":[12,14,12.25,14.5],"rotation":90,"texture":"#0"},"down":{"uv":[14,11.5,14.25,12],"rotation":90,"texture":"#0"}}},{"from":[15.54693,2.051,7.78525],"to":[16.32193,2.551,8.28525],"rotation":{"angle":-22.5,"axis":"z","origin":[8,8,8]},"faces":{"north":{"uv":[13,14,13.25,14.375],"rotation":270,"texture":"#0"},"east":{"uv":[14.75,1.25,14.5,1],"rotation":180,"texture":"#0"},"south":{"uv":[12.5,14,12.75,14.375],"rotation":90,"texture":"#0"},"west":{"uv":[2.25,14.5,2,14.75],"texture":"#0"},"up":{"uv":[14,12.5,14.25,12.875],"rotation":90,"texture":"#0"},"down":{"uv":[14,12,14.25,12.375],"rotation":90,"texture":"#0"}}},{"from":[9.67791,-2.09108,7.78525],"to":[10.12791,-1.54108,8.28525],"rotation":{"angle":22.5,"axis":"z","origin":[8,8,8]},"faces":{"north":{"uv":[14.5,3,14.75,3.25],"rotation":270,"texture":"#0"},"east":{"uv":[3.75,14.75,3.5,14.5],"rotation":180,"texture":"#0"},"south":{"uv":[14.5,2.5,14.75,2.75],"rotation":90,"texture":"#0"},"west":{"uv":[14.75,3.5,14.5,3.75],"texture":"#0"},"up":{"uv":[3,14.5,3.25,14.75],"rotation":90,"texture":"#0"},"down":{"uv":[14.5,2,14.75,2.25],"rotation":90,"texture":"#0"}}},{"from":[14.9152,11.51802,7.51585],"to":[15.8752,13.43802,8.47585],"rotation":{"angle":0,"axis":"x","origin":[8,8,8]},"faces":{"north":{"uv":[12,13,12.5,14],"texture":"#0"},"east":{"uv":[9,10.5,9.5,11.5],"texture":"#0"},"south":{"uv":[13,10.5,13.5,11.5],"texture":"#0"},"west":{"uv":[11.5,13,12,14],"texture":"#0"},"up":{"uv":[14,12,13.5,11.5],"rotation":90,"texture":"#0"},"down":{"uv":[14,12,13.5,12.5],"rotation":270,"texture":"#0"}}},{"from":[9.47284,12.18277,7.50585],"to":[12.41284,13.16277,8.48585],"rotation":{"angle":0,"axis":"x","origin":[8,8,8]},"faces":{"north":{"uv":[13,2.5,14.5,3],"texture":"#0"},"east":{"uv":[14,0.5,14.5,1],"texture":"#0"},"south":{"uv":[13,2,14.5,2.5],"texture":"#0"},"west":{"uv":[14,1,14.5,1.5],"texture":"#0"},"up":{"uv":[5,14.5,4.5,13],"rotation":90,"texture":"#0"},"down":{"uv":[7.5,13,7,14.5],"rotation":270,"texture":"#0"}}},{"from":[7.25174,2.83004,7.49585],"to":[9.25174,5.83004,8.49585],"rotation":{"angle":22.5,"axis":"z","origin":[8,8,8]},"faces":{"north":{"uv":[9,12,8,10.5],"texture":"#0"},"east":{"uv":[4.5,14.5,4,13],"texture":"#0"},"south":{"uv":[10.5,11.5,9.5,10],"texture":"#0"},"west":{"uv":[4,14.5,3.5,13],"texture":"#0"},"up":{"uv":[1.5,13.5,1,14.5],"rotation":90,"texture":"#0"},"down":{"uv":[14,1.5,13.5,0.5],"rotation":270,"texture":"#0"}}},{"from":[9.28716,2.93723,7.50585],"to":[12.22716,3.91723,8.48585],"rotation":{"angle":0,"axis":"x","origin":[8,8,8]},"faces":{"north":{"uv":[14.5,3,13,2.5],"texture":"#0"},"east":{"uv":[14.5,1.5,14,1],"texture":"#0"},"south":{"uv":[14.5,2.5,13,2],"texture":"#0"},"west":{"uv":[14.5,1,14,0.5],"texture":"#0"},"up":{"uv":[7.5,13,7,14.5],"rotation":90,"texture":"#0"},"down":{"uv":[5,14.5,4.5,13],"rotation":270,"texture":"#0"}}},{"from":[9.22024,12.29057,7.61365],"to":[9.48544,13.05497,8.37805],"rotation":{"angle":0,"axis":"x","origin":[8,8,8]},"faces":{"north":{"uv":[14.5,5,14.625,5.375],"texture":"#0"},"east":{"uv":[14,11,14.375,11.375],"texture":"#0"},"south":{"uv":[4.5,14.5,4.625,14.875],"texture":"#0"},"west":{"uv":[11.5,14,11.875,14.375],"texture":"#0"},"up":{"uv":[14.875,5.625,14.5,5.5],"rotation":90,"texture":"#0"},"down":{"uv":[14.875,6,14.5,6.125],"rotation":270,"texture":"#0"}}},{"from":[10.48529,7.09025,7.81335],"to":[14.70529,7.45525,8.17835],"rotation":{"angle":-22.5,"axis":"z","origin":[8,8,8]},"faces":{"north":{"uv":[13.5,8.5,15.625,8.625],"texture":"#0"},"east":{"uv":[9,14.5,9.125,14.625],"texture":"#0"},"south":{"uv":[13.5,8,15.625,8.125],"texture":"#0"},"west":{"uv":[14.5,9,14.625,9.125],"texture":"#0"},"up":{"uv":[13.625,11.125,13.5,9],"rotation":90,"texture":"#0"},"down":{"uv":[11.125,13.5,11,15.625],"rotation":270,"texture":"#0"}}},{"from":[10.65216,8.21738,7.81335],"to":[15.17216,8.58238,8.17835],"rotation":{"angle":-22.5,"axis":"z","origin":[8,8,8]},"faces":{"north":{"uv":[8,13.5,10.25,13.625],"texture":"#0"},"east":{"uv":[14.5,6.5,14.625,6.625],"texture":"#0"},"south":{"uv":[13.5,7.5,15.75,7.625],"texture":"#0"},"west":{"uv":[7,14.5,7.125,14.625],"texture":"#0"},"up":{"uv":[6.125,15.75,6,13.5],"rotation":90,"texture":"#0"},"down":{"uv":[6.625,13.5,6.5,15.75],"rotation":270,"texture":"#0"}}},{"from":[12.42265,8.9984,7.81335],"to":[12.78765,10.2184,8.17835],"rotation":{"angle":-45,"axis":"z","origin":[8,8,8]},"faces":{"north":{"uv":[0,14.5,0.125,15.125],"texture":"#0"},"east":{"uv":[14,13,14.125,13.625],"texture":"#0"},"south":{"uv":[13.5,14,13.625,14.625],"texture":"#0"},"west":{"uv":[14,14,14.125,14.625],"texture":"#0"},"up":{"uv":[14.625,7.125,14.5,7],"rotation":90,"texture":"#0"},"down":{"uv":[7.625,14.5,7.5,14.625],"rotation":270,"texture":"#0"}}},{"from":[14.17802,9.7255,7.81335],"to":[14.54302,10.9455,8.17835],"rotation":{"angle":-45,"axis":"z","origin":[8,8,8]},"faces":{"north":{"uv":[1.5,14.5,1.625,15.125],"texture":"#0"},"east":{"uv":[14.5,0,14.625,0.625],"texture":"#0"},"south":{"uv":[0.5,14.5,0.625,15.125],"texture":"#0"},"west":{"uv":[1,14.5,1.125,15.125],"texture":"#0"},"up":{"uv":[8.125,14.625,8,14.5],"rotation":90,"texture":"#0"},"down":{"uv":[8.625,14.5,8.5,14.625],"rotation":270,"texture":"#0"}}},{"from":[14.34215,7.33142,7.99585],"to":[30.34215,10.33142,7.99585],"rotation":{"angle":22.5,"axis":"z","origin":[8,8,8]},"faces":{"north":{"uv":[0,3.25,8,4.75],"texture":"#0"},"east":{"uv":[0,0,0,1.5],"texture":"#0"},"south":{"uv":[8,3.25,0,4.75],"texture":"#0"},"west":{"uv":[0,0,0,1.5],"texture":"#0"},"up":{"uv":[0,8,0,0],"rotation":90,"texture":"#0"},"down":{"uv":[0,0,0,8],"rotation":270,"texture":"#0"}}},{"from":[19,10.075,7.99585],"to":[28,12.075,7.99585],"rotation":{"angle":0,"axis":"x","origin":[8,8,8]},"faces":{"north":{"uv":[8,4,12.5,5],"texture":"#0"},"east":{"uv":[0,0,0,1],"texture":"#0"},"south":{"uv":[12.5,4,8,5],"texture":"#0"},"west":{"uv":[0,0,0,1],"texture":"#0"},"up":{"uv":[0,4.5,0,0],"rotation":90,"texture":"#0"},"down":{"uv":[0,0,0,4.5],"rotation":270,"texture":"#0"}}},{"from":[16.14031,6.97387,7.99585],"to":[25.14031,8.97387,7.99585],"rotation":{"angle":-45,"axis":"z","origin":[8,8,8]},"faces":{"north":{"uv":[8,4,12.5,5],"texture":"#0"},"east":{"uv":[0,0,0,1],"texture":"#0"},"south":{"uv":[12.5,4,8,5],"texture":"#0"},"west":{"uv":[0,0,0,1],"texture":"#0"},"up":{"uv":[0,4.5,0,0],"rotation":90,"texture":"#0"},"down":{"uv":[0,0,0,4.5],"rotation":270,"texture":"#0"}}},{"from":[23.22335,4.86973,7.99585],"to":[29.22335,6.86973,7.99585],"rotation":{"angle":22.5,"axis":"z","origin":[8,8,8]},"faces":{"north":{"uv":[9,7.5,12,8.5],"texture":"#0"},"east":{"uv":[0,0,0,1],"texture":"#0"},"south":{"uv":[12,7.5,9,8.5],"texture":"#0"},"west":{"uv":[0,0,0,1],"texture":"#0"},"up":{"uv":[0,3,0,0],"rotation":90,"texture":"#0"},"down":{"uv":[0,0,0,3],"rotation":270,"texture":"#0"}}},{"from":[19.71287,3.91463,7.99585],"to":[25.71287,5.91463,7.99585],"rotation":{"angle":0,"axis":"x","origin":[8,8,8]},"faces":{"north":{"uv":[9,7.5,12,8.5],"texture":"#0"},"east":{"uv":[0,0,0,1],"texture":"#0"},"south":{"uv":[12,7.5,9,8.5],"texture":"#0"},"west":{"uv":[0,0,0,1],"texture":"#0"},"up":{"uv":[0,3,0,0],"rotation":90,"texture":"#0"},"down":{"uv":[0,0,0,3],"rotation":270,"texture":"#0"}}},{"from":[9.5,6.675,7.99585],"to":[27.5,9.675,7.99585],"rotation":{"angle":0,"axis":"x","origin":[8,8,8]},"faces":{"north":{"uv":[9,0,0,1.5],"texture":"#0"},"east":{"uv":[0,0,0,1.5],"texture":"#0"},"south":{"uv":[0,0,9,1.5],"texture":"#0"},"west":{"uv":[0,0,0,1.5],"texture":"#0"},"up":{"uv":[0,9,0,0],"rotation":90,"texture":"#0"},"down":{"uv":[0,0,0,9],"rotation":270,"texture":"#0"}}},{"from":[9.84224,6.28568,7.99585],"to":[23.84224,9.28568,7.99585],"rotation":{"angle":-22.5,"axis":"z","origin":[8,8,8]},"faces":{"north":{"uv":[7.5,5.5,0.5,7],"texture":"#0"},"east":{"uv":[0,0,0,1.5],"texture":"#0"},"south":{"uv":[0.5,5.5,7.5,7],"texture":"#0"},"west":{"uv":[0,0,0,1.5],"texture":"#0"},"up":{"uv":[0,7,0,0],"rotation":90,"texture":"#0"},"down":{"uv":[0,0,0,7],"rotation":270,"texture":"#0"}}},{"from":[6.73755,-5.95964,7.99585],"to":[9.73755,6.04036,7.99585],"rotation":{"angle":22.5,"axis":"z","origin":[8,8,8]},"faces":{"north":{"uv":[1.5,7.5,0,13.5],"texture":"#0"},"east":{"uv":[0,0,0,6],"texture":"#0"},"south":{"uv":[0,7.5,1.5,13.5],"texture":"#0"},"west":{"uv":[0,0,0,6],"texture":"#0"},"up":{"uv":[0,1.5,0,0],"rotation":90,"texture":"#0"},"down":{"uv":[0,0,0,1.5],"rotation":270,"texture":"#0"}}},{"from":[-9.14031,6.97387,7.99585],"to":[-0.14031,8.97387,7.99585],"rotation":{"angle":45,"axis":"z","origin":[8,8,8]},"faces":{"north":{"uv":[12.5,4,8,5],"texture":"#0"},"east":{"uv":[0,0,0,1],"texture":"#0"},"south":{"uv":[8,4,12.5,5],"texture":"#0"},"west":{"uv":[0,0,0,1],"texture":"#0"},"up":{"uv":[0,0,0,4.5],"rotation":90,"texture":"#0"},"down":{"uv":[0,4.5,0,0],"rotation":270,"texture":"#0"}}},{"from":[4.11076,11.61076,7.40585],"to":[6.65076,14.15076,8.58585],"rotation":{"angle":45,"axis":"z","origin":[8,8,8]},"faces":{"north":{"uv":[7.75,10,6.5,11.25],"texture":"#0"},"east":{"uv":[12.625,7.5,12,8.75],"texture":"#0"},"south":{"uv":[6.25,10,5,11.25],"texture":"#0"},"west":{"uv":[12.625,0,12,1.25],"texture":"#0"},"up":{"uv":[8.625,12,8,13.25],"rotation":90,"texture":"#0"},"down":{"uv":[12.625,10.25,12,9],"rotation":270,"texture":"#0"}}},{"from":[4.54257,12.04256,7.15645],"to":[6.21897,13.71896,8.83525],"rotation":{"angle":45,"axis":"z","origin":[8,8,8]},"faces":{"north":{"uv":[13.375,3,12.5,3.875],"texture":"#0"},"east":{"uv":[12.375,12,11.5,12.875],"texture":"#0"},"south":{"uv":[12.875,10.5,12,11.375],"texture":"#0"},"west":{"uv":[12.875,2,12,2.875],"texture":"#0"},"up":{"uv":[13.375,4,12.5,4.875],"rotation":90,"texture":"#0"},"down":{"uv":[13.375,12.375,12.5,11.5],"rotation":270,"texture":"#0"}}},{"from":[3.26391,5.95957,7.49585],"to":[7.26391,6.95957,8.49585],"rotation":{"angle":-22.5,"axis":"z","origin":[8,8,8]},"faces":{"north":{"uv":[13,5,11,5.5],"texture":"#0"},"east":{"uv":[8.5,14,8,14.5],"texture":"#0"},"south":{"uv":[13,1.5,11,2],"texture":"#0"},"west":{"uv":[14.5,7,14,7.5],"texture":"#0"},"up":{"uv":[12,10,11.5,12],"rotation":90,"texture":"#0"},"down":{"uv":[11.5,13.5,11,11.5],"rotation":270,"texture":"#0"}}},{"from":[3.26391,6.95957,7.49585],"to":[4.26391,7.95957,8.49585],"rotation":{"angle":-22.5,"axis":"z","origin":[8,8,8]},"faces":{"north":{"uv":[14.5,5.5,14,6],"texture":"#0"},"east":{"uv":[14.5,4,14,4.5],"texture":"#0"},"south":{"uv":[14.5,3.5,14,4],"texture":"#0"},"west":{"uv":[14.5,3,14,3.5],"texture":"#0"},"up":{"uv":[14.5,6,14,6.5],"rotation":90,"texture":"#0"},"down":{"uv":[14.5,7,14,6.5],"rotation":270,"texture":"#0"}}},{"from":[4.18391,7.21956,7.75585],"to":[6.34391,7.69956,8.23585],"rotation":{"angle":-22.5,"axis":"z","origin":[8,8,8]},"faces":{"north":{"uv":[14.625,4.5,13.5,4.75],"texture":"#0"},"east":{"uv":[14.75,4,14.5,4.25],"texture":"#0"},"south":{"uv":[14.625,1.5,13.5,1.75],"texture":"#0"},"west":{"uv":[4.25,14.5,4,14.75],"texture":"#0"},"up":{"uv":[5.25,13.5,5,14.625],"rotation":90,"texture":"#0"},"down":{"uv":[5.75,14.625,5.5,13.5],"rotation":270,"texture":"#0"}}},{"from":[6.26391,6.95957,7.49585],"to":[7.26391,7.95957,8.49585],"rotation":{"angle":-22.5,"axis":"z","origin":[8,8,8]},"faces":{"north":{"uv":[10,14,9.5,14.5],"texture":"#0"},"east":{"uv":[14.5,9,14,9.5],"texture":"#0"},"south":{"uv":[9.5,14,9,14.5],"texture":"#0"},"west":{"uv":[9,14,8.5,14.5],"texture":"#0"},"up":{"uv":[14.5,9.5,14,10],"rotation":90,"texture":"#0"},"down":{"uv":[10.5,14.5,10,14],"rotation":270,"texture":"#0"}}},{"from":[1.94736,8.08106,7.49585],"to":[3.94736,11.08106,8.49585],"rotation":{"angle":-22.5,"axis":"z","origin":[8,8,8]},"faces":{"north":{"uv":[9,10.5,8,12],"texture":"#0"},"east":{"uv":[4.5,13,4,14.5],"texture":"#0"},"south":{"uv":[10.5,10,9.5,11.5],"texture":"#0"},"west":{"uv":[4,13,3.5,14.5],"texture":"#0"},"up":{"uv":[14,0.5,13.5,1.5],"rotation":90,"texture":"#0"},"down":{"uv":[1.5,14.5,1,13.5],"rotation":270,"texture":"#0"}}},{"from":[4.91902,14.05622,7.49585],"to":[5.91902,16.05622,8.49585],"rotation":{"angle":45,"axis":"z","origin":[8,8,8]},"faces":{"north":{"uv":[1,13.5,0.5,14.5],"texture":"#0"},"east":{"uv":[0.5,13.5,0,14.5],"texture":"#0"},"south":{"uv":[13.5,13,13,14],"texture":"#0"},"west":{"uv":[13,13,12.5,14],"texture":"#0"},"up":{"uv":[14,13,13.5,13.5],"rotation":90,"texture":"#0"},"down":{"uv":[14,14,13.5,13.5],"rotation":270,"texture":"#0"}}},{"from":[-2.93659,9.70034,7.49585],"to":[0.06341,10.70034,8.49585],"rotation":{"angle":-22.5,"axis":"z","origin":[8,8,8]},"faces":{"north":{"uv":[14.5,0,13,0.5],"texture":"#0"},"east":{"uv":[12.5,11.5,12,12],"texture":"#0"},"south":{"uv":[14,12.5,12.5,13],"texture":"#0"},"west":{"uv":[9.5,8.5,9,9],"texture":"#0"},"up":{"uv":[13.5,0.5,13,2],"rotation":90,"texture":"#0"},"down":{"uv":[3.5,14.5,3,13],"rotation":270,"texture":"#0"}}},{"from":[-4.08802,9.48527,7.74585],"to":[-1.08802,10.48527,8.24585],"rotation":{"angle":-22.5,"axis":"z","origin":[8,8,8]},"faces":{"north":{"uv":[14,5.5,12.5,6],"texture":"#0"},"east":{"uv":[12.25,14,12,14.5],"texture":"#0"},"south":{"uv":[12.5,5.5,11,6],"texture":"#0"},"west":{"uv":[14.25,11.5,14,12],"texture":"#0"},"up":{"uv":[2.75,13.5,2.5,15],"rotation":90,"texture":"#0"},"down":{"uv":[13.75,4.5,13.5,3],"rotation":270,"texture":"#0"}}},{"from":[-4.63802,10.03527,7.74585],"to":[-4.08802,10.48527,8.24585],"rotation":{"angle":-22.5,"axis":"z","origin":[8,8,8]},"faces":{"north":{"uv":[14.75,3,14.5,3.25],"texture":"#0"},"east":{"uv":[3.25,14.5,3,14.75],"texture":"#0"},"south":{"uv":[14.75,2.5,14.5,2.75],"texture":"#0"},"west":{"uv":[14.75,2,14.5,2.25],"texture":"#0"},"up":{"uv":[3.75,14.5,3.5,14.75],"rotation":90,"texture":"#0"},"down":{"uv":[14.75,3.75,14.5,3.5],"rotation":270,"texture":"#0"}}},{"from":[0.50273,17.60059,7.74585],"to":[1.00273,18.37559,8.24585],"rotation":{"angle":22.5,"axis":"z","origin":[8,8,8]},"faces":{"north":{"uv":[13.25,14,13,14.375],"texture":"#0"},"east":{"uv":[14.25,12.5,14,12.875],"texture":"#0"},"south":{"uv":[12.75,14,12.5,14.375],"texture":"#0"},"west":{"uv":[14.25,12,14,12.375],"texture":"#0"},"up":{"uv":[14.75,1,14.5,1.25],"rotation":90,"texture":"#0"},"down":{"uv":[2.25,14.75,2,14.5],"rotation":270,"texture":"#0"}}},{"from":[0.1248,11.51802,7.51585],"to":[1.0848,13.43802,8.47585],"rotation":{"angle":0,"axis":"x","origin":[8,8,8]},"faces":{"north":{"uv":[12.5,13,12,14],"texture":"#0"},"east":{"uv":[12,13,11.5,14],"texture":"#0"},"south":{"uv":[13.5,10.5,13,11.5],"texture":"#0"},"west":{"uv":[9.5,10.5,9,11.5],"texture":"#0"},"up":{"uv":[14,11.5,13.5,12],"rotation":90,"texture":"#0"},"down":{"uv":[14,12.5,13.5,12],"rotation":270,"texture":"#0"}}},{"from":[3.58716,12.18277,7.50585],"to":[6.52716,13.16277,8.48585],"rotation":{"angle":0,"axis":"x","origin":[8,8,8]},"faces":{"north":{"uv":[14.5,2.5,13,3],"texture":"#0"},"east":{"uv":[14.5,1,14,1.5],"texture":"#0"},"south":{"uv":[14.5,2,13,2.5],"texture":"#0"},"west":{"uv":[14.5,0.5,14,1],"texture":"#0"},"up":{"uv":[5,13,4.5,14.5],"rotation":90,"texture":"#0"},"down":{"uv":[7.5,14.5,7,13],"rotation":270,"texture":"#0"}}},{"from":[6.51456,12.29057,7.61365],"to":[6.77976,13.05497,8.37805],"rotation":{"angle":0,"axis":"x","origin":[8,8,8]},"faces":{"north":{"uv":[14.625,5,14.5,5.375],"texture":"#0"},"east":{"uv":[11.875,14,11.5,14.375],"texture":"#0"},"south":{"uv":[4.625,14.5,4.5,14.875],"texture":"#0"},"west":{"uv":[14.375,11,14,11.375],"texture":"#0"},"up":{"uv":[14.875,5.5,14.5,5.625],"rotation":90,"texture":"#0"},"down":{"uv":[14.875,6.125,14.5,6],"rotation":270,"texture":"#0"}}},{"from":[1.29471,7.09025,7.81335],"to":[5.51471,7.45525,8.17835],"rotation":{"angle":22.5,"axis":"z","origin":[8,8,8]},"faces":{"north":{"uv":[15.625,8.5,13.5,8.625],"texture":"#0"},"east":{"uv":[14.625,9,14.5,9.125],"texture":"#0"},"south":{"uv":[15.625,8,13.5,8.125],"texture":"#0"},"west":{"uv":[9.125,14.5,9,14.625],"texture":"#0"},"up":{"uv":[13.625,9,13.5,11.125],"rotation":90,"texture":"#0"},"down":{"uv":[11.125,15.625,11,13.5],"rotation":270,"texture":"#0"}}},{"from":[0.82784,8.21738,7.81335],"to":[5.34784,8.58238,8.17835],"rotation":{"angle":22.5,"axis":"z","origin":[8,8,8]},"faces":{"north":{"uv":[10.25,13.5,8,13.625],"texture":"#0"},"east":{"uv":[7.125,14.5,7,14.625],"texture":"#0"},"south":{"uv":[15.75,7.5,13.5,7.625],"texture":"#0"},"west":{"uv":[14.625,6.5,14.5,6.625],"texture":"#0"},"up":{"uv":[6.125,13.5,6,15.75],"rotation":90,"texture":"#0"},"down":{"uv":[6.625,15.75,6.5,13.5],"rotation":270,"texture":"#0"}}},{"from":[3.21235,8.9984,7.81335],"to":[3.57735,10.2184,8.17835],"rotation":{"angle":45,"axis":"z","origin":[8,8,8]},"faces":{"north":{"uv":[0.125,14.5,0,15.125],"texture":"#0"},"east":{"uv":[14.125,14,14,14.625],"texture":"#0"},"south":{"uv":[13.625,14,13.5,14.625],"texture":"#0"},"west":{"uv":[14.125,13,14,13.625],"texture":"#0"},"up":{"uv":[14.625,7,14.5,7.125],"rotation":90,"texture":"#0"},"down":{"uv":[7.625,14.625,7.5,14.5],"rotation":270,"texture":"#0"}}},{"from":[1.45698,9.7255,7.81335],"to":[1.82198,10.9455,8.17835],"rotation":{"angle":45,"axis":"z","origin":[8,8,8]},"faces":{"north":{"uv":[1.625,14.5,1.5,15.125],"texture":"#0"},"east":{"uv":[1.125,14.5,1,15.125],"texture":"#0"},"south":{"uv":[0.625,14.5,0.5,15.125],"texture":"#0"},"west":{"uv":[14.625,0,14.5,0.625],"texture":"#0"},"up":{"uv":[8.125,14.5,8,14.625],"rotation":90,"texture":"#0"},"down":{"uv":[8.625,14.625,8.5,14.5],"rotation":270,"texture":"#0"}}},{"from":[-14.34215,7.33142,7.99585],"to":[1.65785,10.33142,7.99585],"rotation":{"angle":-22.5,"axis":"z","origin":[8,8,8]},"faces":{"north":{"uv":[8,3.25,0,4.75],"texture":"#0"},"east":{"uv":[0,0,0,1.5],"texture":"#0"},"south":{"uv":[0,3.25,8,4.75],"texture":"#0"},"west":{"uv":[0,0,0,1.5],"texture":"#0"},"up":{"uv":[0,0,0,8],"rotation":90,"texture":"#0"},"down":{"uv":[0,8,0,0],"rotation":270,"texture":"#0"}}},{"from":[-12,10.075,7.99585],"to":[-3,12.075,7.99585],"rotation":{"angle":0,"axis":"x","origin":[8,8,8]},"faces":{"north":{"uv":[12.5,4,8,5],"texture":"#0"},"east":{"uv":[0,0,0,1],"texture":"#0"},"south":{"uv":[8,4,12.5,5],"texture":"#0"},"west":{"uv":[0,0,0,1],"texture":"#0"},"up":{"uv":[0,0,0,4.5],"rotation":90,"texture":"#0"},"down":{"uv":[0,4.5,0,0],"rotation":270,"texture":"#0"}}},{"from":[-13.22335,4.86973,7.99585],"to":[-7.22335,6.86973,7.99585],"rotation":{"angle":-22.5,"axis":"z","origin":[8,8,8]},"faces":{"north":{"uv":[12,7.5,9,8.5],"texture":"#0"},"east":{"uv":[0,0,0,1],"texture":"#0"},"south":{"uv":[9,7.5,12,8.5],"texture":"#0"},"west":{"uv":[0,0,0,1],"texture":"#0"},"up":{"uv":[0,0,0,3],"rotation":90,"texture":"#0"},"down":{"uv":[0,3,0,0],"rotation":270,"texture":"#0"}}},{"from":[-7.84224,6.28568,7.99585],"to":[6.15776,9.28568,7.99585],"rotation":{"angle":22.5,"axis":"z","origin":[8,8,8]},"faces":{"north":{"uv":[0.5,5.5,7.5,7],"texture":"#0"},"east":{"uv":[0,0,0,1.5],"texture":"#0"},"south":{"uv":[7.5,5.5,0.5,7],"texture":"#0"},"west":{"uv":[0,0,0,1.5],"texture":"#0"},"up":{"uv":[0,0,0,7],"rotation":90,"texture":"#0"},"down":{"uv":[0,7,0,0],"rotation":270,"texture":"#0"}}},{"from":[6.26245,-5.95964,7.99585],"to":[9.26245,6.04036,7.99585],"rotation":{"angle":-22.5,"axis":"z","origin":[8,8,8]},"faces":{"north":{"uv":[0,7.5,1.5,13.5],"texture":"#0"},"east":{"uv":[0,0,0,6],"texture":"#0"},"south":{"uv":[1.5,7.5,0,13.5],"texture":"#0"},"west":{"uv":[0,0,0,6],"texture":"#0"},"up":{"uv":[0,0,0,1.5],"rotation":90,"texture":"#0"},"down":{"uv":[0,1.5,0,0],"rotation":270,"texture":"#0"}}},{"from":[1.07219,16.15428,7.74585],"to":[1.57219,16.92928,8.24585],"rotation":{"angle":45,"axis":"z","origin":[8,8,8]},"faces":{"north":{"uv":[13.25,14,13,14.375],"texture":"#0"},"east":{"uv":[14.25,12.5,14,12.875],"texture":"#0"},"south":{"uv":[12.75,14,12.5,14.375],"texture":"#0"},"west":{"uv":[14.25,12,14,12.375],"texture":"#0"},"up":{"uv":[14.75,1,14.5,1.25],"rotation":90,"texture":"#0"},"down":{"uv":[2.25,14.75,2,14.5],"rotation":270,"texture":"#0"}}},{"from":[-3.21266,9.41524,7.74585],"to":[-2.66266,9.86524,8.24585],"rotation":{"angle":0,"axis":"x","origin":[8,8,8]},"faces":{"north":{"uv":[14.75,3,14.5,3.25],"texture":"#0"},"east":{"uv":[3.25,14.5,3,14.75],"texture":"#0"},"south":{"uv":[14.75,2.5,14.5,2.75],"texture":"#0"},"west":{"uv":[14.75,2,14.5,2.25],"texture":"#0"},"up":{"uv":[3.75,14.5,3.5,14.75],"rotation":90,"texture":"#0"},"down":{"uv":[14.75,3.75,14.5,3.5],"rotation":270,"texture":"#0"}}},{"from":[-2.66266,8.86524,7.74585],"to":[0.33734,9.86524,8.24585],"rotation":{"angle":0,"axis":"x","origin":[8,8,8]},"faces":{"north":{"uv":[14,5.5,12.5,6],"texture":"#0"},"east":{"uv":[12.25,14,12,14.5],"texture":"#0"},"south":{"uv":[12.5,5.5,11,6],"texture":"#0"},"west":{"uv":[14.25,11.5,14,12],"texture":"#0"},"up":{"uv":[2.75,13.5,2.5,15],"rotation":90,"texture":"#0"},"down":{"uv":[13.75,4.5,13.5,3],"rotation":270,"texture":"#0"}}},{"from":[-1.51123,9.08031,7.49585],"to":[1.48877,10.08031,8.49585],"rotation":{"angle":0,"axis":"x","origin":[8,8,8]},"faces":{"north":{"uv":[14.5,0,13,0.5],"texture":"#0"},"east":{"uv":[12.5,11.5,12,12],"texture":"#0"},"south":{"uv":[14,12.5,12.5,13],"texture":"#0"},"west":{"uv":[9.5,8.5,9,9],"texture":"#0"},"up":{"uv":[13.5,0.5,13,2],"rotation":90,"texture":"#0"},"down":{"uv":[3.5,14.5,3,13],"rotation":270,"texture":"#0"}}},{"from":[3.77284,2.93723,7.50585],"to":[6.71284,3.91723,8.48585],"rotation":{"angle":0,"axis":"x","origin":[8,8,8]},"faces":{"north":{"uv":[13,3,14.5,2.5],"texture":"#0"},"east":{"uv":[14,1,14.5,0.5],"texture":"#0"},"south":{"uv":[13,2.5,14.5,2],"texture":"#0"},"west":{"uv":[14,1.5,14.5,1],"texture":"#0"},"up":{"uv":[7.5,14.5,7,13],"rotation":90,"texture":"#0"},"down":{"uv":[5,13,4.5,14.5],"rotation":270,"texture":"#0"}}},{"from":[6.74826,2.83004,7.49585],"to":[8.74826,5.83004,8.49585],"rotation":{"angle":-22.5,"axis":"z","origin":[8,8,8]},"faces":{"north":{"uv":[8,12,9,10.5],"texture":"#0"},"east":{"uv":[3.5,14.5,4,13],"texture":"#0"},"south":{"uv":[9.5,11.5,10.5,10],"texture":"#0"},"west":{"uv":[4,14.5,4.5,13],"texture":"#0"},"up":{"uv":[1.5,14.5,1,13.5],"rotation":90,"texture":"#0"},"down":{"uv":[14,0.5,13.5,1.5],"rotation":270,"texture":"#0"}}},{"from":[5.87209,-2.09108,7.78525],"to":[6.32209,-1.54108,8.28525],"rotation":{"angle":-22.5,"axis":"z","origin":[8,8,8]},"faces":{"north":{"uv":[14.5,3.25,14.75,3],"rotation":270,"texture":"#0"},"east":{"uv":[14.5,3.5,14.75,3.75],"texture":"#0"},"south":{"uv":[14.5,2.75,14.75,2.5],"rotation":90,"texture":"#0"},"west":{"uv":[3.5,14.75,3.75,14.5],"rotation":180,"texture":"#0"},"up":{"uv":[3,14.75,3.25,14.5],"rotation":90,"texture":"#0"},"down":{"uv":[14.5,2.25,14.75,2],"rotation":90,"texture":"#0"}}},{"from":[-0.32193,2.051,7.78525],"to":[0.45307,2.551,8.28525],"rotation":{"angle":22.5,"axis":"z","origin":[8,8,8]},"faces":{"north":{"uv":[13,14.375,13.25,14],"rotation":270,"texture":"#0"},"east":{"uv":[2,14.5,2.25,14.75],"texture":"#0"},"south":{"uv":[12.5,14.375,12.75,14],"rotation":90,"texture":"#0"},"west":{"uv":[14.5,1.25,14.75,1],"rotation":180,"texture":"#0"},"up":{"uv":[14,12.875,14.25,12.5],"rotation":90,"texture":"#0"},"down":{"uv":[14,12.375,14.25,12],"rotation":90,"texture":"#0"}}},{"from":[5.87209,-1.54108,7.78525],"to":[6.87209,1.45892,8.28525],"rotation":{"angle":-22.5,"axis":"z","origin":[8,8,8]},"faces":{"north":{"uv":[12.5,6,14,5.5],"rotation":270,"texture":"#0"},"east":{"uv":[13.5,3,13.75,4.5],"texture":"#0"},"south":{"uv":[11,6,12.5,5.5],"rotation":90,"texture":"#0"},"west":{"uv":[2.5,15,2.75,13.5],"rotation":180,"texture":"#0"},"up":{"uv":[12,14.5,12.25,14],"rotation":90,"texture":"#0"},"down":{"uv":[14,12,14.25,11.5],"rotation":90,"texture":"#0"}}},{"from":[5.65702,-0.38965,7.53525],"to":[6.65702,2.61035,8.53525],"rotation":{"angle":-22.5,"axis":"z","origin":[8,8,8]},"faces":{"north":{"uv":[13,0.5,14.5,0],"rotation":270,"texture":"#0"},"east":{"uv":[3,13,3.5,14.5],"texture":"#0"},"south":{"uv":[12.5,13,14,12.5],"rotation":90,"texture":"#0"},"west":{"uv":[13,2,13.5,0.5],"rotation":180,"texture":"#0"},"up":{"uv":[12,12,12.5,11.5],"rotation":90,"texture":"#0"},"down":{"uv":[9,9,9.5,8.5],"rotation":90,"texture":"#0"}}},{"from":[-9.71287,3.91463,7.99585],"to":[-3.71287,5.91463,7.99585],"rotation":{"angle":0,"axis":"x","origin":[8,8,8]},"faces":{"north":{"uv":[12,7.5,9,8.5],"texture":"#0"},"east":{"uv":[0,0,0,1],"texture":"#0"},"south":{"uv":[9,7.5,12,8.5],"texture":"#0"},"west":{"uv":[0,0,0,1],"texture":"#0"},"up":{"uv":[0,0,0,3],"rotation":90,"texture":"#0"},"down":{"uv":[0,3,0,0],"rotation":270,"texture":"#0"}}},{"from":[-11.5,6.675,7.99585],"to":[6.5,9.675,7.99585],"rotation":{"angle":0,"axis":"x","origin":[8,8,8]},"faces":{"north":{"uv":[0,0,9,1.5],"texture":"#0"},"east":{"uv":[0,0,0,1.5],"texture":"#0"},"south":{"uv":[9,0,0,1.5],"texture":"#0"},"west":{"uv":[0,0,0,1.5],"texture":"#0"},"up":{"uv":[0,0,0,9],"rotation":90,"texture":"#0"},"down":{"uv":[0,9,0,0],"rotation":270,"texture":"#0"}}}],"display":{"thirdperson_righthand":{"scale":[0.5,0.5,0.5]},"thirdperson_lefthand":{"rotation":[70,0,0],"translation":[-6.25,-7.25,10]},"firstperson_righthand":{"translation":[0,-0.75,0]},"firstperson_lefthand":{"scale":[0,0,0]},"ground":{"rotation":[40,0,0],"translation":[0,1.5,0],"scale":[0.5,0.5,0.5]},"gui":{"translation":[0,0.5,0],"scale":[0.5,0.5,0.5]},"head":{"scale":[0,0,0]},"fixed":{"translation":[0,2.25,-1.25]}}}