{"credit":"momirealms","texture_size":[64,64],"textures":{"3":"customcrops:eggplant/stage_2","particle":"customcrops:eggplant/stage_2"},"elements":[{"from":[0.57402,0,9.00818],"to":[16.57402,16,9.00818],"rotation":{"angle":0,"axis":"y","origin":[4.88701,6.5,6.35409]},"faces":{"north":{"uv":[4,0,0,4],"texture":"#3"},"east":{"uv":[0,0,0,4],"texture":"#3"},"south":{"uv":[0,0,4,4],"texture":"#3"},"west":{"uv":[0,0,0,4],"texture":"#3"},"up":{"uv":[0,0,4,0],"rotation":180,"texture":"#3"},"down":{"uv":[0,0,4,0],"rotation":180,"texture":"#3"}}},{"from":[8.57402,0,1.50818],"to":[8.57402,16,17.50818],"rotation":{"angle":0,"axis":"y","origin":[8.57402,8,9.00818]},"faces":{"north":{"uv":[0,0,0,4],"texture":"#3"},"east":{"uv":[4,0,0,4],"texture":"#3"},"south":{"uv":[0,0,0,4],"texture":"#3"},"west":{"uv":[0,0,4,4],"texture":"#3"},"up":{"uv":[0,0,4,0],"rotation":270,"texture":"#3"},"down":{"uv":[0,0,4,0],"rotation":90,"texture":"#3"}}},{"from":[6.8,0,-5],"to":[6.8,16,11],"rotation":{"angle":-45,"axis":"y","origin":[0.4,8,8]},"faces":{"north":{"uv":[0,0,0,4],"texture":"#3"},"east":{"uv":[4.75,0,8.75,4],"texture":"#3"},"south":{"uv":[0,0,0,4],"texture":"#3"},"west":{"uv":[4.75,0,8.75,4],"texture":"#3"},"up":{"uv":[0,0,0,4],"texture":"#3"},"down":{"uv":[0,0,0,4],"texture":"#3"}}},{"from":[8.46102,0,0.98995],"to":[8.46102,16,16.98995],"rotation":{"angle":45,"axis":"y","origin":[8.46102,8,8.98995]},"faces":{"north":{"uv":[0,0,0,4],"texture":"#3"},"east":{"uv":[4.75,0,8.75,4],"texture":"#3"},"south":{"uv":[0,0,0,4],"texture":"#3"},"west":{"uv":[4.75,0,8.75,4],"texture":"#3"},"up":{"uv":[0,0,0,4],"texture":"#3"},"down":{"uv":[0,0,0,4],"texture":"#3"}}}],"gui_light":"front","display":{"fixed":{"rotation":[-90,0,0],"translation":[0,0,-16],"scale":[2,2,2]}},"groups":[{"name":"group","origin":[4.5,3,1],"color":0,"children":[0,1]},2,3]}